6211.00   0.00   
6211.02   0.00   
6211.04   0.00   
6211.06   0.00   
6211.08   0.00   
6211.10   0.00   
6211.13   0.00   
6211.15   0.00   
6211.17   0.00   
6211.19   0.00   
6211.21   0.00   
6211.23   19.80   
6211.25   39.60   
6211.27   85.20   
6211.29   130.70   
6211.31   176.10   
6211.33   221.50   
6211.35   259.10   
6211.38   296.60   
6211.40   322.50   
6211.42   348.40   
6211.44   360.60   
6211.46   372.70   
6211.48   370.60   
6211.50   368.40   
6211.52   352.10   
6211.54   335.70   
6211.56   308.70   
6211.58   281.70   
6211.60   240.20   
6211.63   198.70   
6211.65   151.10   
6211.67   103.50   
6211.69   59.60   
6211.71   15.70   
6211.73   7.80   
6211.75   0.00   
6211.77   0.00   
6211.79   0.00   
6211.81   0.00   
6211.83   0.00   
6211.85   0.00   
6211.88   0.00   
6211.90   0.00   
6211.92   0.00   
6211.94   0.00   
6211.96   0.00   
6211.98   0.00   
6212.00   0.00   
6212.02   0.00   
6212.04   0.00   
6212.06   0.00   
6212.08   0.00   
6212.10   0.00   
6212.13   0.00   
6212.15   0.00   
6212.17   0.00   
6212.19   0.00   
6212.21   0.00   
6212.23   20.10   
6212.25   40.10   
6212.27   86.80   
6212.29   133.40   
6212.31   179.80   
6212.33   226.30   
6212.35   264.80   
6212.38   303.20   
6212.40   329.70   
6212.42   356.20   
6212.44   368.60   
6212.46   380.90   
6212.48   378.70   
6212.50   376.40   
6212.52   359.50   
6212.54   342.70   
6212.56   311.00   
6212.58   279.30   
6212.60   237.80   
6212.63   196.40   
6212.65   149.00   
6212.67   101.60   
6212.69   58.00   
6212.71   14.40   
6212.73   7.20   
6212.75   0.00   
6212.77   0.00   
6212.79   0.00   
6212.81   0.00   
6212.83   0.00   
6212.85   0.00   
6212.88   0.00   
6212.90   0.00   
6212.92   0.00   
6212.94   0.00   
6212.96   0.00   
6212.98   0.00   
6213.00   0.00   
6213.02   0.00   
6213.04   0.00   
6213.06   0.00   
6213.08   0.00   
6213.10   0.00   
6213.13   0.00   
6213.15   0.00   
6213.17   0.00   
6213.19   0.00   
6213.21   0.00   
6213.23   19.80   
6213.25   39.50   
6213.27   85.90   
6213.29   132.40   
6213.31   178.60   
6213.33   224.90   
6213.35   263.20   
6213.38   301.50   
6213.40   327.80   
6213.42   354.10   
6213.44   366.40   
6213.46   378.70   
6213.48   376.40   
6213.50   374.00   
6213.52   357.10   
6213.54   340.20   
6213.56   309.70   
6213.58   279.10   
6213.60   237.40   
6213.63   195.80   
6213.65   148.10   
6213.67   100.50   
6213.69   56.90   
6213.71   13.40   
6213.73   6.70   
6213.75   0.00   
6213.77   0.00   
6213.79   0.00   
6213.81   0.00   
6213.83   0.00   
6213.85   0.00   
6213.88   0.00   
6213.90   0.00   
6213.92   0.00   
6213.94   0.00   
6213.96   0.00   
6213.98   0.00   
6214.00   0.00   
6214.02   0.00   
6214.04   0.00   
6214.06   0.00   
6214.08   0.00   
6214.10   0.00   
6214.13   0.00   
6214.15   0.00   
6214.17   0.00   
6214.19   0.00   
6214.21   0.00   
6214.23   19.60   
6214.25   39.20   
6214.27   85.80   
6214.29   132.40   
6214.31   178.80   
6214.33   225.20   
6214.35   263.70   
6214.38   302.10   
6214.40   328.50   
6214.42   354.90   
6214.44   367.20   
6214.46   379.50   
6214.48   377.00   
6214.50   374.60   
6214.52   357.50   
6214.54   340.50   
6214.56   310.30   
6214.58   280.10   
6214.60   238.00   
6214.63   195.90   
6214.65   147.90   
6214.67   99.80   
6214.69   56.10   
6214.71   12.30   
6214.73   6.20   
6214.75   0.00   
6214.77   0.00   
6214.79   0.00   
6214.81   0.00   
6214.83   0.00   
6214.85   0.00   
6214.88   0.00   
6214.90   0.00   
6214.92   0.00   
6214.94   0.00   
6214.96   0.00   
6214.98   0.00   
6215.00   0.00   
6215.02   0.00   
6215.04   0.00   
6215.06   0.00   
6215.08   0.00   
6215.10   0.00   
6215.13   0.00   
6215.15   0.00   
6215.17   0.00   
6215.19   0.00   
6215.21   0.00   
6215.23   19.60   
6215.25   39.10   
6215.27   86.00   
6215.29   133.00   
6215.31   179.80   
6215.33   226.50   
6215.35   265.30   
6215.38   304.10   
6215.40   330.70   
6215.42   357.30   
6215.44   369.60   
6215.46   381.90   
6215.48   379.40   
6215.50   376.80   
6215.52   359.50   
6215.54   342.20   
6215.56   310.50   
6215.58   278.70   
6215.60   236.60   
6215.63   194.40   
6215.65   146.40   
6215.67   98.30   
6215.69   54.80   
6215.71   11.20   
6215.73   5.60   
6215.75   0.00   
6215.77   0.00   
6215.79   0.00   
6215.81   0.00   
6215.83   0.00   
6215.85   0.00   
6215.88   0.00   
6215.90   0.00   
6215.92   0.00   
6215.94   0.00   
6215.96   0.00   
6215.98   0.00   
6216.00   0.00   
6216.02   0.00   
6216.04   0.00   
6216.06   0.00   
6216.08   0.00   
6216.10   0.00   
6216.13   0.00   
6216.15   0.00   
6216.17   0.00   
6216.19   0.00   
6216.21   0.00   
6216.23   19.30   
6216.25   38.60   
6216.27   85.50   
6216.29   132.40   
6216.31   179.10   
6216.33   225.90   
6216.35   264.60   
6216.38   303.40   
6216.40   329.90   
6216.42   356.50   
6216.44   368.80   
6216.46   381.00   
6216.48   378.40   
6216.50   375.80   
6216.52   358.40   
6216.54   341.00   
6216.56   305.00   
6216.58   268.90   
6216.60   228.00   
6216.63   187.10   
6216.65   140.50   
6216.67   93.90   
6216.69   51.90   
6216.71   9.80   
6216.73   4.90   
6216.75   0.00   
6216.77   0.00   
6216.79   0.00   
6216.81   0.00   
6216.83   0.00   
6216.85   0.00   
6216.88   0.00   
6216.90   0.00   
6216.92   0.00   
6216.94   0.00   
6216.96   0.00   
6216.98   0.00   
6217.00   0.00   
6217.02   0.00   
6217.04   0.00   
6217.06   0.00   
6217.08   0.00   
6217.10   0.00   
6217.13   0.00   
6217.15   0.00   
6217.17   0.00   
6217.19   0.00   
6217.21   0.00   
6217.23   18.50   
6217.25   36.90   
6217.27   82.40   
6217.29   127.70   
6217.31   173.10   
6217.33   218.40   
6217.35   256.00   
6217.38   293.50   
6217.40   319.20   
6217.42   344.90   
6217.44   356.80   
6217.46   368.60   
6217.48   366.00   
6217.50   363.40   
6217.52   346.50   
6217.54   329.50   
6217.56   297.20   
6217.58   265.00   
6217.60   224.40   
6217.63   183.80   
6217.65   137.70   
6217.67   91.60   
6217.69   50.10   
6217.71   8.70   
6217.73   4.30   
6217.75   0.00   
6217.77   0.00   
6217.79   0.00   
6217.81   0.00   
6217.83   0.00   
6217.85   0.00   
6217.88   0.00   
6217.90   0.00   
6217.92   0.00   
6217.94   0.00   
6217.96   0.00   
6217.98   0.00   
6218.00   0.00   
6218.02   0.00   
6218.04   0.00   
6218.06   0.00   
6218.08   0.00   
6218.10   0.00   
6218.13   0.00   
6218.15   0.00   
6218.17   0.00   
6218.19   0.00   
6218.21   0.00   
6218.23   18.00   
6218.25   36.10   
6218.27   81.00   
6218.29   125.90   
6218.31   170.80   
6218.33   215.70   
6218.35   252.80   
6218.38   289.90   
6218.40   315.40   
6218.42   340.80   
6218.44   352.50   
6218.46   364.20   
6218.48   361.50   
6218.50   358.90   
6218.52   342.00   
6218.54   325.10   
6218.56   298.10   
6218.58   271.20   
6218.60   229.40   
6218.63   187.60   
6218.65   140.10   
6218.67   92.70   
6218.69   50.30   
6218.71   7.90   
6218.73   4.00   
6218.75   0.00   
6218.77   0.00   
6218.79   0.00   
6218.81   0.00   
6218.83   0.00   
6218.85   0.00   
6218.88   0.00   
6218.90   0.00   
6218.92   0.00   
6218.94   0.00   
6218.96   0.00   
6218.98   0.00   
6219.00   0.00   
6219.02   0.00   
6219.04   0.00   
6219.06   0.00   
6219.08   0.00   
6219.10   0.00   
6219.13   0.00   
6219.15   0.00   
6219.17   0.00   
6219.19   0.00   
6219.21   0.00   
6219.23   18.30   
6219.25   36.60   
6219.27   82.70   
6219.29   128.90   
6219.31   175.00   
6219.33   221.10   
6219.35   259.30   
6219.38   297.50   
6219.40   323.60   
6219.42   349.70   
6219.44   361.70   
6219.46   373.70   
6219.48   370.90   
6219.50   368.10   
6219.52   350.60   
6219.54   333.20   
6219.56   306.50   
6219.58   279.80   
6219.60   236.40   
6219.63   193.00   
6219.65   143.90   
6219.67   94.70   
6219.69   50.90   
6219.71   7.10   
6219.73   3.60   
6219.75   0.00   
6219.77   0.00   
6219.79   0.00   
6219.81   0.00   
6219.83   0.00   
6219.85   0.00   
6219.88   0.00   
6219.90   0.00   
6219.92   0.00   
6219.94   0.00   
6219.96   0.00   
6219.98   0.00   
6220.00   0.00   
6220.02   0.00   
6220.04   0.00   
6220.06   0.00   
6220.08   0.00   
6220.10   0.00   
6220.13   0.00   
6220.15   0.00   
6220.17   0.00   
6220.19   0.00   
6220.21   0.00   
6220.23   18.70   
6220.25   37.40   
6220.27   85.20   
6220.29   133.00   
6220.31   180.80   
6220.33   228.60   
6220.35   268.20   
6220.38   307.80   
6220.40   334.80   
6220.42   361.90   
6220.44   374.30   
6220.46   386.60   
6220.48   383.60   
6220.50   380.70   
6220.52   362.50   
6220.54   344.30   
6220.56   308.00   
6220.58   271.70   
6220.60   229.30   
6220.63   186.90   
6220.65   138.90   
6220.67   91.00   
6220.69   48.50   
6220.71   5.90   
6220.73   3.00   
6220.75   0.00   
6220.77   0.00   
6220.79   0.00   
6220.81   0.00   
6220.83   0.00   
6220.85   0.00   
6220.88   0.00   
6220.90   0.00   
6220.92   0.00   
6220.94   0.00   
6220.96   0.00   
6220.98   0.00   
6221.00   0.00   
6221.02   0.00   
6221.04   0.00   
6221.06   0.00   
6221.08   0.00   
6221.10   0.00   
6221.13   0.00   
6221.15   0.00   
6221.17   0.00   
6221.19   0.00   
6221.21   0.00   
6221.23   18.00   
6221.25   36.00   
6221.27   82.60   
6221.29   129.10   
6221.31   175.70   
6221.33   222.40   
6221.35   261.00   
6221.38   299.60   
6221.40   325.90   
6221.42   352.30   
6221.44   364.30   
6221.46   376.30   
6221.48   373.40   
6221.50   370.40   
6221.52   352.60   
6221.54   334.80   
6221.56   298.10   
6221.58   261.40   
6221.60   220.40   
6221.63   179.30   
6221.65   133.00   
6221.67   86.60   
6221.69   45.70   
6221.71   4.80   
6221.73   2.40   
6221.75   0.00   
6221.77   0.00   
6221.79   0.00   
6221.81   0.00   
6221.83   0.00   
6221.85   0.00   
6221.88   0.00   
6221.90   0.00   
6221.92   0.00   
6221.94   0.00   
6221.96   0.00   
6221.98   0.00   
6222.00   0.00   
6222.02   0.00   
6222.04   0.00   
6222.06   0.00   
6222.08   0.00   
6222.10   0.00   
6222.13   0.00   
6222.15   0.00   
6222.17   0.00   
6222.19   0.00   
6222.21   0.00   
6222.23   17.10   
6222.25   34.30   
6222.27   79.20   
6222.29   124.20   
6222.31   169.30   
6222.33   214.40   
6222.35   251.70   
6222.38   288.90   
6222.40   314.40   
6222.42   339.90   
6222.44   351.50   
6222.46   363.00   
6222.48   360.10   
6222.50   357.20   
6222.52   339.90   
6222.54   322.60   
6222.56   290.90   
6222.58   259.30   
6222.60   218.30   
6222.63   177.40   
6222.65   131.20   
6222.67   85.00   
6222.69   44.40   
6222.71   3.80   
6222.73   1.90   
6222.75   0.00   
6222.77   0.00   
6222.79   0.00   
6222.81   0.00   
6222.83   0.00   
6222.85   0.00   
6222.88   0.00   
6222.90   0.00   
6222.92   0.00   
6222.94   0.00   
6222.96   0.00   
6222.98   0.00   
6223.00   0.00   
6223.02   0.00   
6223.04   0.00   
6223.06   0.00   
6223.08   0.00   
6223.10   0.00   
6223.13   0.00   
6223.15   0.00   
6223.17   0.00   
6223.19   0.00   
6223.21   0.00   
6223.23   16.80   
6223.25   33.60   
6223.27   78.40   
6223.29   123.10   
6223.31   168.00   
6223.33   212.90   
6223.35   250.10   
6223.38   287.20   
6223.40   312.60   
6223.42   337.90   
6223.44   349.50   
6223.46   361.00   
6223.48   358.00   
6223.50   355.00   
6223.52   337.70   
6223.54   320.30   
6223.56   286.20   
6223.58   252.00   
6223.60   211.90   
6223.63   171.90   
6223.65   126.80   
6223.67   81.70   
6223.69   42.30   
6223.71   2.80   
6223.73   1.40   
6223.75   0.00   
6223.77   0.00   
6223.79   0.00   
6223.81   0.00   
6223.83   0.00   
6223.85   0.00   
6223.88   0.00   
6223.90   0.00   
6223.92   0.00   
6223.94   0.00   
6223.96   0.00   
6223.98   0.00   
6224.00   0.00   
6224.02   0.00   
6224.04   0.00   
6224.06   0.00   
6224.08   0.00   
6224.10   0.00   
6224.13   0.00   
6224.15   0.00   
6224.17   0.00   
6224.19   0.00   
6224.21   0.00   
6224.23   16.20   
6224.25   32.30   
6224.27   75.90   
6224.29   119.60   
6224.31   163.40   
6224.33   207.20   
6224.35   243.50   
6224.38   279.80   
6224.40   304.50   
6224.42   329.20   
6224.44   340.40   
6224.46   351.60   
6224.48   348.70   
6224.50   345.70   
6224.52   328.70   
6224.54   311.70   
6224.56   282.60   
6224.58   253.50   
6224.60   213.00   
6224.63   172.50   
6224.65   126.90   
6224.67   81.40   
6224.69   41.70   
6224.71   1.90   
6224.73   1.00   
6224.75   0.00   
6224.77   0.00   
6224.79   0.00   
6224.81   0.00   
6224.83   0.00   
6224.85   0.00   
6224.88   0.00   
6224.90   0.00   
6224.92   0.00   
6224.94   0.00   
6224.96   0.00   
6224.98   0.00   
6225.00   0.00   
6225.02   0.00   
6225.04   0.00   
6225.06   0.00   
6225.08   0.00   
6225.10   0.00   
6225.13   0.00   
6225.15   0.00   
6225.17   0.00   
6225.19   0.00   
6225.21   0.00   
6225.23   16.10   
6225.25   32.10   
6225.27   76.20   
6225.29   120.20   
6225.31   164.50   
6225.33   208.80   
6225.35   245.50   
6225.38   282.10   
6225.40   307.10   
6225.42   332.10   
6225.44   343.40   
6225.46   354.70   
6225.48   351.70   
6225.50   348.60   
6225.52   331.40   
6225.54   314.10   
6225.56   290.50   
6225.58   266.90   
6225.60   224.00   
6225.63   181.10   
6225.65   132.90   
6225.67   84.80   
6225.69   42.90   
6225.71   1.10   
6225.73   0.60   
6225.75   0.00   
6225.77   0.00   
6225.79   0.00   
6225.81   0.00   
6225.83   0.00   
6225.85   0.00   
6225.88   0.00   
6225.90   0.00   
6225.92   0.00   
6225.94   0.00   
6225.96   0.00   
6225.98   0.00   
6226.00   0.00   
6226.02   0.00   
6226.04   0.00   
6226.06   0.00   
6226.08   0.00   
6226.10   0.00   
6226.13   0.00   
6226.15   0.00   
6226.17   0.00   
6226.19   0.00   
6226.21   0.00   
6226.23   16.70   
6226.25   33.40   
6226.27   79.90   
6226.29   126.40   
6226.31   173.30   
6226.33   220.10   
6226.35   258.90   
6226.38   297.60   
6226.40   324.00   
6226.42   350.50   
6226.44   362.40   
6226.46   374.30   
6226.48   371.00   
6226.50   367.70   
6226.52   349.40   
6226.54   331.10   
6226.56   295.50   
6226.58   259.90   
6226.60   217.80   
6226.63   175.80   
6226.65   128.70   
6226.67   81.60   
6226.69   40.90   
6226.71   0.20   
6226.73   0.10   
6226.75   0.00   
6226.77   0.00   
6226.79   0.00   
6226.81   0.00   
6226.83   0.00   
6226.85   0.00   
6226.88   0.00   
6226.90   0.00   
6226.92   0.00   
6226.94   0.00   
6226.96   0.00   
6226.98   0.00   
6227.00   0.00   
6227.02   0.00   
6227.04   0.00   
6227.06   0.00   
6227.08   0.00   
6227.10   0.00   
6227.13   0.00   
6227.15   0.00   
6227.17   0.00   
6227.19   0.00   
6227.21   0.00   
6227.23   16.00   
6227.25   32.10   
6227.27   77.50   
6227.29   123.00   
6227.31   168.80   
6227.33   214.60   
6227.35   252.50   
6227.38   290.40   
6227.40   316.20   
6227.42   342.00   
6227.44   353.60   
6227.46   365.20   
6227.48   362.00   
6227.50   358.70   
6227.52   340.80   
6227.54   322.80   
6227.56   292.30   
6227.58   261.90   
6227.60   219.30   
6227.63   176.70   
6227.65   129.10   
6227.67   81.40   
6227.69   40.70   
6227.71   0.00   
6227.73   0.00   
6227.75   0.00   
6227.77   0.00   
6227.79   0.00   
6227.81   0.00   
6227.83   0.00   
6227.85   0.00   
6227.88   0.00   
6227.90   0.00   
6227.92   0.00   
6227.94   0.00   
6227.96   0.00   
6227.98   0.00   
6228.00   0.00   
6228.02   0.00   
6228.04   0.00   
6228.06   0.00   
6228.08   0.00   
6228.10   0.00   
6228.13   0.00   
6228.15   0.00   
6228.17   0.00   
6228.19   0.00   
6228.21   0.00   
6228.23   15.90   
6228.25   31.80   
6228.27   77.80   
6228.29   123.80   
6228.31   170.10   
6228.33   216.50   
6228.35   254.80   
6228.38   293.20   
6228.40   319.30   
6228.42   345.40   
6228.44   357.20   
6228.46   368.90   
6228.48   365.60   
6228.50   362.20   
6228.52   343.90   
6228.54   325.70   
6228.56   292.70   
6228.58   259.70   
6228.60   217.20   
6228.63   174.70   
6228.65   127.30   
6228.67   79.90   
6228.69   39.90   
6228.71   0.00   
6228.73   0.00   
6228.75   0.00   
6228.77   0.00   
6228.79   0.00   
6228.81   0.00   
6228.83   0.00   
6228.85   0.00   
6228.88   0.00   
6228.90   0.00   
6228.92   0.00   
6228.94   0.00   
6228.96   0.00   
6228.98   0.00   
6229.00   0.00   
6229.02   0.00   
6229.04   0.00   
6229.06   0.00   
6229.08   0.00   
6229.10   0.00   
6229.13   0.00   
6229.15   0.00   
6229.17   0.00   
6229.19   0.00   
6229.21   0.00   
6229.23   15.50   
6229.25   31.10   
6229.27   76.80   
6229.29   122.50   
6229.31   168.70   
6229.33   214.90   
6229.35   253.10   
6229.38   291.30   
6229.40   317.30   
6229.42   343.30   
6229.44   355.00   
6229.46   366.70   
6229.48   363.30   
6229.50   359.90   
6229.52   341.60   
6229.54   323.40   
6229.56   292.90   
6229.58   262.40   
6229.60   219.20   
6229.63   176.10   
6229.65   128.00   
6229.67   79.90   
6229.69   39.90   
6229.71   0.00   
6229.73   0.00   
6229.75   0.00   
6229.77   0.00   
6229.79   0.00   
6229.81   0.00   
6229.83   0.00   
6229.85   0.00   
6229.88   0.00   
6229.90   0.00   
6229.92   0.00   
6229.94   0.00   
6229.96   0.00   
6229.98   0.00   
6230.00   0.00   
6230.02   0.00   
6230.04   0.00   
6230.06   0.00   
6230.08   0.00   
6230.10   0.00   
6230.13   0.00   
6230.15   0.00   
6230.17   0.00   
6230.19   0.00   
6230.21   0.00   
6230.23   15.50   
6230.25   31.00   
6230.27   77.30   
6230.29   123.60   
6230.31   170.40   
6230.33   217.30   
6230.35   256.10   
6230.38   294.80   
6230.40   321.20   
6230.42   347.60   
6230.44   359.40   
6230.46   371.30   
6230.48   367.80   
6230.50   364.30   
6230.52   345.70   
6230.54   327.10   
6230.56   291.20   
6230.58   255.20   
6230.60   213.00   
6230.63   170.80   
6230.65   123.90   
6230.67   76.90   
6230.69   38.40   
6230.71   0.00   
6230.73   0.00   
6230.75   0.00   
6230.77   0.00   
6230.79   0.00   
6230.81   0.00   
6230.83   0.00   
6230.85   0.00   
6230.88   0.00   
6230.90   0.00   
6230.92   0.00   
6230.94   0.00   
6230.96   0.00   
6230.98   0.00   
6231.00   0.00   
6231.02   0.00   
6231.04   0.00   
6231.06   0.00   
6231.08   0.00   
6231.10   0.00   
6231.13   0.00   
6231.15   0.00   
6231.17   0.00   
6231.19   0.00   
6231.21   0.00   
6231.23   14.80   
6231.25   29.60   
6231.27   74.80   
6231.29   120.00   
6231.31   165.70   
6231.33   211.50   
6231.35   249.40   
6231.38   287.30   
6231.40   313.00   
6231.42   338.80   
6231.44   350.40   
6231.46   361.90   
6231.48   358.40   
6231.50   355.00   
6231.52   336.80   
6231.54   318.60   
6231.56   283.90   
6231.58   249.30   
6231.60   207.90   
6231.63   166.50   
6231.65   120.40   
6231.67   74.30   
6231.69   37.10   
6231.71   0.00   
6231.73   0.00   
6231.75   0.00   
6231.77   0.00   
6231.79   0.00   
6231.81   0.00   
6231.83   0.00   
6231.85   0.00   
6231.88   0.00   
6231.90   0.00   
6231.92   0.00   
6231.94   0.00   
6231.96   0.00   
6231.98   0.00   
6232.00   0.00   
6232.02   0.00   
6232.04   0.00   
6232.06   0.00   
6232.08   0.00   
6232.10   0.00   
6232.13   0.00   
6232.15   0.00   
6232.17   0.00   
6232.19   0.00   
6232.21   0.00   
6232.23   14.20   
6232.25   28.40   
6232.27   72.70   
6232.29   116.90   
6232.31   161.80   
6232.33   206.70   
6232.35   243.90   
6232.38   281.10   
6232.40   306.40   
6232.42   331.70   
6232.44   343.00   
6232.46   354.30   
6232.48   350.90   
6232.50   347.50   
6232.52   329.50   
6232.54   311.60   
6232.56   280.40   
6232.58   249.20   
6232.60   207.60   
6232.63   166.00   
6232.65   119.80   
6232.67   73.50   
6232.69   36.80   
6232.71   0.00   
6232.73   0.00   
6232.75   0.00   
6232.77   0.00   
6232.79   0.00   
6232.81   0.00   
6232.83   0.00   
6232.85   0.00   
6232.88   0.00   
6232.90   0.00   
6232.92   0.00   
6232.94   0.00   
6232.96   0.00   
6232.98   0.00   
6233.00   0.00   
6233.02   0.00   
6233.04   0.00   
6233.06   0.00   
6233.08   0.00   
6233.10   0.00   
6233.13   0.00   
6233.15   0.00   
6233.17   0.00   
6233.19   0.00   
6233.21   0.00   
6233.23   14.00   
6233.25   27.90   
6233.27   72.30   
6233.29   116.60   
6233.31   161.70   
6233.33   206.80   
6233.35   244.10   
6233.38   281.40   
6233.40   306.80   
6233.42   332.20   
6233.44   343.50   
6233.46   354.90   
6233.48   351.40   
6233.50   348.00   
6233.52   329.90   
6233.54   311.90   
6233.56   280.30   
6233.58   248.70   
6233.60   207.00   
6233.63   165.20   
6233.65   118.90   
6233.67   72.60   
6233.69   36.30   
6233.71   0.00   
6233.73   0.00   
6233.75   0.00   
6233.77   0.00   
6233.79   0.00   
6233.81   0.00   
6233.83   0.00   
6233.85   0.00   
6233.88   0.00   
6233.90   0.00   
6233.92   0.00   
6233.94   0.00   
6233.96   0.00   
6233.98   0.00   
6234.00   0.00   
6234.02   0.00   
6234.04   0.00   
6234.06   0.00   
6234.08   0.00   
6234.10   0.00   
6234.13   0.00   
6234.15   0.00   
6234.17   0.00   
6234.19   0.00   
6234.21   0.00   
6234.23   13.70   
6234.25   27.30   
6234.27   71.70   
6234.29   116.10   
6234.31   161.30   
6234.33   206.40   
6234.35   243.80   
6234.38   281.30   
6234.40   306.70   
6234.42   332.20   
6234.44   343.50   
6234.46   354.90   
6234.48   351.40   
6234.50   347.90   
6234.52   329.80   
6234.54   311.60   
6234.56   280.50   
6234.58   249.40   
6234.60   207.30   
6234.63   165.20   
6234.65   118.70   
6234.67   72.10   
6234.69   36.00   
6234.71   0.00   
6234.73   0.00   
6234.75   0.00   
6234.77   0.00   
6234.79   0.00   
6234.81   0.00   
6234.83   0.00   
6234.85   0.00   
6234.88   0.00   
6234.90   0.00   
6234.92   0.00   
6234.94   0.00   
6234.96   0.00   
6234.98   0.00   
6235.00   0.00   
6235.02   0.00   
6235.04   0.00   
6235.06   0.00   
6235.08   0.00   
6235.10   0.00   
6235.13   0.00   
6235.15   0.00   
6235.17   0.00   
6235.19   0.00   
6235.21   0.00   
6235.23   13.40   
6235.25   26.80   
6235.27   71.50   
6235.29   116.10   
6235.31   161.50   
6235.33   207.00   
6235.35   244.60   
6235.38   282.30   
6235.40   308.00   
6235.42   333.60   
6235.44   345.00   
6235.46   356.40   
6235.48   352.90   
6235.50   349.30   
6235.52   331.10   
6235.54   312.80   
6235.56   275.90   
6235.58   239.10   
6235.60   198.50   
6235.63   158.00   
6235.65   113.20   
6235.67   68.40   
6235.69   34.20   
6235.71   0.00   
6235.73   0.00   
6235.75   0.00   
6235.77   0.00   
6235.79   0.00   
6235.81   0.00   
6235.83   0.00   
6235.85   0.00   
6235.88   0.00   
6235.90   0.00   
6235.92   0.00   
6235.94   0.00   
6235.96   0.00   
6235.98   0.00   
6236.00   0.00   
6236.02   0.00   
6236.04   0.00   
6236.06   0.00   
6236.08   0.00   
6236.10   0.00   
6236.13   0.00   
6236.15   0.00   
6236.17   0.00   
6236.19   0.00   
6236.21   0.00   
6236.23   12.60   
6236.25   25.20   
6236.27   68.10   
6236.29   110.90   
6236.31   154.70   
6236.33   198.40   
6236.35   234.70   
6236.38   271.00   
6236.40   295.70   
6236.42   320.30   
6236.44   331.30   
6236.46   342.30   
6236.48   338.90   
6236.50   335.40   
6236.52   317.80   
6236.54   300.10   
6236.56   267.90   
6236.58   235.70   
6236.60   195.60   
6236.63   155.50   
6236.65   111.10   
6236.67   66.80   
6236.69   33.40   
6236.71   0.00   
6236.73   0.00   
6236.75   0.00   
6236.77   0.00   
6236.79   0.00   
6236.81   0.00   
6236.83   0.00   
6236.85   0.00   
6236.88   0.00   
6236.90   0.00   
6236.92   0.00   
6236.94   0.00   
6236.96   0.00   
6236.98   0.00   
6237.00   0.00   
6237.02   0.00   
6237.04   0.00   
6237.06   0.00   
6237.08   0.00   
6237.10   0.00   
6237.13   0.00   
6237.15   0.00   
6237.17   0.00   
6237.19   0.00   
6237.21   0.00   
6237.23   12.20   
6237.25   24.30   
6237.27   66.70   
6237.29   109.00   
6237.31   152.30   
6237.33   195.60   
6237.35   231.60   
6237.38   267.50   
6237.40   291.90   
6237.42   316.40   
6237.44   327.30   
6237.46   338.20   
6237.48   334.70   
6237.50   331.30   
6237.52   313.80   
6237.54   296.30   
6237.56   266.60   
6237.58   236.80   
6237.60   196.30   
6237.63   155.80   
6237.65   111.10   
6237.67   66.40   
6237.69   33.20   
6237.71   0.00   
6237.73   0.00   
6237.75   0.00   
6237.77   0.00   
6237.79   0.00   
6237.81   0.00   
6237.83   0.00   
6237.85   0.00   
6237.88   0.00   
6237.90   0.00   
6237.92   0.00   
6237.94   0.00   
6237.96   0.00   
6237.98   0.00   
6238.00   0.00   
6238.02   0.00   
6238.04   0.00   
6238.06   0.00   
6238.08   0.00   
6238.10   0.00   
6238.13   0.00   
6238.15   0.00   
6238.17   0.00   
6238.19   0.00   
6238.21   0.00   
6238.23   11.90   
6238.25   23.80   
6238.27   66.50   
6238.29   109.10   
6238.31   152.80   
6238.33   196.40   
6238.35   232.70   
6238.38   269.00   
6238.40   293.60   
6238.42   318.30   
6238.44   329.30   
6238.46   340.30   
6238.48   336.80   
6238.50   333.30   
6238.52   315.60   
6238.54   297.90   
6238.56   266.80   
6238.58   235.70   
6238.60   195.20   
6238.63   154.80   
6238.65   110.10   
6238.67   65.50   
6238.69   32.80   
6238.71   0.00   
6238.73   0.00   
6238.75   0.00   
6238.77   0.00   
6238.79   0.00   
6238.81   0.00   
6238.83   0.00   
6238.85   0.00   
6238.88   0.00   
6238.90   0.00   
6238.92   0.00   
6238.94   0.00   
6238.96   0.00   
6238.98   0.00   
6239.00   0.00   
6239.02   0.00   
6239.04   0.00   
6239.06   0.00   
6239.08   0.00   
6239.10   0.00   
6239.13   0.00   
6239.15   0.00   
6239.17   0.00   
6239.19   0.00   
6239.21   0.00   
6239.23   11.60   
6239.25   23.20   
6239.27   65.70   
6239.29   108.20   
6239.31   151.90   
6239.33   195.50   
6239.35   231.70   
6239.38   268.00   
6239.40   292.70   
6239.42   317.30   
6239.44   328.30   
6239.46   339.30   
6239.48   335.80   
6239.50   332.30   
6239.52   314.60   
6239.54   296.90   
6239.56   259.40   
6239.58   221.90   
6239.60   183.60   
6239.63   145.40   
6239.65   103.20   
6239.67   61.10   
6239.69   30.50   
6239.71   0.00   
6239.73   0.00   
6239.75   0.00   
6239.77   0.00   
6239.79   0.00   
6239.81   0.00   
6239.83   0.00   
6239.85   0.00   
6239.88   0.00   
6239.90   0.00   
6239.92   0.00   
6239.94   0.00   
6239.96   0.00   
6239.98   0.00   
6240.00   0.00   
6240.02   0.00   
6240.04   0.00   
6240.06   0.00   
6240.08   0.00   
6240.10   0.00   
6240.13   0.00   
6240.15   0.00   
6240.17   0.00   
6240.19   0.00   
6240.21   0.00   
6240.23   10.60   
6240.25   21.20   
6240.27   61.30   
6240.29   101.50   
6240.31   142.70   
6240.33   183.90   
6240.35   218.20   
6240.38   252.40   
6240.40   275.80   
6240.42   299.10   
6240.44   309.50   
6240.46   319.90   
6240.48   316.60   
6240.50   313.30   
6240.52   296.50   
6240.54   279.80   
6240.56   256.80   
6240.58   233.90   
6240.60   193.40   
6240.63   152.90   
6240.65   108.30   
6240.67   63.80   
6240.69   31.90   
6240.71   0.00   
6240.73   0.00   
6240.75   0.00   
6240.77   0.00   
6240.79   0.00   
6240.81   0.00   
6240.83   0.00   
6240.85   0.00   
6240.88   0.00   
6240.90   0.00   
6240.92   0.00   
6240.94   0.00   
6240.96   0.00   
6240.98   0.00   
6241.00   0.00   
6241.02   0.00   
6241.04   0.00   
6241.06   0.00   
6241.08   0.00   
6241.10   0.00   
6241.13   0.00   
6241.15   0.00   
6241.17   0.00   
6241.19   0.00   
6241.21   0.00   
6241.23   10.90   
6241.25   21.80   
6241.27   64.10   
6241.29   106.50   
6241.31   150.10   
6241.33   193.70   
6241.35   230.00   
6241.38   266.30   
6241.40   291.00   
6241.42   315.70   
6241.44   326.70   
6241.46   337.70   
6241.48   334.20   
6241.50   330.70   
6241.52   313.00   
6241.54   295.20   
6241.56   264.00   
6241.58   232.70   
6241.60   192.20   
6241.63   151.80   
6241.65   107.30   
6241.67   62.90   
6241.69   31.40   
6241.71   0.00   
6241.73   0.00   
6241.75   0.00   
6241.77   0.00   
6241.79   0.00   
6241.81   0.00   
6241.83   0.00   
6241.85   0.00   
6241.88   0.00   
6241.90   0.00   
6241.92   0.00   
6241.94   0.00   
6241.96   0.00   
6241.98   0.00   
6242.00   0.00   
6242.02   0.00   
6242.04   0.00   
6242.06   0.00   
6242.08   0.00   
6242.10   0.00   
6242.13   0.00   
6242.15   0.00   
6242.17   0.00   
6242.19   0.00   
6242.21   0.00   
6242.23   10.50   
6242.25   21.10   
6242.27   63.30   
6242.29   105.40   
6242.31   149.00   
6242.33   192.50   
6242.35   228.80   
6242.38   265.00   
6242.40   289.70   
6242.42   314.40   
6242.44   325.40   
6242.46   336.30   
6242.48   332.90   
6242.50   329.40   
6242.52   311.60   
6242.54   293.90   
6242.56   262.20   
6242.58   230.60   
6242.60   190.40   
6242.63   150.10   
6242.65   106.00   
6242.67   61.80   
6242.69   30.90   
6242.71   0.00   
6242.73   0.00   
6242.75   0.00   
6242.77   0.00   
6242.79   0.00   
6242.81   0.00   
6242.83   0.00   
6242.85   0.00   
6242.88   0.00   
6242.90   0.00   
6242.92   0.00   
6242.94   0.00   
6242.96   0.00   
6242.98   0.00   
6243.00   0.00   
6243.02   0.00   
6243.04   0.00   
6243.06   0.00   
6243.08   0.00   
6243.10   0.00   
6243.13   0.00   
6243.15   0.00   
6243.17   0.00   
6243.19   0.00   
6243.21   0.00   
6243.23   10.10   
6243.25   20.30   
6243.27   62.10   
6243.29   104.00   
6243.31   147.30   
6243.33   190.60   
6243.35   226.70   
6243.38   262.70   
6243.40   287.30   
6243.42   311.90   
6243.44   322.80   
6243.46   333.80   
6243.48   330.30   
6243.50   326.90   
6243.52   309.20   
6243.54   291.50   
6243.56   260.10   
6243.58   228.60   
6243.60   188.60   
6243.63   148.50   
6243.65   104.60   
6243.67   60.70   
6243.69   30.40   
6243.71   0.00   
6243.73   0.00   
6243.75   0.00   
6243.77   0.00   
6243.79   0.00   
6243.81   0.00   
6243.83   0.00   
6243.85   0.00   
6243.88   0.00   
6243.90   0.00   
6243.92   0.00   
6243.94   0.00   
6243.96   0.00   
6243.98   0.00   
6244.00   0.00   
6244.02   0.00   
6244.04   0.00   
6244.06   0.00   
6244.08   0.00   
6244.10   0.00   
6244.13   0.00   
6244.15   0.00   
6244.17   0.00   
6244.19   0.00   
6244.21   0.00   
6244.23   9.70   
6244.25   19.50   
6244.27   61.00   
6244.29   102.60   
6244.31   145.60   
6244.33   188.70   
6244.35   224.60   
6244.38   260.50   
6244.40   285.00   
6244.42   309.50   
6244.44   320.40   
6244.46   331.30   
6244.48   327.80   
6244.50   324.40   
6244.52   306.80   
6244.54   289.30   
6244.56   256.30   
6244.58   223.40   
6244.60   184.10   
6244.63   144.90   
6244.65   101.80   
6244.67   58.80   
6244.69   29.40   
6244.71   0.00   
6244.73   0.00   
6244.75   0.00   
6244.77   0.00   
6244.79   0.00   
6244.81   0.00   
6244.83   0.00   
6244.85   0.00   
6244.88   0.00   
6244.90   0.00   
6244.92   0.00   
6244.94   0.00   
6244.96   0.00   
6244.98   0.00   
6245.00   0.00   
6245.02   0.00   
6245.04   0.00   
6245.06   0.00   
6245.08   0.00   
6245.10   0.00   
6245.13   0.00   
6245.15   0.00   
6245.17   0.00   
6245.19   0.00   
6245.21   0.00   
6245.23   9.20   
6245.25   18.40   
6245.27   59.00   
6245.29   99.60   
6245.31   141.90   
6245.33   184.10   
6245.35   219.30   
6245.38   254.60   
6245.40   278.60   
6245.42   302.60   
6245.44   313.40   
6245.46   324.10   
6245.48   320.70   
6245.50   317.30   
6245.52   300.10   
6245.54   282.90   
6245.56   256.90   
6245.58   230.80   
6245.60   190.10   
6245.63   149.40   
6245.65   104.90   
6245.67   60.30   
6245.69   30.10   
6245.71   0.00   
6245.73   0.00   
6245.75   0.00   
6245.77   0.00   
6245.79   0.00   
6245.81   0.00   
6245.83   0.00   
6245.85   0.00   
6245.88   0.00   
6245.90   0.00   
6245.92   0.00   
6245.94   0.00   
6245.96   0.00   
6245.98   0.00   
6246.00   0.00   
6246.02   0.00   
6246.04   0.00   
6246.06   0.00   
6246.08   0.00   
6246.10   0.00   
6246.13   0.00   
6246.15   0.00   
6246.17   0.00   
6246.19   0.00   
6246.21   0.00   
6246.23   9.20   
6246.25   18.30   
6246.27   60.40   
6246.29   102.40   
6246.31   146.20   
6246.33   190.00   
6246.35   226.50   
6246.38   263.00   
6246.40   288.00   
6246.42   313.00   
6246.44   324.10   
6246.46   335.20   
6246.48   331.70   
6246.50   328.20   
6246.52   310.40   
6246.54   292.50   
6246.56   258.90   
6246.58   225.30   
6246.60   185.40   
6246.63   145.60   
6246.65   102.00   
6246.67   58.40   
6246.69   29.20   
6246.71   0.00   
6246.73   0.00   
6246.75   0.00   
6246.77   0.00   
6246.79   0.00   
6246.81   0.00   
6246.83   0.00   
6246.85   0.00   
6246.88   0.00   
6246.90   0.00   
6246.92   0.00   
6246.94   0.00   
6246.96   0.00   
6246.98   0.00   
6247.00   0.00   
6247.02   0.00   
6247.04   0.00   
6247.06   0.00   
6247.08   0.00   
6247.10   0.00   
6247.13   0.00   
6247.15   0.00   
6247.17   0.00   
6247.19   0.00   
6247.21   0.00   
6247.23   8.60   
6247.25   17.20   
6247.27   58.30   
6247.29   99.30   
6247.31   142.20   
6247.33   185.00   
6247.35   220.90   
6247.38   256.70   
6247.40   281.10   
6247.42   305.60   
6247.44   316.50   
6247.46   327.50   
6247.48   324.10   
6247.50   320.70   
6247.52   303.20   
6247.54   285.70   
6247.56   259.90   
6247.58   234.10   
6247.60   192.60   
6247.63   151.00   
6247.65   105.60   
6247.67   60.20   
6247.69   30.10   
6247.71   0.00   
6247.73   0.00   
6247.75   0.00   
6247.77   0.00   
6247.79   0.00   
6247.81   0.00   
6247.83   0.00   
6247.85   0.00   
6247.88   0.00   
6247.90   0.00   
6247.92   0.00   
6247.94   0.00   
6247.96   0.00   
6247.98   0.00   
6248.00   0.00   
6248.02   0.00   
6248.04   0.00   
6248.06   0.00   
6248.08   0.00   
6248.10   0.00   
6248.13   0.00   
6248.15   0.00   
6248.17   0.00   
6248.19   0.00   
6248.21   0.00   
6248.23   8.60   
6248.25   17.20   
6248.27   59.90   
6248.29   102.60   
6248.31   147.20   
6248.33   191.90   
6248.35   229.30   
6248.38   266.70   
6248.40   292.20   
6248.42   317.80   
6248.44   329.20   
6248.46   340.60   
6248.48   337.10   
6248.50   333.60   
6248.52   315.30   
6248.54   297.10   
6248.56   264.20   
6248.58   231.30   
6248.60   190.10   
6248.63   149.00   
6248.65   104.00   
6248.67   59.10   
6248.69   29.50   
6248.71   0.00   
6248.73   0.00   
6248.75   0.00   
6248.77   0.00   
6248.79   0.00   
6248.81   0.00   
6248.83   0.00   
6248.85   0.00   
6248.88   0.00   
6248.90   0.00   
6248.92   0.00   
6248.94   0.00   
6248.96   0.00   
6248.98   0.00   
6249.00   0.00   
6249.02   0.00   
6249.04   0.00   
6249.06   0.00   
6249.08   0.00   
6249.10   0.00   
6249.13   0.00   
6249.15   0.00   
6249.17   0.00   
6249.19   0.00   
6249.21   0.00   
6249.23   8.20   
6249.25   16.30   
6249.27   58.50   
6249.29   100.60   
6249.31   144.90   
6249.33   189.20   
6249.35   226.20   
6249.38   263.30   
6249.40   288.60   
6249.42   314.00   
6249.44   325.30   
6249.46   336.70   
6249.48   333.20   
6249.50   329.80   
6249.52   311.70   
6249.54   293.70   
6249.56   261.10   
6249.58   228.60   
6249.60   187.80   
6249.63   147.00   
6249.65   102.50   
6249.67   58.00   
6249.69   29.00   
6249.71   0.00   
6249.73   0.00   
6249.75   0.00   
6249.77   0.00   
6249.79   0.00   
6249.81   0.00   
6249.83   0.00   
6249.85   0.00   
6249.88   0.00   
6249.90   0.00   
6249.92   0.00   
6249.94   0.00   
6249.96   0.00   
6249.98   0.00   
6250.00   0.00   
6250.02   0.00   
6250.04   0.00   
6250.06   0.00   
6250.08   0.00   
6250.10   0.00   
6250.13   0.00   
6250.15   0.00   
6250.17   0.00   
6250.19   0.00   
6250.21   0.00   
6250.23   7.70   
6250.25   15.40   
6250.27   57.10   
6250.29   98.80   
6250.31   142.60   
6250.33   186.50   
6250.35   223.30   
6250.38   260.00   
6250.40   285.20   
6250.42   310.30   
6250.44   321.60   
6250.46   332.90   
6250.48   329.50   
6250.50   326.10   
6250.52   308.20   
6250.54   290.40   
6250.56   257.70   
6250.58   225.00   
6250.60   184.70   
6250.63   144.50   
6250.65   100.60   
6250.67   56.70   
6250.69   28.30   
6250.71   0.00   
6250.73   0.00   
6250.75   0.00   
6250.77   0.00   
6250.79   0.00   
6250.81   0.00   
6250.83   0.00   
6250.85   0.00   
6250.88   0.00   
6250.90   0.00   
6250.92   0.00   
6250.94   0.00   
6250.96   0.00   
6250.98   0.00   
6251.00   0.00   
6251.02   0.00   
6251.04   0.00   
6251.06   0.00   
6251.08   0.00   
6251.10   0.00   
6251.13   0.00   
6251.15   0.00   
6251.17   0.00   
6251.19   0.00   
6251.21   0.00   
6251.23   7.20   
6251.25   14.50   
6251.27   55.50   
6251.29   96.50   
6251.31   139.80   
6251.33   183.10   
6251.35   219.40   
6251.38   255.80   
6251.40   280.60   
6251.42   305.50   
6251.44   316.70   
6251.46   327.90   
6251.48   324.60   
6251.50   321.20   
6251.52   303.60   
6251.54   286.00   
6251.56   253.20   
6251.58   220.40   
6251.60   180.90   
6251.63   141.30   
6251.65   98.20   
6251.67   55.20   
6251.69   27.60   
6251.71   0.00   
6251.73   0.00   
6251.75   0.00   
6251.77   0.00   
6251.79   0.00   
6251.81   0.00   
6251.83   0.00   
6251.85   0.00   
6251.88   0.00   
6251.90   0.00   
6251.92   0.00   
6251.94   0.00   
6251.96   0.00   
6251.98   0.00   
6252.00   0.00   
6252.02   0.00   
6252.04   0.00   
6252.06   0.00   
6252.08   0.00   
6252.10   0.00   
6252.13   0.00   
6252.15   0.00   
6252.17   0.00   
6252.19   0.00   
6252.21   0.00   
6252.23   6.70   
6252.25   13.50   
6252.27   53.70   
6252.29   93.80   
6252.31   136.40   
6252.33   178.90   
6252.35   214.60   
6252.38   250.30   
6252.40   274.80   
6252.42   299.30   
6252.44   310.30   
6252.46   321.30   
6252.48   318.10   
6252.50   314.80   
6252.52   297.60   
6252.54   280.30   
6252.56   249.80   
6252.58   219.30   
6252.60   179.90   
6252.63   140.50   
6252.65   97.50   
6252.67   54.60   
6252.69   27.30   
6252.71   0.00   
6252.73   0.00   
6252.75   0.00   
6252.77   0.00   
6252.79   0.00   
6252.81   0.00   
6252.83   0.00   
6252.85   0.00   
6252.88   0.00   
6252.90   0.00   
6252.92   0.00   
6252.94   0.00   
6252.96   0.00   
6252.98   0.00   
6253.00   0.00   
6253.02   0.00   
6253.04   0.00   
6253.06   0.00   
6253.08   0.00   
6253.10   0.00   
6253.13   0.00   
6253.15   0.00   
6253.17   0.00   
6253.19   0.00   
6253.21   0.00   
6253.23   6.40   
6253.25   12.70   
6253.27   52.70   
6253.29   92.70   
6253.31   135.10   
6253.33   177.50   
6253.35   213.20   
6253.38   248.80   
6253.40   273.30   
6253.42   297.80   
6253.44   308.80   
6253.46   319.90   
6253.48   316.70   
6253.50   313.50   
6253.52   296.20   
6253.54   279.00   
6253.56   250.30   
6253.58   221.60   
6253.60   181.60   
6253.63   141.70   
6253.65   98.30   
6253.67   54.80   
6253.69   27.40   
6253.71   0.00   
6253.73   0.00   
6253.75   0.00   
6253.77   0.00   
6253.79   0.00   
6253.81   0.00   
6253.83   0.00   
6253.85   0.00   
6253.88   0.00   
6253.90   0.00   
6253.92   0.00   
6253.94   0.00   
6253.96   0.00   
6253.98   0.00   
6254.00   0.00   
6254.02   0.00   
6254.04   0.00   
6254.06   0.00   
6254.08   0.00   
6254.10   0.00   
6254.13   0.00   
6254.15   0.00   
6254.17   0.00   
6254.19   0.00   
6254.21   0.00   
6254.23   6.10   
6254.25   12.10   
6254.27   52.50   
6254.29   92.90   
6254.31   135.80   
6254.33   178.80   
6254.35   214.90   
6254.38   251.10   
6254.40   275.90   
6254.42   300.80   
6254.44   312.00   
6254.46   323.30   
6254.48   320.10   
6254.50   316.90   
6254.52   299.40   
6254.54   282.00   
6254.56   256.90   
6254.58   231.70   
6254.60   189.90   
6254.63   148.10   
6254.65   102.60   
6254.67   57.10   
6254.69   28.50   
6254.71   0.00   
6254.73   0.00   
6254.75   0.00   
6254.77   0.00   
6254.79   0.00   
6254.81   0.00   
6254.83   0.00   
6254.85   0.00   
6254.88   0.00   
6254.90   0.00   
6254.92   0.00   
6254.94   0.00   
6254.96   0.00   
6254.98   0.00   
6255.00   0.00   
6255.02   0.00   
6255.04   0.00   
6255.06   0.00   
6255.08   0.00   
6255.10   0.00   
6255.13   0.00   
6255.15   0.00   
6255.17   0.00   
6255.19   0.00   
6255.21   0.00   
6255.23   6.00   
6255.25   11.90   
6255.27   54.10   
6255.29   96.30   
6255.31   141.30   
6255.33   186.40   
6255.35   224.30   
6255.38   262.30   
6255.40   288.40   
6255.42   314.50   
6255.44   326.40   
6255.46   338.20   
6255.48   334.90   
6255.50   331.60   
6255.52   313.30   
6255.54   295.10   
6255.56   258.40   
6255.58   221.70   
6255.60   181.60   
6255.63   141.50   
6255.65   97.90   
6255.67   54.30   
6255.69   27.20   
6255.71   0.00   
6255.73   0.00   
6255.75   0.00   
6255.77   0.00   
6255.79   0.00   
6255.81   0.00   
6255.83   0.00   
6255.85   0.00   
6255.88   0.00   
6255.90   0.00   
6255.92   0.00   
6255.94   0.00   
6255.96   0.00   
6255.98   0.00   
6256.00   0.00   
6256.02   0.00   
6256.04   0.00   
6256.06   0.00   
6256.08   0.00   
6256.10   0.00   
6256.13   0.00   
6256.15   0.00   
6256.17   0.00   
6256.19   0.00   
6256.21   0.00   
6256.23   5.30   
6256.25   10.70   
6256.27   51.00   
6256.29   91.30   
6256.31   134.50   
6256.33   177.70   
6256.35   214.10   
6256.38   250.50   
6256.40   275.60   
6256.42   300.70   
6256.44   312.10   
6256.46   323.50   
6256.48   320.40   
6256.50   317.30   
6256.52   299.80   
6256.54   282.30   
6256.56   249.60   
6256.58   216.90   
6256.60   177.70   
6256.63   138.40   
6256.65   95.70   
6256.67   52.90   
6256.69   26.50   
6256.71   0.00   
6256.73   0.00   
6256.75   0.00   
6256.77   0.00   
6256.79   0.00   
6256.81   0.00   
6256.83   0.00   
6256.85   0.00   
6256.88   0.00   
6256.90   0.00   
6256.92   0.00   
6256.94   0.00   
6256.96   0.00   
6256.98   0.00   
6257.00   0.00   
6257.02   0.00   
6257.04   0.00   
6257.06   0.00   
6257.08   0.00   
6257.10   0.00   
6257.13   0.00   
6257.15   0.00   
6257.17   0.00   
6257.19   0.00   
6257.21   0.00   
6257.23   4.90   
6257.25   9.80   
6257.27   49.20   
6257.29   88.60   
6257.31   130.90   
6257.33   173.20   
6257.35   209.00   
6257.38   244.80   
6257.40   269.40   
6257.42   294.10   
6257.44   305.30   
6257.46   316.60   
6257.48   313.60   
6257.50   310.60   
6257.52   293.50   
6257.54   276.40   
6257.56   246.40   
6257.58   216.50   
6257.60   177.30   
6257.63   138.00   
6257.65   95.30   
6257.67   52.60   
6257.69   26.30   
6257.71   0.00   
6257.73   0.00   
6257.75   0.00   
6257.77   0.00   
6257.79   0.00   
6257.81   0.00   
6257.83   0.00   
6257.85   0.00   
6257.88   0.00   
6257.90   0.00   
6257.92   0.00   
6257.94   0.00   
6257.96   0.00   
6257.98   0.00   
6258.00   0.00   
6258.02   0.00   
6258.04   0.00   
6258.06   0.00   
6258.08   0.00   
6258.10   0.00   
6258.13   0.00   
6258.15   0.00   
6258.17   0.00   
6258.19   0.00   
6258.21   0.00   
6258.23   4.50   
6258.25   9.00   
6258.27   48.30   
6258.29   87.60   
6258.31   129.90   
6258.33   172.30   
6258.35   208.10   
6258.38   243.90   
6258.40   268.60   
6258.42   293.30   
6258.44   304.60   
6258.46   316.00   
6258.48   313.00   
6258.50   310.00   
6258.52   293.00   
6258.54   275.90   
6258.56   246.90   
6258.58   217.80   
6258.60   178.30   
6258.63   138.70   
6258.65   95.80   
6258.67   52.80   
6258.69   26.40   
6258.71   0.00   
6258.73   0.00   
6258.75   0.00   
6258.77   0.00   
6258.79   0.00   
6258.81   0.00   
6258.83   0.00   
6258.85   0.00   
6258.88   0.00   
6258.90   0.00   
6258.92   0.00   
6258.94   0.00   
6258.96   0.00   
6258.98   0.00   
6259.00   0.00   
6259.02   0.00   
6259.04   0.00   
6259.06   0.00   
6259.08   0.00   
6259.10   0.00   
6259.13   0.00   
6259.15   0.00   
6259.17   0.00   
6259.19   0.00   
6259.21   0.00   
6259.23   4.20   
6259.25   8.30   
6259.27   47.80   
6259.29   87.30   
6259.31   129.90   
6259.33   172.60   
6259.35   208.70   
6259.38   244.90   
6259.40   269.80   
6259.42   294.80   
6259.44   306.30   
6259.46   317.70   
6259.48   314.80   
6259.50   311.90   
6259.52   294.70   
6259.54   277.60   
6259.56   249.60   
6259.58   221.60   
6259.60   181.40   
6259.63   141.10   
6259.65   97.30   
6259.67   53.50   
6259.69   26.80   
6259.71   0.00   
6259.73   0.00   
6259.75   0.00   
6259.77   0.00   
6259.79   0.00   
6259.81   0.00   
6259.83   0.00   
6259.85   0.00   
6259.88   0.00   
6259.90   0.00   
6259.92   0.00   
6259.94   0.00   
6259.96   0.00   
6259.98   0.00   
6260.00   0.00   
6260.02   0.00   
6260.04   0.00   
6260.06   0.00   
6260.08   0.00   
6260.10   0.00   
6260.13   0.00   
6260.15   0.00   
6260.17   0.00   
6260.19   0.00   
6260.21   0.00   
6260.23   3.90   
6260.25   7.70   
6260.27   47.80   
6260.29   87.90   
6260.31   131.40   
6260.33   174.90   
6260.35   211.80   
6260.38   248.60   
6260.40   274.20   
6260.42   299.70   
6260.44   311.40   
6260.46   323.20   
6260.48   320.30   
6260.50   317.30   
6260.52   299.90   
6260.54   282.50   
6260.56   250.70   
6260.58   219.00   
6260.60   179.20   
6260.63   139.40   
6260.65   96.10   
6260.67   52.70   
6260.69   26.40   
6260.71   0.00   
6260.73   0.00   
6260.75   0.00   
6260.77   0.00   
6260.79   0.00   
6260.81   0.00   
6260.83   0.00   
6260.85   0.00   
6260.88   0.00   
6260.90   0.00   
6260.92   0.00   
6260.94   0.00   
6260.96   0.00   
6260.98   0.00   
6261.00   0.00   
6261.02   0.00   
6261.04   0.00   
6261.06   0.00   
6261.08   0.00   
6261.10   0.00   
6261.13   0.00   
6261.15   0.00   
6261.17   0.00   
6261.19   0.00   
6261.21   0.00   
6261.23   3.50   
6261.25   6.90   
6261.27   46.40   
6261.29   86.00   
6261.31   129.00   
6261.33   172.10   
6261.35   208.60   
6261.38   245.20   
6261.40   270.50   
6261.42   295.80   
6261.44   307.50   
6261.46   319.20   
6261.48   316.40   
6261.50   313.50   
6261.52   296.30   
6261.54   279.20   
6261.56   244.10   
6261.58   209.00   
6261.60   170.90   
6261.63   132.90   
6261.65   91.60   
6261.67   50.20   
6261.69   25.10   
6261.71   0.00   
6261.73   0.00   
6261.75   0.00   
6261.77   0.00   
6261.79   0.00   
6261.81   0.00   
6261.83   0.00   
6261.85   0.00   
6261.88   0.00   
6261.90   0.00   
6261.92   0.00   
6261.94   0.00   
6261.96   0.00   
6261.98   0.00   
6262.00   0.00   
6262.02   0.00   
6262.04   0.00   
6262.06   0.00   
6262.08   0.00   
6262.10   0.00   
6262.13   0.00   
6262.15   0.00   
6262.17   0.00   
6262.19   0.00   
6262.21   0.00   
6262.23   2.90   
6262.25   5.90   
6262.27   43.60   
6262.29   81.20   
6262.31   122.30   
6262.33   163.40   
6262.35   198.40   
6262.38   233.40   
6262.40   257.60   
6262.42   281.90   
6262.44   293.20   
6262.46   304.40   
6262.48   301.70   
6262.50   299.10   
6262.52   282.70   
6262.54   266.40   
6262.56   241.90   
6262.58   217.40   
6262.60   177.90   
6262.63   138.30   
6262.65   95.20   
6262.67   52.20   
6262.69   26.10   
6262.71   0.00   
6262.73   0.00   
6262.75   0.00   
6262.77   0.00   
6262.79   0.00   
6262.81   0.00   
6262.83   0.00   
6262.85   0.00   
6262.88   0.00   
6262.90   0.00   
6262.92   0.00   
6262.94   0.00   
6262.96   0.00   
6262.98   0.00   
6263.00   0.00   
6263.02   0.00   
6263.04   0.00   
6263.06   0.00   
6263.08   0.00   
6263.10   0.00   
6263.13   0.00   
6263.15   0.00   
6263.17   0.00   
6263.19   0.00   
6263.21   0.00   
6263.23   2.70   
6263.25   5.40   
6263.27   44.50   
6263.29   83.60   
6263.31   126.40   
6263.33   169.30   
6263.35   205.80   
6263.38   242.20   
6263.40   267.60   
6263.42   293.00   
6263.44   304.80   
6263.46   316.60   
6263.48   313.90   
6263.50   311.20   
6263.52   294.20   
6263.54   277.10   
6263.56   245.10   
6263.58   213.10   
6263.60   174.30   
6263.63   135.50   
6263.65   93.30   
6263.67   51.10   
6263.69   25.50   
6263.71   0.00   
6263.73   0.00   
6263.75   0.00   
6263.77   0.00   
6263.79   0.00   
6263.81   0.00   
6263.83   0.00   
6263.85   0.00   
6263.88   0.00   
6263.90   0.00   
6263.92   0.00   
6263.94   0.00   
6263.96   0.00   
6263.98   0.00   
6264.00   0.00   
6264.02   0.00   
6264.04   0.00   
6264.06   0.00   
6264.08   0.00   
6264.10   0.00   
6264.13   0.00   
6264.15   0.00   
6264.17   0.00   
6264.19   0.00   
6264.21   0.00   
6264.23   2.30   
6264.25   4.50   
6264.27   42.80   
6264.29   81.00   
6264.31   123.10   
6264.33   165.00   
6264.35   200.90   
6264.38   236.80   
6264.40   261.70   
6264.42   286.70   
6264.44   298.30   
6264.46   310.00   
6264.48   307.40   
6264.50   304.80   
6264.52   288.20   
6264.54   271.60   
6264.56   241.20   
6264.58   210.80   
6264.60   172.40   
6264.63   134.00   
6264.65   92.30   
6264.67   50.50   
6264.69   25.20   
6264.71   0.00   
6264.73   0.00   
6264.75   0.00   
6264.77   0.00   
6264.79   0.00   
6264.81   0.00   
6264.83   0.00   
6264.85   0.00   
6264.88   0.00   
6264.90   0.00   
6264.92   0.00   
6264.94   0.00   
6264.96   0.00   
6264.98   0.00   
6265.00   0.00   
6265.02   0.00   
6265.04   0.00   
6265.06   0.00   
6265.08   0.00   
6265.10   0.00   
6265.13   0.00   
6265.15   0.00   
6265.17   0.00   
6265.19   0.00   
6265.21   0.00   
6265.23   1.90   
6265.25   3.80   
6265.27   41.50   
6265.29   79.30   
6265.31   120.90   
6265.33   162.50   
6265.35   198.00   
6265.38   233.60   
6265.40   258.30   
6265.42   283.10   
6265.44   294.80   
6265.46   306.40   
6265.48   303.90   
6265.50   301.40   
6265.52   285.00   
6265.54   268.60   
6265.56   238.70   
6265.58   208.70   
6265.60   170.70   
6265.63   132.70   
6265.65   91.30   
6265.67   50.00   
6265.69   25.00   
6265.71   0.00   
6265.73   0.00   
6265.75   0.00   
6265.77   0.00   
6265.79   0.00   
6265.81   0.00   
6265.83   0.00   
6265.85   0.00   
6265.88   0.00   
6265.90   0.00   
6265.92   0.00   
6265.94   0.00   
6265.96   0.00   
6265.98   0.00   
6266.00   0.00   
6266.02   0.00   
6266.04   0.00   
6266.06   0.00   
6266.08   0.00   
6266.10   0.00   
6266.13   0.00   
6266.15   0.00   
6266.17   0.00   
6266.19   0.00   
6266.21   0.00   
6266.23   1.50   
6266.25   3.00   
6266.27   40.30   
6266.29   77.60   
6266.31   118.80   
6266.33   160.10   
6266.35   195.30   
6266.38   230.60   
6266.40   255.30   
6266.42   279.90   
6266.44   291.50   
6266.46   303.10   
6266.48   300.70   
6266.50   298.30   
6266.52   282.10   
6266.54   265.90   
6266.56   236.20   
6266.58   206.60   
6266.60   169.00   
6266.63   131.40   
6266.65   90.40   
6266.67   49.50   
6266.69   24.70   
6266.71   0.00   
6266.73   0.00   
6266.75   0.00   
6266.77   0.00   
6266.79   0.00   
6266.81   0.00   
6266.83   0.00   
6266.85   0.00   
6266.88   0.00   
6266.90   0.00   
6266.92   0.00   
6266.94   0.00   
6266.96   0.00   
6266.98   0.00   
6267.00   0.00   
6267.02   0.00   
6267.04   0.00   
6267.06   0.00   
6267.08   0.00   
6267.10   0.00   
6267.13   0.00   
6267.15   0.00   
6267.17   0.00   
6267.19   0.00   
6267.21   0.00   
6267.23   1.20   
6267.25   2.30   
6267.27   39.10   
6267.29   75.90   
6267.31   116.70   
6267.33   157.50   
6267.35   192.50   
6267.38   227.50   
6267.40   252.00   
6267.42   276.50   
6267.44   288.00   
6267.46   299.60   
6267.48   297.30   
6267.50   295.00   
6267.52   279.10   
6267.54   263.10   
6267.56   233.30   
6267.58   203.40   
6267.60   166.40   
6267.63   129.40   
6267.65   89.10   
6267.67   48.70   
6267.69   24.40   
6267.71   0.00   
6267.73   0.00   
6267.75   0.00   
6267.77   0.00   
6267.79   0.00   
6267.81   0.00   
6267.83   0.00   
6267.85   0.00   
6267.88   0.00   
6267.90   0.00   
6267.92   0.00   
6267.94   0.00   
6267.96   0.00   
6267.98   0.00   
6268.00   0.00   
6268.02   0.00   
6268.04   0.00   
6268.06   0.00   
6268.08   0.00   
6268.10   0.00   
6268.13   0.00   
6268.15   0.00   
6268.17   0.00   
6268.19   0.00   
6268.21   0.00   
6268.23   0.80   
6268.25   1.60   
6268.27   37.70   
6268.29   73.90   
6268.31   114.10   
6268.33   154.30   
6268.35   188.90   
6268.38   223.40   
6268.40   247.60   
6268.42   271.80   
6268.44   283.30   
6268.46   294.70   
6268.48   292.50   
6268.50   290.40   
6268.52   274.70   
6268.54   259.00   
6268.56   236.30   
6268.58   213.60   
6268.60   174.70   
6268.63   135.90   
6268.65   93.60   
6268.67   51.20   
6268.69   25.60   
6268.71   0.00   
6268.73   0.00   
6268.75   0.00   
6268.77   0.00   
6268.79   0.00   
6268.81   0.00   
6268.83   0.00   
6268.85   0.00   
6268.88   0.00   
6268.90   0.00   
6268.92   0.00   
6268.94   0.00   
6268.96   0.00   
6268.98   0.00   
6269.00   0.00   
6269.02   0.00   
6269.04   0.00   
6269.06   0.00   
6269.08   0.00   
6269.10   0.00   
6269.13   0.00   
6269.15   0.00   
6269.17   0.00   
6269.19   0.00   
6269.21   0.00   
6269.23   0.50   
6269.25   0.90   
6269.27   38.80   
6269.29   76.60   
6269.31   118.80   
6269.33   161.10   
6269.35   197.40   
6269.38   233.80   
6269.40   259.30   
6269.42   284.80   
6269.44   296.90   
6269.46   309.00   
6269.48   306.80   
6269.50   304.60   
6269.52   288.20   
6269.54   271.90   
6269.56   240.90   
6269.58   210.00   
6269.60   171.80   
6269.63   133.70   
6269.65   92.10   
6269.67   50.40   
6269.69   25.20   
6269.71   0.00   
6269.73   0.00   
6269.75   0.00   
6269.77   0.00   
6269.79   0.00   
6269.81   0.00   
6269.83   0.00   
6269.85   0.00   
6269.88   0.00   
6269.90   0.00   
6269.92   0.00   
6269.94   0.00   
6269.96   0.00   
6269.98   0.00   
6270.00   0.00   
6270.02   0.00   
6270.04   0.00   
6270.06   0.00   
6270.08   0.00   
6270.10   0.00   
6270.13   0.00   
6270.15   0.00   
6270.17   0.00   
6270.19   0.00   
6270.21   0.00   
6270.23   0.10   
6270.25   0.20   
6270.27   37.30   
6270.29   74.40   
6270.31   115.90   
6270.33   157.40   
6270.35   193.20   
6270.38   229.00   
6270.40   254.20   
6270.42   279.40   
6270.44   291.40   
6270.46   303.40   
6270.48   301.30   
6270.50   299.20   
6270.52   283.20   
6270.54   267.20   
6270.56   242.00   
6270.58   216.80   
6270.60   177.40   
6270.63   138.10   
6270.65   95.10   
6270.67   52.10   
6270.69   26.10   
6270.71   0.00   
6270.73   0.00   
6270.75   0.00   
6270.77   0.00   
6270.79   0.00   
6270.81   0.00   
6270.83   0.00   
6270.85   0.00   
6270.88   0.00   
6270.90   0.00   
6270.92   0.00   
6270.94   0.00   
6270.96   0.00   
6270.98   0.00   
6271.00   0.00   
6271.02   0.00   
6271.04   0.00   
6271.06   0.00   
6271.08   0.00   
6271.10   0.00   
6271.13   0.00   
6271.15   0.00   
6271.17   0.00   
6271.19   0.00   
6271.21   0.00   
6271.23   0.00   
6271.25   0.00   
6271.27   37.90   
6271.29   75.80   
6271.31   118.70   
6271.33   161.60   
6271.35   198.60   
6271.38   235.60   
6271.40   261.70   
6271.42   287.70   
6271.44   300.30   
6271.46   312.80   
6271.48   310.70   
6271.50   308.70   
6271.52   292.20   
6271.54   275.70   
6271.56   244.20   
6271.58   212.60   
6271.60   174.10   
6271.63   135.50   
6271.65   93.40   
6271.67   51.30   
6271.69   25.60   
6271.71   0.00   
6271.73   0.00   
6271.75   0.00   
6271.77   0.00   
6271.79   0.00   
6271.81   0.00   
6271.83   0.00   
6271.85   0.00   
6271.88   0.00   
6271.90   0.00   
6271.92   0.00   
6271.94   0.00   
6271.96   0.00   
6271.98   0.00   
6272.00   0.00   
6272.02   0.00   
6272.04   0.00   
6272.06   0.00   
6272.08   0.00   
6272.10   0.00   
6272.13   0.00   
6272.15   0.00   
6272.17   0.00   
6272.19   0.00   
6272.21   0.00   
6272.23   0.00   
6272.25   0.00   
6272.27   36.70   
6272.29   73.40   
6272.31   115.50   
6272.33   157.60   
6272.35   193.90   
6272.38   230.30   
6272.40   256.00   
6272.42   281.60   
6272.44   294.00   
6272.46   306.40   
6272.48   304.40   
6272.50   302.50   
6272.52   286.40   
6272.54   270.30   
6272.56   240.40   
6272.58   210.50   
6272.60   172.40   
6272.63   134.30   
6272.65   92.60   
6272.67   50.90   
6272.69   25.50   
6272.71   0.00   
6272.73   0.00   
6272.75   0.00   
6272.77   0.00   
6272.79   0.00   
6272.81   0.00   
6272.83   0.00   
6272.85   0.00   
6272.88   0.00   
6272.90   0.00   
6272.92   0.00   
6272.94   0.00   
6272.96   0.00   
6272.98   0.00   
6273.00   0.00   
6273.02   0.00   
6273.04   0.00   
6273.06   0.00   
6273.08   0.00   
6273.10   0.00   
6273.13   0.00   
6273.15   0.00   
6273.17   0.00   
6273.19   0.00   
6273.21   0.00   
6273.23   0.00   
6273.25   0.00   
6273.27   35.90   
6273.29   71.70   
6273.31   113.40   
6273.33   155.00   
6273.35   191.10   
6273.38   227.20   
6273.40   252.70   
6273.42   278.10   
6273.44   290.50   
6273.46   302.80   
6273.48   301.00   
6273.50   299.20   
6273.52   283.30   
6273.54   267.50   
6273.56   239.90   
6273.58   212.40   
6273.60   174.00   
6273.63   135.60   
6273.65   93.60   
6273.67   51.60   
6273.69   25.80   
6273.71   0.00   
6273.73   0.00   
6273.75   0.00   
6273.77   0.00   
6273.79   0.00   
6273.81   0.00   
6273.83   0.00   
6273.85   0.00   
6273.88   0.00   
6273.90   0.00   
6273.92   0.00   
6273.94   0.00   
6273.96   0.00   
6273.98   0.00   
6274.00   0.00   
6274.02   0.00   
6274.04   0.00   
6274.06   0.00   
6274.08   0.00   
6274.10   0.00   
6274.13   0.00   
6274.15   0.00   
6274.17   0.00   
6274.19   0.00   
6274.21   0.00   
6274.23   0.00   
6274.25   0.00   
6274.27   35.70   
6274.29   71.40   
6274.31   113.40   
6274.33   155.40   
6274.35   191.90   
6274.38   228.30   
6274.40   254.10   
6274.42   279.90   
6274.44   292.50   
6274.46   305.00   
6274.48   303.30   
6274.50   301.50   
6274.52   285.60   
6274.54   269.80   
6274.56   239.30   
6274.58   208.90   
6274.60   171.20   
6274.63   133.50   
6274.65   92.20   
6274.67   50.90   
6274.69   25.40   
6274.71   0.00   
6274.73   0.00   
6274.75   0.00   
6274.77   0.00   
6274.79   0.00   
6274.81   0.00   
6274.83   0.00   
6274.85   0.00   
6274.88   0.00   
6274.90   0.00   
6274.92   0.00   
6274.94   0.00   
6274.96   0.00   
6274.98   0.00   
6275.00   0.00   
6275.02   0.00   
6275.04   0.00   
6275.06   0.00   
6275.08   0.00   
6275.10   0.00   
6275.13   0.00   
6275.15   0.00   
6275.17   0.00   
6275.19   0.00   
6275.21   0.00   
6275.23   0.00   
6275.25   0.00   
6275.27   34.70   
6275.29   69.30   
6275.31   110.60   
6275.33   151.90   
6275.35   187.80   
6275.38   223.60   
6275.40   249.10   
6275.42   274.50   
6275.44   286.90   
6275.46   299.40   
6275.48   297.70   
6275.50   296.10   
6275.52   280.60   
6275.54   265.10   
6275.56   240.70   
6275.58   216.40   
6275.60   177.40   
6275.63   138.40   
6275.65   95.70   
6275.67   52.90   
6275.69   26.40   
6275.71   0.00   
6275.73   0.00   
6275.75   0.00   
6275.77   0.00   
6275.79   0.00   
6275.81   0.00   
6275.83   0.00   
6275.85   0.00   
6275.88   0.00   
6275.90   0.00   
6275.92   0.00   
6275.94   0.00   
6275.96   0.00   
6275.98   0.00   
6276.00   0.00   
6276.02   0.00   
6276.04   0.00   
6276.06   0.00   
6276.08   0.00   
6276.10   0.00   
6276.13   0.00   
6276.15   0.00   
6276.17   0.00   
6276.19   0.00   
6276.21   0.00   
6276.23   0.00   
6276.25   0.00   
6276.27   35.40   
6276.29   70.80   
6276.31   113.60   
6276.33   156.30   
6276.35   193.50   
6276.38   230.70   
6276.40   257.20   
6276.42   283.60   
6276.44   296.60   
6276.46   309.50   
6276.48   308.00   
6276.50   306.40   
6276.52   290.40   
6276.54   274.40   
6276.56   243.80   
6276.58   213.20   
6276.60   174.90   
6276.63   136.60   
6276.65   94.50   
6276.67   52.40   
6276.69   26.20   
6276.71   0.00   
6276.73   0.00   
6276.75   0.00   
6276.77   0.00   
6276.79   0.00   
6276.81   0.00   
6276.83   0.00   
6276.85   0.00   
6276.88   0.00   
6276.90   0.00   
6276.92   0.00   
6276.94   0.00   
6276.96   0.00   
6276.98   0.00   
6277.00   0.00   
6277.02   0.00   
6277.04   0.00   
6277.06   0.00   
6277.08   0.00   
6277.10   0.00   
6277.13   0.00   
6277.15   0.00   
6277.17   0.00   
6277.19   0.00   
6277.21   0.00   
6277.23   0.00   
6277.25   0.00   
6277.27   34.40   
6277.29   68.90   
6277.31   110.90   
6277.33   153.00   
6277.35   189.80   
6277.38   226.50   
6277.40   252.60   
6277.42   278.70   
6277.44   291.60   
6277.46   304.50   
6277.48   303.00   
6277.50   301.60   
6277.52   285.90   
6277.54   270.30   
6277.56   235.90   
6277.58   201.50   
6277.60   165.40   
6277.63   129.20   
6277.65   89.50   
6277.67   49.80   
6277.69   24.90   
6277.71   0.00   
6277.73   0.00   
6277.75   0.00   
6277.77   0.00   
6277.79   0.00   
6277.81   0.00   
6277.83   0.00   
6277.85   0.00   
6277.88   0.00   
6277.90   0.00   
6277.92   0.00   
6277.94   0.00   
6277.96   0.00   
6277.98   0.00   
6278.00   0.00   
6278.02   0.00   
6278.04   0.00   
6278.06   0.00   
6278.08   0.00   
6278.10   0.00   
6278.13   0.00   
6278.15   0.00   
6278.17   0.00   
6278.19   0.00   
6278.21   0.00   
6278.23   0.00   
6278.25   0.00   
6278.27   32.10   
6278.29   64.20   
6278.31   103.90   
6278.33   143.70   
6278.35   178.40   
6278.38   213.10   
6278.40   237.90   
6278.42   262.60   
6278.44   274.90   
6278.46   287.20   
6278.48   285.90   
6278.50   284.60   
6278.52   269.90   
6278.54   255.20   
6278.56   232.50   
6278.58   209.80   
6278.60   172.20   
6278.63   134.70   
6278.65   93.40   
6278.67   52.10   
6278.69   26.00   
6278.71   0.00   
6278.73   0.00   
6278.75   0.00   
6278.77   0.00   
6278.79   0.00   
6278.81   0.00   
6278.83   0.00   
6278.85   0.00   
6278.88   0.00   
6278.90   0.00   
6278.92   0.00   
6278.94   0.00   
6278.96   0.00   
6278.98   0.00   
6279.00   0.00   
6279.02   0.00   
6279.04   0.00   
6279.06   0.00   
6279.08   0.00   
6279.10   0.00   
6279.13   0.00   
6279.15   0.00   
6279.17   0.00   
6279.19   0.00   
6279.21   0.00   
6279.23   0.00   
6279.25   0.00   
6279.27   32.90   
6279.29   65.90   
6279.31   107.20   
6279.33   148.50   
6279.35   184.70   
6279.38   220.90   
6279.40   246.70   
6279.42   272.60   
6279.44   285.40   
6279.46   298.30   
6279.48   297.10   
6279.50   295.80   
6279.52   280.60   
6279.54   265.50   
6279.56   239.60   
6279.58   213.70   
6279.60   175.60   
6279.63   137.40   
6279.65   95.30   
6279.67   53.30   
6279.69   26.70   
6279.71   0.00   
6279.73   0.00   
6279.75   0.00   
6279.77   0.00   
6279.79   0.00   
6279.81   0.00   
6279.83   0.00   
6279.85   0.00   
6279.88   0.00   
6279.90   0.00   
6279.92   0.00   
6279.94   0.00   
6279.96   0.00   
6279.98   0.00   
6280.00   0.00   
6280.02   0.00   
6280.04   0.00   
6280.06   0.00   
6280.08   0.00   
6280.10   0.00   
6280.13   0.00   
6280.15   0.00   
6280.17   0.00   
6280.19   0.00   
6280.21   0.00   
6280.23   0.00   
6280.25   0.00   
6280.27   33.10   
6280.29   66.20   
6280.31   108.20   
6280.33   150.30   
6280.35   187.20   
6280.38   224.10   
6280.40   250.40   
6280.42   276.80   
6280.44   290.00   
6280.46   303.20   
6280.48   302.10   
6280.50   300.90   
6280.52   285.60   
6280.54   270.20   
6280.56   237.40   
6280.58   204.50   
6280.60   168.10   
6280.63   131.70   
6280.65   91.50   
6280.67   51.30   
6280.69   25.70   
6280.71   0.00   
6280.73   0.00   
6280.75   0.00   
6280.77   0.00   
6280.79   0.00   
6280.81   0.00   
6280.83   0.00   
6280.85   0.00   
6280.88   0.00   
6280.90   0.00   
6280.92   0.00   
6280.94   0.00   
6280.96   0.00   
6280.98   0.00   
6281.00   0.00   
6281.02   0.00   
6281.04   0.00   
6281.06   0.00   
6281.08   0.00   
6281.10   0.00   
6281.13   0.00   
6281.15   0.00   
6281.17   0.00   
6281.19   0.00   
6281.21   0.00   
6281.23   0.00   
6281.25   0.00   
6281.27   31.20   
6281.29   62.50   
6281.31   102.60   
6281.33   142.80   
6281.35   178.20   
6281.38   213.50   
6281.40   238.80   
6281.42   264.10   
6281.44   276.80   
6281.46   289.60   
6281.48   288.60   
6281.50   287.60   
6281.52   273.00   
6281.54   258.40   
6281.56   228.40   
6281.58   198.50   
6281.60   163.30   
6281.63   128.00   
6281.65   89.10   
6281.67   50.10   
6281.69   25.10   
6281.71   0.00   
6281.73   0.00   
6281.75   0.00   
6281.77   0.00   
6281.79   0.00   
6281.81   0.00   
6281.83   0.00   
6281.85   0.00   
6281.88   0.00   
6281.90   0.00   
6281.92   0.00   
6281.94   0.00   
6281.96   0.00   
6281.98   0.00   
6282.00   0.00   
6282.02   0.00   
6282.04   0.00   
6282.06   0.00   
6282.08   0.00   
6282.10   0.00   
6282.13   0.00   
6282.15   0.00   
6282.17   0.00   
6282.19   0.00   
6282.21   0.00   
6282.23   0.00   
6282.25   0.00   
6282.27   29.90   
6282.29   59.80   
6282.31   98.70   
6282.33   137.70   
6282.35   172.00   
6282.38   206.30   
6282.40   230.90   
6282.42   255.50   
6282.44   267.90   
6282.46   280.40   
6282.48   279.50   
6282.50   278.70   
6282.52   264.60   
6282.54   250.50   
6282.56   226.40   
6282.58   202.20   
6282.60   166.40   
6282.63   130.60   
6282.65   91.00   
6282.67   51.40   
6282.69   25.70   
6282.71   0.00   
6282.73   0.00   
6282.75   0.00   
6282.77   0.00   
6282.79   0.00   
6282.81   0.00   
6282.83   0.00   
6282.85   0.00   
6282.88   0.00   
6282.90   0.00   
6282.92   0.00   
6282.94   0.00   
6282.96   0.00   
6282.98   0.00   
6283.00   0.00   
6283.02   0.00   
6283.04   0.00   
6283.06   0.00   
6283.08   0.00   
6283.10   0.00   
6283.13   0.00   
6283.15   0.00   
6283.17   0.00   
6283.19   0.00   
6283.21   0.00   
6283.23   0.00   
6283.25   0.00   
6283.27   30.00   
6283.29   60.00   
6283.31   99.60   
6283.33   139.30   
6283.35   174.20   
6283.38   209.20   
6283.40   234.30   
6283.42   259.40   
6283.44   272.20   
6283.46   284.90   
6283.48   284.10   
6283.50   283.40   
6283.52   269.20   
6283.54   255.00   
6283.56   227.00   
6283.58   199.00   
6283.60   163.90   
6283.63   128.80   
6283.65   89.80   
6283.67   50.90   
6283.69   25.50   
6283.71   0.00   
6283.73   0.00   
6283.75   0.00   
6283.77   0.00   
6283.79   0.00   
6283.81   0.00   
6283.83   0.00   
6283.85   0.00   
6283.88   0.00   
6283.90   0.00   
6283.92   0.00   
6283.94   0.00   
6283.96   0.00   
6283.98   0.00   
6284.00   0.00   
6284.02   0.00   
6284.04   0.00   
6284.06   0.00   
6284.08   0.00   
6284.10   0.00   
6284.13   0.00   
6284.15   0.00   
6284.17   0.00   
6284.19   0.00   
6284.21   0.00   
6284.23   0.00   
6284.25   0.00   
6284.27   29.10   
6284.29   58.20   
6284.31   97.20   
6284.33   136.10   
6284.35   170.50   
6284.38   204.90   
6284.40   229.70   
6284.42   254.50   
6284.44   267.10   
6284.46   279.70   
6284.48   279.00   
6284.50   278.40   
6284.52   264.50   
6284.54   250.70   
6284.56   235.10   
6284.58   219.40   
6284.60   180.80   
6284.63   142.20   
6284.65   99.40   
6284.67   56.60   
6284.69   28.30   
6284.71   0.00   
6284.73   0.00   
6284.75   0.00   
6284.77   0.00   
6284.79   0.00   
6284.81   0.00   
6284.83   0.00   
6284.85   0.00   
6284.88   0.00   
6284.90   0.00   
6284.92   0.00   
6284.94   0.00   
6284.96   0.00   
6284.98   0.00   
6285.00   0.00   
6285.02   0.00   
6285.04   0.00   
6285.06   0.00   
6285.08   0.00   
6285.10   0.00   
6285.13   0.00   
6285.15   0.00   
6285.17   0.00   
6285.19   0.00   
6285.21   0.00   
6285.23   0.00   
6285.25   0.00   
6285.27   31.60   
6285.29   63.30   
6285.31   106.10   
6285.33   149.00   
6285.35   186.90   
6285.38   224.80   
6285.40   252.20   
6285.42   279.60   
6285.44   293.60   
6285.46   307.60   
6285.48   307.00   
6285.50   306.40   
6285.52   291.30   
6285.54   276.10   
6285.56   241.70   
6285.58   207.30   
6285.60   170.90   
6285.63   134.60   
6285.65   94.20   
6285.67   53.80   
6285.69   26.90   
6285.71   0.00   
6285.73   0.00   
6285.75   0.00   
6285.77   0.00   
6285.79   0.00   
6285.81   0.00   
6285.83   0.00   
6285.85   0.00   
6285.88   0.00   
6285.90   0.00   
6285.92   0.00   
6285.94   0.00   
6285.96   0.00   
6285.98   0.00   
6286.00   0.00   
6286.02   0.00   
6286.04   0.00   
6286.06   0.00   
6286.08   0.00   
6286.10   0.00   
6286.13   0.00   
6286.15   0.00   
6286.17   0.00   
6286.19   0.00   
6286.21   0.00   
6286.23   0.00   
6286.25   0.00   
6286.27   29.50   
6286.29   59.00   
6286.31   99.40   
6286.33   139.80   
6286.35   175.60   
6286.38   211.40   
6286.40   237.30   
6286.42   263.30   
6286.44   276.60   
6286.46   289.90   
6286.48   289.40   
6286.50   289.00   
6286.52   274.80   
6286.54   260.60   
6286.56   234.90   
6286.58   209.10   
6286.60   172.50   
6286.63   136.00   
6286.65   95.40   
6286.67   54.70   
6286.69   27.40   
6286.71   0.00   
6286.73   0.00   
6286.75   0.00   
6286.77   0.00   
6286.79   0.00   
6286.81   0.00   
6286.83   0.00   
6286.85   0.00   
6286.88   0.00   
6286.90   0.00   
6286.92   0.00   
6286.94   0.00   
6286.96   0.00   
6286.98   0.00   
6287.00   0.00   
6287.02   0.00   
6287.04   0.00   
6287.06   0.00   
6287.08   0.00   
6287.10   0.00   
6287.13   0.00   
6287.15   0.00   
6287.17   0.00   
6287.19   0.00   
6287.21   0.00   
6287.23   0.00   
6287.25   0.00   
6287.27   29.30   
6287.29   58.60   
6287.31   99.30   
6287.33   140.00   
6287.35   176.10   
6287.38   212.20   
6287.40   238.40   
6287.42   264.60   
6287.44   278.10   
6287.46   291.60   
6287.48   291.30   
6287.50   290.90   
6287.52   276.70   
6287.54   262.60   
6287.56   237.00   
6287.58   211.40   
6287.60   174.60   
6287.63   137.80   
6287.65   96.80   
6287.67   55.80   
6287.69   27.90   
6287.71   0.00   
6287.73   0.00   
6287.75   0.00   
6287.77   0.00   
6287.79   0.00   
6287.81   0.00   
6287.83   0.00   
6287.85   0.00   
6287.88   0.00   
6287.90   0.00   
6287.92   0.00   
6287.94   0.00   
6287.96   0.00   
6287.98   0.00   
6288.00   0.00   
6288.02   0.00   
6288.04   0.00   
6288.06   0.00   
6288.08   0.00   
6288.10   0.00   
6288.13   0.00   
6288.15   0.00   
6288.17   0.00   
6288.19   0.00   
6288.21   0.00   
6288.23   0.00   
6288.25   0.00   
6288.27   29.20   
6288.29   58.50   
6288.31   99.50   
6288.33   140.50   
6288.35   177.10   
6288.38   213.60   
6288.40   240.10   
6288.42   266.60   
6288.44   280.40   
6288.46   294.10   
6288.48   293.90   
6288.50   293.60   
6288.52   279.40   
6288.54   265.20   
6288.56   242.80   
6288.58   220.40   
6288.60   182.20   
6288.63   144.00   
6288.65   101.30   
6288.67   58.60   
6288.69   29.30   
6288.71   0.00   
6288.73   0.00   
6288.75   0.00   
6288.77   0.00   
6288.79   0.00   
6288.81   0.00   
6288.83   0.00   
6288.85   0.00   
6288.88   0.00   
6288.90   0.00   
6288.92   0.00   
6288.94   0.00   
6288.96   0.00   
6288.98   0.00   
6289.00   0.00   
6289.02   0.00   
6289.04   0.00   
6289.06   0.00   
6289.08   0.00   
6289.10   0.00   
6289.13   0.00   
6289.15   0.00   
6289.17   0.00   
6289.19   0.00   
6289.21   0.00   
6289.23   0.00   
6289.25   0.00   
6289.27   30.10   
6289.29   60.10   
6289.31   102.80   
6289.33   145.50   
6289.35   183.50   
6289.38   221.60   
6289.40   249.30   
6289.42   277.00   
6289.44   291.40   
6289.46   305.80   
6289.48   305.60   
6289.50   305.50   
6289.52   290.90   
6289.54   276.20   
6289.56   247.00   
6289.58   217.70   
6289.60   180.10   
6289.63   142.50   
6289.65   100.40   
6289.67   58.40   
6289.69   29.20   
6289.71   0.00   
6289.73   0.00   
6289.75   0.00   
6289.77   0.00   
6289.79   0.00   
6289.81   0.00   
6289.83   0.00   
6289.85   0.00   
6289.88   0.00   
6289.90   0.00   
6289.92   0.00   
6289.94   0.00   
6289.96   0.00   
6289.98   0.00   
6290.00   0.00   
6290.02   0.00   
6290.04   0.00   
6290.06   0.00   
6290.08   0.00   
6290.10   0.00   
6290.13   0.00   
6290.15   0.00   
6290.17   0.00   
6290.19   0.00   
6290.21   0.00   
6290.23   0.00   
6290.25   0.00   
6290.27   29.30   
6290.29   58.60   
6290.31   100.60   
6290.33   142.70   
6290.35   180.20   
6290.38   217.80   
6290.40   245.20   
6290.42   272.60   
6290.44   286.90   
6290.46   301.20   
6290.48   301.20   
6290.50   301.20   
6290.52   286.80   
6290.54   272.50   
6290.56   244.10   
6290.58   215.60   
6290.60   178.50   
6290.63   141.40   
6290.65   99.90   
6290.67   58.30   
6290.69   29.20   
6290.71   0.00   
6290.73   0.00   
6290.75   0.00   
6290.77   0.00   
6290.79   0.00   
6290.81   0.00   
6290.83   0.00   
6290.85   0.00   
6290.88   0.00   
6290.90   0.00   
6290.92   0.00   
6290.94   0.00   
6290.96   0.00   
6290.98   0.00   
6291.00   0.00   
6291.02   0.00   
6291.04   0.00   
6291.06   0.00   
6291.08   0.00   
6291.10   0.00   
6291.13   0.00   
6291.15   0.00   
6291.17   0.00   
6291.19   0.00   
6291.21   0.00   
6291.23   0.00   
6291.25   0.00   
6291.27   28.60   
6291.29   57.20   
6291.31   98.70   
6291.33   140.30   
6291.35   177.50   
6291.38   214.70   
6291.40   241.80   
6291.42   269.00   
6291.44   283.20   
6291.46   297.50   
6291.48   297.60   
6291.50   297.70   
6291.52   283.60   
6291.54   269.60   
6291.56   245.20   
6291.58   220.70   
6291.60   182.90   
6291.63   145.10   
6291.65   102.70   
6291.67   60.20   
6291.69   30.10   
6291.71   0.00   
6291.73   0.00   
6291.75   0.00   
6291.77   0.00   
6291.79   0.00   
6291.81   0.00   
6291.83   0.00   
6291.85   0.00   
6291.88   0.00   
6291.90   0.00   
6291.92   0.00   
6291.94   0.00   
6291.96   0.00   
6291.98   0.00   
6292.00   0.00   
6292.02   0.00   
6292.04   0.00   
6292.06   0.00   
6292.08   0.00   
6292.10   0.00   
6292.13   0.00   
6292.15   0.00   
6292.17   0.00   
6292.19   0.00   
6292.21   0.00   
6292.23   0.00   
6292.25   0.00   
6292.27   28.90   
6292.29   57.80   
6292.31   100.20   
6292.33   142.60   
6292.35   180.70   
6292.38   218.70   
6292.40   246.60   
6292.42   274.40   
6292.44   289.00   
6292.46   303.70   
6292.48   303.90   
6292.50   304.10   
6292.52   289.90   
6292.54   275.70   
6292.56   249.50   
6292.58   223.40   
6292.60   185.30   
6292.63   147.20   
6292.65   104.40   
6292.67   61.50   
6292.69   30.80   
6292.71   0.00   
6292.73   0.00   
6292.75   0.00   
6292.77   0.00   
6292.79   0.00   
6292.81   0.00   
6292.83   0.00   
6292.85   0.00   
6292.88   0.00   
6292.90   0.00   
6292.92   0.00   
6292.94   0.00   
6292.96   0.00   
6292.98   0.00   
6293.00   0.00   
6293.02   0.00   
6293.04   0.00   
6293.06   0.00   
6293.08   0.00   
6293.10   0.00   
6293.13   0.00   
6293.15   0.00   
6293.17   0.00   
6293.19   0.00   
6293.21   0.00   
6293.23   0.00   
6293.25   0.00   
6293.27   28.80   
6293.29   57.70   
6293.31   100.50   
6293.33   143.40   
6293.35   181.80   
6293.38   220.30   
6293.40   248.50   
6293.42   276.70   
6293.44   291.60   
6293.46   306.50   
6293.48   306.80   
6293.50   307.20   
6293.52   292.90   
6293.54   278.60   
6293.56   250.50   
6293.58   222.30   
6293.60   184.50   
6293.63   146.80   
6293.65   104.30   
6293.67   61.80   
6293.69   30.90   
6293.71   0.00   
6293.73   0.00   
6293.75   0.00   
6293.77   0.00   
6293.79   0.00   
6293.81   0.00   
6293.83   0.00   
6293.85   0.00   
6293.88   0.00   
6293.90   0.00   
6293.92   0.00   
6293.94   0.00   
6293.96   0.00   
6293.98   0.00   
6294.00   0.00   
6294.02   0.00   
6294.04   0.00   
6294.06   0.00   
6294.08   0.00   
6294.10   0.00   
6294.13   0.00   
6294.15   0.00   
6294.17   0.00   
6294.19   0.00   
6294.21   0.00   
6294.23   0.00   
6294.25   0.00   
6294.27   28.30   
6294.29   56.60   
6294.31   99.10   
6294.33   141.60   
6294.35   179.90   
6294.38   218.20   
6294.40   246.20   
6294.42   274.30   
6294.44   289.20   
6294.46   304.10   
6294.48   304.60   
6294.50   305.00   
6294.52   291.00   
6294.54   276.90   
6294.56   248.80   
6294.58   220.70   
6294.60   183.40   
6294.63   146.10   
6294.65   103.90   
6294.67   61.90   
6294.69   30.90   
6294.71   0.00   
6294.73   0.00   
6294.75   0.00   
6294.77   0.00   
6294.79   0.00   
6294.81   0.00   
6294.83   0.00   
6294.85   0.00   
6294.88   0.00   
6294.90   0.00   
6294.92   0.00   
6294.94   0.00   
6294.96   0.00   
6294.98   0.00   
6295.00   0.00   
6295.02   0.00   
6295.04   0.00   
6295.06   0.00   
6295.08   0.00   
6295.10   0.00   
6295.13   0.00   
6295.15   0.00   
6295.17   0.00   
6295.19   0.00   
6295.21   0.00   
6295.23   0.00   
6295.25   0.00   
6295.27   27.70   
6295.29   55.50   
6295.31   97.60   
6295.33   139.60   
6295.35   177.60   
6295.38   215.50   
6295.40   243.40   
6295.42   271.20   
6295.44   286.10   
6295.46   301.00   
6295.48   301.50   
6295.50   302.10   
6295.52   288.30   
6295.54   274.50   
6295.56   243.70   
6295.58   212.80   
6295.60   177.00   
6295.63   141.20   
6295.65   100.70   
6295.67   60.20   
6295.69   30.10   
6295.71   0.00   
6295.73   0.00   
6295.75   0.00   
6295.77   0.00   
6295.79   0.00   
6295.81   0.00   
6295.83   0.00   
6295.85   0.00   
6295.88   0.00   
6295.90   0.00   
6295.92   0.00   
6295.94   0.00   
6295.96   0.00   
6295.98   0.00   
6296.00   0.00   
6296.02   0.00   
6296.04   0.00   
6296.06   0.00   
6296.08   0.00   
6296.10   0.00   
6296.13   0.00   
6296.15   0.00   
6296.17   0.00   
6296.19   0.00   
6296.21   0.00   
6296.23   0.00   
6296.25   0.00   
6296.27   26.40   
6296.29   52.80   
6296.31   93.30   
6296.33   133.80   
6296.35   170.30   
6296.38   206.90   
6296.40   233.80   
6296.42   260.70   
6296.44   275.10   
6296.46   289.50   
6296.48   290.10   
6296.50   290.80   
6296.52   277.60   
6296.54   264.50   
6296.56   237.50   
6296.58   210.60   
6296.60   175.30   
6296.63   140.10   
6296.65   100.10   
6296.67   60.10   
6296.69   30.10   
6296.71   0.00   
6296.73   0.00   
6296.75   0.00   
6296.77   0.00   
6296.79   0.00   
6296.81   0.00   
6296.83   0.00   
6296.85   0.00   
6296.88   0.00   
6296.90   0.00   
6296.92   0.00   
6296.94   0.00   
6296.96   0.00   
6296.98   0.00   
6297.00   0.00   
6297.02   0.00   
6297.04   0.00   
6297.06   0.00   
6297.08   0.00   
6297.10   0.00   
6297.13   0.00   
6297.15   0.00   
6297.17   0.00   
6297.19   0.00   
6297.21   0.00   
6297.23   0.00   
6297.25   0.00   
6297.27   25.80   
6297.29   51.60   
6297.31   91.50   
6297.33   131.50   
6297.35   167.60   
6297.38   203.70   
6297.40   230.30   
6297.42   257.00   
6297.44   271.30   
6297.46   285.60   
6297.48   286.30   
6297.50   287.10   
6297.52   274.20   
6297.54   261.40   
6297.56   241.80   
6297.58   222.30   
6297.60   185.30   
6297.63   148.20   
6297.65   106.10   
6297.67   64.10   
6297.69   32.10   
6297.71   0.00   
6297.73   0.00   
6297.75   0.00   
6297.77   0.00   
6297.79   0.00   
6297.81   0.00   
6297.83   0.00   
6297.85   0.00   
6297.88   0.00   
6297.90   0.00   
6297.92   0.00   
6297.94   0.00   
6297.96   0.00   
6297.98   0.00   
6298.00   0.00   
6298.02   0.00   
6298.04   0.00   
6298.06   0.00   
6298.08   0.00   
6298.10   0.00   
6298.13   0.00   
6298.15   0.00   
6298.17   0.00   
6298.19   0.00   
6298.21   0.00   
6298.23   0.00   
6298.25   0.00   
6298.27   26.90   
6298.29   53.80   
6298.31   95.90   
6298.33   137.90   
6298.35   176.00   
6298.38   214.00   
6298.40   242.10   
6298.42   270.30   
6298.44   285.40   
6298.46   300.60   
6298.48   301.50   
6298.50   302.40   
6298.52   289.00   
6298.54   275.50   
6298.56   247.40   
6298.58   219.30   
6298.60   182.90   
6298.63   146.50   
6298.65   105.20   
6298.67   63.80   
6298.69   31.90   
6298.71   0.00   
6298.73   0.00   
6298.75   0.00   
6298.77   0.00   
6298.79   0.00   
6298.81   0.00   
6298.83   0.00   
6298.85   0.00   
6298.88   0.00   
6298.90   0.00   
6298.92   0.00   
6298.94   0.00   
6298.96   0.00   
6298.98   0.00   
6299.00   0.00   
6299.02   0.00   
6299.04   0.00   
6299.06   0.00   
6299.08   0.00   
6299.10   0.00   
6299.13   0.00   
6299.15   0.00   
6299.17   0.00   
6299.19   0.00   
6299.21   0.00   
6299.23   0.00   
6299.25   0.00   
6299.27   26.20   
6299.29   52.50   
6299.31   93.80   
6299.33   135.20   
6299.35   172.70   
6299.38   210.10   
6299.40   237.90   
6299.42   265.60   
6299.44   280.60   
6299.46   295.70   
6299.48   296.70   
6299.50   297.60   
6299.52   284.60   
6299.54   271.50   
6299.56   244.70   
6299.58   217.90   
6299.60   181.90   
6299.63   145.90   
6299.65   105.00   
6299.67   64.00   
6299.69   32.00   
6299.71   0.00   
6299.73   0.00   
6299.75   0.00   
6299.77   0.00   
6299.79   0.00   
6299.81   0.00   
6299.83   0.00   
6299.85   0.00   
6299.88   0.00   
6299.90   0.00   
6299.92   0.00   
6299.94   0.00   
6299.96   0.00   
6299.98   0.00   
6300.00   0.00   
6300.02   0.00   
6300.04   0.00   
6300.06   0.00   
6300.08   0.00   
6300.10   0.00   
6300.13   0.00   
6300.15   0.00   
6300.17   0.00   
6300.19   0.00   
6300.21   0.00   
6300.23   0.00   
6300.25   0.00   
6300.27   25.80   
6300.29   51.50   
6300.31   92.50   
6300.33   133.40   
6300.35   170.60   
6300.38   207.80   
6300.40   235.40   
6300.42   262.90   
6300.44   277.90   
6300.46   292.90   
6300.48   293.90   
6300.50   295.10   
6300.52   282.20   
6300.54   269.30   
6300.56   241.40   
6300.58   213.40   
6300.60   178.40   
6300.63   143.30   
6300.65   103.40   
6300.67   63.40   
6300.69   31.70   
6300.71   0.00   
6300.73   0.00   
6300.75   0.00   
6300.77   0.00   
6300.79   0.00   
6300.81   0.00   
6300.83   0.00   
6300.85   0.00   
6300.88   0.00   
6300.90   0.00   
6300.92   0.00   
6300.94   0.00   
6300.96   0.00   
6300.98   0.00   
6301.00   0.00   
6301.02   0.00   
6301.04   0.00   
6301.06   0.00   
6301.08   0.00   
6301.10   0.00   
6301.13   0.00   
6301.15   0.00   
6301.17   0.00   
6301.19   0.00   
6301.21   0.00   
6301.23   0.00   
6301.25   0.00   
6301.27   25.00   
6301.29   50.00   
6301.31   90.10   
6301.33   130.20   
6301.35   166.60   
6301.38   203.10   
6301.40   230.20   
6301.42   257.30   
6301.44   272.10   
6301.46   286.90   
6301.48   288.10   
6301.50   289.30   
6301.52   276.90   
6301.54   264.40   
6301.56   241.80   
6301.58   219.30   
6301.60   183.50   
6301.63   147.70   
6301.65   106.80   
6301.67   65.90   
6301.69   32.90   
6301.71   0.00   
6301.73   0.00   
6301.75   0.00   
6301.77   0.00   
6301.79   0.00   
6301.81   0.00   
6301.83   0.00   
6301.85   0.00   
6301.88   0.00   
6301.90   0.00   
6301.92   0.00   
6301.94   0.00   
6301.96   0.00   
6301.98   0.00   
6302.00   0.00   
6302.02   0.00   
6302.04   0.00   
6302.06   0.00   
6302.08   0.00   
6302.10   0.00   
6302.13   0.00   
6302.15   0.00   
6302.17   0.00   
6302.19   0.00   
6302.21   0.00   
6302.23   0.00   
6302.25   0.00   
6302.27   25.30   
6302.29   50.60   
6302.31   91.50   
6302.33   132.40   
6302.35   169.70   
6302.38   207.00   
6302.40   234.70   
6302.42   262.40   
6302.44   277.60   
6302.46   292.80   
6302.48   294.20   
6302.50   295.50   
6302.52   282.90   
6302.54   270.30   
6302.56   240.40   
6302.58   210.60   
6302.60   176.40   
6302.63   142.20   
6302.65   103.00   
6302.67   63.80   
6302.69   31.90   
6302.71   0.00   
6302.73   0.00   
6302.75   0.00   
6302.77   0.00   
6302.79   0.00   
6302.81   0.00   
6302.83   0.00   
6302.85   0.00   
6302.88   0.00   
6302.90   0.00   
6302.92   0.00   
6302.94   0.00   
6302.96   0.00   
6302.98   0.00   
6303.00   0.00   
6303.02   0.00   
6303.04   0.00   
6303.06   0.00   
6303.08   0.00   
6303.10   0.00   
6303.13   0.00   
6303.15   0.00   
6303.17   0.00   
6303.19   0.00   
6303.21   0.00   
6303.23   0.00   
6303.25   0.00   
6303.27   24.00   
6303.29   48.10   
6303.31   87.30   
6303.33   126.40   
6303.35   162.20   
6303.38   198.00   
6303.40   224.60   
6303.42   251.20   
6303.44   265.80   
6303.46   280.40   
6303.48   281.80   
6303.50   283.20   
6303.52   271.30   
6303.54   259.30   
6303.56   237.00   
6303.58   214.70   
6303.60   180.00   
6303.63   145.40   
6303.65   105.50   
6303.67   65.70   
6303.69   32.90   
6303.71   0.00   
6303.73   0.00   
6303.75   0.00   
6303.77   0.00   
6303.79   0.00   
6303.81   0.00   
6303.83   0.00   
6303.85   0.00   
6303.88   0.00   
6303.90   0.00   
6303.92   0.00   
6303.94   0.00   
6303.96   0.00   
6303.98   0.00   
6304.00   0.00   
6304.02   0.00   
6304.04   0.00   
6304.06   0.00   
6304.08   0.00   
6304.10   0.00   
6304.13   0.00   
6304.15   0.00   
6304.17   0.00   
6304.19   0.00   
6304.21   0.00   
6304.23   0.00   
6304.25   0.00   
6304.27   24.30   
6304.29   48.50   
6304.31   88.30   
6304.33   128.20   
6304.35   164.50   
6304.38   200.90   
6304.40   228.00   
6304.42   255.10   
6304.44   270.10   
6304.46   285.00   
6304.48   286.50   
6304.50   288.00   
6304.52   276.00   
6304.54   263.90   
6304.56   245.80   
6304.58   227.70   
6304.60   191.10   
6304.63   154.50   
6304.65   112.40   
6304.67   70.40   
6304.69   35.20   
6304.71   0.00   
6304.73   0.00   
6304.75   0.00   
6304.77   0.00   
6304.79   0.00   
6304.81   0.00   
6304.83   0.00   
6304.85   0.00   
6304.88   0.00   
6304.90   0.00   
6304.92   0.00   
6304.94   0.00   
6304.96   0.00   
6304.98   0.00   
6305.00   0.00   
6305.02   0.00   
6305.04   0.00   
6305.06   0.00   
6305.08   0.00   
6305.10   0.00   
6305.13   0.00   
6305.15   0.00   
6305.17   0.00   
6305.19   0.00   
6305.21   0.00   
6305.23   0.00   
6305.25   0.00   
6305.27   25.50   
6305.29   51.00   
6305.31   93.00   
6305.33   135.10   
6305.35   173.60   
6305.38   212.10   
6305.40   240.80   
6305.42   269.60   
6305.44   285.40   
6305.46   301.40   
6305.48   303.10   
6305.50   304.80   
6305.52   292.10   
6305.54   279.50   
6305.56   258.10   
6305.58   236.60   
6305.60   198.80   
6305.63   161.00   
6305.65   117.40   
6305.67   73.80   
6305.69   36.90   
6305.71   0.00   
6305.73   0.00   
6305.75   0.00   
6305.77   0.00   
6305.79   0.00   
6305.81   0.00   
6305.83   0.00   
6305.85   0.00   
6305.88   0.00   
6305.90   0.00   
6305.92   0.00   
6305.94   0.00   
6305.96   0.00   
6305.98   0.00   
6306.00   0.00   
6306.02   0.00   
6306.04   0.00   
6306.06   0.00   
6306.08   0.00   
6306.10   0.00   
6306.13   0.00   
6306.15   0.00   
6306.17   0.00   
6306.19   0.00   
6306.21   0.00   
6306.23   0.00   
6306.25   0.00   
6306.27   26.20   
6306.29   52.50   
6306.31   96.10   
6306.33   139.70   
6306.35   179.60   
6306.38   219.50   
6306.40   249.30   
6306.42   279.10   
6306.44   295.70   
6306.46   312.30   
6306.48   314.10   
6306.50   316.00   
6306.52   303.00   
6306.54   290.10   
6306.56   258.70   
6306.58   227.40   
6306.60   191.20   
6306.63   155.10   
6306.65   113.30   
6306.67   71.60   
6306.69   35.80   
6306.71   0.00   
6306.73   0.00   
6306.75   0.00   
6306.77   0.00   
6306.79   0.00   
6306.81   0.00   
6306.83   0.00   
6306.85   0.00   
6306.88   0.00   
6306.90   0.00   
6306.92   0.00   
6306.94   0.00   
6306.96   0.00   
6306.98   0.00   
6307.00   0.00   
6307.02   0.00   
6307.04   0.00   
6307.06   0.00   
6307.08   0.00   
6307.10   0.00   
6307.13   0.00   
6307.15   0.00   
6307.17   0.00   
6307.19   0.00   
6307.21   0.00   
6307.23   0.00   
6307.25   0.00   
6307.27   25.00   
6307.29   50.00   
6307.31   91.80   
6307.33   133.50   
6307.35   171.80   
6307.38   210.00   
6307.40   238.70   
6307.42   267.30   
6307.44   283.30   
6307.46   299.20   
6307.48   301.10   
6307.50   303.00   
6307.52   290.70   
6307.54   278.40   
6307.56   251.90   
6307.58   225.40   
6307.60   189.80   
6307.63   154.10   
6307.65   112.90   
6307.67   71.70   
6307.69   35.80   
6307.71   0.00   
6307.73   0.00   
6307.75   0.00   
6307.77   0.00   
6307.79   0.00   
6307.81   0.00   
6307.83   0.00   
6307.85   0.00   
6307.88   0.00   
6307.90   0.00   
6307.92   0.00   
6307.94   0.00   
6307.96   0.00   
6307.98   0.00   
6308.00   0.00   
6308.02   0.00   
6308.04   0.00   
6308.06   0.00   
6308.08   0.00   
6308.10   0.00   
6308.13   0.00   
6308.15   0.00   
6308.17   0.00   
6308.19   0.00   
6308.21   0.00   
6308.23   0.00   
6308.25   0.00   
6308.27   24.60   
6308.29   49.20   
6308.31   90.40   
6308.33   131.70   
6308.35   169.50   
6308.38   207.40   
6308.40   235.70   
6308.42   264.10   
6308.44   280.00   
6308.46   295.80   
6308.48   297.80   
6308.50   299.80   
6308.52   287.70   
6308.54   275.70   
6308.56   253.80   
6308.58   231.90   
6308.60   195.40   
6308.63   158.90   
6308.65   116.70   
6308.67   74.40   
6308.69   37.20   
6308.71   0.00   
6308.73   0.00   
6308.75   0.00   
6308.77   0.00   
6308.79   0.00   
6308.81   0.00   
6308.83   0.00   
6308.85   0.00   
6308.88   0.00   
6308.90   0.00   
6308.92   0.00   
6308.94   0.00   
6308.96   0.00   
6308.98   0.00   
6309.00   0.00   
6309.02   0.00   
6309.04   0.00   
6309.06   0.00   
6309.08   0.00   
6309.10   0.00   
6309.13   0.00   
6309.15   0.00   
6309.17   0.00   
6309.19   0.00   
6309.21   0.00   
6309.23   0.00   
6309.25   0.00   
6309.27   25.10   
6309.29   50.20   
6309.31   92.50   
6309.33   134.80   
6309.35   173.70   
6309.38   212.50   
6309.40   241.60   
6309.42   270.80   
6309.44   287.10   
6309.46   303.50   
6309.48   305.60   
6309.50   307.70   
6309.52   295.50   
6309.54   283.20   
6309.56   256.30   
6309.58   229.30   
6309.60   193.50   
6309.63   157.60   
6309.65   115.90   
6309.67   74.30   
6309.69   37.20   
6309.71   0.00   
6309.73   0.00   
6309.75   0.00   
6309.77   0.00   
6309.79   0.00   
6309.81   0.00   
6309.83   0.00   
6309.85   0.00   
6309.88   0.00   
6309.90   0.00   
6309.92   0.00   
6309.94   0.00   
6309.96   0.00   
6309.98   0.00   
6310.00   0.00   
6310.02   0.00   
6310.04   0.00   
6310.06   0.00   
6310.08   0.00   
6310.10   0.00   
6310.13   0.00   
6310.15   0.00   
6310.17   0.00   
6310.19   0.00   
6310.21   0.00   
6310.23   0.00   
6310.25   0.00   
6310.27   24.60   
6310.29   49.30   
6310.31   91.00   
6310.33   132.70   
6310.35   171.00   
6310.38   209.30   
6310.40   238.10   
6310.42   266.90   
6310.44   283.10   
6310.46   299.30   
6310.48   301.50   
6310.50   303.60   
6310.52   291.70   
6310.54   279.70   
6310.56   255.70   
6310.58   231.70   
6310.60   195.70   
6310.63   159.60   
6310.65   117.70   
6310.67   75.80   
6310.69   38.30   
6310.71   0.70   
6310.73   0.40   
6310.75   0.00   
6310.77   0.00   
6310.79   0.00   
6310.81   0.00   
6310.83   0.00   
6310.85   0.00   
6310.88   0.00   
6310.90   0.00   
6310.92   0.00   
6310.94   0.00   
6310.96   0.00   
6310.98   0.00   
6311.00   0.00   
6311.02   0.00   
6311.04   0.00   
6311.06   0.00   
6311.08   0.00   
6311.10   0.00   
6311.13   0.00   
6311.15   0.00   
6311.17   0.00   
6311.19   0.00   
6311.21   0.00   
6311.23   0.00   
6311.25   0.00   
6311.27   24.70   
6311.29   49.50   
6311.31   91.50   
6311.33   133.50   
6311.35   172.10   
6311.38   210.70   
6311.40   239.80   
6311.42   268.80   
6311.44   285.20   
6311.46   301.60   
6311.48   303.90   
6311.50   306.20   
6311.52   294.20   
6311.54   282.20   
6311.56   264.40   
6311.58   246.60   
6311.60   208.50   
6311.63   170.30   
6311.65   125.90   
6311.67   81.40   
6311.69   41.50   
6311.71   1.60   
6311.73   0.80   
6311.75   0.00   
6311.77   0.00   
6311.79   0.00   
6311.81   0.00   
6311.83   0.00   
6311.85   0.00   
6311.88   0.00   
6311.90   0.00   
6311.92   0.00   
6311.94   0.00   
6311.96   0.00   
6311.98   0.00   
6312.00   0.00   
6312.02   0.00   
6312.04   0.00   
6312.06   0.00   
6312.08   0.00   
6312.10   0.00   
6312.13   0.00   
6312.15   0.00   
6312.17   0.00   
6312.19   0.00   
6312.21   0.00   
6312.23   0.00   
6312.25   0.00   
6312.27   26.20   
6312.29   52.40   
6312.31   96.90   
6312.33   141.50   
6312.35   182.50   
6312.38   223.50   
6312.40   254.40   
6312.42   285.20   
6312.44   302.70   
6312.46   320.20   
6312.48   322.70   
6312.50   325.20   
6312.52   312.60   
6312.54   300.00   
6312.56   271.80   
6312.58   243.50   
6312.60   206.00   
6312.63   168.60   
6312.65   124.80   
6312.67   81.10   
6312.69   41.70   
6312.71   2.30   
6312.73   1.10   
6312.75   0.00   
6312.77   0.00   
6312.79   0.00   
6312.81   0.00   
6312.83   0.00   
6312.85   0.00   
6312.88   0.00   
6312.90   0.00   
6312.92   0.00   
6312.94   0.00   
6312.96   0.00   
6312.98   0.00   
6313.00   0.00   
6313.02   0.00   
6313.04   0.00   
6313.06   0.00   
6313.08   0.00   
6313.10   0.00   
6313.13   0.00   
6313.15   0.00   
6313.17   0.00   
6313.19   0.00   
6313.21   0.00   
6313.23   0.00   
6313.25   0.00   
6313.27   25.70   
6313.29   51.40   
6313.31   95.30   
6313.33   139.10   
6313.35   179.50   
6313.38   219.80   
6313.40   250.30   
6313.42   280.70   
6313.44   298.00   
6313.46   315.20   
6313.48   317.80   
6313.50   320.40   
6313.52   308.10   
6313.54   295.80   
6313.56   271.70   
6313.58   247.70   
6313.60   209.80   
6313.63   171.90   
6313.65   127.60   
6313.67   83.30   
6313.69   43.20   
6313.71   3.10   
6313.73   1.60   
6313.75   0.00   
6313.77   0.00   
6313.79   0.00   
6313.81   0.00   
6313.83   0.00   
6313.85   0.00   
6313.88   0.00   
6313.90   0.00   
6313.92   0.00   
6313.94   0.00   
6313.96   0.00   
6313.98   0.00   
6314.00   0.00   
6314.02   0.00   
6314.04   0.00   
6314.06   0.00   
6314.08   0.00   
6314.10   0.00   
6314.13   0.00   
6314.15   0.00   
6314.17   0.00   
6314.19   0.00   
6314.21   0.00   
6314.23   0.00   
6314.25   0.00   
6314.27   26.00   
6314.29   52.10   
6314.31   96.50   
6314.33   140.90   
6314.35   181.90   
6314.38   222.90   
6314.40   253.80   
6314.42   284.70   
6314.44   302.20   
6314.46   319.80   
6314.48   322.50   
6314.50   325.20   
6314.52   312.90   
6314.54   300.50   
6314.56   274.20   
6314.58   247.80   
6314.60   210.10   
6314.63   172.40   
6314.65   128.20   
6314.67   84.10   
6314.69   44.00   
6314.71   3.90   
6314.73   1.90   
6314.75   0.00   
6314.77   0.00   
6314.79   0.00   
6314.81   0.00   
6314.83   0.00   
6314.85   0.00   
6314.88   0.00   
6314.90   0.00   
6314.92   0.00   
6314.94   0.00   
6314.96   0.00   
6314.98   0.00   
6315.00   0.00   
6315.02   0.00   
6315.04   0.00   
6315.06   0.00   
6315.08   0.00   
6315.10   0.00   
6315.13   0.00   
6315.15   0.00   
6315.17   0.00   
6315.19   0.00   
6315.21   0.00   
6315.23   0.00   
6315.25   0.00   
6315.27   25.90   
6315.29   51.80   
6315.31   96.20   
6315.33   140.50   
6315.35   181.40   
6315.38   222.30   
6315.40   253.10   
6315.42   284.00   
6315.44   301.60   
6315.46   319.20   
6315.48   322.00   
6315.50   324.80   
6315.52   312.50   
6315.54   300.30   
6315.56   275.90   
6315.58   251.50   
6315.60   213.40   
6315.63   175.40   
6315.65   130.70   
6315.67   86.10   
6315.69   45.40   
6315.71   4.70   
6315.73   2.40   
6315.75   0.00   
6315.77   0.00   
6315.79   0.00   
6315.81   0.00   
6315.83   0.00   
6315.85   0.00   
6315.88   0.00   
6315.90   0.00   
6315.92   0.00   
6315.94   0.00   
6315.96   0.00   
6315.98   0.00   
6316.00   0.00   
6316.02   0.00   
6316.04   0.00   
6316.06   0.00   
6316.08   0.00   
6316.10   0.00   
6316.13   0.00   
6316.15   0.00   
6316.17   0.00   
6316.19   0.00   
6316.21   0.00   
6316.23   0.00   
6316.25   0.00   
6316.27   26.20   
6316.29   52.40   
6316.31   97.30   
6316.33   142.10   
6316.35   183.50   
6316.38   224.80   
6316.40   256.10   
6316.42   287.40   
6316.44   305.20   
6316.46   323.10   
6316.48   326.00   
6316.50   328.90   
6316.52   316.60   
6316.54   304.40   
6316.56   275.80   
6316.58   247.20   
6316.60   210.00   
6316.63   172.70   
6316.65   129.00   
6316.67   85.30   
6316.69   45.40   
6316.71   5.40   
6316.73   2.70   
6316.75   0.00   
6316.77   0.00   
6316.79   0.00   
6316.81   0.00   
6316.83   0.00   
6316.85   0.00   
6316.88   0.00   
6316.90   0.00   
6316.92   0.00   
6316.94   0.00   
6316.96   0.00   
6316.98   0.00   
6317.00   0.00   
6317.02   0.00   
6317.04   0.00   
6317.06   0.00   
6317.08   0.00   
6317.10   0.00   
6317.13   0.00   
6317.15   0.00   
6317.17   0.00   
6317.19   0.00   
6317.21   0.00   
6317.23   0.00   
6317.25   0.00   
6317.27   25.70   
6317.29   51.40   
6317.31   95.30   
6317.33   139.20   
6317.35   179.70   
6317.38   220.30   
6317.40   251.00   
6317.42   281.70   
6317.44   299.20   
6317.46   316.70   
6317.48   319.70   
6317.50   322.60   
6317.52   310.70   
6317.54   298.80   
6317.56   270.90   
6317.58   243.00   
6317.60   206.60   
6317.63   170.20   
6317.65   127.40   
6317.67   84.60   
6317.69   45.30   
6317.71   6.10   
6317.73   3.00   
6317.75   0.00   
6317.77   0.00   
6317.79   0.00   
6317.81   0.00   
6317.83   0.00   
6317.85   0.00   
6317.88   0.00   
6317.90   0.00   
6317.92   0.00   
6317.94   0.00   
6317.96   0.00   
6317.98   0.00   
6318.00   0.00   
6318.02   0.00   
6318.04   0.00   
6318.06   0.00   
6318.08   0.00   
6318.10   0.00   
6318.13   0.00   
6318.15   0.00   
6318.17   0.00   
6318.19   0.00   
6318.21   0.00   
6318.23   0.00   
6318.25   0.00   
6318.27   25.20   
6318.29   50.40   
6318.31   93.40   
6318.33   136.40   
6318.35   176.20   
6318.38   215.90   
6318.40   246.00   
6318.42   276.10   
6318.44   293.40   
6318.46   310.60   
6318.48   313.60   
6318.50   316.50   
6318.52   304.90   
6318.54   293.40   
6318.56   261.70   
6318.58   230.00   
6318.60   195.80   
6318.63   161.50   
6318.65   121.10   
6318.67   80.80   
6318.69   43.60   
6318.71   6.50   
6318.73   3.20   
6318.75   0.00   
6318.77   0.00   
6318.79   0.00   
6318.81   0.00   
6318.83   0.00   
6318.85   0.00   
6318.88   0.00   
6318.90   0.00   
6318.92   0.00   
6318.94   0.00   
6318.96   0.00   
6318.98   0.00   
6319.00   0.00   
6319.02   0.00   
6319.04   0.00   
6319.06   0.00   
6319.08   0.00   
6319.10   0.00   
6319.13   0.00   
6319.15   0.00   
6319.17   0.00   
6319.19   0.00   
6319.21   0.00   
6319.23   0.00   
6319.25   0.00   
6319.27   23.80   
6319.29   47.60   
6319.31   88.20   
6319.33   128.80   
6319.35   166.30   
6319.38   203.80   
6319.40   232.30   
6319.42   260.70   
6319.44   277.00   
6319.46   293.40   
6319.48   296.20   
6319.50   299.10   
6319.52   288.20   
6319.54   277.40   
6319.56   255.40   
6319.58   233.40   
6319.60   198.80   
6319.63   164.30   
6319.65   123.50   
6319.67   82.70   
6319.69   45.00   
6319.71   7.30   
6319.73   3.60   
6319.75   0.00   
6319.77   0.00   
6319.79   0.00   
6319.81   0.00   
6319.83   0.00   
6319.85   0.00   
6319.88   0.00   
6319.90   0.00   
6319.92   0.00   
6319.94   0.00   
6319.96   0.00   
6319.98   0.00   
6320.00   0.00   
6320.02   0.00   
6320.04   0.00   
6320.06   0.00   
6320.08   0.00   
6320.10   0.00   
6320.13   0.00   
6320.15   0.00   
6320.17   0.00   
6320.19   0.00   
6320.21   0.00   
6320.23   0.00   
6320.25   0.00   
6320.27   24.10   
6320.29   48.20   
6320.31   89.30   
6320.33   130.40   
6320.35   168.30   
6320.38   206.30   
6320.40   235.10   
6320.42   263.90   
6320.44   280.50   
6320.46   297.00   
6320.48   300.00   
6320.50   302.90   
6320.52   292.00   
6320.54   281.20   
6320.56   254.60   
6320.58   228.10   
6320.60   194.50   
6320.63   160.90   
6320.65   121.10   
6320.67   81.40   
6320.69   44.60   
6320.71   7.80   
6320.73   3.90   
6320.75   0.00   
6320.77   0.00   
6320.79   0.00   
6320.81   0.00   
6320.83   0.00   
6320.85   0.00   
6320.88   0.00   
6320.90   0.00   
6320.92   0.00   
6320.94   0.00   
6320.96   0.00   
6320.98   0.00   
6321.00   0.00   
6321.02   0.00   
6321.04   0.00   
6321.06   0.00   
6321.08   0.00   
6321.10   0.00   
6321.13   0.00   
6321.15   0.00   
6321.17   0.00   
6321.19   0.00   
6321.21   0.00   
6321.23   0.00   
6321.25   0.00   
6321.27   23.50   
6321.29   47.10   
6321.31   87.10   
6321.33   127.10   
6321.35   164.10   
6321.38   201.00   
6321.40   229.10   
6321.42   257.20   
6321.44   273.30   
6321.46   289.50   
6321.48   292.50   
6321.50   295.40   
6321.52   284.90   
6321.54   274.40   
6321.56   247.80   
6321.58   221.30   
6321.60   188.90   
6321.63   156.50   
6321.65   118.10   
6321.67   79.70   
6321.69   44.00   
6321.71   8.30   
6321.73   4.10   
6321.75   0.00   
6321.77   0.00   
6321.79   0.00   
6321.81   0.00   
6321.83   0.00   
6321.85   0.00   
6321.88   0.00   
6321.90   0.00   
6321.92   0.00   
6321.94   0.00   
6321.96   0.00   
6321.98   0.00   
6322.00   0.00   
6322.02   0.00   
6322.04   0.00   
6322.06   0.00   
6322.08   0.00   
6322.10   0.00   
6322.13   0.00   
6322.15   0.00   
6322.17   0.00   
6322.19   0.00   
6322.21   0.00   
6322.23   0.00   
6322.25   0.00   
6322.27   22.80   
6322.29   45.70   
6322.31   84.40   
6322.33   123.10   
6322.35   158.90   
6322.38   194.60   
6322.40   221.80   
6322.42   249.00   
6322.44   264.70   
6322.46   280.40   
6322.48   283.30   
6322.50   286.20   
6322.52   276.10   
6322.54   266.00   
6322.56   254.40   
6322.58   242.80   
6322.60   207.40   
6322.63   172.00   
6322.65   130.10   
6322.67   88.10   
6322.69   48.90   
6322.71   9.80   
6322.73   4.90   
6322.75   0.00   
6322.77   0.00   
6322.79   0.00   
6322.81   0.00   
6322.83   0.00   
6322.85   0.00   
6322.88   0.00   
6322.90   0.00   
6322.92   0.00   
6322.94   0.00   
6322.96   0.00   
6322.98   0.00   
6323.00   0.00   
6323.02   0.00   
6323.04   0.00   
6323.06   0.00   
6323.08   0.00   
6323.10   0.00   
6323.13   0.00   
6323.15   0.00   
6323.17   0.00   
6323.19   0.00   
6323.21   0.00   
6323.23   0.00   
6323.25   0.00   
6323.27   25.10   
6323.29   50.10   
6323.31   92.50   
6323.33   134.80   
6323.35   173.90   
6323.38   213.10   
6323.40   242.80   
6323.42   272.50   
6323.44   289.70   
6323.46   306.90   
6323.48   310.10   
6323.50   313.40   
6323.52   302.40   
6323.54   291.50   
6323.56   267.40   
6323.58   243.30   
6323.60   208.00   
6323.63   172.70   
6323.65   130.80   
6323.67   88.90   
6323.69   49.80   
6323.71   10.60   
6323.73   5.30   
6323.75   0.00   
6323.77   0.00   
6323.79   0.00   
6323.81   0.00   
6323.83   0.00   
6323.85   0.00   
6323.88   0.00   
6323.90   0.00   
6323.92   0.00   
6323.94   0.00   
6323.96   0.00   
6323.98   0.00   
6324.00   0.00   
6324.02   0.00   
6324.04   0.00   
6324.06   0.00   
6324.08   0.00   
6324.10   0.00   
6324.13   0.00   
6324.15   0.00   
6324.17   0.00   
6324.19   0.00   
6324.21   0.00   
6324.23   0.00   
6324.25   0.00   
6324.27   25.10   
6324.29   50.30   
6324.31   92.60   
6324.33   134.80   
6324.35   173.90   
6324.38   213.00   
6324.40   242.70   
6324.42   272.40   
6324.44   289.60   
6324.46   306.90   
6324.48   310.20   
6324.50   313.50   
6324.52   302.60   
6324.54   291.70   
6324.56   269.00   
6324.58   246.30   
6324.60   210.80   
6324.63   175.20   
6324.65   133.00   
6324.67   90.80   
6324.69   51.10   
6324.71   11.40   
6324.73   5.70   
6324.75   0.00   
6324.77   0.00   
6324.79   0.00   
6324.81   0.00   
6324.83   0.00   
6324.85   0.00   
6324.88   0.00   
6324.90   0.00   
6324.92   0.00   
6324.94   0.00   
6324.96   0.00   
6324.98   0.00   
6325.00   0.00   
6325.02   0.00   
6325.04   0.00   
6325.06   0.00   
6325.08   0.00   
6325.10   0.00   
6325.13   0.00   
6325.15   0.00   
6325.17   0.00   
6325.19   0.00   
6325.21   0.00   
6325.23   0.00   
6325.25   0.00   
6325.27   25.50   
6325.29   51.00   
6325.31   93.70   
6325.33   136.30   
6325.35   175.80   
6325.38   215.20   
6325.40   245.20   
6325.42   275.20   
6325.44   292.60   
6325.46   310.00   
6325.48   313.40   
6325.50   316.80   
6325.52   305.90   
6325.54   295.00   
6325.56   268.10   
6325.58   241.20   
6325.60   206.60   
6325.63   172.00   
6325.65   130.80   
6325.67   89.50   
6325.69   50.70   
6325.71   11.90   
6325.73   5.90   
6325.75   0.00   
6325.77   0.00   
6325.79   0.00   
6325.81   0.00   
6325.83   0.00   
6325.85   0.00   
6325.88   0.00   
6325.90   0.00   
6325.92   0.00   
6325.94   0.00   
6325.96   0.00   
6325.98   0.00   
6326.00   0.00   
6326.02   0.00   
6326.04   0.00   
6326.06   0.00   
6326.08   0.00   
6326.10   0.00   
6326.13   0.00   
6326.15   0.00   
6326.17   0.00   
6326.19   0.00   
6326.21   0.00   
6326.23   0.00   
6326.25   0.00   
6326.27   25.00   
6326.29   50.00   
6326.31   91.70   
6326.33   133.40   
6326.35   171.90   
6326.38   210.40   
6326.40   239.70   
6326.42   269.00   
6326.44   286.00   
6326.46   303.00   
6326.48   306.40   
6326.50   309.70   
6326.52   299.10   
6326.54   288.60   
6326.56   265.60   
6326.58   242.60   
6326.60   207.90   
6326.63   173.30   
6326.65   132.00   
6326.67   90.70   
6326.69   51.70   
6326.71   12.70   
6326.73   6.30   
6326.75   0.00   
6326.77   0.00   
6326.79   0.00   
6326.81   0.00   
6326.83   0.00   
6326.85   0.00   
6326.88   0.00   
6326.90   0.00   
6326.92   0.00   
6326.94   0.00   
6326.96   0.00   
6326.98   0.00   
6327.00   0.00   
6327.02   0.00   
6327.04   0.00   
6327.06   0.00   
6327.08   0.00   
6327.10   0.00   
6327.13   0.00   
6327.15   0.00   
6327.17   0.00   
6327.19   0.00   
6327.21   0.00   
6327.23   0.00   
6327.25   0.00   
6327.27   25.20   
6327.29   50.50   
6327.31   92.20   
6327.33   134.00   
6327.35   172.60   
6327.38   211.20   
6327.40   240.60   
6327.42   270.00   
6327.44   287.00   
6327.46   304.10   
6327.48   307.50   
6327.50   310.90   
6327.52   300.40   
6327.54   289.90   
6327.56   267.70   
6327.58   245.50   
6327.60   210.60   
6327.63   175.70   
6327.65   134.10   
6327.67   92.50   
6327.69   53.00   
6327.71   13.60   
6327.73   6.80   
6327.75   0.00   
6327.77   0.00   
6327.79   0.00   
6327.81   0.00   
6327.83   0.00   
6327.85   0.00   
6327.88   0.00   
6327.90   0.00   
6327.92   0.00   
6327.94   0.00   
6327.96   0.00   
6327.98   0.00   
6328.00   0.00   
6328.02   0.00   
6328.04   0.00   
6328.06   0.00   
6328.08   0.00   
6328.10   0.00   
6328.13   0.00   
6328.15   0.00   
6328.17   0.00   
6328.19   0.00   
6328.21   0.00   
6328.23   0.00   
6328.25   0.00   
6328.27   25.60   
6328.29   51.20   
6328.31   93.40   
6328.33   135.60   
6328.35   174.50   
6328.38   213.40   
6328.40   243.10   
6328.42   272.70   
6328.44   290.00   
6328.46   307.20   
6328.48   310.70   
6328.50   314.20   
6328.52   303.60   
6328.54   293.10   
6328.56   270.30   
6328.58   247.60   
6328.60   212.60   
6328.63   177.60   
6328.65   135.80   
6328.67   93.90   
6328.69   54.20   
6328.71   14.40   
6328.73   7.20   
6328.75   0.00   
6328.77   0.00   
6328.79   0.00   
6328.81   0.00   
6328.83   0.00   
6328.85   0.00   
6328.88   0.00   
6328.90   0.00   
6328.92   0.00   
6328.94   0.00   
6328.96   0.00   
6328.98   0.00   
6329.00   0.00   
6329.02   0.00   
6329.04   0.00   
6329.06   0.00   
6329.08   0.00   
6329.10   0.00   
6329.13   0.00   
6329.15   0.00   
6329.17   0.00   
6329.19   0.00   
6329.21   0.00   
6329.23   0.00   
6329.25   0.00   
6329.27   25.90   
6329.29   51.90   
6329.31   94.30   
6329.33   136.70   
6329.35   175.80   
6329.38   215.00   
6329.40   244.80   
6329.42   274.60   
6329.44   292.00   
6329.46   309.40   
6329.48   312.90   
6329.50   316.50   
6329.52   305.90   
6329.54   295.30   
6329.56   275.90   
6329.58   256.50   
6329.60   220.40   
6329.63   184.30   
6329.65   141.20   
6329.67   98.00   
6329.69   56.80   
6329.71   15.70   
6329.73   7.80   
6329.75   0.00   
6329.77   0.00   
6329.79   0.00   
6329.81   0.00   
6329.83   0.00   
6329.85   0.00   
6329.88   0.00   
6329.90   0.00   
6329.92   0.00   
6329.94   0.00   
6329.96   0.00   
6329.98   0.00   
6330.00   0.00   
6330.02   0.00   
6330.04   0.00   
6330.06   0.00   
6330.08   0.00   
6330.10   0.00   
6330.13   0.00   
6330.15   0.00   
6330.17   0.00   
6330.19   0.00   
6330.21   0.00   
6330.23   0.00   
6330.25   0.00   
6330.27   27.00   
6330.29   54.00   
6330.31   97.80   
6330.33   141.60   
6330.35   182.00   
6330.38   222.40   
6330.40   253.20   
6330.42   284.00   
6330.44   301.90   
6330.46   319.90   
6330.48   323.60   
6330.50   327.30   
6330.52   316.50   
6330.54   305.60   
6330.56   282.90   
6330.58   260.20   
6330.60   223.80   
6330.63   187.30   
6330.65   143.70   
6330.67   100.10   
6330.69   58.30   
6330.71   16.60   
6330.73   8.30   
6330.75   0.00   
6330.77   0.00   
6330.79   0.00   
6330.81   0.00   
6330.83   0.00   
6330.85   0.00   
6330.88   0.00   
6330.90   0.00   
6330.92   0.00   
6330.94   0.00   
6330.96   0.00   
6330.98   0.00   
6331.00   0.00   
6331.02   0.00   
6331.04   0.00   
6331.06   0.00   
6331.08   0.00   
6331.10   0.00   
6331.13   0.00   
6331.15   0.00   
6331.17   0.00   
6331.19   0.00   
6331.21   0.00   
6331.23   0.00   
6331.25   0.00   
6331.27   27.50   
6331.29   55.00   
6331.31   99.30   
6331.33   143.60   
6331.35   184.50   
6331.38   225.30   
6331.40   256.40   
6331.42   287.60   
6331.44   305.70   
6331.46   323.90   
6331.48   327.70   
6331.50   331.50   
6331.52   320.60   
6331.54   309.70   
6331.56   285.20   
6331.58   260.70   
6331.60   224.30   
6331.63   188.00   
6331.65   144.50   
6331.67   100.90   
6331.69   59.20   
6331.71   17.40   
6331.73   8.70   
6331.75   0.00   
6331.77   0.00   
6331.79   0.00   
6331.81   0.00   
6331.83   0.00   
6331.85   0.00   
6331.88   0.00   
6331.90   0.00   
6331.92   0.00   
6331.94   0.00   
6331.96   0.00   
6331.98   0.00   
6332.00   0.00   
6332.02   0.00   
6332.04   0.00   
6332.06   0.00   
6332.08   0.00   
6332.10   0.00   
6332.13   0.00   
6332.15   0.00   
6332.17   0.00   
6332.19   0.00   
6332.21   0.00   
6332.23   0.00   
6332.25   0.00   
6332.27   27.70   
6332.29   55.40   
6332.31   99.70   
6332.33   143.90   
6332.35   184.80   
6332.38   225.50   
6332.40   256.60   
6332.42   287.70   
6332.44   305.90   
6332.46   324.10   
6332.48   327.90   
6332.50   331.70   
6332.52   320.90   
6332.54   310.00   
6332.56   281.30   
6332.58   252.60   
6332.60   217.60   
6332.63   182.50   
6332.65   140.50   
6332.67   98.40   
6332.69   58.00   
6332.71   17.60   
6332.73   8.80   
6332.75   0.00   
6332.77   0.00   
6332.79   0.00   
6332.81   0.00   
6332.83   0.00   
6332.85   0.00   
6332.88   0.00   
6332.90   0.00   
6332.92   0.00   
6332.94   0.00   
6332.96   0.00   
6332.98   0.00   
6333.00   0.00   
6333.02   0.00   
6333.04   0.00   
6333.06   0.00   
6333.08   0.00   
6333.10   0.00   
6333.13   0.00   
6333.15   0.00   
6333.17   0.00   
6333.19   0.00   
6333.21   0.00   
6333.23   0.00   
6333.25   0.00   
6333.27   27.00   
6333.29   54.00   
6333.31   96.80   
6333.33   139.50   
6333.35   178.90   
6333.38   218.30   
6333.40   248.40   
6333.42   278.40   
6333.44   296.00   
6333.46   313.50   
6333.48   317.30   
6333.50   320.90   
6333.52   310.50   
6333.54   300.10   
6333.56   276.70   
6333.58   253.20   
6333.60   218.20   
6333.63   183.30   
6333.65   141.30   
6333.67   99.30   
6333.69   58.80   
6333.71   18.30   
6333.73   9.20   
6333.75   0.00   
6333.77   0.00   
6333.79   0.00   
6333.81   0.00   
6333.83   0.00   
6333.85   0.00   
6333.88   0.00   
6333.90   0.00   
6333.92   0.00   
6333.94   0.00   
6333.96   0.00   
6333.98   0.00   
6334.00   0.00   
6334.02   0.00   
6334.04   0.00   
6334.06   0.00   
6334.08   0.00   
6334.10   0.00   
6334.13   0.00   
6334.15   0.00   
6334.17   0.00   
6334.19   0.00   
6334.21   0.00   
6334.23   0.00   
6334.25   0.00   
6334.27   27.20   
6334.29   54.50   
6334.31   97.20   
6334.33   140.00   
6334.35   179.40   
6334.38   218.70   
6334.40   248.70   
6334.42   278.70   
6334.44   296.30   
6334.46   313.90   
6334.48   317.60   
6334.50   321.30   
6334.52   311.00   
6334.54   300.60   
6334.56   274.50   
6334.58   248.40   
6334.60   214.30   
6334.63   180.20   
6334.65   139.10   
6334.67   98.10   
6334.69   58.40   
6334.71   18.70   
6334.73   9.30   
6334.75   0.00   
6334.77   0.00   
6334.79   0.00   
6334.81   0.00   
6334.83   0.00   
6334.85   0.00   
6334.88   0.00   
6334.90   0.00   
6334.92   0.00   
6334.94   0.00   
6334.96   0.00   
6334.98   0.00   
6335.00   0.00   
6335.02   0.00   
6335.04   0.00   
6335.06   0.00   
6335.08   0.00   
6335.10   0.00   
6335.13   0.00   
6335.15   0.00   
6335.17   0.00   
6335.19   0.00   
6335.21   0.00   
6335.23   0.00   
6335.25   0.00   
6335.27   26.90   
6335.29   53.80   
6335.31   95.70   
6335.33   137.50   
6335.35   176.00   
6335.38   214.50   
6335.40   243.80   
6335.42   273.20   
6335.44   290.40   
6335.46   307.60   
6335.48   311.20   
6335.50   314.90   
6335.52   304.80   
6335.54   294.70   
6335.56   277.70   
6335.58   260.70   
6335.60   225.10   
6335.63   189.40   
6335.65   146.50   
6335.67   103.50   
6335.69   61.90   
6335.71   20.30   
6335.73   10.10   
6335.75   0.00   
6335.77   0.00   
6335.79   0.00   
6335.81   0.00   
6335.83   0.00   
6335.85   0.00   
6335.88   0.00   
6335.90   0.00   
6335.92   0.00   
6335.94   0.00   
6335.96   0.00   
6335.98   0.00   
6336.00   0.00   
6336.02   0.00   
6336.04   0.00   
6336.06   0.00   
6336.08   0.00   
6336.10   0.00   
6336.13   0.00   
6336.15   0.00   
6336.17   0.00   
6336.19   0.00   
6336.21   0.00   
6336.23   0.00   
6336.25   0.00   
6336.27   28.40   
6336.29   56.90   
6336.31   100.70   
6336.33   144.50   
6336.35   184.70   
6336.38   225.00   
6336.40   255.70   
6336.42   286.40   
6336.44   304.30   
6336.46   322.30   
6336.48   326.20   
6336.50   330.00   
6336.52   319.50   
6336.54   309.00   
6336.56   292.50   
6336.58   276.00   
6336.60   238.50   
6336.63   200.90   
6336.65   155.60   
6336.67   110.30   
6336.69   66.20   
6336.71   22.20   
6336.73   11.10   
6336.75   0.00   
6336.77   0.00   
6336.79   0.00   
6336.81   0.00   
6336.83   0.00   
6336.85   0.00   
6336.88   0.00   
6336.90   0.00   
6336.92   0.00   
6336.94   0.00   
6336.96   0.00   
6336.98   0.00   
6337.00   0.00   
6337.02   0.00   
6337.04   0.00   
6337.06   0.00   
6337.08   0.00   
6337.10   0.00   
6337.13   0.00   
6337.15   0.00   
6337.17   0.00   
6337.19   0.00   
6337.21   0.00   
6337.23   0.00   
6337.25   0.00   
6337.27   30.30   
6337.29   60.70   
6337.31   106.90   
6337.33   153.20   
6337.35   195.70   
6337.38   238.20   
6337.40   270.50   
6337.42   302.90   
6337.44   321.90   
6337.46   340.80   
6337.48   344.90   
6337.50   349.00   
6337.52   338.00   
6337.54   326.90   
6337.56   300.70   
6337.58   274.40   
6337.60   237.20   
6337.63   200.00   
6337.65   155.10   
6337.67   110.20   
6337.69   66.50   
6337.71   22.80   
6337.73   11.40   
6337.75   0.00   
6337.77   0.00   
6337.79   0.00   
6337.81   0.00   
6337.83   0.00   
6337.85   0.00   
6337.88   0.00   
6337.90   0.00   
6337.92   0.00   
6337.94   0.00   
6337.96   0.00   
6337.98   0.00   
6338.00   0.00   
6338.02   0.00   
6338.04   0.00   
6338.06   0.00   
6338.08   0.00   
6338.10   0.00   
6338.13   0.00   
6338.15   0.00   
6338.17   0.00   
6338.19   0.00   
6338.21   0.00   
6338.23   0.00   
6338.25   0.00   
6338.27   30.40   
6338.29   60.80   
6338.31   106.70   
6338.33   152.50   
6338.35   194.70   
6338.38   236.70   
6338.40   268.80   
6338.42   300.90   
6338.44   319.70   
6338.46   338.50   
6338.48   342.60   
6338.50   346.60   
6338.52   335.70   
6338.54   324.80   
6338.56   295.90   
6338.58   267.10   
6338.60   231.00   
6338.63   195.00   
6338.65   151.40   
6338.67   107.90   
6338.69   65.40   
6338.71   22.90   
6338.73   11.50   
6338.75   0.00   
6338.77   0.00   
6338.79   0.00   
6338.81   0.00   
6338.83   0.00   
6338.85   0.00   
6338.88   0.00   
6338.90   0.00   
6338.92   0.00   
6338.94   0.00   
6338.96   0.00   
6338.98   0.00   
6339.00   0.00   
6339.02   0.00   
6339.04   0.00   
6339.06   0.00   
6339.08   0.00   
6339.10   0.00   
6339.13   0.00   
6339.15   0.00   
6339.17   0.00   
6339.19   0.00   
6339.21   0.00   
6339.23   0.00   
6339.25   0.00   
6339.27   29.80   
6339.29   59.70   
6339.31   104.20   
6339.33   148.70   
6339.35   189.60   
6339.38   230.40   
6339.40   261.40   
6339.42   292.60   
6339.44   310.80   
6339.46   329.00   
6339.48   333.00   
6339.50   336.90   
6339.52   326.40   
6339.54   315.80   
6339.56   285.20   
6339.58   254.60   
6339.60   220.30   
6339.63   186.10   
6339.65   144.80   
6339.67   103.40   
6339.69   62.90   
6339.71   22.50   
6339.73   11.30   
6339.75   0.00   
6339.77   0.00   
6339.79   0.00   
6339.81   0.00   
6339.83   0.00   
6339.85   0.00   
6339.88   0.00   
6339.90   0.00   
6339.92   0.00   
6339.94   0.00   
6339.96   0.00   
6339.98   0.00   
6340.00   0.00   
6340.02   0.00   
6340.04   0.00   
6340.06   0.00   
6340.08   0.00   
6340.10   0.00   
6340.13   0.00   
6340.15   0.00   
6340.17   0.00   
6340.19   0.00   
6340.21   0.00   
6340.23   0.00   
6340.25   0.00   
6340.27   28.70   
6340.29   57.40   
6340.31   99.70   
6340.33   142.10   
6340.35   180.80   
6340.38   219.60   
6340.40   249.10   
6340.42   278.60   
6340.44   296.00   
6340.46   313.30   
6340.48   317.10   
6340.50   320.80   
6340.52   310.80   
6340.54   300.80   
6340.56   284.60   
6340.58   268.40   
6340.60   232.50   
6340.63   196.50   
6340.65   153.10   
6340.67   109.60   
6340.69   67.00   
6340.71   24.40   
6340.73   12.20   
6340.75   0.00   
6340.77   0.00   
6340.79   0.00   
6340.81   0.00   
6340.83   0.00   
6340.85   0.00   
6340.88   0.00   
6340.90   0.00   
6340.92   0.00   
6340.94   0.00   
6340.96   0.00   
6340.98   0.00   
6341.00   0.00   
6341.02   0.00   
6341.04   0.00   
6341.06   0.00   
6341.08   0.00   
6341.10   0.00   
6341.13   0.00   
6341.15   0.00   
6341.17   0.00   
6341.19   0.00   
6341.21   0.00   
6341.23   0.00   
6341.25   0.00   
6341.27   30.50   
6341.29   61.10   
6341.31   105.60   
6341.33   150.10   
6341.35   190.90   
6341.38   231.60   
6341.40   262.60   
6341.42   293.60   
6341.44   311.80   
6341.46   330.00   
6341.48   334.00   
6341.50   337.90   
6341.52   327.40   
6341.54   316.90   
6341.56   298.40   
6341.58   279.80   
6341.60   242.50   
6341.63   205.20   
6341.65   160.00   
6341.67   114.90   
6341.69   70.50   
6341.71   26.10   
6341.73   13.10   
6341.75   0.00   
6341.77   0.00   
6341.79   0.00   
6341.81   0.00   
6341.83   0.00   
6341.85   0.00   
6341.88   0.00   
6341.90   0.00   
6341.92   0.00   
6341.94   0.00   
6341.96   0.00   
6341.98   0.00   
6342.00   0.00   
6342.02   0.00   
6342.04   0.00   
6342.06   0.00   
6342.08   0.00   
6342.10   0.00   
6342.13   0.00   
6342.15   0.00   
6342.17   0.00   
6342.19   0.00   
6342.21   0.00   
6342.23   0.00   
6342.25   0.00   
6342.27   32.10   
6342.29   64.30   
6342.31   110.60   
6342.33   156.90   
6342.35   199.20   
6342.38   241.50   
6342.40   273.70   
6342.42   305.90   
6342.44   324.80   
6342.46   343.70   
6342.48   347.80   
6342.50   352.00   
6342.52   341.10   
6342.54   330.20   
6342.56   294.50   
6342.58   258.70   
6342.60   224.40   
6342.63   190.00   
6342.65   148.40   
6342.67   106.70   
6342.69   65.80   
6342.71   24.80   
6342.73   12.40   
6342.75   0.00   
6342.77   0.00   
6342.79   0.00   
6342.81   0.00   
6342.83   0.00   
6342.85   0.00   
6342.88   0.00   
6342.90   0.00   
6342.92   0.00   
6342.94   0.00   
6342.96   0.00   
6342.98   0.00   
6343.00   0.00   
6343.02   0.00   
6343.04   0.00   
6343.06   0.00   
6343.08   0.00   
6343.10   0.00   
6343.13   0.00   
6343.15   0.00   
6343.17   0.00   
6343.19   0.00   
6343.21   0.00   
6343.23   0.00   
6343.25   0.00   
6343.27   30.00   
6343.29   60.00   
6343.31   102.70   
6343.33   145.40   
6343.35   184.50   
6343.38   223.40   
6343.40   253.10   
6343.42   282.80   
6343.44   300.20   
6343.46   317.60   
6343.48   321.40   
6343.50   325.20   
6343.52   315.10   
6343.54   305.10   
6343.56   286.90   
6343.58   268.70   
6343.60   233.20   
6343.63   197.60   
6343.65   154.50   
6343.67   111.40   
6343.69   68.90   
6343.71   26.40   
6343.73   13.20   
6343.75   0.00   
6343.77   0.00   
6343.79   0.00   
6343.81   0.00   
6343.83   0.00   
6343.85   0.00   
6343.88   0.00   
6343.90   0.00   
6343.92   0.00   
6343.94   0.00   
6343.96   0.00   
6343.98   0.00   
6344.00   0.00   
6344.02   0.00   
6344.04   0.00   
6344.06   0.00   
6344.08   0.00   
6344.10   0.00   
6344.13   0.00   
6344.15   0.00   
6344.17   0.00   
6344.19   0.00   
6344.21   0.00   
6344.23   0.00   
6344.25   0.00   
6344.27   31.50   
6344.29   63.00   
6344.31   107.20   
6344.33   151.50   
6344.35   191.90   
6344.38   232.20   
6344.40   262.90   
6344.42   293.60   
6344.44   311.60   
6344.46   329.60   
6344.48   333.50   
6344.50   337.40   
6344.52   327.10   
6344.54   316.70   
6344.56   298.30   
6344.58   279.90   
6344.60   243.00   
6344.63   206.10   
6344.65   161.30   
6344.67   116.60   
6344.69   72.40   
6344.71   28.20   
6344.73   14.10   
6344.75   0.00   
6344.77   0.00   
6344.79   0.00   
6344.81   0.00   
6344.83   0.00   
6344.85   0.00   
6344.88   0.00   
6344.90   0.00   
6344.92   0.00   
6344.94   0.00   
6344.96   0.00   
6344.98   0.00   
6345.00   0.00   
6345.02   0.00   
6345.04   0.00   
6345.06   0.00   
6345.08   0.00   
6345.10   0.00   
6345.13   0.00   
6345.15   0.00   
6345.17   0.00   
6345.19   0.00   
6345.21   0.00   
6345.23   0.00   
6345.25   0.00   
6345.27   33.10   
6345.29   66.30   
6345.31   112.30   
6345.33   158.20   
6345.35   200.10   
6345.38   242.00   
6345.40   273.80   
6345.42   305.70   
6345.44   324.30   
6345.46   343.00   
6345.48   347.00   
6345.50   351.10   
6345.52   340.30   
6345.54   329.60   
6345.56   306.00   
6345.58   282.40   
6345.60   245.40   
6345.63   208.30   
6345.65   163.20   
6345.67   118.20   
6345.69   73.60   
6345.71   29.10   
6345.73   14.50   
6345.75   0.00   
6345.77   0.00   
6345.79   0.00   
6345.81   0.00   
6345.83   0.00   
6345.85   0.00   
6345.88   0.00   
6345.90   0.00   
6345.92   0.00   
6345.94   0.00   
6345.96   0.00   
6345.98   0.00   
6346.00   0.00   
6346.02   0.00   
6346.04   0.00   
6346.06   0.00   
6346.08   0.00   
6346.10   0.00   
6346.13   0.00   
6346.15   0.00   
6346.17   0.00   
6346.19   0.00   
6346.21   0.00   
6346.23   0.00   
6346.25   0.00   
6346.27   33.80   
6346.29   67.60   
6346.31   113.90   
6346.33   160.20   
6346.35   202.30   
6346.38   244.50   
6346.40   276.40   
6346.42   308.40   
6346.44   327.20   
6346.46   345.90   
6346.48   350.00   
6346.50   354.10   
6346.52   343.30   
6346.54   332.50   
6346.56   299.90   
6346.58   267.40   
6346.60   232.40   
6346.63   197.40   
6346.65   154.90   
6346.67   112.40   
6346.69   70.30   
6346.71   28.10   
6346.73   14.10   
6346.75   0.00   
6346.77   0.00   
6346.79   0.00   
6346.81   0.00   
6346.83   0.00   
6346.85   0.00   
6346.88   0.00   
6346.90   0.00   
6346.92   0.00   
6346.94   0.00   
6346.96   0.00   
6346.98   0.00   
6347.00   0.00   
6347.02   0.00   
6347.04   0.00   
6347.06   0.00   
6347.08   0.00   
6347.10   0.00   
6347.13   0.00   
6347.15   0.00   
6347.17   0.00   
6347.19   0.00   
6347.21   0.00   
6347.23   0.00   
6347.25   0.00   
6347.27   32.40   
6347.29   64.70   
6347.31   108.40   
6347.33   152.10   
6347.35   191.90   
6347.38   231.60   
6347.40   261.70   
6347.42   291.90   
6347.44   309.60   
6347.46   327.20   
6347.48   331.10   
6347.50   334.90   
6347.52   324.70   
6347.54   314.50   
6347.56   290.40   
6347.58   266.30   
6347.60   231.60   
6347.63   196.80   
6347.65   154.70   
6347.67   112.40   
6347.69   70.50   
6347.71   28.60   
6347.73   14.30   
6347.75   0.00   
6347.77   0.00   
6347.79   0.00   
6347.81   0.00   
6347.83   0.00   
6347.85   0.00   
6347.88   0.00   
6347.90   0.00   
6347.92   0.00   
6347.94   0.00   
6347.96   0.00   
6347.98   0.00   
6348.00   0.00   
6348.02   0.00   
6348.04   0.00   
6348.06   0.00   
6348.08   0.00   
6348.10   0.00   
6348.13   0.00   
6348.15   0.00   
6348.17   0.00   
6348.19   0.00   
6348.21   0.00   
6348.23   0.00   
6348.25   0.00   
6348.27   32.60   
6348.29   65.20   
6348.31   108.60   
6348.33   152.00   
6348.35   191.50   
6348.38   230.90   
6348.40   260.80   
6348.42   290.70   
6348.44   308.30   
6348.46   325.70   
6348.48   329.50   
6348.50   333.40   
6348.52   323.20   
6348.54   313.10   
6348.56   294.50   
6348.58   275.90   
6348.60   240.00   
6348.63   204.20   
6348.65   160.60   
6348.67   117.00   
6348.69   73.60   
6348.71   30.30   
6348.73   15.10   
6348.75   0.00   
6348.77   0.00   
6348.79   0.00   
6348.81   0.00   
6348.83   0.00   
6348.85   0.00   
6348.88   0.00   
6348.90   0.00   
6348.92   0.00   
6348.94   0.00   
6348.96   0.00   
6348.98   0.00   
6349.00   0.00   
6349.02   0.00   
6349.04   0.00   
6349.06   0.00   
6349.08   0.00   
6349.10   0.00   
6349.13   0.00   
6349.15   0.00   
6349.17   0.00   
6349.19   0.00   
6349.21   0.00   
6349.23   0.00   
6349.25   0.00   
6349.27   34.20   
6349.29   68.30   
6349.31   113.20   
6349.33   158.10   
6349.35   198.80   
6349.38   239.50   
6349.40   270.40   
6349.42   301.20   
6349.44   319.30   
6349.46   337.30   
6349.48   341.20   
6349.50   345.10   
6349.52   334.70   
6349.54   324.20   
6349.56   298.20   
6349.58   272.30   
6349.60   237.00   
6349.63   201.70   
6349.65   158.80   
6349.67   116.00   
6349.69   73.20   
6349.71   30.40   
6349.73   15.20   
6349.75   0.00   
6349.77   0.00   
6349.79   0.00   
6349.81   0.00   
6349.83   0.00   
6349.85   0.00   
6349.88   0.00   
6349.90   0.00   
6349.92   0.00   
6349.94   0.00   
6349.96   0.00   
6349.98   0.00   
6350.00   0.00   
6350.02   0.00   
6350.04   0.00   
6350.06   0.00   
6350.08   0.00   
6350.10   0.00   
6350.13   0.00   
6350.15   0.00   
6350.17   0.00   
6350.19   0.00   
6350.21   0.00   
6350.23   0.00   
6350.25   0.00   
6350.27   34.10   
6350.29   68.20   
6350.31   112.40   
6350.33   156.60   
6350.35   196.60   
6350.38   236.70   
6350.40   267.00   
6350.42   297.30   
6350.44   315.00   
6350.46   332.70   
6350.48   336.60   
6350.50   340.40   
6350.52   330.10   
6350.54   319.80   
6350.56   306.20   
6350.58   292.70   
6350.60   254.90   
6350.63   217.10   
6350.65   171.10   
6350.67   125.20   
6350.69   79.30   
6350.71   33.40   
6350.73   16.70   
6350.75   0.00   
6350.77   0.00   
6350.79   0.00   
6350.81   0.00   
6350.83   0.00   
6350.85   0.00   
6350.88   0.00   
6350.90   0.00   
6350.92   0.00   
6350.94   0.00   
6350.96   0.00   
6350.98   0.00   
6351.00   0.00   
6351.02   0.00   
6351.04   0.00   
6351.06   0.00   
6351.08   0.00   
6351.10   0.00   
6351.13   0.00   
6351.15   0.00   
6351.17   0.00   
6351.19   0.00   
6351.21   0.00   
6351.23   0.00   
6351.25   0.00   
6351.27   37.10   
6351.29   74.20   
6351.31   121.60   
6351.33   169.00   
6351.35   211.90   
6351.38   254.80   
6351.40   287.20   
6351.42   319.70   
6351.44   338.60   
6351.46   357.60   
6351.48   361.60   
6351.50   365.70   
6351.52   354.70   
6351.54   343.60   
6351.56   318.70   
6351.58   293.90   
6351.60   256.00   
6351.63   218.20   
6351.65   172.20   
6351.67   126.20   
6351.69   80.10   
6351.71   34.10   
6351.73   17.00   
6351.75   0.00   
6351.77   0.00   
6351.79   0.00   
6351.81   0.00   
6351.83   0.00   
6351.85   0.00   
6351.88   0.00   
6351.90   0.00   
6351.92   0.00   
6351.94   0.00   
6351.96   0.00   
6351.98   0.00   
6352.00   0.00   
6352.02   0.00   
6352.04   0.00   
6352.06   0.00   
6352.08   0.00   
6352.10   0.00   
6352.13   0.00   
6352.15   0.00   
6352.17   0.00   
6352.19   0.00   
6352.21   0.00   
6352.23   0.00   
6352.25   0.00   
6352.27   37.70   
6352.29   75.40   
6352.31   122.90   
6352.33   170.40   
6352.35   213.30   
6352.38   256.20   
6352.40   288.60   
6352.42   321.10   
6352.44   340.00   
6352.46   358.90   
6352.48   362.90   
6352.50   367.00   
6352.52   355.90   
6352.54   344.90   
6352.56   314.50   
6352.58   284.10   
6352.60   247.70   
6352.63   211.20   
6352.65   166.80   
6352.67   122.40   
6352.69   78.00   
6352.71   33.60   
6352.73   16.80   
6352.75   0.00   
6352.77   0.00   
6352.79   0.00   
6352.81   0.00   
6352.83   0.00   
6352.85   0.00   
6352.88   0.00   
6352.90   0.00   
6352.92   0.00   
6352.94   0.00   
6352.96   0.00   
6352.98   0.00   
6353.00   0.00   
6353.02   0.00   
6353.04   0.00   
6353.06   0.00   
6353.08   0.00   
6353.10   0.00   
6353.13   0.00   
6353.15   0.00   
6353.17   0.00   
6353.19   0.00   
6353.21   0.00   
6353.23   0.00   
6353.25   0.00   
6353.27   36.90   
6353.29   73.80   
6353.31   119.60   
6353.33   165.40   
6353.35   206.70   
6353.38   248.10   
6353.40   279.30   
6353.42   310.50   
6353.44   328.70   
6353.46   346.90   
6353.48   350.80   
6353.50   354.70   
6353.52   344.00   
6353.54   333.30   
6353.56   317.20   
6353.58   301.10   
6353.60   262.50   
6353.63   224.00   
6353.65   177.10   
6353.67   130.20   
6353.69   83.20   
6353.71   36.20   
6353.73   18.10   
6353.75   0.00   
6353.77   0.00   
6353.79   0.00   
6353.81   0.00   
6353.83   0.00   
6353.85   0.00   
6353.88   0.00   
6353.90   0.00   
6353.92   0.00   
6353.94   0.00   
6353.96   0.00   
6353.98   0.00   
6354.00   0.00   
6354.02   0.00   
6354.04   0.00   
6354.06   0.00   
6354.08   0.00   
6354.10   0.00   
6354.13   0.00   
6354.15   0.00   
6354.17   0.00   
6354.19   0.00   
6354.21   0.00   
6354.23   0.00   
6354.25   0.00   
6354.27   39.60   
6354.29   79.10   
6354.31   127.60   
6354.33   176.00   
6354.35   219.70   
6354.38   263.30   
6354.40   296.20   
6354.42   329.20   
6354.44   348.30   
6354.46   367.50   
6354.48   371.60   
6354.50   375.60   
6354.52   364.30   
6354.54   353.00   
6354.56   317.90   
6354.58   282.80   
6354.60   246.70   
6354.63   210.60   
6354.65   166.70   
6354.67   122.80   
6354.69   78.60   
6354.71   34.50   
6354.73   17.30   
6354.75   0.00   
6354.77   0.00   
6354.79   0.00   
6354.81   0.00   
6354.83   0.00   
6354.85   0.00   
6354.88   0.00   
6354.90   0.00   
6354.92   0.00   
6354.94   0.00   
6354.96   0.00   
6354.98   0.00   
6355.00   0.00   
6355.02   0.00   
6355.04   0.00   
6355.06   0.00   
6355.08   0.00   
6355.10   0.00   
6355.13   0.00   
6355.15   0.00   
6355.17   0.00   
6355.19   0.00   
6355.21   0.00   
6355.23   0.00   
6355.25   0.00   
6355.27   37.60   
6355.29   75.20   
6355.31   120.70   
6355.33   166.10   
6355.35   206.90   
6355.38   247.70   
6355.40   278.50   
6355.42   309.40   
6355.44   327.30   
6355.46   345.20   
6355.48   348.90   
6355.50   352.70   
6355.52   342.10   
6355.54   331.50   
6355.56   309.60   
6355.58   287.80   
6355.60   251.20   
6355.63   214.50   
6355.65   169.90   
6355.67   125.30   
6355.69   80.50   
6355.71   35.70   
6355.73   17.80   
6355.75   0.00   
6355.77   0.00   
6355.79   0.00   
6355.81   0.00   
6355.83   0.00   
6355.85   0.00   
6355.88   0.00   
6355.90   0.00   
6355.92   0.00   
6355.94   0.00   
6355.96   0.00   
6355.98   0.00   
6356.00   0.00   
6356.02   0.00   
6356.04   0.00   
6356.06   0.00   
6356.08   0.00   
6356.10   0.00   
6356.13   0.00   
6356.15   0.00   
6356.17   0.00   
6356.19   0.00   
6356.21   0.00   
6356.23   0.00   
6356.25   0.00   
6356.27   38.80   
6356.29   77.50   
6356.31   123.60   
6356.33   169.70   
6356.35   211.10   
6356.38   252.50   
6356.40   283.70   
6356.42   314.90   
6356.44   333.00   
6356.46   351.20   
6356.48   354.90   
6356.50   358.70   
6356.52   347.90   
6356.54   337.10   
6356.56   316.40   
6356.58   295.60   
6356.60   258.10   
6356.63   220.50   
6356.65   174.90   
6356.67   129.20   
6356.69   83.20   
6356.71   37.20   
6356.73   18.60   
6356.75   0.00   
6356.77   0.00   
6356.79   0.00   
6356.81   0.00   
6356.83   0.00   
6356.85   0.00   
6356.88   0.00   
6356.90   0.00   
6356.92   0.00   
6356.94   0.00   
6356.96   0.00   
6356.98   0.00   
6357.00   0.00   
6357.02   0.00   
6357.04   0.00   
6357.06   0.00   
6357.08   0.00   
6357.10   0.00   
6357.13   0.00   
6357.15   0.00   
6357.17   0.00   
6357.19   0.00   
6357.21   0.00   
6357.23   0.00   
6357.25   0.00   
6357.27   40.30   
6357.29   80.60   
6357.31   127.90   
6357.33   175.10   
6357.35   217.50   
6357.38   259.80   
6357.40   291.80   
6357.42   323.70   
6357.44   342.10   
6357.46   360.70   
6357.48   364.50   
6357.50   368.30   
6357.52   357.20   
6357.54   346.20   
6357.56   314.90   
6357.58   283.70   
6357.60   247.80   
6357.63   211.90   
6357.65   168.10   
6357.67   124.40   
6357.69   80.30   
6357.71   36.20   
6357.73   18.10   
6357.75   0.00   
6357.77   0.00   
6357.79   0.00   
6357.81   0.00   
6357.83   0.00   
6357.85   0.00   
6357.88   0.00   
6357.90   0.00   
6357.92   0.00   
6357.94   0.00   
6357.96   0.00   
6357.98   0.00   
6358.00   0.00   
6358.02   0.00   
6358.04   0.00   
6358.06   0.00   
6358.08   0.00   
6358.10   0.00   
6358.13   0.00   
6358.15   0.00   
6358.17   0.00   
6358.19   0.00   
6358.21   0.00   
6358.23   0.10   
6358.25   0.20   
6358.27   39.30   
6358.29   78.40   
6358.31   123.60   
6358.33   168.90   
6358.35   209.40   
6358.38   249.90   
6358.40   280.40   
6358.42   310.90   
6358.44   328.50   
6358.46   346.20   
6358.48   349.80   
6358.50   353.40   
6358.52   342.80   
6358.54   332.20   
6358.56   304.00   
6358.58   275.70   
6358.60   240.90   
6358.63   206.10   
6358.65   163.70   
6358.67   121.30   
6358.69   78.50   
6358.71   35.70   
6358.73   17.90   
6358.75   0.00   
6358.77   0.00   
6358.79   0.00   
6358.81   0.00   
6358.83   0.00   
6358.85   0.00   
6358.88   0.00   
6358.90   0.00   
6358.92   0.00   
6358.94   0.00   
6358.96   0.00   
6358.98   0.00   
6359.00   0.00   
6359.02   0.00   
6359.04   0.00   
6359.06   0.00   
6359.08   0.00   
6359.10   0.00   
6359.13   0.00   
6359.15   0.00   
6359.17   0.00   
6359.19   0.00   
6359.21   0.00   
6359.23   0.50   
6359.25   1.10   
6359.27   39.10   
6359.29   77.10   
6359.31   121.00   
6359.33   164.90   
6359.35   204.20   
6359.38   243.40   
6359.40   272.90   
6359.42   302.40   
6359.44   319.40   
6359.46   336.40   
6359.48   339.90   
6359.50   343.30   
6359.52   333.00   
6359.54   322.70   
6359.56   310.00   
6359.58   297.30   
6359.60   259.80   
6359.63   222.40   
6359.65   176.80   
6359.67   131.20   
6359.69   85.10   
6359.71   39.00   
6359.73   19.50   
6359.75   0.00   
6359.77   0.00   
6359.79   0.00   
6359.81   0.00   
6359.83   0.00   
6359.85   0.00   
6359.88   0.00   
6359.90   0.00   
6359.92   0.00   
6359.94   0.00   
6359.96   0.00   
6359.98   0.00   
6360.00   0.00   
6360.02   0.00   
6360.04   0.00   
6360.06   0.00   
6360.08   0.00   
6360.10   0.00   
6360.13   0.00   
6360.15   0.00   
6360.17   0.00   
6360.19   0.00   
6360.21   0.00   
6360.23   1.00   
6360.25   2.10   
6360.27   43.20   
6360.29   84.30   
6360.31   131.50   
6360.33   178.70   
6360.35   220.80   
6360.38   262.90   
6360.40   294.60   
6360.42   326.20   
6360.44   344.50   
6360.46   362.70   
6360.48   366.40   
6360.50   370.10   
6360.52   358.90   
6360.54   347.80   
6360.56   322.20   
6360.58   296.50   
6360.60   259.30   
6360.63   222.00   
6360.65   176.60   
6360.67   131.20   
6360.69   85.30   
6360.71   39.40   
6360.73   19.70   
6360.75   0.00   
6360.77   0.00   
6360.79   0.00   
6360.81   0.00   
6360.83   0.00   
6360.85   0.00   
6360.88   0.00   
6360.90   0.00   
6360.92   0.00   
6360.94   0.00   
6360.96   0.00   
6360.98   0.00   
6361.00   0.00   
6361.02   0.00   
6361.04   0.00   
6361.06   0.00   
6361.08   0.00   
6361.10   0.00   
6361.13   0.00   
6361.15   0.00   
6361.17   0.00   
6361.19   0.00   
6361.21   0.00   
6361.23   1.50   
6361.25   3.00   
6361.27   44.10   
6361.29   85.10   
6361.31   132.10   
6361.33   179.10   
6361.35   221.00   
6361.38   262.80   
6361.40   294.30   
6361.42   325.70   
6361.44   343.80   
6361.46   361.80   
6361.48   365.40   
6361.50   369.00   
6361.52   357.90   
6361.54   346.80   
6361.56   323.80   
6361.58   300.80   
6361.60   263.10   
6361.63   225.40   
6361.65   179.40   
6361.67   133.50   
6361.69   87.00   
6361.71   40.50   
6361.73   20.30   
6361.75   0.00   
6361.77   0.00   
6361.79   0.00   
6361.81   0.00   
6361.83   0.00   
6361.85   0.00   
6361.88   0.00   
6361.90   0.00   
6361.92   0.00   
6361.94   0.00   
6361.96   0.00   
6361.98   0.00   
6362.00   0.00   
6362.02   0.00   
6362.04   0.00   
6362.06   0.00   
6362.08   0.00   
6362.10   0.00   
6362.13   0.00   
6362.15   0.00   
6362.17   0.00   
6362.19   0.00   
6362.21   0.00   
6362.23   2.00   
6362.25   4.00   
6362.27   45.70   
6362.29   87.50   
6362.31   135.00   
6362.33   182.60   
6362.35   224.90   
6362.38   267.20   
6362.40   298.90   
6362.42   330.70   
6362.44   348.90   
6362.46   367.10   
6362.48   370.70   
6362.50   374.30   
6362.52   363.00   
6362.54   351.70   
6362.56   334.80   
6362.58   317.80   
6362.60   278.00   
6362.63   238.30   
6362.65   189.80   
6362.67   141.40   
6362.69   92.40   
6362.71   43.30   
6362.73   21.70   
6362.75   0.00   
6362.77   0.00   
6362.79   0.00   
6362.81   0.00   
6362.83   0.00   
6362.85   0.00   
6362.88   0.00   
6362.90   0.00   
6362.92   0.00   
6362.94   0.00   
6362.96   0.00   
6362.98   0.00   
6363.00   0.00   
6363.02   0.00   
6363.04   0.00   
6363.06   0.00   
6363.08   0.00   
6363.10   0.00   
6363.13   0.00   
6363.15   0.00   
6363.17   0.00   
6363.19   0.00   
6363.21   0.00   
6363.23   2.60   
6363.25   5.20   
6363.27   49.40   
6363.29   93.60   
6363.31   143.70   
6363.33   193.90   
6363.35   238.40   
6363.38   282.90   
6363.40   316.30   
6363.42   349.60   
6363.44   368.80   
6363.46   387.90   
6363.48   391.60   
6363.50   395.30   
6363.52   383.40   
6363.54   371.50   
6363.56   338.30   
6363.58   305.10   
6363.60   267.00   
6363.63   228.90   
6363.65   182.60   
6363.67   136.20   
6363.69   89.10   
6363.71   42.10   
6363.73   21.00   
6363.75   0.00   
6363.77   0.00   
6363.79   0.00   
6363.81   0.00   
6363.83   0.00   
6363.85   0.00   
6363.88   0.00   
6363.90   0.00   
6363.92   0.00   
6363.94   0.00   
6363.96   0.00   
6363.98   0.00   
6364.00   0.00   
6364.02   0.00   
6364.04   0.00   
6364.06   0.00   
6364.08   0.00   
6364.10   0.00   
6364.13   0.00   
6364.15   0.00   
6364.17   0.00   
6364.19   0.00   
6364.21   0.00   
6364.23   3.00   
6364.25   6.00   
6364.27   48.50   
6364.29   91.00   
6364.31   139.00   
6364.33   187.10   
6364.35   229.70   
6364.38   272.30   
6364.40   304.20   
6364.42   336.00   
6364.44   354.30   
6364.46   372.50   
6364.48   376.00   
6364.50   379.50   
6364.52   368.10   
6364.54   356.60   
6364.56   335.10   
6364.58   313.60   
6364.60   274.50   
6364.63   235.50   
6364.65   187.90   
6364.67   140.30   
6364.69   92.00   
6364.71   43.70   
6364.73   21.90   
6364.75   0.00   
6364.77   0.00   
6364.79   0.00   
6364.81   0.00   
6364.83   0.00   
6364.85   0.00   
6364.88   0.00   
6364.90   0.00   
6364.92   0.00   
6364.94   0.00   
6364.96   0.00   
6364.98   0.00   
6365.00   0.00   
6365.02   0.00   
6365.04   0.00   
6365.06   0.00   
6365.08   0.00   
6365.10   0.00   
6365.13   0.00   
6365.15   0.00   
6365.17   0.00   
6365.19   0.00   
6365.21   0.00   
6365.23   3.60   
6365.25   7.20   
6365.27   51.00   
6365.29   94.80   
6365.31   144.00   
6365.33   193.30   
6365.35   236.90   
6365.38   280.50   
6365.40   313.10   
6365.42   345.70   
6365.44   364.30   
6365.46   382.90   
6365.48   386.50   
6365.50   390.00   
6365.52   378.20   
6365.54   366.50   
6365.56   337.70   
6365.58   308.90   
6365.60   270.50   
6365.63   232.10   
6365.65   185.30   
6365.67   138.50   
6365.69   91.10   
6365.71   43.60   
6365.73   21.80   
6365.75   0.00   
6365.77   0.00   
6365.79   0.00   
6365.81   0.00   
6365.83   0.00   
6365.85   0.00   
6365.88   0.00   
6365.90   0.00   
6365.92   0.00   
6365.94   0.00   
6365.96   0.00   
6365.98   0.00   
6366.00   0.00   
6366.02   0.00   
6366.04   0.00   
6366.06   0.00   
6366.08   0.00   
6366.10   0.00   
6366.13   0.00   
6366.15   0.00   
6366.17   0.00   
6366.19   0.00   
6366.21   0.00   
6366.23   4.10   
6366.25   8.10   
6366.27   51.30   
6366.29   94.50   
6366.31   142.90   
6366.33   191.40   
6366.35   234.20   
6366.38   277.00   
6366.40   308.90   
6366.42   340.90   
6366.44   359.10   
6366.46   377.30   
6366.48   380.70   
6366.50   384.10   
6366.52   372.50   
6366.54   360.90   
6366.56   333.20   
6366.58   305.60   
6366.60   267.60   
6366.63   229.70   
6366.65   183.60   
6366.67   137.40   
6366.69   90.50   
6366.71   43.60   
6366.73   21.80   
6366.75   0.00   
6366.77   0.00   
6366.79   0.00   
6366.81   0.00   
6366.83   0.00   
6366.85   0.00   
6366.88   0.00   
6366.90   0.00   
6366.92   0.00   
6366.94   0.00   
6366.96   0.00   
6366.98   0.00   
6367.00   0.00   
6367.02   0.00   
6367.04   0.00   
6367.06   0.00   
6367.08   0.00   
6367.10   0.00   
6367.13   0.00   
6367.15   0.00   
6367.17   0.00   
6367.19   0.00   
6367.21   0.00   
6367.23   4.50   
6367.25   9.10   
6367.27   51.90   
6367.29   94.70   
6367.31   142.50   
6367.33   190.30   
6367.35   232.50   
6367.38   274.70   
6367.40   306.10   
6367.42   337.60   
6367.44   355.50   
6367.46   373.40   
6367.48   376.60   
6367.50   379.90   
6367.52   368.40   
6367.54   356.90   
6367.56   327.60   
6367.58   298.30   
6367.60   261.40   
6367.63   224.40   
6367.65   179.50   
6367.67   134.40   
6367.69   88.70   
6367.71   43.00   
6367.73   21.50   
6367.75   0.00   
6367.77   0.00   
6367.79   0.00   
6367.81   0.00   
6367.83   0.00   
6367.85   0.00   
6367.88   0.00   
6367.90   0.00   
6367.92   0.00   
6367.94   0.00   
6367.96   0.00   
6367.98   0.00   
6368.00   0.00   
6368.02   0.00   
6368.04   0.00   
6368.06   0.00   
6368.08   0.00   
6368.10   0.00   
6368.13   0.00   
6368.15   0.00   
6368.17   0.00   
6368.19   0.00   
6368.21   0.00   
6368.23   4.90   
6368.25   9.90   
6368.27   51.80   
6368.29   93.70   
6368.31   140.20   
6368.33   186.70   
6368.35   227.80   
6368.38   268.80   
6368.40   299.40   
6368.42   329.90   
6368.44   347.30   
6368.46   364.60   
6368.48   367.70   
6368.50   370.80   
6368.52   359.60   
6368.54   348.40   
6368.56   327.20   
6368.58   305.90   
6368.60   268.10   
6368.63   230.30   
6368.65   184.30   
6368.67   138.20   
6368.69   91.40   
6368.71   44.50   
6368.73   22.30   
6368.75   0.00   
6368.77   0.00   
6368.79   0.00   
6368.81   0.00   
6368.83   0.00   
6368.85   0.00   
6368.88   0.00   
6368.90   0.00   
6368.92   0.00   
6368.94   0.00   
6368.96   0.00   
6368.98   0.00   
6369.00   0.00   
6369.02   0.00   
6369.04   0.00   
6369.06   0.00   
6369.08   0.00   
6369.10   0.00   
6369.13   0.00   
6369.15   0.00   
6369.17   0.00   
6369.19   0.00   
6369.21   0.00   
6369.23   5.60   
6369.25   11.20   
6369.27   54.20   
6369.29   97.30   
6369.31   144.90   
6369.33   192.50   
6369.35   234.50   
6369.38   276.40   
6369.40   307.60   
6369.42   338.70   
6369.44   356.40   
6369.46   374.10   
6369.48   377.20   
6369.50   380.30   
6369.52   368.80   
6369.54   357.30   
6369.56   335.10   
6369.58   312.90   
6369.60   274.30   
6369.63   235.70   
6369.65   188.60   
6369.67   141.70   
6369.69   93.80   
6369.71   46.00   
6369.73   23.00   
6369.75   0.00   
6369.77   0.00   
6369.79   0.00   
6369.81   0.00   
6369.83   0.00   
6369.85   0.00   
6369.88   0.00   
6369.90   0.00   
6369.92   0.00   
6369.94   0.00   
6369.96   0.00   
6369.98   0.00   
6370.00   0.00   
6370.02   0.00   
6370.04   0.00   
6370.06   0.00   
6370.08   0.00   
6370.10   0.00   
6370.13   0.00   
6370.15   0.00   
6370.17   0.00   
6370.19   0.00   
6370.21   0.00   
6370.23   6.30   
6370.25   12.50   
6370.27   56.60   
6370.29   100.70   
6370.31   149.30   
6370.33   197.90   
6370.35   240.70   
6370.38   283.40   
6370.40   315.10   
6370.42   346.80   
6370.44   364.70   
6370.46   382.70   
6370.48   385.80   
6370.50   388.90   
6370.52   377.10   
6370.54   365.30   
6370.56   339.50   
6370.58   313.70   
6370.60   275.10   
6370.63   236.40   
6370.65   189.40   
6370.67   142.30   
6370.69   94.50   
6370.71   46.60   
6370.73   23.30   
6370.75   0.00   
6370.77   0.00   
6370.79   0.00   
6370.81   0.00   
6370.83   0.00   
6370.85   0.00   
6370.88   0.00   
6370.90   0.00   
6370.92   0.00   
6370.94   0.00   
6370.96   0.00   
6370.98   0.00   
6371.00   0.00   
6371.02   0.00   
6371.04   0.00   
6371.06   0.00   
6371.08   0.00   
6371.10   0.00   
6371.13   0.00   
6371.15   0.00   
6371.17   0.00   
6371.19   0.00   
6371.21   0.00   
6371.23   6.80   
6371.25   13.60   
6371.27   58.00   
6371.29   102.30   
6371.31   150.90   
6371.33   199.60   
6371.35   242.20   
6371.38   284.90   
6371.40   316.50   
6371.42   348.20   
6371.44   366.00   
6371.46   383.90   
6371.48   386.90   
6371.50   389.90   
6371.52   378.10   
6371.54   366.20   
6371.56   343.00   
6371.58   319.70   
6371.60   280.40   
6371.63   241.10   
6371.65   193.20   
6371.67   145.40   
6371.69   96.60   
6371.71   47.90   
6371.73   23.90   
6371.75   0.00   
6371.77   0.00   
6371.79   0.00   
6371.81   0.00   
6371.83   0.00   
6371.85   0.00   
6371.88   0.00   
6371.90   0.00   
6371.92   0.00   
6371.94   0.00   
6371.96   0.00   
6371.98   0.00   
6372.00   0.00   
6372.02   0.00   
6372.04   0.00   
6372.06   0.00   
6372.08   0.00   
6372.10   0.00   
6372.13   0.00   
6372.15   0.00   
6372.17   0.00   
6372.19   0.00   
6372.21   0.00   
6372.23   7.50   
6372.25   15.00   
6372.27   60.30   
6372.29   105.50   
6372.31   155.00   
6372.33   204.40   
6372.35   247.80   
6372.38   291.10   
6372.40   323.10   
6372.42   355.20   
6372.44   373.30   
6372.46   391.30   
6372.48   394.30   
6372.50   397.30   
6372.52   385.20   
6372.54   373.10   
6372.56   342.10   
6372.58   311.00   
6372.60   272.80   
6372.63   234.60   
6372.65   188.20   
6372.67   141.70   
6372.69   94.40   
6372.71   47.00   
6372.73   23.50   
6372.75   0.00   
6372.77   0.00   
6372.79   0.00   
6372.81   0.00   
6372.83   0.00   
6372.85   0.00   
6372.88   0.00   
6372.90   0.00   
6372.92   0.00   
6372.94   0.00   
6372.96   0.00   
6372.98   0.00   
6373.00   0.00   
6373.02   0.00   
6373.04   0.00   
6373.06   0.00   
6373.08   0.00   
6373.10   0.00   
6373.13   0.00   
6373.15   0.00   
6373.17   0.00   
6373.19   0.00   
6373.21   0.00   
6373.23   7.90   
6373.25   15.70   
6373.27   59.80   
6373.29   103.90   
6373.31   151.90   
6373.33   200.00   
6373.35   241.90   
6373.38   283.90   
6373.40   315.00   
6373.42   346.00   
6373.44   363.40   
6373.46   380.90   
6373.48   383.70   
6373.50   386.50   
6373.52   374.70   
6373.54   362.90   
6373.56   341.10   
6373.58   319.30   
6373.60   280.10   
6373.63   241.00   
6373.65   193.40   
6373.67   145.80   
6373.69   97.20   
6373.71   48.70   
6373.73   24.40   
6373.75   0.00   
6373.77   0.00   
6373.79   0.00   
6373.81   0.00   
6373.83   0.00   
6373.85   0.00   
6373.88   0.00   
6373.90   0.00   
6373.92   0.00   
6373.94   0.00   
6373.96   0.00   
6373.98   0.00   
6374.00   0.00   
6374.02   0.00   
6374.04   0.00   
6374.06   0.00   
6374.08   0.00   
6374.10   0.00   
6374.13   0.00   
6374.15   0.00   
6374.17   0.00   
6374.19   0.00   
6374.21   0.00   
6374.23   8.60   
6374.25   17.30   
6374.27   62.70   
6374.29   108.00   
6374.31   157.20   
6374.33   206.40   
6374.35   249.30   
6374.38   292.30   
6374.40   323.90   
6374.42   355.70   
6374.44   373.40   
6374.46   391.20   
6374.48   394.00   
6374.50   396.80   
6374.52   384.70   
6374.54   372.60   
6374.56   340.00   
6374.58   307.40   
6374.60   269.80   
6374.63   232.10   
6374.65   186.40   
6374.67   140.60   
6374.69   93.90   
6374.71   47.30   
6374.73   23.60   
6374.75   0.00   
6374.77   0.00   
6374.79   0.00   
6374.81   0.00   
6374.83   0.00   
6374.85   0.00   
6374.88   0.00   
6374.90   0.00   
6374.92   0.00   
6374.94   0.00   
6374.96   0.00   
6374.98   0.00   
6375.00   0.00   
6375.02   0.00   
6375.04   0.00   
6375.06   0.00   
6375.08   0.00   
6375.10   0.00   
6375.13   0.00   
6375.15   0.00   
6375.17   0.00   
6375.19   0.00   
6375.21   0.00   
6375.23   8.90   
6375.25   17.80   
6375.27   61.50   
6375.29   105.30   
6375.31   152.50   
6375.33   199.70   
6375.35   240.90   
6375.38   282.10   
6375.40   312.50   
6375.42   342.90   
6375.44   359.80   
6375.46   376.80   
6375.48   379.40   
6375.50   382.10   
6375.52   370.30   
6375.54   358.60   
6375.56   330.30   
6375.58   302.00   
6375.60   265.10   
6375.63   228.20   
6375.65   183.30   
6375.67   138.40   
6375.69   92.60   
6375.71   46.80   
6375.73   23.40   
6375.75   0.00   
6375.77   0.00   
6375.79   0.00   
6375.81   0.00   
6375.83   0.00   
6375.85   0.00   
6375.88   0.00   
6375.90   0.00   
6375.92   0.00   
6375.94   0.00   
6375.96   0.00   
6375.98   0.00   
6376.00   0.00   
6376.02   0.00   
6376.04   0.00   
6376.06   0.00   
6376.08   0.00   
6376.10   0.00   
6376.13   0.00   
6376.15   0.00   
6376.17   0.00   
6376.19   0.00   
6376.21   0.00   
6376.23   9.30   
6376.25   18.60   
6376.27   61.60   
6376.29   104.70   
6376.31   151.00   
6376.33   197.30   
6376.35   237.60   
6376.38   277.90   
6376.40   307.60   
6376.42   337.30   
6376.44   353.80   
6376.46   370.30   
6376.48   372.90   
6376.50   375.40   
6376.52   363.80   
6376.54   352.30   
6376.56   338.60   
6376.58   324.80   
6376.60   285.20   
6376.63   245.50   
6376.65   197.40   
6376.67   149.20   
6376.69   100.00   
6376.71   50.80   
6376.73   25.40   
6376.75   0.00   
6376.77   0.00   
6376.79   0.00   
6376.81   0.00   
6376.83   0.00   
6376.85   0.00   
6376.88   0.00   
6376.90   0.00   
6376.92   0.00   
6376.94   0.00   
6376.96   0.00   
6376.98   0.00   
6377.00   0.00   
6377.02   0.00   
6377.04   0.00   
6377.06   0.00   
6377.08   0.00   
6377.10   0.00   
6377.13   0.00   
6377.15   0.00   
6377.17   0.00   
6377.19   0.00   
6377.21   0.00   
6377.23   10.60   
6377.25   21.20   
6377.27   67.60   
6377.29   114.00   
6377.31   163.60   
6377.33   213.30   
6377.35   256.50   
6377.38   299.70   
6377.40   331.50   
6377.42   363.20   
6377.44   380.90   
6377.46   398.50   
6377.48   401.20   
6377.50   403.80   
6377.52   391.40   
6377.54   378.90   
6377.56   342.30   
6377.58   305.70   
6377.60   268.50   
6377.63   231.20   
6377.65   186.00   
6377.67   140.70   
6377.69   94.40   
6377.71   48.20   
6377.73   24.10   
6377.75   0.00   
6377.77   0.00   
6377.79   0.00   
6377.81   0.00   
6377.83   0.00   
6377.85   0.00   
6377.88   0.00   
6377.90   0.00   
6377.92   0.00   
6377.94   0.00   
6377.96   0.00   
6377.98   0.00   
6378.00   0.00   
6378.02   0.00   
6378.04   0.00   
6378.06   0.00   
6378.08   0.00   
6378.10   0.00   
6378.13   0.00   
6378.15   0.00   
6378.17   0.00   
6378.19   0.00   
6378.21   0.00   
6378.23   10.50   
6378.25   21.10   
6378.27   64.80   
6378.29   108.60   
6378.31   155.20   
6378.33   201.90   
6378.35   242.40   
6378.38   282.90   
6378.40   312.60   
6378.42   342.30   
6378.44   358.80   
6378.46   375.30   
6378.48   377.70   
6378.50   380.10   
6378.52   368.30   
6378.54   356.60   
6378.56   337.50   
6378.58   318.30   
6378.60   279.60   
6378.63   240.80   
6378.65   193.80   
6378.67   146.70   
6378.69   98.60   
6378.71   50.60   
6378.73   25.30   
6378.75   0.00   
6378.77   0.00   
6378.79   0.00   
6378.81   0.00   
6378.83   0.00   
6378.85   0.00   
6378.88   0.00   
6378.90   0.00   
6378.92   0.00   
6378.94   0.00   
6378.96   0.00   
6378.98   0.00   
6379.00   0.00   
6379.02   0.00   
6379.04   0.00   
6379.06   0.00   
6379.08   0.00   
6379.10   0.00   
6379.13   0.00   
6379.15   0.00   
6379.17   0.00   
6379.19   0.00   
6379.21   0.00   
6379.23   11.60   
6379.25   23.10   
6379.27   68.70   
6379.29   114.30   
6379.31   162.80   
6379.33   211.30   
6379.35   253.30   
6379.38   295.30   
6379.40   326.10   
6379.42   356.90   
6379.44   373.90   
6379.46   390.90   
6379.48   393.30   
6379.50   395.70   
6379.52   383.50   
6379.54   371.20   
6379.56   344.70   
6379.58   318.20   
6379.60   279.50   
6379.63   240.90   
6379.65   193.90   
6379.67   147.00   
6379.69   99.00   
6379.71   50.90   
6379.73   25.50   
6379.75   0.00   
6379.77   0.00   
6379.79   0.00   
6379.81   0.00   
6379.83   0.00   
6379.85   0.00   
6379.88   0.00   
6379.90   0.00   
6379.92   0.00   
6379.94   0.00   
6379.96   0.00   
6379.98   0.00   
6380.00   0.00   
6380.02   0.00   
6380.04   0.00   
6380.06   0.00   
6380.08   0.00   
6380.10   0.00   
6380.13   0.00   
6380.15   0.00   
6380.17   0.00   
6380.19   0.00   
6380.21   0.00   
6380.23   12.10   
6380.25   24.30   
6380.27   70.00   
6380.29   115.60   
6380.31   164.00   
6380.33   212.30   
6380.35   254.10   
6380.38   296.00   
6380.40   326.60   
6380.42   357.20   
6380.44   374.10   
6380.46   391.00   
6380.48   393.30   
6380.50   395.60   
6380.52   383.40   
6380.54   371.10   
6380.56   339.10   
6380.58   307.00   
6380.60   269.70   
6380.63   232.50   
6380.65   187.30   
6380.67   142.00   
6380.69   95.80   
6380.71   49.50   
6380.73   24.80   
6380.75   0.00   
6380.77   0.00   
6380.79   0.00   
6380.81   0.00   
6380.83   0.00   
6380.85   0.00   
6380.88   0.00   
6380.90   0.00   
6380.92   0.00   
6380.94   0.00   
6380.96   0.00   
6380.98   0.00   
6381.00   0.00   
6381.02   0.00   
6381.04   0.00   
6381.06   0.00   
6381.08   0.00   
6381.10   0.00   
6381.13   0.00   
6381.15   0.00   
6381.17   0.00   
6381.19   0.00   
6381.21   0.00   
6381.23   12.30   
6381.25   24.60   
6381.27   68.70   
6381.29   112.90   
6381.31   159.40   
6381.33   205.90   
6381.35   246.10   
6381.38   286.30   
6381.40   315.70   
6381.42   345.10   
6381.44   361.30   
6381.46   377.40   
6381.48   379.60   
6381.50   381.70   
6381.52   369.90   
6381.54   358.00   
6381.56   328.30   
6381.58   298.50   
6381.60   262.40   
6381.63   226.20   
6381.65   182.20   
6381.67   138.30   
6381.69   93.40   
6381.71   48.50   
6381.73   24.30   
6381.75   0.00   
6381.77   0.00   
6381.79   0.00   
6381.81   0.00   
6381.83   0.00   
6381.85   0.00   
6381.88   0.00   
6381.90   0.00   
6381.92   0.00   
6381.94   0.00   
6381.96   0.00   
6381.98   0.00   
6382.00   0.00   
6382.02   0.00   
6382.04   0.00   
6382.06   0.00   
6382.08   0.00   
6382.10   0.00   
6382.13   0.00   
6382.15   0.00   
6382.17   0.00   
6382.19   0.00   
6382.21   0.00   
6382.23   12.50   
6382.25   25.10   
6382.27   68.00   
6382.29   111.00   
6382.31   156.10   
6382.33   201.20   
6382.35   240.20   
6382.38   279.10   
6382.40   307.60   
6382.42   336.00   
6382.44   351.60   
6382.46   367.20   
6382.48   369.20   
6382.50   371.20   
6382.52   359.70   
6382.54   348.10   
6382.56   331.50   
6382.58   314.80   
6382.60   276.70   
6382.63   238.60   
6382.65   192.40   
6382.67   146.20   
6382.69   98.80   
6382.71   51.50   
6382.73   25.80   
6382.75   0.00   
6382.77   0.00   
6382.79   0.00   
6382.81   0.00   
6382.83   0.00   
6382.85   0.00   
6382.88   0.00   
6382.90   0.00   
6382.92   0.00   
6382.94   0.00   
6382.96   0.00   
6382.98   0.00   
6383.00   0.00   
6383.02   0.00   
6383.04   0.00   
6383.06   0.00   
6383.08   0.00   
6383.10   0.00   
6383.13   0.00   
6383.15   0.00   
6383.17   0.00   
6383.19   0.00   
6383.21   0.00   
6383.23   13.80   
6383.25   27.60   
6383.27   73.00   
6383.29   118.40   
6383.31   165.90   
6383.33   213.30   
6383.35   254.30   
6383.38   295.20   
6383.40   325.00   
6383.42   354.90   
6383.44   371.20   
6383.46   387.50   
6383.48   389.50   
6383.50   391.50   
6383.52   379.30   
6383.54   367.10   
6383.56   338.50   
6383.58   309.90   
6383.60   272.40   
6383.63   234.90   
6383.65   189.50   
6383.67   144.10   
6383.69   97.60   
6383.71   51.10   
6383.73   25.60   
6383.75   0.00   
6383.77   0.00   
6383.79   0.00   
6383.81   0.00   
6383.83   0.00   
6383.85   0.00   
6383.88   0.00   
6383.90   0.00   
6383.92   0.00   
6383.94   0.00   
6383.96   0.00   
6383.98   0.00   
6384.00   0.00   
6384.02   0.00   
6384.04   0.00   
6384.06   0.00   
6384.08   0.00   
6384.10   0.00   
6384.13   0.00   
6384.15   0.00   
6384.17   0.00   
6384.19   0.00   
6384.21   0.00   
6384.23   14.20   
6384.25   28.40   
6384.27   73.10   
6384.29   117.80   
6384.31   164.40   
6384.33   211.00   
6384.35   251.20   
6384.38   291.30   
6384.40   320.50   
6384.42   349.70   
6384.44   365.70   
6384.46   381.60   
6384.48   383.50   
6384.50   385.40   
6384.52   373.30   
6384.54   361.30   
6384.56   338.20   
6384.58   315.10   
6384.60   277.00   
6384.63   239.00   
6384.65   192.90   
6384.67   146.70   
6384.69   99.50   
6384.71   52.30   
6384.73   26.20   
6384.75   0.00   
6384.77   0.00   
6384.79   0.00   
6384.81   0.00   
6384.83   0.00   
6384.85   0.00   
6384.88   0.00   
6384.90   0.00   
6384.92   0.00   
6384.94   0.00   
6384.96   0.00   
6384.98   0.00   
6385.00   0.00   
6385.02   0.00   
6385.04   0.00   
6385.06   0.00   
6385.08   0.00   
6385.10   0.00   
6385.13   0.00   
6385.15   0.00   
6385.17   0.00   
6385.19   0.00   
6385.21   0.00   
6385.23   15.10   
6385.25   30.10   
6385.27   75.60   
6385.29   121.10   
6385.31   168.40   
6385.33   215.70   
6385.35   256.30   
6385.38   297.00   
6385.40   326.50   
6385.42   356.10   
6385.44   372.10   
6385.46   388.20   
6385.48   390.00   
6385.50   391.90   
6385.52   379.60   
6385.54   367.30   
6385.56   338.00   
6385.58   308.60   
6385.60   271.40   
6385.63   234.20   
6385.65   189.10   
6385.67   144.00   
6385.69   97.80   
6385.71   51.60   
6385.73   25.80   
6385.75   0.00   
6385.77   0.00   
6385.79   0.00   
6385.81   0.00   
6385.83   0.00   
6385.85   0.00   
6385.88   0.00   
6385.90   0.00   
6385.92   0.00   
6385.94   0.00   
6385.96   0.00   
6385.98   0.00   
6386.00   0.00   
6386.02   0.00   
6386.04   0.00   
6386.06   0.00   
6386.08   0.00   
6386.10   0.00   
6386.13   0.00   
6386.15   0.00   
6386.17   0.00   
6386.19   0.00   
6386.21   0.00   
6386.23   15.40   
6386.25   30.70   
6386.27   75.30   
6386.29   119.90   
6386.31   166.10   
6386.33   212.30   
6386.35   252.00   
6386.38   291.70   
6386.40   320.50   
6386.42   349.30   
6386.44   364.80   
6386.46   380.40   
6386.48   382.10   
6386.50   383.90   
6386.52   371.90   
6386.54   359.80   
6386.56   341.40   
6386.58   323.00   
6386.60   284.10   
6386.63   245.20   
6386.65   198.10   
6386.67   150.90   
6386.69   102.60   
6386.71   54.40   
6386.73   27.20   
6386.75   0.00   
6386.77   0.00   
6386.79   0.00   
6386.81   0.00   
6386.83   0.00   
6386.85   0.00   
6386.88   0.00   
6386.90   0.00   
6386.92   0.00   
6386.94   0.00   
6386.96   0.00   
6386.98   0.00   
6387.00   0.00   
6387.02   0.00   
6387.04   0.00   
6387.06   0.00   
6387.08   0.00   
6387.10   0.00   
6387.13   0.00   
6387.15   0.00   
6387.17   0.00   
6387.19   0.00   
6387.21   0.00   
6387.23   16.70   
6387.25   33.30   
6387.27   80.10   
6387.29   126.80   
6387.31   175.10   
6387.33   223.30   
6387.35   264.70   
6387.38   306.10   
6387.40   336.00   
6387.42   366.00   
6387.44   382.20   
6387.46   398.30   
6387.48   400.10   
6387.50   401.80   
6387.52   389.20   
6387.54   376.60   
6387.56   353.40   
6387.58   330.10   
6387.60   290.40   
6387.63   250.70   
6387.65   202.60   
6387.67   154.50   
6387.69   105.20   
6387.71   56.00   
6387.73   28.00   
6387.75   0.00   
6387.77   0.00   
6387.79   0.00   
6387.81   0.00   
6387.83   0.00   
6387.85   0.00   
6387.88   0.00   
6387.90   0.00   
6387.92   0.00   
6387.94   0.00   
6387.96   0.00   
6387.98   0.00   
6388.00   0.00   
6388.02   0.00   
6388.04   0.00   
6388.06   0.00   
6388.08   0.00   
6388.10   0.00   
6388.13   0.00   
6388.15   0.00   
6388.17   0.00   
6388.19   0.00   
6388.21   0.00   
6388.23   17.70   
6388.25   35.40   
6388.27   83.20   
6388.29   131.00   
6388.31   180.10   
6388.33   229.40   
6388.35   271.50   
6388.38   313.60   
6388.40   344.10   
6388.42   374.50   
6388.44   390.90   
6388.46   407.30   
6388.48   409.00   
6388.50   410.70   
6388.52   397.80   
6388.54   384.80   
6388.56   360.20   
6388.58   335.60   
6388.60   295.30   
6388.63   254.90   
6388.65   206.10   
6388.67   157.30   
6388.69   107.30   
6388.71   57.30   
6388.73   28.60   
6388.75   0.00   
6388.77   0.00   
6388.79   0.00   
6388.81   0.00   
6388.83   0.00   
6388.85   0.00   
6388.88   0.00   
6388.90   0.00   
6388.92   0.00   
6388.94   0.00   
6388.96   0.00   
6388.98   0.00   
6389.00   0.00   
6389.02   0.00   
6389.04   0.00   
6389.06   0.00   
6389.08   0.00   
6389.10   0.00   
6389.13   0.00   
6389.15   0.00   
6389.17   0.00   
6389.19   0.00   
6389.21   0.00   
6389.23   18.60   
6389.25   37.20   
6389.27   85.90   
6389.29   134.50   
6389.31   184.40   
6389.33   234.30   
6389.35   276.90   
6389.38   319.60   
6389.40   350.40   
6389.42   381.30   
6389.44   397.80   
6389.46   414.30   
6389.48   415.90   
6389.50   417.50   
6389.52   404.40   
6389.54   391.20   
6389.56   358.00   
6389.58   324.80   
6389.60   285.80   
6389.63   246.80   
6389.65   199.70   
6389.67   152.50   
6389.69   104.20   
6389.71   55.80   
6389.73   27.90   
6389.75   0.00   
6389.77   0.00   
6389.79   0.00   
6389.81   0.00   
6389.83   0.00   
6389.85   0.00   
6389.88   0.00   
6389.90   0.00   
6389.92   0.00   
6389.94   0.00   
6389.96   0.00   
6389.98   0.00   
6390.00   0.00   
6390.02   0.00   
6390.04   0.00   
6390.06   0.00   
6390.08   0.00   
6390.10   0.00   
6390.13   0.00   
6390.15   0.00   
6390.17   0.00   
6390.19   0.00   
6390.21   0.00   
6390.23   18.60   
6390.25   37.30   
6390.27   84.40   
6390.29   131.50   
6390.31   179.70   
6390.33   227.80   
6390.35   269.00   
6390.38   310.10   
6390.40   339.80   
6390.42   369.50   
6390.44   385.30   
6390.46   401.10   
6390.48   402.60   
6390.50   404.20   
6390.52   391.40   
6390.54   378.60   
6390.56   356.80   
6390.58   335.00   
6390.60   294.80   
6390.63   254.70   
6390.65   206.10   
6390.67   157.50   
6390.69   107.70   
6390.71   57.90   
6390.73   28.90   
6390.75   0.00   
6390.77   0.00   
6390.79   0.00   
6390.81   0.00   
6390.83   0.00   
6390.85   0.00   
6390.88   0.00   
6390.90   0.00   
6390.92   0.00   
6390.94   0.00   
6390.96   0.00   
6390.98   0.00   
6391.00   0.00   
6391.02   0.00   
6391.04   0.00   
6391.06   0.00   
6391.08   0.00   
6391.10   0.00   
6391.13   0.00   
6391.15   0.00   
6391.17   0.00   
6391.19   0.00   
6391.21   0.00   
6391.23   19.90   
6391.25   39.80   
6391.27   88.30   
6391.29   136.90   
6391.31   186.50   
6391.33   236.00   
6391.35   278.30   
6391.38   320.60   
6391.40   351.00   
6391.42   381.50   
6391.44   397.70   
6391.46   413.90   
6391.48   415.30   
6391.50   416.80   
6391.52   403.60   
6391.54   390.40   
6391.56   365.30   
6391.58   340.30   
6391.60   299.50   
6391.63   258.80   
6391.65   209.50   
6391.67   160.30   
6391.69   109.70   
6391.71   59.20   
6391.73   29.60   
6391.75   0.00   
6391.77   0.00   
6391.79   0.00   
6391.81   0.00   
6391.83   0.00   
6391.85   0.00   
6391.88   0.00   
6391.90   0.00   
6391.92   0.00   
6391.94   0.00   
6391.96   0.00   
6391.98   0.00   
6392.00   0.00   
6392.02   0.00   
6392.04   0.00   
6392.06   0.00   
6392.08   0.00   
6392.10   0.00   
6392.13   0.00   
6392.15   0.00   
6392.17   0.00   
6392.19   0.00   
6392.21   0.00   
6392.23   20.90   
6392.25   41.70   
6392.27   91.10   
6392.29   140.50   
6392.31   190.70   
6392.33   240.90   
6392.35   283.70   
6392.38   326.40   
6392.40   357.20   
6392.42   388.00   
6392.44   404.30   
6392.46   420.60   
6392.48   422.00   
6392.50   423.40   
6392.52   410.00   
6392.54   396.60   
6392.56   364.80   
6392.58   333.10   
6392.60   293.30   
6392.63   253.40   
6392.65   205.30   
6392.67   157.10   
6392.69   107.70   
6392.71   58.30   
6392.73   29.20   
6392.75   0.00   
6392.77   0.00   
6392.79   0.00   
6392.81   0.00   
6392.83   0.00   
6392.85   0.00   
6392.88   0.00   
6392.90   0.00   
6392.92   0.00   
6392.94   0.00   
6392.96   0.00   
6392.98   0.00   
6393.00   0.00   
6393.02   0.00   
6393.04   0.00   
6393.06   0.00   
6393.08   0.00   
6393.10   0.00   
6393.13   0.00   
6393.15   0.00   
6393.17   0.00   
6393.19   0.00   
6393.21   0.00   
6393.23   21.00   
6393.25   42.10   
6393.27   90.40   
6393.29   138.80   
6393.31   187.90   
6393.33   236.90   
6393.35   278.60   
6393.38   320.30   
6393.40   350.30   
6393.42   380.20   
6393.44   396.10   
6393.46   411.90   
6393.48   413.20   
6393.50   414.50   
6393.52   401.30   
6393.54   388.20   
6393.56   356.80   
6393.58   325.50   
6393.60   286.60   
6393.63   247.70   
6393.65   200.70   
6393.67   153.80   
6393.69   105.60   
6393.71   57.40   
6393.73   28.70   
6393.75   0.00   
6393.77   0.00   
6393.79   0.00   
6393.81   0.00   
6393.83   0.00   
6393.85   0.00   
6393.88   0.00   
6393.90   0.00   
6393.92   0.00   
6393.94   0.00   
6393.96   0.00   
6393.98   0.00   
6394.00   0.00   
6394.02   0.00   
6394.04   0.00   
6394.06   0.00   
6394.08   0.00   
6394.10   0.00   
6394.13   0.00   
6394.15   0.00   
6394.17   0.00   
6394.19   0.00   
6394.21   0.00   
6394.23   21.20   
6394.25   42.40   
6394.27   89.60   
6394.29   136.90   
6394.31   184.70   
6394.33   232.50   
6394.35   273.10   
6394.38   313.70   
6394.40   342.80   
6394.42   372.00   
6394.44   387.30   
6394.46   402.70   
6394.48   403.90   
6394.50   405.00   
6394.52   392.10   
6394.54   379.30   
6394.56   352.90   
6394.58   326.60   
6394.60   287.60   
6394.63   248.70   
6394.65   201.60   
6394.67   154.50   
6394.69   106.20   
6394.71   57.90   
6394.73   29.00   
6394.75   0.00   
6394.77   0.00   
6394.79   0.00   
6394.81   0.00   
6394.83   0.00   
6394.85   0.00   
6394.88   0.00   
6394.90   0.00   
6394.92   0.00   
6394.94   0.00   
6394.96   0.00   
6394.98   0.00   
6395.00   0.00   
6395.02   0.00   
6395.04   0.00   
6395.06   0.00   
6395.08   0.00   
6395.10   0.00   
6395.13   0.00   
6395.15   0.00   
6395.17   0.00   
6395.19   0.00   
6395.21   0.00   
6395.23   21.90   
6395.25   43.80   
6395.27   91.20   
6395.29   138.70   
6395.31   186.50   
6395.33   234.40   
6395.35   274.90   
6395.38   315.50   
6395.40   344.60   
6395.42   373.70   
6395.44   389.00   
6395.46   404.30   
6395.48   405.40   
6395.50   406.50   
6395.52   393.50   
6395.54   380.60   
6395.56   355.90   
6395.58   331.20   
6395.60   291.70   
6395.63   252.20   
6395.65   204.60   
6395.67   156.90   
6395.69   108.00   
6395.71   59.10   
6395.73   29.60   
6395.75   0.00   
6395.77   0.00   
6395.79   0.00   
6395.81   0.00   
6395.83   0.00   
6395.85   0.00   
6395.88   0.00   
6395.90   0.00   
6395.92   0.00   
6395.94   0.00   
6395.96   0.00   
6395.98   0.00   
6396.00   0.00   
6396.02   0.00   
6396.04   0.00   
6396.06   0.00   
6396.08   0.00   
6396.10   0.00   
6396.13   0.00   
6396.15   0.00   
6396.17   0.00   
6396.19   0.00   
6396.21   0.00   
6396.23   22.80   
6396.25   45.60   
6396.27   93.80   
6396.29   141.90   
6396.31   190.20   
6396.33   238.60   
6396.35   279.60   
6396.38   320.70   
6396.40   350.00   
6396.42   379.40   
6396.44   394.70   
6396.46   410.00   
6396.48   411.10   
6396.50   412.20   
6396.52   399.00   
6396.54   385.80   
6396.56   363.60   
6396.58   341.20   
6396.60   300.60   
6396.63   260.00   
6396.65   211.00   
6396.67   162.00   
6396.69   111.60   
6396.71   61.30   
6396.73   30.70   
6396.75   0.00   
6396.77   0.00   
6396.79   0.00   
6396.81   0.00   
6396.83   0.00   
6396.85   0.00   
6396.88   0.00   
6396.90   0.00   
6396.92   0.00   
6396.94   0.00   
6396.96   0.00   
6396.98   0.00   
6397.00   0.00   
6397.02   0.00   
6397.04   0.00   
6397.06   0.00   
6397.08   0.00   
6397.10   0.00   
6397.13   0.00   
6397.15   0.00   
6397.17   0.00   
6397.19   0.00   
6397.21   0.00   
6397.23   24.20   
6397.25   48.30   
6397.27   97.90   
6397.29   147.50   
6397.31   197.20   
6397.33   246.90   
6397.35   289.00   
6397.38   331.10   
6397.40   361.20   
6397.42   391.30   
6397.44   407.00   
6397.46   422.70   
6397.48   423.70   
6397.50   424.70   
6397.52   411.10   
6397.54   397.50   
6397.56   369.10   
6397.58   340.80   
6397.60   300.30   
6397.63   259.70   
6397.65   210.90   
6397.67   162.00   
6397.69   111.80   
6397.71   61.60   
6397.73   30.80   
6397.75   0.00   
6397.77   0.00   
6397.79   0.00   
6397.81   0.00   
6397.83   0.00   
6397.85   0.00   
6397.88   0.00   
6397.90   0.00   
6397.92   0.00   
6397.94   0.00   
6397.96   0.00   
6397.98   0.00   
6398.00   0.00   
6398.02   0.00   
6398.04   0.00   
6398.06   0.00   
6398.08   0.00   
6398.10   0.00   
6398.13   0.00   
6398.15   0.00   
6398.17   0.00   
6398.19   0.00   
6398.21   0.00   
6398.23   24.80   
6398.25   49.50   
6398.27   99.00   
6398.29   148.50   
6398.31   198.10   
6398.33   247.60   
6398.35   289.50   
6398.38   331.40   
6398.40   361.30   
6398.42   391.20   
6398.44   406.70   
6398.46   422.30   
6398.48   423.20   
6398.50   424.10   
6398.52   410.50   
6398.54   397.00   
6398.56   361.00   
6398.58   325.00   
6398.60   286.40   
6398.63   247.80   
6398.65   201.30   
6398.67   154.70   
6398.69   106.90   
6398.71   59.10   
6398.73   29.60   
6398.75   0.00   
6398.77   0.00   
6398.79   0.00   
6398.81   0.00   
6398.83   0.00   
6398.85   0.00   
6398.88   0.00   
6398.90   0.00   
6398.92   0.00   
6398.94   0.00   
6398.96   0.00   
6398.98   0.00   
6399.00   0.00   
6399.02   0.00   
6399.04   0.00   
6399.06   0.00   
6399.08   0.00   
6399.10   0.00   
6399.13   0.00   
6399.15   0.00   
6399.17   0.00   
6399.19   0.00   
6399.21   0.00   
6399.23   24.20   
6399.25   48.40   
6399.27   95.60   
6399.29   142.90   
6399.31   190.00   
6399.33   237.10   
6399.35   276.90   
6399.38   316.70   
6399.40   345.10   
6399.42   373.40   
6399.44   388.10   
6399.46   402.80   
6399.48   403.60   
6399.50   404.40   
6399.52   391.50   
6399.54   378.50   
6399.56   355.60   
6399.58   332.60   
6399.60   293.10   
6399.63   253.70   
6399.65   206.20   
6399.67   158.60   
6399.69   109.80   
6399.71   60.90   
6399.73   30.50   
6399.75   0.00   
6399.77   0.00   
6399.79   0.00   
6399.81   0.00   
6399.83   0.00   
6399.85   0.00   
6399.88   0.00   
6399.90   0.00   
6399.92   0.00   
6399.94   0.00   
6399.96   0.00   
6399.98   0.00   
6400.00   0.00   
6400.02   0.00   
6400.04   0.00   
6400.06   0.00   
6400.08   0.00   
6400.10   0.00   
6400.13   0.00   
6400.15   0.00   
6400.17   0.00   
6400.19   0.00   
6400.21   0.00   
6400.23   25.40   
6400.25   50.80   
6400.27   99.10   
6400.29   147.40   
6400.31   195.50   
6400.33   243.60   
6400.35   284.20   
6400.38   324.80   
6400.40   353.70   
6400.42   382.60   
6400.44   397.50   
6400.46   412.40   
6400.48   413.10   
6400.50   413.90   
6400.52   400.60   
6400.54   387.30   
6400.56   358.70   
6400.58   330.00   
6400.60   290.90   
6400.63   251.80   
6400.65   204.70   
6400.67   157.60   
6400.69   109.20   
6400.71   60.80   
6400.73   30.40   
6400.75   0.00   
6400.77   0.00   
6400.79   0.00   
6400.81   0.00   
6400.83   0.00   
6400.85   0.00   
6400.88   0.00   
6400.90   0.00   
6400.92   0.00   
6400.94   0.00   
6400.96   0.00   
6400.98   0.00   
6401.00   0.00   
6401.02   0.00   
6401.04   0.00   
6401.06   0.00   
6401.08   0.00   
6401.10   0.00   
6401.13   0.00   
6401.15   0.00   
6401.17   0.00   
6401.19   0.00   
6401.21   0.00   
6401.23   25.80   
6401.25   51.60   
6401.27   99.50   
6401.29   147.40   
6401.31   195.00   
6401.33   242.70   
6401.35   282.80   
6401.38   322.90   
6401.40   351.40   
6401.42   380.00   
6401.44   394.60   
6401.46   409.30   
6401.48   410.00   
6401.50   410.70   
6401.52   397.50   
6401.54   384.30   
6401.56   357.10   
6401.58   329.80   
6401.60   290.80   
6401.63   251.80   
6401.65   204.80   
6401.67   157.80   
6401.69   109.50   
6401.71   61.20   
6401.73   30.60   
6401.75   0.00   
6401.77   0.00   
6401.79   0.00   
6401.81   0.00   
6401.83   0.00   
6401.85   0.00   
6401.88   0.00   
6401.90   0.00   
6401.92   0.00   
6401.94   0.00   
6401.96   0.00   
6401.98   0.00   
6402.00   0.00   
6402.02   0.00   
6402.04   0.00   
6402.06   0.00   
6402.08   0.00   
6402.10   0.00   
6402.13   0.00   
6402.15   0.00   
6402.17   0.00   
6402.19   0.00   
6402.21   0.00   
6402.23   26.40   
6402.25   52.80   
6402.27   100.70   
6402.29   148.50   
6402.31   196.00   
6402.33   243.50   
6402.35   283.50   
6402.38   323.40   
6402.40   351.80   
6402.42   380.10   
6402.44   394.70   
6402.46   409.20   
6402.48   409.80   
6402.50   410.50   
6402.52   397.30   
6402.54   384.10   
6402.56   360.50   
6402.58   336.90   
6402.60   297.10   
6402.63   257.30   
6402.65   209.40   
6402.67   161.40   
6402.69   112.20   
6402.71   62.90   
6402.73   31.50   
6402.75   0.00   
6402.77   0.00   
6402.79   0.00   
6402.81   0.00   
6402.83   0.00   
6402.85   0.00   
6402.88   0.00   
6402.90   0.00   
6402.92   0.00   
6402.94   0.00   
6402.96   0.00   
6402.98   0.00   
6403.00   0.00   
6403.02   0.00   
6403.04   0.00   
6403.06   0.00   
6403.08   0.00   
6403.10   0.00   
6403.13   0.00   
6403.15   0.00   
6403.17   0.00   
6403.19   0.00   
6403.21   0.00   
6403.23   27.50   
6403.25   55.10   
6403.27   104.00   
6403.29   152.90   
6403.31   201.30   
6403.33   249.60   
6403.35   290.30   
6403.38   331.00   
6403.40   359.80   
6403.42   388.60   
6403.44   403.30   
6403.46   418.10   
6403.48   418.70   
6403.50   419.20   
6403.52   405.80   
6403.54   392.30   
6403.56   371.60   
6403.58   350.80   
6403.60   309.40   
6403.63   268.00   
6403.65   218.20   
6403.67   168.40   
6403.69   117.10   
6403.71   65.90   
6403.73   33.00   
6403.75   0.00   
6403.77   0.00   
6403.79   0.00   
6403.81   0.00   
6403.83   0.00   
6403.85   0.00   
6403.88   0.00   
6403.90   0.00   
6403.92   0.00   
6403.94   0.00   
6403.96   0.00   
6403.98   0.00   
6404.00   0.00   
6404.02   0.00   
6404.04   0.00   
6404.06   0.00   
6404.08   0.00   
6404.10   0.00   
6404.13   0.00   
6404.15   0.00   
6404.17   0.00   
6404.19   0.00   
6404.21   0.00   
6404.23   29.30   
6404.25   58.60   
6404.27   109.50   
6404.29   160.40   
6404.31   210.60   
6404.33   260.90   
6404.35   303.10   
6404.38   345.30   
6404.40   375.20   
6404.42   405.10   
6404.44   420.30   
6404.46   435.50   
6404.48   436.00   
6404.50   436.60   
6404.52   422.50   
6404.54   408.50   
6404.56   380.00   
6404.58   351.60   
6404.60   310.20   
6404.63   268.70   
6404.65   218.90   
6404.67   169.00   
6404.69   117.70   
6404.71   66.50   
6404.73   33.20   
6404.75   0.00   
6404.77   0.00   
6404.79   0.00   
6404.81   0.00   
6404.83   0.00   
6404.85   0.00   
6404.88   0.00   
6404.90   0.00   
6404.92   0.00   
6404.94   0.00   
6404.96   0.00   
6404.98   0.00   
6405.00   0.00   
6405.02   0.00   
6405.04   0.00   
6405.06   0.00   
6405.08   0.00   
6405.10   0.00   
6405.13   0.00   
6405.15   0.00   
6405.17   0.00   
6405.19   0.00   
6405.21   0.00   
6405.23   30.00   
6405.25   60.00   
6405.27   110.90   
6405.29   161.90   
6405.31   212.10   
6405.33   262.40   
6405.35   304.50   
6405.38   346.70   
6405.40   376.50   
6405.42   406.30   
6405.44   421.40   
6405.46   436.50   
6405.48   437.00   
6405.50   437.50   
6405.52   423.40   
6405.54   409.30   
6405.56   378.30   
6405.58   347.30   
6405.60   306.40   
6405.63   265.60   
6405.65   216.40   
6405.67   167.20   
6405.69   116.70   
6405.71   66.10   
6405.73   33.10   
6405.75   0.00   
6405.77   0.00   
6405.79   0.00   
6405.81   0.00   
6405.83   0.00   
6405.85   0.00   
6405.88   0.00   
6405.90   0.00   
6405.92   0.00   
6405.94   0.00   
6405.96   0.00   
6405.98   0.00   
6406.00   0.00   
6406.02   0.00   
6406.04   0.00   
6406.06   0.00   
6406.08   0.00   
6406.10   0.00   
6406.13   0.00   
6406.15   0.00   
6406.17   0.00   
6406.19   0.00   
6406.21   0.00   
6406.23   30.20   
6406.25   60.40   
6406.27   110.70   
6406.29   161.10   
6406.31   210.50   
6406.33   260.00   
6406.35   301.50   
6406.38   343.00   
6406.40   372.30   
6406.42   401.60   
6406.44   416.40   
6406.46   431.20   
6406.48   431.70   
6406.50   432.10   
6406.52   418.20   
6406.54   404.20   
6406.56   381.40   
6406.58   358.50   
6406.60   316.40   
6406.63   274.30   
6406.65   223.60   
6406.67   173.00   
6406.69   120.80   
6406.71   68.70   
6406.73   34.30   
6406.75   0.00   
6406.77   0.00   
6406.79   0.00   
6406.81   0.00   
6406.83   0.00   
6406.85   0.00   
6406.88   0.00   
6406.90   0.00   
6406.92   0.00   
6406.94   0.00   
6406.96   0.00   
6406.98   0.00   
6407.00   0.00   
6407.02   0.00   
6407.04   0.00   
6407.06   0.00   
6407.08   0.00   
6407.10   0.00   
6407.13   0.00   
6407.15   0.00   
6407.17   0.00   
6407.19   0.00   
6407.21   0.00   
6407.23   31.80   
6407.25   63.60   
6407.27   115.50   
6407.29   167.40   
6407.31   218.40   
6407.33   269.30   
6407.35   312.00   
6407.38   354.70   
6407.40   384.80   
6407.42   415.00   
6407.44   430.10   
6407.46   445.30   
6407.48   445.70   
6407.50   446.00   
6407.52   431.70   
6407.54   417.30   
6407.56   390.90   
6407.58   364.50   
6407.60   321.70   
6407.63   279.00   
6407.65   227.60   
6407.67   176.10   
6407.69   123.20   
6407.71   70.30   
6407.73   35.10   
6407.75   0.00   
6407.77   0.00   
6407.79   0.00   
6407.81   0.00   
6407.83   0.00   
6407.85   0.00   
6407.88   0.00   
6407.90   0.00   
6407.92   0.00   
6407.94   0.00   
6407.96   0.00   
6407.98   0.00   
6408.00   0.00   
6408.02   0.00   
6408.04   0.00   
6408.06   0.00   
6408.08   0.00   
6408.10   0.00   
6408.13   0.00   
6408.15   0.00   
6408.17   0.00   
6408.19   0.00   
6408.21   0.00   
6408.23   32.90   
6408.25   65.90   
6408.27   118.60   
6408.29   171.40   
6408.31   223.00   
6408.33   274.70   
6408.35   318.00   
6408.38   361.20   
6408.40   391.70   
6408.42   422.10   
6408.44   437.40   
6408.46   452.70   
6408.48   453.10   
6408.50   453.40   
6408.52   438.80   
6408.54   424.20   
6408.56   392.80   
6408.58   361.40   
6408.60   319.10   
6408.63   276.80   
6408.65   225.80   
6408.67   174.90   
6408.69   122.50   
6408.71   70.10   
6408.73   35.10   
6408.75   0.00   
6408.77   0.00   
6408.79   0.00   
6408.81   0.00   
6408.83   0.00   
6408.85   0.00   
6408.88   0.00   
6408.90   0.00   
6408.92   0.00   
6408.94   0.00   
6408.96   0.00   
6408.98   0.00   
6409.00   0.00   
6409.02   0.00   
6409.04   0.00   
6409.06   0.00   
6409.08   0.00   
6409.10   0.00   
6409.13   0.00   
6409.15   0.00   
6409.17   0.00   
6409.19   0.00   
6409.21   0.00   
6409.23   33.30   
6409.25   66.50   
6409.27   118.80   
6409.29   171.00   
6409.31   222.10   
6409.33   273.30   
6409.35   316.00   
6409.38   358.70   
6409.40   388.80   
6409.42   418.90   
6409.44   433.90   
6409.46   449.00   
6409.48   449.20   
6409.50   449.50   
6409.52   435.00   
6409.54   420.50   
6409.56   387.90   
6409.58   355.20   
6409.60   313.70   
6409.63   272.10   
6409.65   222.20   
6409.67   172.20   
6409.69   120.80   
6409.71   69.40   
6409.73   34.70   
6409.75   0.00   
6409.77   0.00   
6409.79   0.00   
6409.81   0.00   
6409.83   0.00   
6409.85   0.00   
6409.88   0.00   
6409.90   0.00   
6409.92   0.00   
6409.94   0.00   
6409.96   0.00   
6409.98   0.00   
6410.00   0.00   
6410.02   0.00   
6410.04   0.00   
6410.06   0.00   
6410.08   0.00   
6410.10   0.00   
6410.13   0.00   
6410.15   0.00   
6410.17   0.00   
6410.19   0.00   
6410.21   0.00   
6410.23   33.30   
6410.25   66.50   
6410.27   117.80   
6410.29   169.10   
6410.31   219.30   
6410.33   269.40   
6410.35   311.20   
6410.38   353.10   
6410.40   382.50   
6410.42   412.00   
6410.44   426.60   
6410.46   441.30   
6410.48   441.50   
6410.50   441.70   
6410.52   427.50   
6410.54   413.20   
6410.56   379.90   
6410.58   346.60   
6410.60   306.20   
6410.63   265.70   
6410.65   217.00   
6410.67   168.40   
6410.69   118.20   
6410.71   68.10   
6410.73   34.10   
6410.75   0.00   
6410.77   0.00   
6410.79   0.00   
6410.81   0.00   
6410.83   0.00   
6410.85   0.00   
6410.88   0.00   
6410.90   0.00   
6410.92   0.00   
6410.94   0.00   
6410.96   0.00   
6410.98   0.00   
6411.00   0.00   
6411.02   0.00   
6411.04   0.00   
6411.06   0.00   
6411.08   0.00   
6411.10   0.00   
6411.13   0.00   
6411.15   0.00   
6411.17   0.00   
6411.19   0.00   
6411.21   0.00   
6411.23   33.00   
6411.25   66.00   
6411.27   116.00   
6411.29   166.10   
6411.31   214.90   
6411.33   263.60   
6411.35   304.30   
6411.38   345.00   
6411.40   373.60   
6411.42   402.20   
6411.44   416.40   
6411.46   430.60   
6411.48   430.80   
6411.50   430.90   
6411.52   417.10   
6411.54   403.20   
6411.56   376.90   
6411.58   350.60   
6411.60   309.80   
6411.63   268.90   
6411.65   219.80   
6411.67   170.60   
6411.69   120.00   
6411.71   69.40   
6411.73   34.70   
6411.75   0.00   
6411.77   0.00   
6411.79   0.00   
6411.81   0.00   
6411.83   0.00   
6411.85   0.00   
6411.88   0.00   
6411.90   0.00   
6411.92   0.00   
6411.94   0.00   
6411.96   0.00   
6411.98   0.00   
6412.00   0.00   
6412.02   0.00   
6412.04   0.00   
6412.06   0.00   
6412.08   0.00   
6412.10   0.00   
6412.13   0.00   
6412.15   0.00   
6412.17   0.00   
6412.19   0.00   
6412.21   0.00   
6412.23   33.90   
6412.25   67.90   
6412.27   118.40   
6412.29   169.00   
6412.31   218.20   
6412.33   267.40   
6412.35   308.50   
6412.38   349.50   
6412.40   378.30   
6412.42   407.10   
6412.44   421.40   
6412.46   435.60   
6412.48   435.70   
6412.50   435.90   
6412.52   421.80   
6412.54   407.80   
6412.56   377.20   
6412.58   346.60   
6412.60   306.30   
6412.63   265.90   
6412.65   217.50   
6412.67   169.00   
6412.69   119.00   
6412.71   69.00   
6412.73   34.50   
6412.75   0.00   
6412.77   0.00   
6412.79   0.00   
6412.81   0.00   
6412.83   0.00   
6412.85   0.00   
6412.88   0.00   
6412.90   0.00   
6412.92   0.00   
6412.94   0.00   
6412.96   0.00   
6412.98   0.00   
6413.00   0.00   
6413.02   0.00   
6413.04   0.00   
6413.06   0.00   
6413.08   0.00   
6413.10   0.00   
6413.13   0.00   
6413.15   0.00   
6413.17   0.00   
6413.19   0.00   
6413.21   0.00   
6413.23   34.10   
6413.25   68.10   
6413.27   118.10   
6413.29   168.00   
6413.31   216.50   
6413.33   265.10   
6413.35   305.50   
6413.38   346.00   
6413.40   374.30   
6413.42   402.70   
6413.44   416.70   
6413.46   430.70   
6413.48   430.70   
6413.50   430.80   
6413.52   416.90   
6413.54   403.10   
6413.56   369.90   
6413.58   336.80   
6413.60   297.70   
6413.63   258.50   
6413.65   211.50   
6413.67   164.50   
6413.69   116.00   
6413.71   67.50   
6413.73   33.70   
6413.75   0.00   
6413.77   0.00   
6413.79   0.00   
6413.81   0.00   
6413.83   0.00   
6413.85   0.00   
6413.88   0.00   
6413.90   0.00   
6413.92   0.00   
6413.94   0.00   
6413.96   0.00   
6413.98   0.00   
6414.00   0.00   
6414.02   0.00   
6414.04   0.00   
6414.06   0.00   
6414.08   0.00   
6414.10   0.00   
6414.13   0.00   
6414.15   0.00   
6414.17   0.00   
6414.19   0.00   
6414.21   0.00   
6414.23   33.60   
6414.25   67.20   
6414.27   115.70   
6414.29   164.20   
6414.31   211.20   
6414.33   258.20   
6414.35   297.40   
6414.38   336.60   
6414.40   364.00   
6414.42   391.40   
6414.44   404.90   
6414.46   418.40   
6414.48   418.50   
6414.50   418.50   
6414.52   405.00   
6414.54   391.60   
6414.56   369.70   
6414.58   347.80   
6414.60   307.50   
6414.63   267.10   
6414.65   218.60   
6414.67   170.20   
6414.69   120.20   
6414.71   70.20   
6414.73   35.10   
6414.75   0.00   
6414.77   0.00   
6414.79   0.00   
6414.81   0.00   
6414.83   0.00   
6414.85   0.00   
6414.88   0.00   
6414.90   0.00   
6414.92   0.00   
6414.94   0.00   
6414.96   0.00   
6414.98   0.00   
6415.00   0.00   
6415.02   0.00   
6415.04   0.00   
6415.06   0.00   
6415.08   0.00   
6415.10   0.00   
6415.13   0.00   
6415.15   0.00   
6415.17   0.00   
6415.19   0.00   
6415.21   0.00   
6415.23   35.20   
6415.25   70.40   
6415.27   120.40   
6415.29   170.40   
6415.31   218.90   
6415.33   267.40   
6415.35   307.70   
6415.38   348.00   
6415.40   376.20   
6415.42   404.40   
6415.44   418.30   
6415.46   432.10   
6415.48   432.10   
6415.50   432.10   
6415.52   418.20   
6415.54   404.30   
6415.56   379.50   
6415.58   354.70   
6415.60   313.60   
6415.63   272.50   
6415.65   223.20   
6415.67   173.80   
6415.69   122.90   
6415.71   72.00   
6415.73   36.00   
6415.75   0.00   
6415.77   0.00   
6415.79   0.00   
6415.81   0.00   
6415.83   0.00   
6415.85   0.00   
6415.88   0.00   
6415.90   0.00   
6415.92   0.00   
6415.94   0.00   
6415.96   0.00   
6415.98   0.00   
6416.00   0.00   
6416.02   0.00   
6416.04   0.00   
6416.06   0.00   
6416.08   0.00   
6416.10   0.00   
6416.13   0.00   
6416.15   0.00   
6416.17   0.00   
6416.19   0.00   
6416.21   0.00   
6416.23   36.40   
6416.25   72.80   
6416.27   123.80   
6416.29   174.70   
6416.31   224.00   
6416.33   273.30   
6416.35   314.20   
6416.38   355.30   
6416.40   383.90   
6416.42   412.50   
6416.44   426.50   
6416.46   440.50   
6416.48   440.50   
6416.50   440.40   
6416.52   426.30   
6416.54   412.20   
6416.56   387.50   
6416.58   362.80   
6416.60   320.80   
6416.63   278.90   
6416.65   228.50   
6416.67   178.10   
6416.69   126.20   
6416.71   74.20   
6416.73   37.10   
6416.75   0.00   
6416.77   0.00   
6416.79   0.00   
6416.81   0.00   
6416.83   0.00   
6416.85   0.00   
6416.88   0.00   
6416.90   0.00   
6416.92   0.00   
6416.94   0.00   
6416.96   0.00   
6416.98   0.00   
6417.00   0.00   
6417.02   0.00   
6417.04   0.00   
6417.06   0.00   
6417.08   0.00   
6417.10   0.00   
6417.13   0.00   
6417.15   0.00   
6417.17   0.00   
6417.19   0.00   
6417.21   0.00   
6417.23   37.80   
6417.25   75.50   
6417.27   127.50   
6417.29   179.50   
6417.31   229.80   
6417.33   280.10   
6417.35   321.90   
6417.38   363.70   
6417.40   392.90   
6417.42   422.10   
6417.44   436.30   
6417.46   450.50   
6417.48   450.40   
6417.50   450.30   
6417.52   435.90   
6417.54   421.50   
6417.56   385.10   
6417.58   348.80   
6417.60   308.50   
6417.63   268.30   
6417.65   219.90   
6417.67   171.60   
6417.69   121.70   
6417.71   71.80   
6417.73   35.90   
6417.75   0.00   
6417.77   0.00   
6417.79   0.00   
6417.81   0.00   
6417.83   0.00   
6417.85   0.00   
6417.88   0.00   
6417.90   0.00   
6417.92   0.00   
6417.94   0.00   
6417.96   0.00   
6417.98   0.00   
6418.00   0.00   
6418.02   0.00   
6418.04   0.00   
6418.06   0.00   
6418.08   0.00   
6418.10   0.00   
6418.13   0.00   
6418.15   0.00   
6418.17   0.00   
6418.19   0.00   
6418.21   0.00   
6418.23   36.80   
6418.25   73.60   
6418.27   123.50   
6418.29   173.50   
6418.31   221.70   
6418.33   270.00   
6418.35   310.00   
6418.38   350.10   
6418.40   378.10   
6418.42   406.00   
6418.44   419.60   
6418.46   433.20   
6418.48   433.10   
6418.50   433.00   
6418.52   419.10   
6418.54   405.20   
6418.56   382.40   
6418.58   359.60   
6418.60   318.20   
6418.63   276.80   
6418.65   227.00   
6418.67   177.20   
6418.69   125.90   
6418.71   74.50   
6418.73   37.30   
6418.75   0.00   
6418.77   0.00   
6418.79   0.00   
6418.81   0.00   
6418.83   0.00   
6418.85   0.00   
6418.88   0.00   
6418.90   0.00   
6418.92   0.00   
6418.94   0.00   
6418.96   0.00   
6418.98   0.00   
6419.00   0.00   
6419.02   0.00   
6419.04   0.00   
6419.06   0.00   
6419.08   0.00   
6419.10   0.00   
6419.13   0.00   
6419.15   0.00   
6419.17   0.00   
6419.19   0.00   
6419.21   0.00   
6419.23   38.40   
6419.25   76.80   
6419.27   128.20   
6419.29   179.70   
6419.31   229.30   
6419.33 	278.90 
6419.35 	320.10 
6419.38 	361.30 
6419.40 	390.00 
6419.42 	418.70 
6419.44 	432.60 
6419.46 	446.50 
6419.48 	446.40 
6419.50 	446.20 
6419.52 	431.90 
6419.54 	417.70 
6419.56 	382.10 
6419.58 	346.70 
6419.60 	306.80 
6419.63 	266.90 
6419.65 	219.10 
6419.67 	171.20 
6419.69 	121.70 
6419.71 	72.30 
6419.73 	36.20 
6419.75 	0.00 
6419.77 	0.00 
6419.79 	0.00 
6419.81 	0.00 
6419.83 	0.00 
6419.85 	0.00 
6419.88 	0.00 
6419.90 	0.00 
6419.92 	0.00 
6419.94 	0.00 
6419.96 	0.00 
6419.98 	0.00 
6420.00 	0.00 
6420.02 	0.00 
6420.04 	0.00 
6420.06 	0.00 
6420.08 	0.00 
6420.10 	0.00 
6420.13 	0.00 
6420.15 	0.00 
6420.17 	0.00 
6420.19 	0.00 
6420.21 	0.00 
6420.23 	37.50 
6420.25 	74.90 
6420.27 	124.40 
6420.29 	174.00 
6420.31 	221.70 
6420.33 	269.40 
6420.35 	309.00 
6420.38 	348.50 
6420.40 	376.10 
6420.42 	403.70 
6420.44 	417.00 
6420.46 	430.30 
6420.48 	430.20 
6420.50 	430.00 
6420.52 	416.20 
6420.54 	402.50 
6420.56 	372.20 
6420.58 	341.80 
6420.60 	302.60 
6420.63 	263.40 
6420.65 	216.20 
6420.67 	169.10 
6420.69 	120.50 
6420.71 	71.80 
6420.73 	35.90 
6420.75 	0.00 
6420.77 	0.00 
6420.79 	0.00 
6420.81 	0.00 
6420.83 	0.00 
6420.85 	0.00 
6420.88 	0.00 
6420.90 	0.00 
6420.92 	0.00 
6420.94 	0.00 
6420.96 	0.00 
6420.98 	0.00 
6421.00 	0.00 
6421.02 	0.00 
6421.04 	0.00 
6421.06 	0.00 
6421.08 	0.00 
6421.10 	0.00 
6421.13 	0.00 
6421.15 	0.00 
6421.17 	0.00 
6421.19 	0.00 
6421.21 	0.00 
6421.23 	37.40 
6421.25 	74.70 
6421.27 	123.50 
6421.29 	172.30 
6421.31 	219.20 
6421.33 	266.20 
6421.35 	305.10 
6421.38 	344.00 
6421.40 	371.10 
6421.42 	398.20 
6421.44 	411.20 
6421.46 	424.30 
6421.48 	424.10 
6421.50 	423.90 
6421.52 	410.40 
6421.54 	396.90 
6421.56 	375.90 
6421.58 	355.00 
6421.60 	314.30 
6421.63 	273.60 
6421.65 	224.80 
6421.67 	176.00 
6421.69 	125.50 
6421.71 	75.00 
6421.73 	37.50 
6421.75 	0.00 
6421.77 	0.00 
6421.79 	0.00 
6421.81 	0.00 
6421.83 	0.00 
6421.85 	0.00 
6421.88 	0.00 
6421.90 	0.00 
6421.92 	0.00 
6421.94 	0.00 
6421.96 	0.00 
6421.98 	0.00 
6422.00 	0.00 
6422.02 	0.00 
6422.04 	0.00 
6422.06 	0.00 
6422.08 	0.00 
6422.10 	0.00 
6422.13 	0.00 
6422.15 	0.00 
6422.17 	0.00 
6422.19 	0.00 
6422.21 	0.00 
6422.23 	39.20 
6422.25 	78.50 
6422.27 	129.00 
6422.29 	179.60 
6422.31 	228.20 
6422.33 	276.90 
6422.35 	317.20 
6422.38 	357.50 
6422.40 	385.50 
6422.42 	413.50 
6422.44 	427.00 
6422.46 	440.50 
6422.48 	440.20 
6422.50 	440.00 
6422.52 	426.00 
6422.54 	412.00 
6422.56 	380.30 
6422.58 	348.60 
6422.60 	308.70 
6422.63 	268.90 
6422.65 	221.00 
6422.67 	173.20 
6422.69 	123.70 
6422.71 	74.20 
6422.73 	37.10 
6422.75 	0.00 
6422.77 	0.00 
6422.79 	0.00 
6422.81 	0.00 
6422.83 	0.00 
6422.85 	0.00 
6422.88 	0.00 
6422.90 	0.00 
6422.92 	0.00 
6422.94 	0.00 
6422.96 	0.00 
6422.98 	0.00 
6423.00 	0.00 
6423.02 	0.00 
6423.04 	0.00 
6423.06 	0.00 
6423.08 	0.00 
6423.10 	0.00 
6423.13 	0.00 
6423.15 	0.00 
6423.17 	0.00 
6423.19 	0.00 
6423.21 	0.00 
6423.23 	38.90 
6423.25 	77.90 
6423.27 	127.50 
6423.29 	177.10 
6423.31 	224.70 
6423.33 	272.30 
6423.35 	311.80 
6423.38 	351.20 
6423.40 	378.70 
6423.42 	406.10 
6423.44 	419.20 
6423.46 	432.40 
6423.48 	432.20 
6423.50 	431.90 
6423.52 	418.20 
6423.54 	404.50 
6423.56 	375.20 
6423.58 	345.90 
6423.60 	306.50 
6423.63 	267.00 
6423.65 	219.60 
6423.67 	172.20 
6423.69 	123.20 
6423.71 	74.10 
6423.73 	37.00 
6423.75 	0.00 
6423.77 	0.00 
6423.79 	0.00 
6423.81 	0.00 
6423.83 	0.00 
6423.85 	0.00 
6423.88 	0.00 
6423.90 	0.00 
6423.92 	0.00 
6423.94 	0.00 
6423.96 	0.00 
6423.98 	0.00 
6424.00 	0.00 
6424.02 	0.00 
6424.04 	0.00 
6424.06 	0.00 
6424.08 	0.00 
6424.10 	0.00 
6424.13 	0.00 
6424.15 	0.00 
6424.17 	0.00 
6424.19 	0.00 
6424.21 	0.00 
6424.23 	39.00 
6424.25 	78.10 
6424.27 	127.20 
6424.29 	176.40 
6424.31 	223.50 
6424.33 	270.70 
6424.35 	309.70 
6424.38 	348.80 
6424.40 	375.90 
6424.42 	403.00 
6424.44 	416.00 
6424.46 	429.00 
6424.48 	428.80 
6424.50 	428.50 
6424.52 	414.90 
6424.54 	401.30 
6424.56 	371.00 
6424.58 	340.70 
6424.60 	301.90 
6424.63 	263.10 
6424.65 	216.50 
6424.67 	169.90 
6424.69 	121.70 
6424.71 	73.50 
6424.73 	36.70 
6424.75 	0.00 
6424.77 	0.00 
6424.79 	0.00 
6424.81 	0.00 
6424.83 	0.00 
6424.85 	0.00 
6424.88 	0.00 
6424.90 	0.00 
6424.92 	0.00 
6424.94 	0.00 
6424.96 	0.00 
6424.98 	0.00 
6425.00 	0.00 
6425.02 	0.00 
6425.04 	0.00 
6425.06 	0.00 
6425.08 	0.00 
6425.10 	0.00 
6425.13 	0.00 
6425.15 	0.00 
6425.17 	0.00 
6425.19 	0.00 
6425.21 	0.00 
6425.23 	38.80 
6425.25 	77.60 
6425.27 	126.00 
6425.29 	174.30 
6425.31 	220.70 
6425.33 	267.00 
6425.35 	305.40 
6425.38 	343.70 
6425.40 	370.30 
6425.42 	397.00 
6425.44 	409.70 
6425.46 	422.40 
6425.48 	422.10 
6425.50 	421.90 
6425.52 	408.50 
6425.54 	395.10 
6425.56 	365.50 
6425.58 	336.00 
6425.60 	297.80 
6425.63 	259.60 
6425.65 	213.70 
6425.67 	167.90 
6425.69 	120.40 
6425.71 	72.90 
6425.73 	36.50 
6425.75 	0.00 
6425.77 	0.00 
6425.79 	0.00 
6425.81 	0.00 
6425.83 	0.00 
6425.85 	0.00 
6425.88 	0.00 
6425.90 	0.00 
6425.92 	0.00 
6425.94 	0.00 
6425.96 	0.00 
6425.98 	0.00 
6426.00 	0.00 
6426.02 	0.00 
6426.04 	0.00 
6426.06 	0.00 
6426.08 	0.00 
6426.10 	0.00 
6426.13 	0.00 
6426.15 	0.00 
6426.17 	0.00 
6426.19 	0.00 
6426.21 	0.00 
6426.23 	38.60 
6426.25 	77.30 
6426.27 	124.90 
6426.29 	172.50 
6426.31 	218.00 
6426.33 	263.60 
6426.35 	301.40 
6426.38 	339.10 
6426.40 	365.20 
6426.42 	391.40 
6426.44 	403.90 
6426.46 	416.30 
6426.48 	416.10 
6426.50 	415.80 
6426.52 	402.60 
6426.54 	389.50 
6426.56 	365.80 
6426.58 	342.00 
6426.60 	303.20 
6426.63 	264.40 
6426.65 	217.90 
6426.67 	171.30 
6426.69 	123.00 
6426.71 	74.80 
6426.73 	37.40 
6426.75 	0.00 
6426.77 	0.00 
6426.79 	0.00 
6426.81 	0.00 
6426.83 	0.00 
6426.85 	0.00 
6426.88 	0.00 
6426.90 	0.00 
6426.92 	0.00 
6426.94 	0.00 
6426.96 	0.00 
6426.98 	0.00 
6427.00 	0.00 
6427.02 	0.00 
6427.04 	0.00 
6427.06 	0.00 
6427.08 	0.00 
6427.10 	0.00 
6427.13 	0.00 
6427.15 	0.00 
6427.17 	0.00 
6427.19 	0.10 
6427.21 	0.30 
6427.23 	39.80 
6427.25 	79.40 
6427.27 	127.70 
6427.29 	176.10 
6427.31 	222.40 
6427.33 	268.70 
6427.35 	307.10 
6427.38 	345.40 
6427.40 	371.90 
6427.42 	398.50 
6427.44 	411.10 
6427.46 	423.70 
6427.48 	423.40 
6427.50 	423.20 
6427.52 	409.80 
6427.54 	396.50 
6427.56 	373.30 
6427.58 	350.20 
6427.60 	310.50 
6427.63 	270.90 
6427.65 	223.30 
6427.67 	175.70 
6427.69 	126.40 
6427.71 	77.00 
6427.73 	38.50 
6427.75 	0.00 
6427.77 	0.00 
6427.79 	0.00 
6427.81 	0.00 
6427.83 	0.00 
6427.85 	0.00 
6427.88 	0.00 
6427.90 	0.00 
6427.92 	0.00 
6427.94 	0.00 
6427.96 	0.00 
6427.98 	0.00 
6428.00 	0.00 
6428.02 	0.00 
6428.04 	0.00 
6428.06 	0.00 
6428.08 	0.00 
6428.10 	0.00 
6428.13 	0.00 
6428.15 	0.00 
6428.17 	0.00 
6428.19 	0.50 
6428.21 	0.90 
6428.23 	41.40 
6428.25 	81.90 
6428.27 	131.40 
6428.29 	180.90 
6428.31 	228.20 
6428.33 	275.50 
6428.35 	314.60 
6428.38 	353.70 
6428.40 	380.80 
6428.42 	407.90 
6428.44 	420.80 
6428.46 	433.60 
6428.48 	433.30 
6428.50 	433.00 
6428.52 	419.40 
6428.54 	405.80 
6428.56 	380.70 
6428.58 	355.60 
6428.60 	315.40 
6428.63 	275.30 
6428.65 	227.00 
6428.67 	178.80 
6428.69 	128.80 
6428.71 	78.80 
6428.73 	39.40 
6428.75 	0.00 
6428.77 	0.00 
6428.79 	0.00 
6428.81 	0.00 
6428.83 	0.00 
6428.85 	0.00 
6428.88 	0.00 
6428.90 	0.00 
6428.92 	0.00 
6428.94 	0.00 
6428.96 	0.00 
6428.98 	0.00 
6429.00 	0.00 
6429.02 	0.00 
6429.04 	0.00 
6429.06 	0.00 
6429.08 	0.00 
6429.10 	0.00 
6429.13 	0.00 
6429.15 	0.00 
6429.17 	0.00 
6429.19 	0.80 
6429.21 	1.50 
6429.23 	42.70 
6429.25 	83.90 
6429.27 	134.00 
6429.29 	184.20 
6429.31 	232.10 
6429.33 	280.00 
6429.35 	319.70 
6429.38 	359.30 
6429.40 	386.70 
6429.42 	414.20 
6429.44 	427.20 
6429.46 	440.20 
6429.48 	439.90 
6429.50 	439.50 
6429.52 	425.70 
6429.54 	411.90 
6429.56 	385.40 
6429.58 	358.80 
6429.60 	318.40 
6429.63 	277.90 
6429.65 	229.30 
6429.67 	180.80 
6429.69 	130.40 
6429.71 	80.00 
6429.73 	40.00 
6429.75 	0.00 
6429.77 	0.00 
6429.79 	0.00 
6429.81 	0.00 
6429.83 	0.00 
6429.85 	0.00 
6429.88 	0.00 
6429.90 	0.00 
6429.92 	0.00 
6429.94 	0.00 
6429.96 	0.00 
6429.98 	0.00 
6430.00 	0.00 
6430.02 	0.00 
6430.04 	0.00 
6430.06 	0.00 
6430.08 	0.00 
6430.10 	0.00 
6430.13 	0.00 
6430.15 	0.00 
6430.17 	0.00 
6430.19 	1.10 
6430.21 	2.10 
6430.23 	43.70 
6430.25 	85.30 
6430.27 	135.80 
6430.29 	186.30 
6430.31 	234.60 
6430.33 	282.80 
6430.35 	322.70 
6430.38 	362.60 
6430.40 	390.20 
6430.42 	417.80 
6430.44 	430.90 
6430.46 	443.90 
6430.48 	443.60 
6430.50 	443.30 
6430.52 	429.40 
6430.54 	415.50 
6430.56 	389.80 
6430.58 	364.10 
6430.60 	323.10 
6430.63 	282.20 
6430.65 	233.00 
6430.67 	183.80 
6430.69 	132.80 
6430.71 	81.70 
6430.73 	40.80 
6430.75 	0.00 
6430.77 	0.00 
6430.79 	0.00 
6430.81 	0.00 
6430.83 	0.00 
6430.85 	0.00 
6430.88 	0.00 
6430.90 	0.00 
6430.92 	0.00 
6430.94 	0.00 
6430.96 	0.00 
6430.98 	0.00 
6431.00 	0.00 
6431.02 	0.00 
6431.04 	0.00 
6431.06 	0.00 
6431.08 	0.00 
6431.10 	0.00 
6431.13 	0.00 
6431.15 	0.00 
6431.17 	0.00 
6431.19 	1.40 
6431.21 	2.70 
6431.23 	44.90 
6431.25 	87.20 
6431.27 	138.40 
6431.29 	189.50 
6431.31 	238.40 
6431.33 	287.20 
6431.35 	327.60 
6431.38 	368.00 
6431.40 	395.90 
6431.42 	423.90 
6431.44 	437.00 
6431.46 	450.30 
6431.48 	449.90 
6431.50 	449.60 
6431.52 	435.50 
6431.54 	421.50 
6431.56 	382.40 
6431.58 	343.40 
6431.60 	304.80 
6431.63 	266.30 
6431.65 	220.00 
6431.67 	173.70 
6431.69 	125.70 
6431.71 	77.60 
6431.73 	38.80 
6431.75 	0.00 
6431.77 	0.00 
6431.79 	0.00 
6431.81 	0.00 
6431.83 	0.00 
6431.85 	0.00 
6431.88 	0.00 
6431.90 	0.00 
6431.92 	0.00 
6431.94 	0.00 
6431.96 	0.00 
6431.98 	0.00 
6432.00 	0.00 
6432.02 	0.00 
6432.04 	0.00 
6432.06 	0.00 
6432.08 	0.00 
6432.10 	0.00 
6432.13 	0.00 
6432.15 	0.00 
6432.17 	0.00 
6432.19 	1.50 
6432.21 	3.10 
6432.23 	42.90 
6432.25 	82.80 
6432.27 	131.00 
6432.29 	179.20 
6432.31 	225.10 
6432.33 	271.10 
6432.35 	309.10 
6432.38 	347.10 
6432.40 	373.40 
6432.42 	399.70 
6432.44 	412.10 
6432.46 	424.50 
6432.48 	424.10 
6432.50 	423.80 
6432.52 	410.60 
6432.54 	397.40 
6432.56 	376.30 
6432.58 	355.20 
6432.60 	315.40 
6432.63 	275.60 
6432.65 	227.90 
6432.67 	180.10 
6432.69 	130.40 
6432.71 	80.80 
6432.73 	40.40 
6432.75 	0.10 
6432.77 	0.00 
6432.79 	0.00 
6432.81 	0.00 
6432.83 	0.00 
6432.85 	0.00 
6432.88 	0.00 
6432.90 	0.00 
6432.92 	0.00 
6432.94 	0.00 
6432.96 	0.00 
6432.98 	0.00 
6433.00 	0.00 
6433.02 	0.00 
6433.04 	0.00 
6433.06 	0.00 
6433.08 	0.00 
6433.10 	0.00 
6433.13 	0.00 
6433.15 	0.00 
6433.17 	0.00 
6433.19 	1.90 
6433.21 	3.70 
6433.23 	44.90 
6433.25 	86.20 
6433.27 	136.00 
6433.29 	185.70 
6433.31 	233.20 
6433.33 	280.70 
6433.35 	319.90 
6433.38 	359.10 
6433.40 	386.20 
6433.42 	413.30 
6433.44 	426.10 
6433.46 	438.90 
6433.48 	438.50 
6433.50 	438.20 
6433.52 	424.60 
6433.54 	411.00 
6433.56 	382.40 
6433.58 	353.90 
6433.60 	314.40 
6433.63 	274.80 
6433.65 	227.30 
6433.67 	179.80 
6433.69 	130.40 
6433.71 	81.00 
6433.73 	40.80 
6433.75 	0.50 
6433.77 	0.30 
6433.79 	0.00 
6433.81 	0.00 
6433.83 	0.00 
6433.85 	0.00 
6433.88 	0.00 
6433.90 	0.00 
6433.92 	0.00 
6433.94 	0.00 
6433.96 	0.00 
6433.98 	0.00 
6434.00 	0.00 
6434.02 	0.00 
6434.04 	0.00 
6434.06 	0.00 
6434.08 	0.00 
6434.10 	0.00 
6434.13 	0.00 
6434.15 	0.00 
6434.17 	0.00 
6434.19 	2.10 
6434.21 	4.20 
6434.23 	45.30 
6434.25 	86.40 
6434.27 	135.90 
6434.29 	185.40 
6434.31 	232.60 
6434.33 	279.80 
6434.35 	318.80 
6434.38 	357.70 
6434.40 	384.70 
6434.42 	411.70 
6434.44 	424.40 
6434.46 	437.00 
6434.48 	436.70 
6434.50 	436.40 
6434.52 	422.90 
6434.54 	409.40 
6434.56 	381.30 
6434.58 	353.30 
6434.60 	313.90 
6434.63 	274.50 
6434.65 	227.20 
6434.67 	179.90 
6434.69 	130.60 
6434.71 	81.40 
6434.73 	41.20 
6434.75 	1.00 
6434.77 	0.50 
6434.79 	0.00 
6434.81 	0.00 
6434.83 	0.00 
6434.85 	0.00 
6434.88 	0.00 
6434.90 	0.00 
6434.92 	0.00 
6434.94 	0.00 
6434.96 	0.00 
6434.98 	0.00 
6435.00 	0.00 
6435.02 	0.00 
6435.04 	0.00 
6435.06 	0.00 
6435.08 	0.00 
6435.10 	0.00 
6435.13 	0.00 
6435.15 	0.00 
6435.17 	0.00 
6435.19 	2.30 
6435.21 	4.70 
6435.23 	45.70 
6435.25 	86.70 
6435.27 	136.10 
6435.29 	185.40 
6435.31 	232.50 
6435.33 	279.50 
6435.35 	318.30 
6435.38 	357.10 
6435.40 	383.90 
6435.42 	410.80 
6435.44 	423.40 
6435.46 	436.00 
6435.48 	435.70 
6435.50 	435.40 
6435.52 	421.90 
6435.54 	408.50 
6435.56 	370.50 
6435.58 	332.60 
6435.60 	295.60 
6435.63 	258.60 
6435.65 	214.10 
6435.67 	169.70 
6435.69 	123.40 
6435.71 	77.10 
6435.73 	39.30 
6435.75 	1.40 
6435.77 	0.70 
6435.79 	0.00 
6435.81 	0.00 
6435.83 	0.00 
6435.85 	0.00 
6435.88 	0.00 
6435.90 	0.00 
6435.92 	0.00 
6435.94 	0.00 
6435.96 	0.00 
6435.98 	0.00 
6436.00 	0.00 
6436.02 	0.00 
6436.04 	0.00 
6436.06 	0.00 
6436.08 	0.00 
6436.10 	0.00 
6436.13 	0.00 
6436.15 	0.00 
6436.17 	0.00 
6436.19 	2.40 
6436.21 	4.80 
6436.23 	43.50 
6436.25 	82.10 
6436.27 	128.50 
6436.29 	174.80 
6436.31 	219.00 
6436.33 	263.20 
6436.35 	299.60 
6436.38 	336.10 
6436.40 	361.30 
6436.42 	386.50 
6436.44 	398.40 
6436.46 	410.20 
6436.48 	409.90 
6436.50 	409.60 
6436.52 	397.00 
6436.54 	384.40 
6436.56 	357.10 
6436.58 	329.80 
6436.60 	293.20 
6436.63 	256.60 
6436.65 	212.60 
6436.67 	168.60 
6436.69 	122.80 
6436.71 	77.00 
6436.73 	39.40 
6436.75 	1.90 
6436.77 	0.90 
6436.79 	0.00 
6436.81 	0.00 
6436.83 	0.00 
6436.85 	0.00 
6436.88 	0.00 
6436.90 	0.00 
6436.92 	0.00 
6436.94 	0.00 
6436.96 	0.00 
6436.98 	0.00 
6437.00 	0.00 
6437.02 	0.00 
6437.04 	0.00 
6437.06 	0.00 
6437.08 	0.00 
6437.10 	0.00 
6437.13 	0.00 
6437.15 	0.00 
6437.17 	0.00 
6437.19 	2.60 
6437.21 	5.20 
6437.23 	43.50 
6437.25 	81.80 
6437.27 	127.70 
6437.29 	173.60 
6437.31 	217.30 
6437.33 	261.00 
6437.35 	297.10 
6437.38 	333.20 
6437.40 	358.10 
6437.42 	383.10 
6437.44 	394.80 
6437.46 	406.50 
6437.48 	406.20 
6437.50 	405.90 
6437.52 	393.50 
6437.54 	381.00 
6437.56 	361.50 
6437.58 	342.00 
6437.60 	304.10 
6437.63 	266.30 
6437.65 	220.80 
6437.67 	175.20 
6437.69 	127.80 
6437.71 	80.30 
6437.73 	41.40 
6437.75 	2.40 
6437.77 	1.20 
6437.79 	0.00 
6437.81 	0.00 
6437.83 	0.00 
6437.85 	0.00 
6437.88 	0.00 
6437.90 	0.00 
6437.92 	0.00 
6437.94 	0.00 
6437.96 	0.00 
6437.98 	0.00 
6438.00 	0.00 
6438.02 	0.00 
6438.04 	0.00 
6438.06 	0.00 
6438.08 	0.00 
6438.10 	0.00 
6438.13 	0.00 
6438.15 	0.00 
6438.17 	0.00 
6438.19 	2.90 
6438.21 	5.80 
6438.23 	45.50 
6438.25 	85.20 
6438.27 	132.80 
6438.29 	180.30 
6438.31 	225.60 
6438.33 	270.80 
6438.35 	308.10 
6438.38 	345.50 
6438.40 	371.30 
6438.42 	397.10 
6438.44 	409.30 
6438.46 	421.30 
6438.48 	421.10 
6438.50 	420.80 
6438.52 	407.90 
6438.54 	395.00 
6438.56 	366.70 
6438.58 	338.40 
6438.60 	301.10 
6438.63 	263.70 
6438.65 	218.70 
6438.67 	173.80 
6438.69 	126.90 
6438.71 	80.00 
6438.73 	41.40 
6438.75 	2.90 
6438.77 	1.40 
6438.79 	0.00 
6438.81 	0.00 
6438.83 	0.00 
6438.85 	0.00 
6438.88 	0.00 
6438.90 	0.00 
6438.92 	0.00 
6438.94 	0.00 
6438.96 	0.00 
6438.98 	0.00 
6439.00 	0.00 
6439.02 	0.00 
6439.04 	0.00 
6439.06 	0.00 
6439.08 	0.00 
6439.10 	0.00 
6439.13 	0.00 
6439.15 	0.00 
6439.17 	0.00 
6439.19 	3.00 
6439.21 	6.10 
6439.23 	45.40 
6439.25 	84.70 
6439.27 	131.70 
6439.29 	178.70 
6439.31 	223.40 
6439.33 	268.00 
6439.35 	304.90 
6439.38 	341.80 
6439.40 	367.30 
6439.42 	392.80 
6439.44 	404.70 
6439.46 	416.70 
6439.48 	416.50 
6439.50 	416.20 
6439.52 	403.50 
6439.54 	390.80 
6439.56 	363.60 
6439.58 	336.40 
6439.60 	299.30 
6439.63 	262.20 
6439.65 	217.70 
6439.67 	173.00 
6439.69 	126.50 
6439.71 	80.00 
6439.73 	41.70 
6439.75 	3.30 
6439.77 	1.70 
6439.79 	0.00 
6439.81 	0.00 
6439.83 	0.00 
6439.85 	0.00 
6439.88 	0.00 
6439.90 	0.00 
6439.92 	0.00 
6439.94 	0.00 
6439.96 	0.00 
6439.98 	0.00 
6440.00 	0.00 
6440.02 	0.00 
6440.04 	0.00 
6440.06 	0.00 
6440.08 	0.00 
6440.10 	0.00 
6440.13 	0.00 
6440.15 	0.00 
6440.17 	0.00 
6440.19 	3.20 
6440.21 	6.40 
6440.23 	45.50 
6440.25 	84.50 
6440.27 	131.10 
6440.29 	177.80 
6440.31 	222.10 
6440.33 	266.40 
6440.35 	303.00 
6440.38 	339.60 
6440.40 	364.90 
6440.42 	390.20 
6440.44 	402.10 
6440.46 	413.90 
6440.48 	413.70 
6440.50 	413.40 
6440.52 	400.80 
6440.54 	388.30 
6440.56 	367.90 
6440.58 	347.60 
6440.60 	309.40 
6440.63 	271.10 
6440.65 	225.20 
6440.67 	179.20 
6440.69 	131.20 
6440.71 	83.20 
6440.73 	43.50 
6440.75 	3.90 
6440.77 	2.00 
6440.79 	0.00 
6440.81 	0.00 
6440.83 	0.00 
6440.85 	0.00 
6440.88 	0.00 
6440.90 	0.00 
6440.92 	0.00 
6440.94 	0.00 
6440.96 	0.00 
6440.98 	0.00 
6441.00 	0.00 
6441.02 	0.00 
6441.04 	0.00 
6441.06 	0.00 
6441.08 	0.00 
6441.10 	0.00 
6441.13 	0.00 
6441.15 	0.00 
6441.17 	0.00 
6441.19 	3.50 
6441.21 	7.00 
6441.23 	47.30 
6441.25 	87.70 
6441.27 	135.80 
6441.29 	183.90 
6441.31 	229.60 
6441.33 	275.30 
6441.35 	313.00 
6441.38 	350.70 
6441.40 	376.80 
6441.42 	402.90 
6441.44 	415.20 
6441.46 	427.40 
6441.48 	427.20 
6441.50 	426.90 
6441.52 	414.00 
6441.54 	401.00 
6441.56 	378.20 
6441.58 	355.30 
6441.60 	316.40 
6441.63 	277.40 
6441.65 	230.50 
6441.67 	183.60 
6441.69 	134.60 
6441.71 	85.60 
6441.73 	45.00 
6441.75 	4.50 
6441.77 	2.20 
6441.79 	0.00 
6441.81 	0.00 
6441.83 	0.00 
6441.85 	0.00 
6441.88 	0.00 
6441.90 	0.00 
6441.92 	0.00 
6441.94 	0.00 
6441.96 	0.00 
6441.98 	0.00 
6442.00 	0.00 
6442.02 	0.00 
6442.04 	0.00 
6442.06 	0.00 
6442.08 	0.00 
6442.10 	0.00 
6442.13 	0.00 
6442.15 	0.00 
6442.17 	0.00 
6442.19 	3.70 
6442.21 	7.50 
6442.23 	48.70 
6442.25 	89.90 
6442.27 	139.00 
6442.29 	188.10 
6442.31 	234.70 
6442.33 	281.40 
6442.35 	319.90 
6442.38 	358.40 
6442.40 	385.00 
6442.42 	411.70 
6442.44 	424.20 
6442.46 	436.70 
6442.48 	436.40 
6442.50 	436.20 
6442.52 	423.00 
6442.54 	409.80 
6442.56 	378.20 
6442.58 	346.60 
6442.60 	308.70 
6442.63 	270.70 
6442.65 	225.10 
6442.67 	179.40 
6442.69 	131.70 
6442.71 	84.00 
6442.73 	44.40 
6442.75 	4.80 
6442.77 	2.40 
6442.79 	0.00 
6442.81 	0.00 
6442.83 	0.00 
6442.85 	0.00 
6442.88 	0.00 
6442.90 	0.00 
6442.92 	0.00 
6442.94 	0.00 
6442.96 	0.00 
6442.98 	0.00 
6443.00 	0.00 
6443.02 	0.00 
6443.04 	0.00 
6443.06 	0.00 
6443.08 	0.00 
6443.10 	0.00 
6443.13 	0.00 
6443.15 	0.00 
6443.17 	0.00 
6443.19 	3.80 
6443.21 	7.60 
6443.23 	47.80 
6443.25 	88.00 
6443.27 	135.80 
6443.29 	183.60 
6443.31 	229.00 
6443.33 	274.40 
6443.35 	311.90 
6443.38 	349.40 
6443.40 	375.30 
6443.42 	401.30 
6443.44 	413.50 
6443.46 	425.60 
6443.48 	425.40 
6443.50 	425.20 
6443.52 	412.40 
6443.54 	399.60 
6443.56 	371.50 
6443.58 	343.30 
6443.60 	305.90 
6443.63 	268.40 
6443.65 	223.20 
6443.67 	178.10 
6443.69 	130.90 
6443.71 	83.70 
6443.73 	44.50 
6443.75 	5.30 
6443.77 	2.60 
6443.79 	0.00 
6443.81 	0.00 
6443.83 	0.00 
6443.85 	0.00 
6443.88 	0.00 
6443.90 	0.00 
6443.92 	0.00 
6443.94 	0.00 
6443.96 	0.00 
6443.98 	0.00 
6444.00 	0.00 
6444.02 	0.00 
6444.04 	0.00 
6444.06 	0.00 
6444.08 	0.00 
6444.10 	0.00 
6444.13 	0.00 
6444.15 	0.00 
6444.17 	0.00 
6444.19 	3.90 
6444.21 	7.80 
6444.23 	47.60 
6444.25 	87.40 
6444.27 	134.70 
6444.29 	182.00 
6444.31 	226.90 
6444.33 	271.80 
6444.35 	308.80 
6444.38 	345.90 
6444.40 	371.60 
6444.42 	397.30 
6444.44 	409.30 
6444.46 	421.40 
6444.48 	421.20 
6444.50 	421.00 
6444.52 	408.30 
6444.54 	395.70 
6444.56 	371.80 
6444.58 	347.80 
6444.60 	309.90 
6444.63 	272.10 
6444.65 	226.40 
6444.67 	180.80 
6444.69 	133.00 
6444.71 	85.30 
6444.73 	45.60 
6444.75 	5.80 
6444.77 	2.90 
6444.79 	0.00 
6444.81 	0.00 
6444.83 	0.00 
6444.85 	0.00 
6444.88 	0.00 
6444.90 	0.00 
6444.92 	0.00 
6444.94 	0.00 
6444.96 	0.00 
6444.98 	0.00 
6445.00 	0.00 
6445.02 	0.00 
6445.04 	0.00 
6445.06 	0.00 
6445.08 	0.00 
6445.10 	0.00 
6445.13 	0.00 
6445.15 	0.00 
6445.17 	0.00 
6445.19 	4.10 
6445.21 	8.20 
6445.23 	48.50 
6445.25 	88.80 
6445.27 	136.60 
6445.29 	184.40 
6445.31 	229.80 
6445.33 	275.20 
6445.35 	312.70 
6445.38 	350.30 
6445.40 	376.20 
6445.42 	402.20 
6445.44 	414.40 
6445.46 	426.60 
6445.48 	426.40 
6445.50 	426.20 
6445.52 	413.50 
6445.54 	400.70 
6445.56 	377.20 
6445.58 	353.70 
6445.60 	315.20 
6445.63 	276.80 
6445.65 	230.50 
6445.67 	184.20 
6445.69 	135.70 
6445.71 	87.30 
6445.73 	46.80 
6445.75 	6.40 
6445.77 	3.20 
6445.79 	0.00 
6445.81 	0.00 
6445.83 	0.00 
6445.85 	0.00 
6445.88 	0.00 
6445.90 	0.00 
6445.92 	0.00 
6445.94 	0.00 
6445.96 	0.00 
6445.98 	0.00 
6446.00 	0.00 
6446.02 	0.00 
6446.04 	0.00 
6446.06 	0.00 
6446.08 	0.00 
6446.10 	0.00 
6446.13 	0.00 
6446.15 	0.00 
6446.17 	0.00 
6446.19 	4.30 
6446.21 	8.60 
6446.23 	49.50 
6446.25 	90.40 
6446.27 	139.00 
6446.29 	187.50 
6446.31 	233.60 
6446.33 	279.80 
6446.35 	317.80 
6446.38 	355.90 
6446.40 	382.30 
6446.42 	408.70 
6446.44 	421.10 
6446.46 	433.50 
6446.48 	433.30 
6446.50 	433.10 
6446.52 	420.20 
6446.54 	407.30 
6446.56 	379.50 
6446.58 	351.70 
6446.60 	313.60 
6446.63 	275.50 
6446.65 	229.50 
6446.67 	183.60 
6446.69 	135.40 
6446.71 	87.30 
6446.73 	47.00 
6446.75 	6.80 
6446.77 	3.40 
6446.79 	0.00 
6446.81 	0.00 
6446.83 	0.00 
6446.85 	0.00 
6446.88 	0.00 
6446.90 	0.00 
6446.92 	0.00 
6446.94 	0.00 
6446.96 	0.00 
6446.98 	0.00 
6447.00 	0.00 
6447.02 	0.00 
6447.04 	0.00 
6447.06 	0.00 
6447.08 	0.00 
6447.10 	0.00 
6447.13 	0.00 
6447.15 	0.00 
6447.17 	0.00 
6447.19 	4.40 
6447.21 	8.70 
6447.23 	49.40 
6447.25 	90.10 
6447.27 	138.30 
6447.29 	186.50 
6447.31 	232.30 
6447.33 	278.10 
6447.35 	315.90 
6447.38 	353.70 
6447.40 	379.90 
6447.42 	406.10 
6447.44 	418.40 
6447.46 	430.70 
6447.48 	430.60 
6447.50 	430.40 
6447.52 	417.60 
6447.54 	404.90 
6447.56 	381.80 
6447.58 	358.70 
6447.60 	319.90 
6447.63 	281.10 
6447.65 	234.40 
6447.67 	187.60 
6447.69 	138.50 
6447.71 	89.50 
6447.73 	48.40 
6447.75 	7.40 
6447.77 	3.70 
6447.79 	0.00 
6447.81 	0.00 
6447.83 	0.00 
6447.85 	0.00 
6447.88 	0.00 
6447.90 	0.00 
6447.92 	0.00 
6447.94 	0.00 
6447.96 	0.00 
6447.98 	0.00 
6448.00 	0.00 
6448.02 	0.00 
6448.04 	0.00 
6448.06 	0.00 
6448.08 	0.00 
6448.10 	0.00 
6448.13 	0.00 
6448.15 	0.00 
6448.17 	0.00 
6448.19 	4.60 
6448.21 	9.10 
6448.23 	50.60 
6448.25 	92.00 
6448.27 	141.10 
6448.29 	190.20 
6448.31 	236.80 
6448.33 	283.50 
6448.35 	321.90 
6448.38 	360.50 
6448.40 	387.20 
6448.42 	413.90 
6448.44 	426.40 
6448.46 	439.00 
6448.48 	438.90 
6448.50 	438.70 
6448.52 	425.80 
6448.54 	412.80 
6448.56 	388.70 
6448.58 	364.60 
6448.60 	325.30 
6448.63 	286.00 
6448.65 	238.50 
6448.67 	191.10 
6448.69 	141.30 
6448.71 	91.50 
6448.73 	49.80 
6448.75 	8.00 
6448.77 	4.00 
6448.79 	0.00 
6448.81 	0.00 
6448.83 	0.00 
6448.85 	0.00 
6448.88 	0.00 
6448.90 	0.00 
6448.92 	0.00 
6448.94 	0.00 
6448.96 	0.00 
6448.98 	0.00 
6449.00 	0.00 
6449.02 	0.00 
6449.04 	0.00 
6449.06 	0.00 
6449.08 	0.00 
6449.10 	0.00 
6449.13 	0.00 
6449.15 	0.00 
6449.17 	0.00 
6449.19 	4.80 
6449.21 	9.50 
6449.23 	51.60 
6449.25 	93.70 
6449.27 	143.50 
6449.29 	193.30 
6449.31 	240.60 
6449.33 	288.00 
6449.35 	327.10 
6449.38 	366.20 
6449.40 	393.30 
6449.42 	420.40 
6449.44 	433.20 
6449.46 	445.90 
6449.48 	445.80 
6449.50 	445.70 
6449.52 	432.60 
6449.54 	419.50 
6449.56 	388.60 
6449.58 	357.80 
6449.60 	319.30 
6449.63 	280.80 
6449.65 	234.30 
6449.67 	187.80 
6449.69 	139.10 
6449.71 	90.30 
6449.73 	49.30 
6449.75 	8.30 
6449.77 	4.10 
6449.79 	0.00 
6449.81 	0.00 
6449.83 	0.00 
6449.85 	0.00 
6449.88 	0.00 
6449.90 	0.00 
6449.92 	0.00 
6449.94 	0.00 
6449.96 	0.00 
6449.98 	0.00 
6450.00 	0.00 
6450.02 	0.00 
6450.04 	0.00 
6450.06 	0.00 
6450.08 	0.00 
6450.10 	0.00 
6450.13 	0.00 
6450.15 	0.00 
6450.17 	0.00 
6450.19 	4.80 
6450.21 	9.50 
6450.23 	50.80 
6450.25 	92.00 
6450.27 	140.80 
6450.29 	189.60 
6450.31 	236.00 
6450.33 	282.40 
6450.35 	320.70 
6450.38 	359.00 
6450.40 	385.60 
6450.42 	412.20 
6450.44 	424.70 
6450.46 	437.30 
6450.48 	437.20 
6450.50 	437.10 
6450.52 	424.30 
6450.54 	411.40 
6450.56 	384.60 
6450.58 	357.80 
6450.60 	319.40 
6450.63 	281.00 
6450.65 	234.60 
6450.67 	188.20 
6450.69 	139.50 
6450.71 	90.80 
6450.73 	49.80 
6450.75 	8.70 
6450.77 	4.40 
6450.79 	0.00 
6450.81 	0.00 
6450.83 	0.00 
6450.85 	0.00 
6450.88 	0.00 
6450.90 	0.00 
6450.92 	0.00 
6450.94 	0.00 
6450.96 	0.00 
6450.98 	0.00 
6451.00 	0.00 
6451.02 	0.00 
6451.04 	0.00 
6451.06 	0.00 
6451.08 	0.00 
6451.10 	0.00 
6451.13 	0.00 
6451.15 	0.00 
6451.17 	0.00 
6451.19 	4.80 
6451.21 	9.70 
6451.23 	50.90 
6451.25 	92.10 
6451.27 	140.80 
6451.29 	189.60 
6451.31 	235.90 
6451.33 	282.20 
6451.35 	320.50 
6451.38 	358.70 
6451.40 	385.30 
6451.42 	411.90 
6451.44 	424.40 
6451.46 	437.00 
6451.48 	436.90 
6451.50 	436.80 
6451.52 	424.10 
6451.54 	411.30 
6451.56 	389.10 
6451.58 	366.90 
6451.60 	327.60 
6451.63 	288.30 
6451.65 	240.90 
6451.67 	193.40 
6451.69 	143.50 
6451.71 	93.60 
6451.73 	51.50 
6451.75 	9.40 
6451.77 	4.70 
6451.79 	0.00 
6451.81 	0.00 
6451.83 	0.00 
6451.85 	0.00 
6451.88 	0.00 
6451.90 	0.00 
6451.92 	0.00 
6451.94 	0.00 
6451.96 	0.00 
6451.98 	0.00 
6452.00 	0.00 
6452.02 	0.00 
6452.04 	0.00 
6452.06 	0.00 
6452.08 	0.00 
6452.10 	0.00 
6452.13 	0.00 
6452.15 	0.00 
6452.17 	0.00 
6452.19 	5.00 
6452.21 	10.00 
6452.23 	52.20 
6452.25 	94.50 
6452.27 	144.40 
6452.29 	194.30 
6452.31 	241.70 
6452.33 	289.10 
6452.35 	328.30 
6452.38 	367.50 
6452.40 	394.80 
6452.42 	422.00 
6452.44 	434.90 
6452.46 	447.80 
6452.48 	447.70 
6452.50 	447.70 
6452.52 	434.60 
6452.54 	421.60 
6452.56 	391.10 
6452.58 	360.50 
6452.60 	322.00 
6452.63 	283.50 
6452.65 	236.90 
6452.67 	190.40 
6452.69 	141.40 
6452.71 	92.50 
6452.73 	51.10 
6452.75 	9.70 
6452.77 	4.90 
6452.79 	0.00 
6452.81 	0.00 
6452.83 	0.00 
6452.85 	0.00 
6452.88 	0.00 
6452.90 	0.00 
6452.92 	0.00 
6452.94 	0.00 
6452.96 	0.00 
6452.98 	0.00 
6453.00 	0.00 
6453.02 	0.00 
6453.04 	0.00 
6453.06 	0.00 
6453.08 	0.00 
6453.10 	0.00 
6453.13 	0.00 
6453.15 	0.00 
6453.17 	0.00 
6453.19 	5.00 
6453.21 	10.00 
6453.23 	51.40 
6453.25 	92.90 
6453.27 	141.80 
6453.29 	190.80 
6453.31 	237.30 
6453.33 	283.80 
6453.35 	322.30 
6453.38 	360.80 
6453.40 	387.60 
6453.42 	414.30 
6453.44 	426.90 
6453.46 	439.60 
6453.48 	439.60 
6453.50 	439.60 
6453.52 	426.80 
6453.54 	414.10 
6453.56 	382.60 
6453.58 	351.10 
6453.60 	313.70 
6453.63 	276.20 
6453.65 	231.00 
6453.67 	185.70 
6453.69 	138.10 
6453.71 	90.50 
6453.73 	50.20 
6453.75 	9.90 
6453.77 	4.90 
6453.79 	0.00 
6453.81 	0.00 
6453.83 	0.00 
6453.85 	0.00 
6453.88 	0.00 
6453.90 	0.00 
6453.92 	0.00 
6453.94 	0.00 
6453.96 	0.00 
6453.98 	0.00 
6454.00 	0.00 
6454.02 	0.00 
6454.04 	0.00 
6454.06 	0.00 
6454.08 	0.00 
6454.10 	0.00 
6454.13 	0.00 
6454.15 	0.00 
6454.17 	0.00 
6454.19 	4.90 
6454.21 	9.80 
6454.23 	50.10 
6454.25 	90.40 
6454.27 	138.00 
6454.29 	185.60 
6454.31 	230.90 
6454.33 	276.20 
6454.35 	313.60 
6454.38 	351.00 
6454.40 	377.10 
6454.42 	403.10 
6454.44 	415.40 
6454.46 	427.80 
6454.48 	427.80 
6454.50 	427.80 
6454.52 	415.40 
6454.54 	403.10 
6454.56 	378.50 
6454.58 	353.90 
6454.60 	316.20 
6454.63 	278.60 
6454.65 	233.10 
6454.67 	187.50 
6454.69 	139.60 
6454.71 	91.70 
6454.73 	51.00 
6454.75 	10.40 
6454.77 	5.20 
6454.79 	0.00 
6454.81 	0.00 
6454.83 	0.00 
6454.85 	0.00 
6454.88 	0.00 
6454.90 	0.00 
6454.92 	0.00 
6454.94 	0.00 
6454.96 	0.00 
6454.98 	0.00 
6455.00 	0.00 
6455.02 	0.00 
6455.04 	0.00 
6455.06 	0.00 
6455.08 	0.00 
6455.10 	0.00 
6455.13 	0.00 
6455.15 	0.00 
6455.17 	0.00 
6455.19 	5.00 
6455.21 	10.00 
6455.23 	50.50 
6455.25 	91.10 
6455.27 	139.00 
6455.29 	186.90 
6455.31 	232.50 
6455.33 	278.00 
6455.35 	315.70 
6455.38 	353.40 
6455.40 	379.70 
6455.42 	405.90 
6455.44 	418.40 
6455.46 	430.80 
6455.48 	430.80 
6455.50 	430.90 
6455.52 	418.50 
6455.54 	406.10 
6455.56 	383.30 
6455.58 	360.50 
6455.60 	322.20 
6455.63 	284.00 
6455.65 	237.70 
6455.67 	191.40 
6455.69 	142.60 
6455.71 	93.90 
6455.73 	52.40 
6455.75 	11.00 
6455.77 	5.50 
6455.79 	0.00 
6455.81 	0.00 
6455.83 	0.00 
6455.85 	0.00 
6455.88 	0.00 
6455.90 	0.00 
6455.92 	0.00 
6455.94 	0.00 
6455.96 	0.00 
6455.98 	0.00 
6456.00 	0.00 
6456.02 	0.00 
6456.04 	0.00 
6456.06 	0.00 
6456.08 	0.00 
6456.10 	0.00 
6456.13 	0.00 
6456.15 	0.00 
6456.17 	0.00 
6456.19 	5.10 
6456.21 	10.20 
6456.23 	51.50 
6456.25 	92.70 
6456.27 	141.50 
6456.29 	190.20 
6456.31 	236.60 
6456.33 	283.00 
6456.35 	321.30 
6456.38 	359.70 
6456.40 	386.40 
6456.42 	413.10 
6456.44 	425.80 
6456.46 	438.50 
6456.48 	438.60 
6456.50 	438.70 
6456.52 	426.10 
6456.54 	413.60 
6456.56 	386.20 
6456.58 	358.80 
6456.60 	320.80 
6456.63 	282.80 
6456.65 	236.80 
6456.67 	190.80 
6456.69 	142.40 
6456.71 	93.90 
6456.73 	52.60 
6456.75 	11.40 
6456.77 	5.70 
6456.79 	0.00 
6456.81 	0.00 
6456.83 	0.00 
6456.85 	0.00 
6456.88 	0.00 
6456.90 	0.00 
6456.92 	0.00 
6456.94 	0.00 
6456.96 	0.00 
6456.98 	0.00 
6457.00 	0.00 
6457.02 	0.00 
6457.04 	0.00 
6457.06 	0.00 
6457.08 	0.00 
6457.10 	0.00 
6457.13 	0.00 
6457.15 	0.00 
6457.17 	0.00 
6457.19 	5.10 
6457.21 	10.20 
6457.23 	51.20 
6457.25 	92.20 
6457.27 	140.70 
6457.29 	189.10 
6457.31 	235.20 
6457.33 	281.30 
6457.35 	319.50 
6457.38 	357.60 
6457.40 	384.20 
6457.42 	410.80 
6457.44 	423.40 
6457.46 	436.10 
6457.48 	436.20 
6457.50 	436.30 
6457.52 	423.90 
6457.54 	411.50 
6457.56 	385.80 
6457.58 	360.20 
6457.60 	322.10 
6457.63 	284.10 
6457.65 	238.00 
6457.67 	191.90 
6457.69 	143.30 
6457.71 	94.70 
6457.73 	53.20 
6457.75 	11.80 
6457.77 	5.90 
6457.79 	0.00 
6457.81 	0.00 
6457.83 	0.00 
6457.85 	0.00 
6457.88 	0.00 
6457.90 	0.00 
6457.92 	0.00 
6457.94 	0.00 
6457.96 	0.00 
6457.98 	0.00 
6458.00 	0.00 
6458.02 	0.00 
6458.04 	0.00 
6458.06 	0.00 
6458.08 	0.00 
6458.10 	0.00 
6458.13 	0.00 
6458.15 	0.00 
6458.17 	0.00 
6458.19 	5.10 
6458.21 	10.30 
6458.23 	51.40 
6458.25 	92.50 
6458.27 	141.10 
6458.29 	189.70 
6458.31 	235.90 
6458.33 	282.10 
6458.35 	320.40 
6458.38 	358.70 
6458.40 	385.40 
6458.42 	412.00 
6458.44 	424.80 
6458.46 	437.50 
6458.48 	437.60 
6458.50 	437.80 
6458.52 	425.40 
6458.54 	413.00 
6458.56 	382.70 
6458.58 	352.40 
6458.60 	315.30 
6458.63 	278.10 
6458.65 	233.10 
6458.67 	188.10 
6458.69 	140.60 
6458.71 	93.10 
6458.73 	52.50 
6458.75 	11.90 
6458.77 	6.00 
6458.79 	0.00 
6458.81 	0.00 
6458.83 	0.00 
6458.85 	0.00 
6458.88 	0.00 
6458.90 	0.00 
6458.92 	0.00 
6458.94 	0.00 
6458.96 	0.00 
6458.98 	0.00 
6459.00 	0.00 
6459.02 	0.00 
6459.04 	0.00 
6459.06 	0.00 
6459.08 	0.00 
6459.10 	0.00 
6459.13 	0.00 
6459.15 	0.00 
6459.17 	0.00 
6459.19 	5.00 
6459.21 	10.00 
6459.23 	50.20 
6459.25 	90.40 
6459.27 	137.90 
6459.29 	185.30 
6459.31 	230.50 
6459.33 	275.70 
6459.35 	313.10 
6459.38 	350.50 
6459.40 	376.60 
6459.42 	402.70 
6459.44 	415.20 
6459.46 	427.70 
6459.48 	427.90 
6459.50 	428.00 
6459.52 	416.00 
6459.54 	403.90 
6459.56 	370.40 
6459.58 	336.90 
6459.60 	301.50 
6459.63 	266.10 
6459.65 	223.10 
6459.67 	180.10 
6459.69 	134.80 
6459.71 	89.40 
6459.73 	50.60 
6459.75 	11.80 
6459.77 	5.90 
6459.79 	0.00 
6459.81 	0.00 
6459.83 	0.00 
6459.85 	0.00 
6459.88 	0.00 
6459.90 	0.00 
6459.92 	0.00 
6459.94 	0.00 
6459.96 	0.00 
6459.98 	0.00 
6460.00 	0.00 
6460.02 	0.00 
6460.04 	0.00 
6460.06 	0.00 
6460.08 	0.00 
6460.10 	0.00 
6460.13 	0.00 
6460.15 	0.00 
6460.17 	0.00 
6460.19 	4.80 
6460.21 	9.60 
6460.23 	47.90 
6460.25 	86.30 
6460.27 	131.60 
6460.29 	176.90 
6460.31 	220.10 
6460.33 	263.20 
6460.35 	299.00 
6460.38 	334.80 
6460.40 	359.70 
6460.42 	384.70 
6460.44 	396.70 
6460.46 	408.60 
6460.48 	408.80 
6460.50 	409.00 
6460.52 	397.50 
6460.54 	386.00 
6460.56 	359.40 
6460.58 	332.70 
6460.60 	297.80 
6460.63 	262.90 
6460.65 	220.50 
6460.67 	178.20 
6460.69 	133.40 
6460.71 	88.70 
6460.73 	50.30 
6460.75 	12.00 
6460.77 	6.00 
6460.79 	0.00 
6460.81 	0.00 
6460.83 	0.00 
6460.85 	0.00 
6460.88 	0.00 
6460.90 	0.00 
6460.92 	0.00 
6460.94 	0.00 
6460.96 	0.00 
6460.98 	0.00 
6461.00 	0.00 
6461.02 	0.00 
6461.04 	0.00 
6461.06 	0.00 
6461.08 	0.00 
6461.10 	0.00 
6461.13 	0.00 
6461.15 	0.00 
6461.17 	0.00 
6461.19 	4.70 
6461.21 	9.40 
6461.23 	47.20 
6461.25 	85.10 
6461.27 	129.80 
6461.29 	174.50 
6461.31 	217.10 
6461.33 	259.60 
6461.35 	294.90 
6461.38 	330.20 
6461.40 	354.90 
6461.42 	379.50 
6461.44 	391.40 
6461.46 	403.20 
6461.48 	403.40 
6461.50 	403.60 
6461.52 	392.30 
6461.54 	381.00 
6461.56 	364.40 
6461.58 	347.70 
6461.60 	311.30 
6461.63 	274.90 
6461.65 	230.70 
6461.67 	186.50 
6461.69 	139.70 
6461.71 	93.00 
6461.73 	52.90 
6461.75 	12.90 
6461.77 	6.40 
6461.79 	0.00 
6461.81 	0.00 
6461.83 	0.00 
6461.85 	0.00 
6461.88 	0.00 
6461.90 	0.00 
6461.92 	0.00 
6461.94 	0.00 
6461.96 	0.00 
6461.98 	0.00 
6462.00 	0.00 
6462.02 	0.00 
6462.04 	0.00 
6462.06 	0.00 
6462.08 	0.00 
6462.10 	0.00 
6462.13 	0.00 
6462.15 	0.00 
6462.17 	0.00 
6462.19 	4.90 
6462.21 	9.80 
6462.23 	49.30 
6462.25 	88.70 
6462.27 	135.40 
6462.29 	182.00 
6462.31 	226.50 
6462.33 	270.90 
6462.35 	307.80 
6462.38 	344.70 
6462.40 	370.40 
6462.42 	396.20 
6462.44 	408.60 
6462.46 	421.00 
6462.48 	421.20 
6462.50 	421.50 
6462.52 	409.80 
6462.54 	398.00 
6462.56 	383.30 
6462.58 	368.60 
6462.60 	330.10 
6462.63 	291.50 
6462.65 	244.80 
6462.67 	198.00 
6462.69 	148.50 
6462.71 	99.00 
6462.73 	56.50 
6462.75 	14.00 
6462.77 	7.00 
6462.79 	0.00 
6462.81 	0.00 
6462.83 	0.00 
6462.85 	0.00 
6462.88 	0.00 
6462.90 	0.00 
6462.92 	0.00 
6462.94 	0.00 
6462.96 	0.00 
6462.98 	0.00 
6463.00 	0.00 
6463.02 	0.00 
6463.04 	0.00 
6463.06 	0.00 
6463.08 	0.00 
6463.10 	0.00 
6463.13 	0.00 
6463.15 	0.00 
6463.17 	0.00 
6463.19 	5.20 
6463.21 	10.30 
6463.23 	52.10 
6463.25 	93.80 
6463.27 	143.20 
6463.29 	192.70 
6463.31 	239.70 
6463.33 	286.80 
6463.35 	325.90 
6463.38 	365.00 
6463.40 	392.30 
6463.42 	419.60 
6463.44 	432.80 
6463.46 	446.00 
6463.48 	446.30 
6463.50 	446.60 
6463.52 	434.20 
6463.54 	421.80 
6463.56 	393.90 
6463.58 	366.10 
6463.60 	327.90 
6463.63 	289.70 
6463.65 	243.30 
6463.67 	196.90 
6463.69 	147.80 
6463.71 	98.70 
6463.73 	56.50 
6463.75 	14.30 
6463.77 	7.10 
6463.79 	0.00 
6463.81 	0.00 
6463.83 	0.00 
6463.85 	0.00 
6463.88 	0.00 
6463.90 	0.00 
6463.92 	0.00 
6463.94 	0.00 
6463.96 	0.00 
6463.98 	0.00 
6464.00 	0.00 
6464.02 	0.00 
6464.04 	0.00 
6464.06 	0.00 
6464.08 	0.00 
6464.10 	0.00 
6464.13 	0.00 
6464.15 	0.00 
6464.17 	0.00 
6464.19 	5.10 
6464.21 	10.20 
6464.23 	51.60 
6464.25 	93.00 
6464.27 	142.00 
6464.29 	191.00 
6464.31 	237.70 
6464.33 	284.50 
6464.35 	323.30 
6464.38 	362.00 
6464.40 	389.20 
6464.42 	416.40 
6464.44 	429.50 
6464.46 	442.60 
6464.48 	442.90 
6464.50 	443.20 
6464.52 	431.00 
6464.54 	418.80 
6464.56 	383.50 
6464.58 	348.30 
6464.60 	312.00 
6464.63 	275.70 
6464.65 	231.70 
6464.67 	187.60 
6464.69 	141.00 
6464.71 	94.30 
6464.73 	54.10 
6464.75 	13.90 
6464.77 	6.90 
6464.79 	0.00 
6464.81 	0.00 
6464.83 	0.00 
6464.85 	0.00 
6464.88 	0.00 
6464.90 	0.00 
6464.92 	0.00 
6464.94 	0.00 
6464.96 	0.00 
6464.98 	0.00 
6465.00 	0.00 
6465.02 	0.00 
6465.04 	0.00 
6465.06 	0.00 
6465.08 	0.00 
6465.10 	0.00 
6465.13 	0.00 
6465.15 	0.00 
6465.17 	0.00 
6465.19 	4.80 
6465.21 	9.60 
6465.23 	48.90 
6465.25 	88.20 
6465.27 	134.80 
6465.29 	181.40 
6465.31 	225.80 
6465.33 	270.20 
6465.35 	307.10 
6465.38 	344.00 
6465.40 	369.80 
6465.42 	395.70 
6465.44 	408.20 
6465.46 	420.70 
6465.48 	421.10 
6465.50 	421.40 
6465.52 	409.80 
6465.54 	398.20 
6465.56 	375.10 
6465.58 	352.10 
6465.60 	315.50 
6465.63 	278.90 
6465.65 	234.40 
6465.67 	190.00 
6465.69 	142.80 
6465.71 	95.70 
6465.73 	55.00 
6465.75 	14.40 
6465.77 	7.20 
6465.79 	0.00 
6465.81 	0.00 
6465.83 	0.00 
6465.85 	0.00 
6465.88 	0.00 
6465.90 	0.00 
6465.92 	0.00 
6465.94 	0.00 
6465.96 	0.00 
6465.98 	0.00 
6466.00 	0.00 
6466.02 	0.00 
6466.04 	0.00 
6466.06 	0.00 
6466.08 	0.00 
6466.10 	0.00 
6466.13 	0.00 
6466.15 	0.00 
6466.17 	0.00 
6466.19 	4.80 
6466.21 	9.60 
6466.23 	49.30 
6466.25 	88.90 
6466.27 	136.00 
6466.29 	183.00 
6466.31 	227.90 
6466.33 	272.80 
6466.35 	310.10 
6466.38 	347.40 
6466.40 	373.50 
6466.42 	399.70 
6466.44 	412.40 
6466.46 	425.00 
6466.48 	425.40 
6466.50 	425.80 
6466.52 	414.10 
6466.54 	402.50 
6466.56 	384.30 
6466.58 	366.10 
6466.60 	328.10 
6466.63 	290.20 
6466.65 	244.00 
6466.67 	197.80 
6466.69 	148.80 
6466.71 	99.90 
6466.73 	57.60 
6466.75 	15.20 
6466.77 	7.60 
6466.79 	0.00 
6466.81 	0.00 
6466.83 	0.00 
6466.85 	0.00 
6466.88 	0.00 
6466.90 	0.00 
6466.92 	0.00 
6466.94 	0.00 
6466.96 	0.00 
6466.98 	0.00 
6467.00 	0.00 
6467.02 	0.00 
6467.04 	0.00 
6467.06 	0.00 
6467.08 	0.00 
6467.10 	0.00 
6467.13 	0.00 
6467.15 	0.00 
6467.17 	0.00 
6467.19 	4.90 
6467.21 	9.80 
6467.23 	51.00 
6467.25 	92.20 
6467.27 	141.10 
6467.29 	189.90 
6467.31 	236.60 
6467.33 	283.20 
6467.35 	322.00 
6467.38 	360.80 
6467.40 	388.00 
6467.42 	415.20 
6467.44 	428.40 
6467.46 	441.60 
6467.48 	442.10 
6467.50 	442.50 
6467.52 	430.40 
6467.54 	418.40 
6467.56 	389.00 
6467.58 	359.50 
6467.60 	322.30 
6467.63 	285.10 
6467.65 	239.80 
6467.67 	194.50 
6467.69 	146.50 
6467.71 	98.40 
6467.73 	56.80 
6467.75 	15.30 
6467.77 	7.60 
6467.79 	0.00 
6467.81 	0.00 
6467.83 	0.00 
6467.85 	0.00 
6467.88 	0.00 
6467.90 	0.00 
6467.92 	0.00 
6467.94 	0.00 
6467.96 	0.00 
6467.98 	0.00 
6468.00 	0.00 
6468.02 	0.00 
6468.04 	0.00 
6468.06 	0.00 
6468.08 	0.00 
6468.10 	0.00 
6468.13 	0.00 
6468.15 	0.00 
6468.17 	0.00 
6468.19 	4.80 
6468.21 	9.50 
6468.23 	49.90 
6468.25 	90.30 
6468.27 	138.20 
6468.29 	186.10 
6468.31 	231.90 
6468.33 	277.70 
6468.35 	315.80 
6468.38 	353.90 
6468.40 	380.60 
6468.42 	407.30 
6468.44 	420.40 
6468.46 	433.40 
6468.48 	433.90 
6468.50 	434.30 
6468.52 	422.50 
6468.54 	410.80 
6468.56 	384.80 
6468.58 	358.80 
6468.60 	321.70 
6468.63 	284.70 
6468.65 	239.50 
6468.67 	194.40 
6468.69 	146.40 
6468.71 	98.50 
6468.73 	57.00 
6468.75 	15.50 
6468.77 	7.80 
6468.79 	0.00 
6468.81 	0.00 
6468.83 	0.00 
6468.85 	0.00 
6468.88 	0.00 
6468.90 	0.00 
6468.92 	0.00 
6468.94 	0.00 
6468.96 	0.00 
6468.98 	0.00 
6469.00 	0.00 
6469.02 	0.00 
6469.04 	0.00 
6469.06 	0.00 
6469.08 	0.00 
6469.10 	0.00 
6469.13 	0.00 
6469.15 	0.00 
6469.17 	0.00 
6469.19 	4.70 
6469.21 	9.30 
6469.23 	49.60 
6469.25 	89.80 
6469.27 	137.60 
6469.29 	185.40 
6469.31 	231.10 
6469.33 	276.70 
6469.35 	314.80 
6469.38 	352.70 
6469.40 	379.40 
6469.42 	406.10 
6469.44 	419.20 
6469.46 	432.20 
6469.48 	432.70 
6469.50 	433.20 
6469.52 	421.50 
6469.54 	409.80 
6469.56 	380.80 
6469.58 	351.90 
6469.60 	315.60 
6469.63 	279.30 
6469.65 	235.10 
6469.67 	190.90 
6469.69 	143.90 
6469.71 	96.90 
6469.73 	56.20 
6469.75 	15.50 
6469.77 	7.70 
6469.79 	0.00 
6469.81 	0.00 
6469.83 	0.00 
6469.85 	0.00 
6469.88 	0.00 
6469.90 	0.00 
6469.92 	0.00 
6469.94 	0.00 
6469.96 	0.00 
6469.98 	0.00 
6470.00 	0.00 
6470.02 	0.00 
6470.04 	0.00 
6470.06 	0.00 
6470.08 	0.00 
6470.10 	0.00 
6470.13 	0.00 
6470.15 	0.00 
6470.17 	0.00 
6470.19 	4.50 
6470.21 	9.00 
6470.23 	48.30 
6470.25 	87.70 
6470.27 	134.60 
6470.29 	181.40 
6470.31 	226.20 
6470.33 	271.00 
6470.35 	308.20 
6470.38 	345.50 
6470.40 	371.70 
6470.42 	397.90 
6470.44 	410.70 
6470.46 	423.60 
6470.48 	424.10 
6470.50 	424.50 
6470.52 	413.20 
6470.54 	401.70 
6470.56 	380.40 
6470.58 	359.10 
6470.60 	322.20 
6470.63 	285.20 
6470.65 	240.10 
6470.67 	195.00 
6470.69 	147.10 
6470.71 	99.20 
6470.73 	57.60 
6470.75 	16.10 
6470.77 	8.00 
6470.79 	0.00 
6470.81 	0.00 
6470.83 	0.00 
6470.85 	0.00 
6470.88 	0.00 
6470.90 	0.00 
6470.92 	0.00 
6470.94 	0.00 
6470.96 	0.00 
6470.98 	0.00 
6471.00 	0.00 
6471.02 	0.00 
6471.04 	0.00 
6471.06 	0.00 
6471.08 	0.00 
6471.10 	0.00 
6471.13 	0.00 
6471.15 	0.00 
6471.17 	0.00 
6471.19 	4.50 
6471.21 	8.90 
6471.23 	49.10 
6471.25 	89.20 
6471.27 	137.00 
6471.29 	184.70 
6471.31 	230.40 
6471.33 	276.10 
6471.35 	314.20 
6471.38 	352.20 
6471.40 	379.00 
6471.42 	405.70 
6471.44 	418.80 
6471.46 	432.00 
6471.48 	432.50 
6471.50 	433.10 
6471.52 	421.50 
6471.54 	409.90 
6471.56 	377.70 
6471.58 	345.40 
6471.60 	309.90 
6471.63 	274.40 
6471.65 	231.10 
6471.67 	187.80 
6471.69 	141.70 
6471.71 	95.70 
6471.73 	55.70 
6471.75 	15.70 
6471.77 	7.80 
6471.79 	0.00 
6471.81 	0.00 
6471.83 	0.00 
6471.85 	0.00 
6471.88 	0.00 
6471.90 	0.00 
6471.92 	0.00 
6471.94 	0.00 
6471.96 	0.00 
6471.98 	0.00 
6472.00 	0.00 
6472.02 	0.00 
6472.04 	0.00 
6472.06 	0.00 
6472.08 	0.00 
6472.10 	0.00 
6472.13 	0.00 
6472.15 	0.00 
6472.17 	0.00 
6472.19 	4.20 
6472.21 	8.40 
6472.23 	46.90 
6472.25 	85.50 
6472.27 	131.40 
6472.29 	177.30 
6472.31 	221.20 
6472.33 	265.10 
6472.35 	301.70 
6472.38 	338.30 
6472.40 	364.10 
6472.42 	389.80 
6472.44 	402.50 
6472.46 	415.20 
6472.48 	415.80 
6472.50 	416.30 
6472.52 	405.20 
6472.54 	394.10 
6472.56 	372.00 
6472.58 	349.90 
6472.60 	314.00 
6472.63 	278.10 
6472.65 	234.20 
6472.67 	190.40 
6472.69 	143.80 
6472.71 	97.20 
6472.73 	56.60 
6472.75 	16.10 
6472.77 	8.00 
6472.79 	0.00 
6472.81 	0.00 
6472.83 	0.00 
6472.85 	0.00 
6472.88 	0.00 
6472.90 	0.00 
6472.92 	0.00 
6472.94 	0.00 
6472.96 	0.00 
6472.98 	0.00 
6473.00 	0.00 
6473.02 	0.00 
6473.04 	0.00 
6473.06 	0.00 
6473.08 	0.00 
6473.10 	0.00 
6473.13 	0.00 
6473.15 	0.00 
6473.17 	0.00 
6473.19 	4.10 
6473.21 	8.30 
6473.23 	47.30 
6473.25 	86.20 
6473.27 	132.70 
6473.29 	179.20 
6473.31 	223.60 
6473.33 	268.10 
6473.35 	305.20 
6473.38 	342.30 
6473.40 	368.40 
6473.42 	394.50 
6473.44 	407.40 
6473.46 	420.30 
6473.48 	420.90 
6473.50 	421.50 
6473.52 	410.30 
6473.54 	399.10 
6473.56 	375.90 
6473.58 	352.70 
6473.60 	316.60 
6473.63 	280.40 
6473.65 	236.30 
6473.67 	192.10 
6473.69 	145.20 
6473.71 	98.20 
6473.73 	57.30 
6473.75 	16.40 
6473.77 	8.20 
6473.79 	0.00 
6473.81 	0.00 
6473.83 	0.00 
6473.85 	0.00 
6473.88 	0.00 
6473.90 	0.00 
6473.92 	0.00 
6473.94 	0.00 
6473.96 	0.00 
6473.98 	0.00 
6474.00 	0.00 
6474.02 	0.00 
6474.04 	0.00 
6474.06 	0.00 
6474.08 	0.00 
6474.10 	0.00 
6474.13 	0.00 
6474.15 	0.00 
6474.17 	0.00 
6474.19 	4.10 
6474.21 	8.10 
6474.23 	47.30 
6474.25 	86.50 
6474.27 	133.40 
6474.29 	180.10 
6474.31 	225.00 
6474.33 	269.80 
6474.35 	307.20 
6474.38 	344.60 
6474.40 	371.00 
6474.42 	397.30 
6474.44 	410.40 
6474.46 	423.40 
6474.48 	424.00 
6474.50 	424.60 
6474.52 	413.40 
6474.54 	402.20 
6474.56 	374.50 
6474.58 	346.90 
6474.60 	311.40 
6474.63 	275.80 
6474.65 	232.50 
6474.67 	189.10 
6474.69 	143.00 
6474.71 	96.80 
6474.73 	56.60 
6474.75 	16.30 
6474.77 	8.20 
6474.79 	0.00 
6474.81 	0.00 
6474.83 	0.00 
6474.85 	0.00 
6474.88 	0.00 
6474.90 	0.00 
6474.92 	0.00 
6474.94 	0.00 
6474.96 	0.00 
6474.98 	0.00 
6475.00 	0.00 
6475.02 	0.00 
6475.04 	0.00 
6475.06 	0.00 
6475.08 	0.00 
6475.10 	0.00 
6475.13 	0.00 
6475.15 	0.00 
6475.17 	0.00 
6475.19 	3.90 
6475.21 	7.80 
6475.23 	46.30 
6475.25 	84.70 
6475.27 	130.70 
6475.29 	176.70 
6475.31 	220.80 
6475.33 	264.90 
6475.35 	301.70 
6475.38 	338.50 
6475.40 	364.40 
6475.42 	390.40 
6475.44 	403.20 
6475.46 	416.10 
6475.48 	416.70 
6475.50 	417.40 
6475.52 	406.40 
6475.54 	395.40 
6475.56 	373.80 
6475.58 	352.10 
6475.60 	316.10 
6475.63 	280.10 
6475.65 	236.20 
6475.67 	192.20 
6475.69 	145.30 
6475.71 	98.50 
6475.73 	57.60 
6475.75 	16.80 
6475.77 	8.40 
6475.79 	0.00 
6475.81 	0.00 
6475.83 	0.00 
6475.85 	0.00 
6475.88 	0.00 
6475.90 	0.00 
6475.92 	0.00 
6475.94 	0.00 
6475.96 	0.00 
6475.98 	0.00 
6476.00 	0.00 
6476.02 	0.00 
6476.04 	0.00 
6476.06 	0.00 
6476.08 	0.00 
6476.10 	0.00 
6476.13 	0.00 
6476.15 	0.00 
6476.17 	0.00 
6476.19 	3.80 
6476.21 	7.60 
6476.23 	46.60 
6476.25 	85.60 
6476.27 	132.30 
6476.29 	179.00 
6476.31 	223.70 
6476.33 	268.50 
6476.35 	305.80 
6476.38 	343.20 
6476.40 	369.60 
6476.42 	395.90 
6476.44 	409.00 
6476.46 	422.10 
6476.48 	422.80 
6476.50 	423.50 
6476.52 	412.40 
6476.54 	401.40 
6476.56 	371.30 
6476.58 	341.30 
6476.60 	306.50 
6476.63 	271.60 
6476.65 	229.00 
6476.67 	186.40 
6476.69 	141.00 
6476.71 	95.60 
6476.73 	56.00 
6476.75 	16.40 
6476.77 	8.20 
6476.79 	0.00 
6476.81 	0.00 
6476.83 	0.00 
6476.85 	0.00 
6476.88 	0.00 
6476.90 	0.00 
6476.92 	0.00 
6476.94 	0.00 
6476.96 	0.00 
6476.98 	0.00 
6477.00 	0.00 
6477.02 	0.00 
6477.04 	0.00 
6477.06 	0.00 
6477.08 	0.00 
6477.10 	0.00 
6477.13 	0.00 
6477.15 	0.00 
6477.17 	0.00 
6477.19 	3.60 
6477.21 	7.10 
6477.23 	44.90 
6477.25 	82.60 
6477.27 	127.80 
6477.29 	173.00 
6477.31 	216.40 
6477.33 	259.80 
6477.35 	296.00 
6477.38 	332.20 
6477.40 	357.90 
6477.42 	383.40 
6477.44 	396.20 
6477.46 	408.90 
6477.48 	409.60 
6477.50 	410.30 
6477.52 	399.60 
6477.54 	388.90 
6477.56 	366.10 
6477.58 	343.30 
6477.60 	308.30 
6477.63 	273.30 
6477.65 	230.40 
6477.67 	187.70 
6477.69 	142.00 
6477.71 	96.40 
6477.73 	56.50 
6477.75 	16.70 
6477.77 	8.30 
6477.79 	0.00 
6477.81 	0.00 
6477.83 	0.00 
6477.85 	0.00 
6477.88 	0.00 
6477.90 	0.00 
6477.92 	0.00 
6477.94 	0.00 
6477.96 	0.00 
6477.98 	0.00 
6478.00 	0.00 
6478.02 	0.00 
6478.04 	0.00 
6478.06 	0.00 
6478.08 	0.00 
6478.10 	0.00 
6478.13 	0.00 
6478.15 	0.00 
6478.17 	0.00 
6478.19 	3.50 
6478.21 	6.90 
6478.23 	44.80 
6478.25 	82.70 
6478.27 	128.10 
6478.29 	173.60 
6478.31 	217.20 
6478.33 	260.80 
6478.35 	297.30 
6478.38 	333.70 
6478.40 	359.50 
6478.42 	385.30 
6478.44 	398.10 
6478.46 	411.00 
6478.48 	411.70 
6478.50 	412.40 
6478.52 	401.80 
6478.54 	391.00 
6478.56 	365.20 
6478.58 	339.40 
6478.60 	304.80 
6478.63 	270.30 
6478.65 	228.00 
6478.67 	185.70 
6478.69 	140.50 
6478.71 	95.40 
6478.73 	56.00 
6478.75 	16.60 
6478.77 	8.30 
6478.79 	0.00 
6478.81 	0.00 
6478.83 	0.00 
6478.85 	0.00 
6478.88 	0.00 
6478.90 	0.00 
6478.92 	0.00 
6478.94 	0.00 
6478.96 	0.00 
6478.98 	0.00 
6479.00 	0.00 
6479.02 	0.00 
6479.04 	0.00 
6479.06 	0.00 
6479.08 	0.00 
6479.10 	0.00 
6479.13 	0.00 
6479.15 	0.00 
6479.17 	0.00 
6479.19 	3.30 
6479.21 	6.60 
6479.23 	44.00 
6479.25 	81.30 
6479.27 	126.20 
6479.29 	171.20 
6479.31 	214.30 
6479.33 	257.40 
6479.35 	293.50 
6479.38 	329.60 
6479.40 	355.10 
6479.42 	380.60 
6479.44 	393.30 
6479.46 	406.10 
6479.48 	406.80 
6479.50 	407.60 
6479.52 	397.10 
6479.54 	386.50 
6479.56 	364.90 
6479.58 	343.30 
6479.60 	308.40 
6479.63 	273.50 
6479.65 	230.70 
6479.67 	187.90 
6479.69 	142.30 
6479.71 	96.70 
6479.73 	56.80 
6479.75 	16.90 
6479.77 	8.40 
6479.79 	0.00 
6479.81 	0.00 
6479.83 	0.00 
6479.85 	0.00 
6479.88 	0.00 
6479.90 	0.00 
6479.92 	0.00 
6479.94 	0.00 
6479.96 	0.00 
6479.98 	0.00 
6480.00 	0.00 
6480.02 	0.00 
6480.04 	0.00 
6480.06 	0.00 
6480.08 	0.00 
6480.10 	0.00 
6480.13 	0.00 
6480.15 	0.00 
6480.17 	0.00 
6480.19 	3.20 
6480.21 	6.40 
6480.23 	44.10 
6480.25 	81.80 
6480.27 	127.30 
6480.29 	172.70 
6480.31 	216.30 
6480.33 	260.00 
6480.35 	296.50 
6480.38 	333.00 
6480.40 	358.80 
6480.42 	384.70 
6480.44 	397.60 
6480.46 	410.50 
6480.48 	411.30 
6480.50 	412.20 
6480.52 	401.50 
6480.54 	390.90 
6480.56 	363.20 
6480.58 	335.50 
6480.60 	301.40 
6480.63 	267.30 
6480.65 	225.50 
6480.67 	183.70 
6480.69 	139.20 
6480.71 	94.60 
6480.73 	55.60 
6480.75 	16.60 
6480.77 	8.30 
6480.79 	0.00 
6480.81 	0.00 
6480.83 	0.00 
6480.85 	0.00 
6480.88 	0.00 
6480.90 	0.00 
6480.92 	0.00 
6480.94 	0.00 
6480.96 	0.00 
6480.98 	0.00 
6481.00 	0.00 
6481.02 	0.00 
6481.04 	0.00 
6481.06 	0.00 
6481.08 	0.00 
6481.10 	0.00 
6481.13 	0.00 
6481.15 	0.00 
6481.17 	0.00 
6481.19 	3.00 
6481.21 	5.90 
6481.23 	42.80 
6481.25 	79.50 
6481.27 	123.90 
6481.29 	168.30 
6481.31 	210.90 
6481.33 	253.60 
6481.35 	289.30 
6481.38 	325.00 
6481.40 	350.30 
6481.42 	375.60 
6481.44 	388.30 
6481.46 	400.90 
6481.48 	401.70 
6481.50 	402.60 
6481.52 	392.20 
6481.54 	381.90 
6481.56 	356.90 
6481.58 	332.00 
6481.60 	298.30 
6481.63 	264.60 
6481.65 	223.30 
6481.67 	181.90 
6481.69 	137.80 
6481.71 	93.70 
6481.73 	55.10 
6481.75 	16.50 
6481.77 	8.20 
6481.79 	0.00 
6481.81 	0.00 
6481.83 	0.00 
6481.85 	0.00 
6481.88 	0.00 
6481.90 	0.00 
6481.92 	0.00 
6481.94 	0.00 
6481.96 	0.00 
6481.98 	0.00 
6482.00 	0.00 
6482.02 	0.00 
6482.04 	0.00 
6482.06 	0.00 
6482.08 	0.00 
6482.10 	0.00 
6482.13 	0.00 
6482.15 	0.00 
6482.17 	0.00 
6482.19 	2.80 
6482.21 	5.50 
6482.23 	41.90 
6482.25 	78.30 
6482.27 	122.20 
6482.29 	166.10 
6482.31 	208.30 
6482.33 	250.50 
6482.35 	285.90 
6482.38 	321.30 
6482.40 	346.30 
6482.42 	371.40 
6482.44 	384.00 
6482.46 	396.60 
6482.48 	397.40 
6482.50 	398.20 
6482.52 	388.00 
6482.54 	377.90 
6482.56 	354.10 
6482.58 	330.40 
6482.60 	296.80 
6482.63 	263.30 
6482.65 	222.20 
6482.67 	181.10 
6482.69 	137.20 
6482.71 	93.30 
6482.73 	54.90 
6482.75 	16.40 
6482.77 	8.20 
6482.79 	0.00 
6482.81 	0.00 
6482.83 	0.00 
6482.85 	0.00 
6482.88 	0.00 
6482.90 	0.00 
6482.92 	0.00 
6482.94 	0.00 
6482.96 	0.00 
6482.98 	0.00 
6483.00 	0.00 
6483.02 	0.00 
6483.04 	0.00 
6483.06 	0.00 
6483.08 	0.00 
6483.10 	0.00 
6483.13 	0.00 
6483.15 	0.00 
6483.17 	0.00 
6483.19 	2.60 
6483.21 	5.20 
6483.23 	41.40 
6483.25 	77.50 
6483.27 	121.20 
6483.29 	164.80 
6483.31 	206.90 
6483.33 	248.90 
6483.35 	284.10 
6483.38 	319.30 
6483.40 	344.30 
6483.42 	369.30 
6483.44 	381.80 
6483.46 	394.40 
6483.48 	395.30 
6483.50 	396.10 
6483.52 	386.00 
6483.54 	375.90 
6483.56 	350.40 
6483.58 	324.80 
6483.60 	291.90 
6483.63 	259.00 
6483.65 	218.60 
6483.67 	178.20 
6483.69 	135.00 
6483.71 	91.90 
6483.73 	54.00 
6483.75 	16.20 
6483.77 	8.10 
6483.79 	0.00 
6483.81 	0.00 
6483.83 	0.00 
6483.85 	0.00 
6483.88 	0.00 
6483.90 	0.00 
6483.92 	0.00 
6483.94 	0.00 
6483.96 	0.00 
6483.98 	0.00 
6484.00 	0.00 
6484.02 	0.00 
6484.04 	0.00 
6484.06 	0.00 
6484.08 	0.00 
6484.10 	0.00 
6484.13 	0.00 
6484.15 	0.00 
6484.17 	0.00 
6484.19 	2.40 
6484.21 	4.80 
6484.23 	40.30 
6484.25 	75.80 
6484.27 	118.70 
6484.29 	161.60 
6484.31 	203.00 
6484.33 	244.30 
6484.35 	279.00 
6484.38 	313.60 
6484.40 	338.20 
6484.42 	362.80 
6484.44 	375.20 
6484.46 	387.60 
6484.48 	388.50 
6484.50 	389.40 
6484.52 	379.50 
6484.54 	369.60 
6484.56 	351.70 
6484.58 	333.80 
6484.60 	299.90 
6484.63 	266.10 
6484.65 	224.60 
6484.67 	183.10 
6484.69 	138.80 
6484.71 	94.40 
6484.73 	55.60 
6484.75 	16.70 
6484.77 	8.30 
6484.79 	0.00 
6484.81 	0.00 
6484.83 	0.00 
6484.85 	0.00 
6484.88 	0.00 
6484.90 	0.00 
6484.92 	0.00 
6484.94 	0.00 
6484.96 	0.00 
6484.98 	0.00 
6485.00 	0.00 
6485.02 	0.00 
6485.04 	0.00 
6485.06 	0.00 
6485.08 	0.00 
6485.10 	0.00 
6485.13 	0.00 
6485.15 	0.00 
6485.17 	0.00 
6485.19 	2.30 
6485.21 	4.60 
6485.23 	41.00 
6485.25 	77.40 
6485.27 	121.50 
6485.29 	165.60 
6485.31 	208.10 
6485.33 	250.60 
6485.35 	286.20 
6485.38 	321.90 
6485.40 	347.20 
6485.42 	372.50 
6485.44 	385.30 
6485.46 	398.00 
6485.48 	399.00 
6485.50 	399.90 
6485.52 	389.80 
6485.54 	379.70 
6485.56 	359.90 
6485.58 	340.10 
6485.60 	305.70 
6485.63 	271.20 
6485.65 	228.90 
6485.67 	186.70 
6485.69 	141.50 
6485.71 	96.30 
6485.73 	56.60 
6485.75 	17.00 
6485.77 	8.50 
6485.79 	0.00 
6485.81 	0.00 
6485.83 	0.00 
6485.85 	0.00 
6485.88 	0.00 
6485.90 	0.00 
6485.92 	0.00 
6485.94 	0.00 
6485.96 	0.00 
6485.98 	0.00 
6486.00 	0.00 
6486.02 	0.00 
6486.04 	0.00 
6486.06 	0.00 
6486.08 	0.00 
6486.10 	0.00 
6486.13 	0.00 
6486.15 	0.00 
6486.17 	0.00 
6486.19 	2.20 
6486.21 	4.40 
6486.23 	41.40 
6486.25 	78.40 
6486.27 	123.30 
6486.29 	168.30 
6486.31 	211.60 
6486.33 	255.00 
6486.35 	291.30 
6486.38 	327.70 
6486.40 	353.50 
6486.42 	379.40 
6486.44 	392.40 
6486.46 	405.50 
6486.48 	406.50 
6486.50 	407.40 
6486.52 	397.10 
6486.54 	386.90 
6486.56 	364.90 
6486.58 	342.90 
6486.60 	308.20 
6486.63 	273.40 
6486.65 	230.80 
6486.67 	188.20 
6486.69 	142.60 
6486.71 	97.10 
6486.73 	57.10 
6486.75 	17.10 
6486.77 	8.50 
6486.79 	0.00 
6486.81 	0.00 
6486.83 	0.00 
6486.85 	0.00 
6486.88 	0.00 
6486.90 	0.00 
6486.92 	0.00 
6486.94 	0.00 
6486.96 	0.00 
6486.98 	0.00 
6487.00 	0.00 
6487.02 	0.00 
6487.04 	0.00 
6487.06 	0.00 
6487.08 	0.00 
6487.10 	0.00 
6487.13 	0.00 
6487.15 	0.00 
6487.17 	0.00 
6487.19 	2.00 
6487.21 	4.10 
6487.23 	41.30 
6487.25 	78.60 
6487.27 	123.90 
6487.29 	169.20 
6487.31 	212.90 
6487.33 	256.60 
6487.35 	293.30 
6487.38 	330.00 
6487.40 	356.10 
6487.42 	382.20 
6487.44 	395.40 
6487.46 	408.60 
6487.48 	409.60 
6487.50 	410.60 
6487.52 	400.30 
6487.54 	390.00 
6487.56 	364.50 
6487.58 	339.10 
6487.60 	304.70 
6487.63 	270.40 
6487.65 	228.30 
6487.67 	186.10 
6487.69 	141.00 
6487.71 	96.00 
6487.73 	56.40 
6487.75 	16.90 
6487.77 	8.50 
6487.79 	0.00 
6487.81 	0.00 
6487.83 	0.00 
6487.85 	0.00 
6487.88 	0.00 
6487.90 	0.00 
6487.92 	0.00 
6487.94 	0.00 
6487.96 	0.00 
6487.98 	0.00 
6488.00 	0.00 
6488.02 	0.00 
6488.04 	0.00 
6488.06 	0.00 
6488.08 	0.00 
6488.10 	0.00 
6488.13 	0.00 
6488.15 	0.00 
6488.17 	0.00 
6488.19 	1.90 
6488.21 	3.70 
6488.23 	40.40 
6488.25 	77.20 
6488.27 	122.00 
6488.29 	166.80 
6488.31 	210.10 
6488.33 	253.30 
6488.35 	289.60 
6488.38 	326.00 
6488.40 	351.80 
6488.42 	377.60 
6488.44 	390.80 
6488.46 	403.80 
6488.48 	404.90 
6488.50 	405.90 
6488.52 	395.70 
6488.54 	385.60 
6488.56 	364.90 
6488.58 	344.20 
6488.60 	309.40 
6488.63 	274.50 
6488.65 	231.80 
6488.67 	189.00 
6488.69 	143.20 
6488.71 	97.40 
6488.73 	57.30 
6488.75 	17.10 
6488.77 	8.60 
6488.79 	0.00 
6488.81 	0.00 
6488.83 	0.00 
6488.85 	0.00 
6488.88 	0.00 
6488.90 	0.00 
6488.92 	0.00 
6488.94 	0.00 
6488.96 	0.00 
6488.98 	0.00 
6489.00 	0.00 
6489.02 	0.00 
6489.04 	0.00 
6489.06 	0.00 
6489.08 	0.00 
6489.10 	0.00 
6489.13 	0.00 
6489.15 	0.00 
6489.17 	0.00 
6489.19 	1.70 
6489.21 	3.40 
6489.23 	40.60 
6489.25 	77.90 
6489.27 	123.40 
6489.29 	168.90 
6489.31 	212.80 
6489.33 	256.80 
6489.35 	293.70 
6489.38 	330.60 
6489.40 	356.90 
6489.42 	383.20 
6489.44 	396.50 
6489.46 	409.90 
6489.48 	410.90 
6489.50 	412.00 
6489.52 	401.70 
6489.54 	391.40 
6489.56 	368.90 
6489.58 	346.40 
6489.60 	311.40 
6489.63 	276.30 
6489.65 	233.30 
6489.67 	190.20 
6489.69 	144.10 
6489.71 	98.00 
6489.73 	57.60 
6489.75 	17.10 
6489.77 	8.60 
6489.79 	0.00 
6489.81 	0.00 
6489.83 	0.00 
6489.85 	0.00 
6489.88 	0.00 
6489.90 	0.00 
6489.92 	0.00 
6489.94 	0.00 
6489.96 	0.00 
6489.98 	0.00 
6490.00 	0.00 
6490.02 	0.00 
6490.04 	0.00 
6490.06 	0.00 
6490.08 	0.00 
6490.10 	0.00 
6490.13 	0.00 
6490.15 	0.00 
6490.17 	0.00 
6490.19 	1.50 
6490.21 	3.00 
6490.23 	40.50 
6490.25 	77.90 
6490.27 	123.70 
6490.29 	169.50 
6490.31 	213.80 
6490.33 	258.00 
6490.35 	295.20 
6490.38 	332.40 
6490.40 	358.90 
6490.42 	385.40 
6490.44 	398.90 
6490.46 	412.40 
6490.48 	413.50 
6490.50 	414.60 
6490.52 	404.20 
6490.54 	393.90 
6490.56 	363.80 
6490.58 	333.80 
6490.60 	300.00 
6490.63 	266.20 
6490.65 	224.70 
6490.67 	183.20 
6490.69 	138.80 
6490.71 	94.30 
6490.73 	55.40 
6490.75 	16.40 
6490.77 	8.20 
6490.79 	0.00 
6490.81 	0.00 
6490.83 	0.00 
6490.85 	0.00 
6490.88 	0.00 
6490.90 	0.00 
6490.92 	0.00 
6490.94 	0.00 
6490.96 	0.00 
6490.98 	0.00 
6491.00 	0.00 
6491.02 	0.00 
6491.04 	0.00 
6491.06 	0.00 
6491.08 	0.00 
6491.10 	0.00 
6491.13 	0.00 
6491.15 	0.00 
6491.17 	0.00 
6491.19 	1.30 
6491.21 	2.60 
6491.23 	38.60 
6491.25 	74.60 
6491.27 	118.70 
6491.29 	162.80 
6491.31 	205.50 
6491.33 	248.20 
6491.35 	284.10 
6491.38 	320.00 
6491.40 	345.50 
6491.42 	371.10 
6491.44 	384.20 
6491.46 	397.20 
6491.48 	398.30 
6491.50 	399.30 
6491.52 	389.40 
6491.54 	379.50 
6491.56 	357.00 
6491.58 	334.50 
6491.60 	300.70 
6491.63 	266.80 
6491.65 	225.20 
6491.67 	183.60 
6491.69 	139.00 
6491.71 	94.50 
6491.73 	55.40 
6491.75 	16.40 
6491.77 	8.20 
6491.79 	0.00 
6491.81 	0.00 
6491.83 	0.00 
6491.85 	0.00 
6491.88 	0.00 
6491.90 	0.00 
6491.92 	0.00 
6491.94 	0.00 
6491.96 	0.00 
6491.98 	0.00 
6492.00 	0.00 
6492.02 	0.00 
6492.04 	0.00 
6492.06 	0.00 
6492.08 	0.00 
6492.10 	0.00 
6492.13 	0.00 
6492.15 	0.00 
6492.17 	0.00 
6492.19 	1.10 
6492.21 	2.20 
6492.23 	38.30 
6492.25 	74.30 
6492.27 	118.50 
6492.29 	162.70 
6492.31 	205.60 
6492.33 	248.40 
6492.35 	284.40 
6492.38 	320.40 
6492.40 	346.10 
6492.42 	371.80 
6492.44 	384.90 
6492.46 	398.00 
6492.48 	399.10 
6492.50 	400.20 
6492.52 	390.20 
6492.54 	380.30 
6492.56 	352.00 
6492.58 	323.70 
6492.60 	291.00 
6492.63 	258.20 
6492.65 	217.90 
6492.67 	177.60 
6492.69 	134.50 
6492.71 	91.30 
6492.73 	53.50 
6492.75 	15.70 
6492.77 	7.90 
6492.79 	0.00 
6492.81 	0.00 
6492.83 	0.00 
6492.85 	0.00 
6492.88 	0.00 
6492.90 	0.00 
6492.92 	0.00 
6492.94 	0.00 
6492.96 	0.00 
6492.98 	0.00 
6493.00 	0.00 
6493.02 	0.00 
6493.04 	0.00 
6493.06 	0.00 
6493.08 	0.00 
6493.10 	0.00 
6493.13 	0.00 
6493.15 	0.00 
6493.17 	0.00 
6493.19 	0.90 
6493.21 	1.80 
6493.23 	36.60 
6493.25 	71.40 
6493.27 	114.20 
6493.29 	157.00 
6493.31 	198.50 
6493.33 	240.00 
6493.35 	274.90 
6493.38 	309.80 
6493.40 	334.70 
6493.42 	359.60 
6493.44 	372.30 
6493.46 	385.00 
6493.48 	386.10 
6493.50 	387.20 
6493.52 	377.60 
6493.54 	368.00 
6493.56 	353.60 
6493.58 	339.30 
6493.60 	304.90 
6493.63 	270.60 
6493.65 	228.30 
6493.67 	186.10 
6493.69 	140.80 
6493.71 	95.60 
6493.73 	56.00 
6493.75 	16.30 
6493.77 	8.20 
6493.79 	0.00 
6493.81 	0.00 
6493.83 	0.00 
6493.85 	0.00 
6493.88 	0.00 
6493.90 	0.00 
6493.92 	0.00 
6493.94 	0.00 
6493.96 	0.00 
6493.98 	0.00 
6494.00 	0.00 
6494.02 	0.00 
6494.04 	0.00 
6494.06 	0.00 
6494.08 	0.00 
6494.10 	0.00 
6494.13 	0.00 
6494.15 	0.00 
6494.17 	0.00 
6494.19 	0.70 
6494.21 	1.50 
6494.23 	37.90 
6494.25 	74.40 
6494.27 	119.20 
6494.29 	164.10 
6494.31 	207.60 
6494.33 	251.20 
6494.35 	287.80 
6494.38 	324.40 
6494.40 	350.50 
6494.42 	376.70 
6494.44 	390.00 
6494.46 	403.40 
6494.48 	404.60 
6494.50 	405.70 
6494.52 	395.70 
6494.54 	385.60 
6494.56 	364.80 
6494.58 	343.90 
6494.60 	309.10 
6494.63 	274.20 
6494.65 	231.40 
6494.67 	188.50 
6494.69 	142.60 
6494.71 	96.80 
6494.73 	56.60 
6494.75 	16.40 
6494.77 	8.20 
6494.79 	0.00 
6494.81 	0.00 
6494.83 	0.00 
6494.85 	0.00 
6494.88 	0.00 
6494.90 	0.00 
6494.92 	0.00 
6494.94 	0.00 
6494.96 	0.00 
6494.98 	0.00 
6495.00 	0.00 
6495.02 	0.00 
6495.04 	0.00 
6495.06 	0.00 
6495.08 	0.00 
6495.10 	0.00 
6495.13 	0.00 
6495.15 	0.00 
6495.17 	0.00 
6495.19 	0.60 
6495.21 	1.10 
6495.23 	38.00 
6495.25 	74.90 
6495.27 	120.40 
6495.29 	165.90 
6495.31 	210.00 
6495.33 	254.20 
6495.35 	291.40 
6495.38 	328.50 
6495.40 	355.10 
6495.42 	381.60 
6495.44 	395.20 
6495.46 	408.80 
6495.48 	410.00 
6495.50 	411.20 
6495.52 	401.10 
6495.54 	390.90 
6495.56 	364.40 
6495.58 	338.00 
6495.60 	303.70 
6495.63 	269.50 
6495.65 	227.40 
6495.67 	185.20 
6495.69 	140.10 
6495.71 	95.00 
6495.73 	55.40 
6495.75 	15.90 
6495.77 	8.00 
6495.79 	0.00 
6495.81 	0.00 
6495.83 	0.00 
6495.85 	0.00 
6495.88 	0.00 
6495.90 	0.00 
6495.92 	0.00 
6495.94 	0.00 
6495.96 	0.00 
6495.98 	0.00 
6496.00 	0.00 
6496.02 	0.00 
6496.04 	0.00 
6496.06 	0.00 
6496.08 	0.00 
6496.10 	0.00 
6496.13 	0.00 
6496.15 	0.00 
6496.17 	0.00 
6496.19 	0.30 
6496.21 	0.70 
6496.23 	36.90 
6496.25 	73.10 
6496.27 	117.90 
6496.29 	162.60 
6496.31 	206.10 
6496.33 	249.50 
6496.35 	286.10 
6496.38 	322.70 
6496.40 	348.80 
6496.42 	374.90 
6496.44 	388.30 
6496.46 	401.70 
6496.48 	403.00 
6496.50 	404.20 
6496.52 	394.20 
6496.54 	384.20 
6496.56 	361.20 
6496.58 	338.20 
6496.60 	303.90 
6496.63 	269.60 
6496.65 	227.40 
6496.67 	185.20 
6496.69 	140.00 
6496.71 	94.80 
6496.73 	55.30 
6496.75 	15.70 
6496.77 	7.90 
6496.79 	0.00 
6496.81 	0.00 
6496.83 	0.00 
6496.85 	0.00 
6496.88 	0.00 
6496.90 	0.00 
6496.92 	0.00 
6496.94 	0.00 
6496.96 	0.00 
6496.98 	0.00 
6497.00 	0.00 
6497.02 	0.00 
6497.04 	0.00 
6497.06 	0.00 
6497.08 	0.00 
6497.10 	0.00 
6497.13 	0.00 
6497.15 	0.00 
6497.17 	0.00 
6497.19 	0.10 
6497.21 	0.30 
6497.23 	36.50 
6497.25 	72.70 
6497.27 	117.50 
6497.29 	162.30 
6497.31 	205.80 
6497.33 	249.30 
6497.35 	286.00 
6497.38 	322.60 
6497.40 	348.90 
6497.42 	375.00 
6497.44 	388.50 
6497.46 	401.90 
6497.48 	403.20 
6497.50 	404.40 
6497.52 	394.40 
6497.54 	384.40 
6497.56 	358.90 
6497.58 	333.40 
6497.60 	299.50 
6497.63 	265.70 
6497.65 	224.10 
6497.67 	182.40 
6497.69 	137.90 
6497.71 	93.30 
6497.73 	54.30 
6497.75 	15.30 
6497.77 	7.70 
6497.79 	0.00 
6497.81 	0.00 
6497.83 	0.00 
6497.85 	0.00 
6497.88 	0.00 
6497.90 	0.00 
6497.92 	0.00 
6497.94 	0.00 
6497.96 	0.00 
6497.98 	0.00 
6498.00 	0.00 
6498.02 	0.00 
6498.04 	0.00 
6498.06 	0.00 
6498.08 	0.00 
6498.10 	0.00 
6498.13 	0.00 
6498.15 	0.00 
6498.17 	0.00 
6498.19 	0.00 
6498.21 	0.00 
6498.23 	35.60 
6498.25 	71.10 
6498.27 	115.30 
6498.29 	159.50 
6498.31 	202.50 
6498.33 	245.40 
6498.35 	281.60 
6498.38 	317.80 
6498.40 	343.70 
6498.42 	369.60 
6498.44 	382.90 
6498.46 	396.20 
6498.48 	397.40 
6498.50 	398.60 
6498.52 	388.80 
6498.54 	379.00 
6498.56 	356.70 
6498.58 	334.40 
6498.60 	300.50 
6498.63 	266.50 
6498.65 	224.70 
6498.67 	182.90 
6498.69 	138.10 
6498.71 	93.40 
6498.73 	54.20 
6498.75 	15.10 
6498.77 	7.60 
6498.79 	0.00 
6498.81 	0.00 
6498.83 	0.00 
6498.85 	0.00 
6498.88 	0.00 
6498.90 	0.00 
6498.92 	0.00 
6498.94 	0.00 
6498.96 	0.00 
6498.98 	0.00 
6499.00 	0.00 
6499.02 	0.00 
6499.04 	0.00 
6499.06 	0.00 
6499.08 	0.00 
6499.10 	0.00 
6499.13 	0.00 
6499.15 	0.00 
6499.17 	0.00 
6499.19 	0.00 
6499.21 	0.00 
6499.23 	35.40 
6499.25 	70.90 
6499.27 	115.20 
6499.29 	159.60 
6499.31 	202.70 
6499.33 	245.90 
6499.35 	282.30 
6499.38 	318.60 
6499.40 	344.60 
6499.42 	370.60 
6499.44 	384.00 
6499.46 	397.40 
6499.48 	398.70 
6499.50 	399.90 
6499.52 	390.00 
6499.54 	380.20 
6499.56 	354.00 
6499.58 	327.80 
6499.60 	294.50 
6499.63 	261.20 
6499.65 	220.20 
6499.67 	179.10 
6499.69 	135.20 
6499.71 	91.30 
6499.73 	52.90 
6499.75 	14.60 
6499.77 	7.30 
6499.79 	0.00 
6499.81 	0.00 
6499.83 	0.00 
6499.85 	0.00 
6499.88 	0.00 
6499.90 	0.00 
6499.92 	0.00 
6499.94 	0.00 
6499.96 	0.00 
6499.98 	0.00 
6500.00 	0.00 
6500.02 	0.00 
6500.04 	0.00 
6500.06 	0.00 
6500.08 	0.00 
6500.10 	0.00 
6500.13 	0.00 
6500.15 	0.00 
6500.17 	0.00 
6500.19 	0.00 
6500.21 	0.00 
6500.23 	34.50 
6500.25 	69.00 
6500.27 	112.50 
6500.29 	156.00 
6500.31 	198.40 
6500.33 	240.70 
6500.35 	276.50 
6500.38 	312.20 
6500.40 	337.70 
6500.42 	363.30 
6500.44 	376.40 
6500.46 	389.60 
6500.48 	390.80 
6500.50 	392.10 
6500.52 	382.40 
6500.54 	372.70 
6500.56 	350.60 
6500.58 	328.50 
6500.60 	295.10 
6500.63 	261.70 
6500.65 	220.50 
6500.67 	179.30 
6500.69 	135.30 
6500.71 	91.20 
6500.73 	52.80 
6500.75 	14.30 
6500.77 	7.20 
6500.79 	0.00 
6500.81 	0.00 
6500.83 	0.00 
6500.85 	0.00 
6500.88 	0.00 
6500.90 	0.00 
6500.92 	0.00 
6500.94 	0.00 
6500.96 	0.00 
6500.98 	0.00 
6501.00 	0.00 
6501.02 	0.00 
6501.04 	0.00 
6501.06 	0.00 
6501.08 	0.00 
6501.10 	0.00 
6501.13 	0.00 
6501.15 	0.00 
6501.17 	0.00 
6501.19 	0.00 
6501.21 	0.00 
6501.23 	34.30 
6501.25 	68.70 
6501.27 	112.30 
6501.29 	156.00 
6501.31 	198.50 
6501.33 	241.00 
6501.35 	276.80 
6501.38 	312.70 
6501.40 	338.30 
6501.42 	364.00 
6501.44 	377.20 
6501.46 	390.40 
6501.48 	391.70 
6501.50 	393.00 
6501.52 	383.30 
6501.54 	373.60 
6501.56 	352.50 
6501.58 	331.40 
6501.60 	297.60 
6501.63 	263.90 
6501.65 	222.30 
6501.67 	180.70 
6501.69 	136.20 
6501.71 	91.70 
6501.73 	53.00 
6501.75 	14.20 
6501.77 	7.10 
6501.79 	0.00 
6501.81 	0.00 
6501.83 	0.00 
6501.85 	0.00 
6501.88 	0.00 
6501.90 	0.00 
6501.92 	0.00 
6501.94 	0.00 
6501.96 	0.00 
6501.98 	0.00 
6502.00 	0.00 
6502.02 	0.00 
6502.04 	0.00 
6502.06 	0.00 
6502.08 	0.00 
6502.10 	0.00 
6502.13 	0.00 
6502.15 	0.00 
6502.17 	0.00 
6502.19 	0.00 
6502.21 	0.00 
6502.23 	34.40 
6502.25 	68.80 
6502.27 	112.90 
6502.29 	156.90 
6502.31 	199.80 
6502.33 	242.80 
6502.35 	279.00 
6502.38 	315.20 
6502.40 	341.20 
6502.42 	367.10 
6502.44 	380.50 
6502.46 	393.80 
6502.48 	395.10 
6502.50 	396.40 
6502.52 	386.70 
6502.54 	376.90 
6502.56 	356.40 
6502.58 	335.90 
6502.60 	301.60 
6502.63 	267.40 
6502.65 	225.20 
6502.67 	183.00 
6502.69 	137.80 
6502.71 	92.70 
6502.73 	53.40 
6502.75 	14.10 
6502.77 	7.00 
6502.79 	0.00 
6502.81 	0.00 
6502.83 	0.00 
6502.85 	0.00 
6502.88 	0.00 
6502.90 	0.00 
6502.92 	0.00 
6502.94 	0.00 
6502.96 	0.00 
6502.98 	0.00 
6503.00 	0.00 
6503.02 	0.00 
6503.04 	0.00 
6503.06 	0.00 
6503.08 	0.00 
6503.10 	0.00 
6503.13 	0.00 
6503.15 	0.00 
6503.17 	0.00 
6503.19 	0.00 
6503.21 	0.00 
6503.23 	34.60 
6503.25 	69.20 
6503.27 	113.90 
6503.29 	158.60 
6503.31 	202.20 
6503.33 	245.80 
6503.35 	282.60 
6503.38 	319.30 
6503.40 	345.70 
6503.42 	372.00 
6503.44 	385.60 
6503.46 	399.20 
6503.48 	400.60 
6503.50 	401.90 
6503.52 	392.00 
6503.54 	382.00 
6503.56 	357.50 
6503.58 	332.90 
6503.60 	298.90 
6503.63 	264.90 
6503.65 	223.00 
6503.67 	181.20 
6503.69 	136.40 
6503.71 	91.50 
6503.73 	52.60 
6503.75 	13.60 
6503.77 	6.80 
6503.79 	0.00 
6503.81 	0.00 
6503.83 	0.00 
6503.85 	0.00 
6503.88 	0.00 
6503.90 	0.00 
6503.92 	0.00 
6503.94 	0.00 
6503.96 	0.00 
6503.98 	0.00 
6504.00 	0.00 
6504.02 	0.00 
6504.04 	0.00 
6504.06 	0.00 
6504.08 	0.00 
6504.10 	0.00 
6504.13 	0.00 
6504.15 	0.00 
6504.17 	0.00 
6504.19 	0.00 
6504.21 	0.00 
6504.23 	34.10 
6504.25 	68.20 
6504.27 	112.50 
6504.29 	156.90 
6504.31 	200.10 
6504.33 	243.40 
6504.35 	279.90 
6504.38 	316.40 
6504.40 	342.60 
6504.42 	368.70 
6504.44 	382.30 
6504.46 	395.80 
6504.48 	397.10 
6504.50 	398.40 
6504.52 	388.60 
6504.54 	378.70 
6504.56 	359.20 
6504.58 	339.70 
6504.60 	304.90 
6504.63 	270.20 
6504.65 	227.40 
6504.67 	184.60 
6504.69 	138.80 
6504.71 	93.00 
6504.73 	53.30 
6504.75 	13.50 
6504.77 	6.70 
6504.79 	0.00 
6504.81 	0.00 
6504.83 	0.00 
6504.85 	0.00 
6504.88 	0.00 
6504.90 	0.00 
6504.92 	0.00 
6504.94 	0.00 
6504.96 	0.00 
6504.98 	0.00 
6505.00 	0.00 
6505.02 	0.00 
6505.04 	0.00 
6505.06 	0.00 
6505.08 	0.00 
6505.10 	0.00 
6505.13 	0.00 
6505.15 	0.00 
6505.17 	0.00 
6505.19 	0.00 
6505.21 	0.00 
6505.23 	34.50 
6505.25 	69.10 
6505.27 	114.40 
6505.29 	159.60 
6505.31 	203.90 
6505.33 	248.10 
6505.35 	285.40 
6505.38 	322.70 
6505.40 	349.50 
6505.42 	376.20 
6505.44 	390.10 
6505.46 	403.90 
6505.48 	405.30 
6505.50 	406.70 
6505.52 	396.60 
6505.54 	386.50 
6505.56 	363.00 
6505.58 	339.60 
6505.60 	304.80 
6505.63 	270.00 
6505.65 	227.20 
6505.67 	184.30 
6505.69 	138.50 
6505.71 	92.60 
6505.73 	52.90 
6505.75 	13.10 
6505.77 	6.60 
6505.79 	0.00 
6505.81 	0.00 
6505.83 	0.00 
6505.85 	0.00 
6505.88 	0.00 
6505.90 	0.00 
6505.92 	0.00 
6505.94 	0.00 
6505.96 	0.00 
6505.98 	0.00 
6506.00 	0.00 
6506.02 	0.00 
6506.04 	0.00 
6506.06 	0.00 
6506.08 	0.00 
6506.10 	0.00 
6506.13 	0.00 
6506.15 	0.00 
6506.17 	0.00 
6506.19 	0.00 
6506.21 	0.00 
6506.23 	34.30 
6506.25 	68.60 
6506.27 	113.90 
6506.29 	159.20 
6506.31 	203.50 
6506.33 	247.80 
6506.35 	285.20 
6506.38 	322.60 
6506.40 	349.40 
6506.42 	376.20 
6506.44 	390.00 
6506.46 	403.90 
6506.48 	405.30 
6506.50 	406.70 
6506.52 	396.60 
6506.54 	386.50 
6506.56 	359.80 
6506.58 	333.20 
6506.60 	299.00 
6506.63 	264.80 
6506.65 	222.70 
6506.67 	180.60 
6506.69 	135.50 
6506.71 	90.50 
6506.73 	51.50 
6506.75 	12.50 
6506.77 	6.20 
6506.79 	0.00 
6506.81 	0.00 
6506.83 	0.00 
6506.85 	0.00 
6506.88 	0.00 
6506.90 	0.00 
6506.92 	0.00 
6506.94 	0.00 
6506.96 	0.00 
6506.98 	0.00 
6507.00 	0.00 
6507.02 	0.00 
6507.04 	0.00 
6507.06 	0.00 
6507.08 	0.00 
6507.10 	0.00 
6507.13 	0.00 
6507.15 	0.00 
6507.17 	0.00 
6507.19 	0.00 
6507.21 	0.00 
6507.23 	33.40 
6507.25 	66.80 
6507.27 	111.40 
6507.29 	155.90 
6507.31 	199.40 
6507.33 	242.90 
6507.35 	279.70 
6507.38 	316.40 
6507.40 	342.80 
6507.42 	369.10 
6507.44 	382.80 
6507.46 	396.40 
6507.48 	397.80 
6507.50 	399.20 
6507.52 	389.20 
6507.54 	379.30 
6507.56 	352.70 
6507.58 	326.20 
6507.60 	292.70 
6507.63 	259.10 
6507.65 	217.80 
6507.67 	176.50 
6507.69 	132.40 
6507.71 	88.20 
6507.73 	50.00 
6507.75 	11.80 
6507.77 	5.90 
6507.79 	0.00 
6507.81 	0.00 
6507.83 	0.00 
6507.85 	0.00 
6507.88 	0.00 
6507.90 	0.00 
6507.92 	0.00 
6507.94 	0.00 
6507.96 	0.00 
6507.98 	0.00 
6508.00 	0.00 
6508.02 	0.00 
6508.04 	0.00 
6508.06 	0.00 
6508.08 	0.00 
6508.10 	0.00 
6508.13 	0.00 
6508.15 	0.00 
6508.17 	0.00 
6508.19 	0.00 
6508.21 	0.00 
6508.23 	32.50 
6508.25 	64.90 
6508.27 	108.60 
6508.29 	152.30 
6508.31 	194.90 
6508.33 	237.60 
6508.35 	273.70 
6508.38 	309.70 
6508.40 	335.60 
6508.42 	361.40 
6508.44 	374.80 
6508.46 	388.20 
6508.48 	389.60 
6508.50 	390.90 
6508.52 	381.20 
6508.54 	371.40 
6508.56 	354.50 
6508.58 	337.60 
6508.60 	302.80 
6508.63 	268.00 
6508.65 	225.20 
6508.67 	182.40 
6508.69 	136.60 
6508.71 	90.90 
6508.73 	51.30 
6508.75 	11.80 
6508.77 	5.90 
6508.79 	0.00 
6508.81 	0.00 
6508.83 	0.00 
6508.85 	0.00 
6508.88 	0.00 
6508.90 	0.00 
6508.92 	0.00 
6508.94 	0.00 
6508.96 	0.00 
6508.98 	0.00 
6509.00 	0.00 
6509.02 	0.00 
6509.04 	0.00 
6509.06 	0.00 
6509.08 	0.00 
6509.10 	0.00 
6509.13 	0.00 
6509.15 	0.00 
6509.17 	0.00 
6509.19 	0.00 
6509.21 	0.00 
6509.23 	33.40 
6509.25 	66.80 
6509.27 	112.00 
6509.29 	157.20 
6509.31 	201.50 
6509.33 	245.70 
6509.35 	283.10 
6509.38 	320.50 
6509.40 	347.30 
6509.42 	374.10 
6509.44 	388.00 
6509.46 	401.90 
6509.48 	403.30 
6509.50 	404.80 
6509.52 	394.60 
6509.54 	384.40 
6509.56 	362.60 
6509.58 	340.80 
6509.60 	305.60 
6509.63 	270.40 
6509.65 	227.10 
6509.67 	183.80 
6509.69 	137.50 
6509.71 	91.30 
6509.73 	51.40 
6509.75 	11.50 
6509.77 	5.70 
6509.79 	0.00 
6509.81 	0.00 
6509.83 	0.00 
6509.85 	0.00 
6509.88 	0.00 
6509.90 	0.00 
6509.92 	0.00 
6509.94 	0.00 
6509.96 	0.00 
6509.98 	0.00 
6510.00 	0.00 
6510.02 	0.00 
6510.04 	0.00 
6510.06 	0.00 
6510.08 	0.00 
6510.10 	0.00 
6510.13 	0.00 
6510.15 	0.00 
6510.17 	0.00 
6510.19 	0.00 
6510.21 	0.00 
6510.23 	33.50 
6510.25 	66.90 
6510.27 	112.70 
6510.29 	158.40 
6510.31 	203.10 
6510.33 	247.90 
6510.35 	285.70 
6510.38 	323.50 
6510.40 	350.60 
6510.42 	377.70 
6510.44 	391.80 
6510.46 	405.90 
6510.48 	407.30 
6510.50 	408.80 
6510.52 	398.50 
6510.54 	388.20 
6510.56 	369.10 
6510.58 	350.00 
6510.60 	313.80 
6510.63 	277.50 
6510.65 	233.00 
6510.67 	188.40 
6510.69 	140.80 
6510.71 	93.20 
6510.73 	52.20 
6510.75 	11.30 
6510.77 	5.60 
6510.79 	0.00 
6510.81 	0.00 
6510.83 	0.00 
6510.85 	0.00 
6510.88 	0.00 
6510.90 	0.00 
6510.92 	0.00 
6510.94 	0.00 
6510.96 	0.00 
6510.98 	0.00 
6511.00 	0.00 
6511.02 	0.00 
6511.04 	0.00 
6511.06 	0.00 
6511.08 	0.00 
6511.10 	0.00 
6511.13 	0.00 
6511.15 	0.00 
6511.17 	0.00 
6511.19 	0.00 
6511.21 	0.00 
6511.23 	34.10 
6511.25 	68.30 
6511.27 	115.30 
6511.29 	162.30 
6511.31 	208.40 
6511.33 	254.40 
6511.35 	293.30 
6511.38 	332.20 
6511.40 	360.20 
6511.42 	388.10 
6511.44 	402.50 
6511.46 	417.00 
6511.48 	418.50 
6511.50 	420.00 
6511.52 	409.40 
6511.54 	398.80 
6511.56 	369.70 
6511.58 	340.60 
6511.60 	305.30 
6511.63 	270.00 
6511.65 	226.50 
6511.67 	183.00 
6511.69 	136.60 
6511.71 	90.20 
6511.73 	50.40 
6511.75 	10.50 
6511.77 	5.30 
6511.79 	0.00 
6511.81 	0.00 
6511.83 	0.00 
6511.85 	0.00 
6511.88 	0.00 
6511.90 	0.00 
6511.92 	0.00 
6511.94 	0.00 
6511.96 	0.00 
6511.98 	0.00 
6512.00 	0.00 
6512.02 	0.00 
6512.04 	0.00 
6512.06 	0.00 
6512.08 	0.00 
6512.10 	0.00 
6512.13 	0.00 
6512.15 	0.00 
6512.17 	0.00 
6512.19 	0.00 
6512.21 	0.00 
6512.23 	33.00 
6512.25 	66.00 
6512.27 	111.80 
6512.29 	157.60 
6512.31 	202.60 
6512.33 	247.40 
6512.35 	285.40 
6512.38 	323.30 
6512.40 	350.60 
6512.42 	377.80 
6512.44 	391.90 
6512.46 	406.10 
6512.48 	407.50 
6512.50 	409.00 
6512.52 	398.60 
6512.54 	388.30 
6512.56 	364.80 
6512.58 	341.30 
6512.60 	305.80 
6512.63 	270.30 
6512.65 	226.60 
6512.67 	183.00 
6512.69 	136.40 
6512.71 	89.80 
6512.73 	49.90 
6512.75 	10.00 
6512.77 	5.00 
6512.79 	0.00 
6512.81 	0.00 
6512.83 	0.00 
6512.85 	0.00 
6512.88 	0.00 
6512.90 	0.00 
6512.92 	0.00 
6512.94 	0.00 
6512.96 	0.00 
6512.98 	0.00 
6513.00 	0.00 
6513.02 	0.00 
6513.04 	0.00 
6513.06 	0.00 
6513.08 	0.00 
6513.10 	0.00 
6513.13 	0.00 
6513.15 	0.00 
6513.17 	0.00 
6513.19 	0.00 
6513.21 	0.00 
6513.23 	32.80 
6513.25 	65.70 
6513.27 	111.70 
6513.29 	157.60 
6513.31 	202.70 
6513.33 	247.80 
6513.35 	285.90 
6513.38 	324.00 
6513.40 	351.30 
6513.42 	378.70 
6513.44 	392.90 
6513.46 	407.10 
6513.48 	408.60 
6513.50 	410.00 
6513.52 	399.60 
6513.54 	389.10 
6513.56 	364.00 
6513.58 	338.80 
6513.60 	303.40 
6513.63 	268.10 
6513.65 	224.70 
6513.67 	181.20 
6513.69 	134.90 
6513.71 	88.60 
6513.73 	49.00 
6513.75 	9.40 
6513.77 	4.70 
6513.79 	0.00 
6513.81 	0.00 
6513.83 	0.00 
6513.85 	0.00 
6513.88 	0.00 
6513.90 	0.00 
6513.92 	0.00 
6513.94 	0.00 
6513.96 	0.00 
6513.98 	0.00 
6514.00 	0.00 
6514.02 	0.00 
6514.04 	0.00 
6514.06 	0.00 
6514.08 	0.00 
6514.10 	0.00 
6514.13 	0.00 
6514.15 	0.00 
6514.17 	0.00 
6514.19 	0.00 
6514.21 	0.00 
6514.23 	32.40 
6514.25 	64.70 
6514.27 	110.50 
6514.29 	156.20 
6514.31 	201.00 
6514.33 	245.90 
6514.35 	283.80 
6514.38 	321.70 
6514.40 	348.90 
6514.42 	376.10 
6514.44 	390.20 
6514.46 	404.30 
6514.48 	405.80 
6514.50 	407.20 
6514.52 	396.80 
6514.54 	386.40 
6514.56 	359.40 
6514.58 	332.30 
6514.60 	297.60 
6514.63 	262.90 
6514.65 	220.10 
6514.67 	177.40 
6514.69 	131.90 
6514.71 	86.40 
6514.73 	47.60 
6514.75 	8.70 
6514.77 	4.30 
6514.79 	0.00 
6514.81 	0.00 
6514.83 	0.00 
6514.85 	0.00 
6514.88 	0.00 
6514.90 	0.00 
6514.92 	0.00 
6514.94 	0.00 
6514.96 	0.00 
6514.98 	0.00 
6515.00 	0.00 
6515.02 	0.00 
6515.04 	0.00 
6515.06 	0.00 
6515.08 	0.00 
6515.10 	0.00 
6515.13 	0.00 
6515.15 	0.00 
6515.17 	0.00 
6515.19 	0.00 
6515.21 	0.00 
6515.23 	31.60 
6515.25 	63.10 
6515.27 	108.00 
6515.29 	153.00 
6515.31 	197.00 
6515.33 	241.10 
6515.35 	278.40 
6515.38 	315.70 
6515.40 	342.40 
6515.42 	369.20 
6515.44 	383.00 
6515.46 	396.90 
6515.48 	398.40 
6515.50 	399.80 
6515.52 	389.50 
6515.54 	379.30 
6515.56 	360.30 
6515.58 	341.40 
6515.60 	305.60 
6515.63 	269.80 
6515.65 	225.80 
6515.67 	181.80 
6515.69 	135.00 
6515.71 	88.10 
6515.73 	48.30 
6515.75 	8.40 
6515.77 	4.20 
6515.79 	0.00 
6515.81 	0.00 
6515.83 	0.00 
6515.85 	0.00 
6515.88 	0.00 
6515.90 	0.00 
6515.92 	0.00 
6515.94 	0.00 
6515.96 	0.00 
6515.98 	0.00 
6516.00 	0.00 
6516.02 	0.00 
6516.04 	0.00 
6516.06 	0.00 
6516.08 	0.00 
6516.10 	0.00 
6516.13 	0.00 
6516.15 	0.00 
6516.17 	0.00 
6516.19 	0.00 
6516.21 	0.00 
6516.23 	32.20 
6516.25 	64.40 
6516.27 	110.60 
6516.29 	156.80 
6516.31 	202.20 
6516.33 	247.60 
6516.35 	286.00 
6516.38 	324.40 
6516.40 	351.90 
6516.42 	379.40 
6516.44 	393.70 
6516.46 	408.00 
6516.48 	409.50 
6516.50 	411.00 
6516.52 	400.40 
6516.54 	389.70 
6516.56 	368.80 
6516.58 	347.90 
6516.60 	311.30 
6516.63 	274.70 
6516.65 	229.80 
6516.67 	184.80 
6516.69 	137.00 
6516.71 	89.20 
6516.73 	48.50 
6516.75 	7.90 
6516.77 	4.00 
6516.79 	0.00 
6516.81 	0.00 
6516.83 	0.00 
6516.85 	0.00 
6516.88 	0.00 
6516.90 	0.00 
6516.92 	0.00 
6516.94 	0.00 
6516.96 	0.00 
6516.98 	0.00 
6517.00 	0.00 
6517.02 	0.00 
6517.04 	0.00 
6517.06 	0.00 
6517.08 	0.00 
6517.10 	0.00 
6517.13 	0.00 
6517.15 	0.00 
6517.17 	0.00 
6517.19 	0.00 
6517.21 	0.00 
6517.23 	32.60 
6517.25 	65.20 
6517.27 	112.40 
6517.29 	159.60 
6517.31 	205.90 
6517.33 	252.30 
6517.35 	291.50 
6517.38 	330.70 
6517.40 	358.80 
6517.42 	386.90 
6517.44 	401.50 
6517.46 	416.10 
6517.48 	417.60 
6517.50 	419.10 
6517.52 	408.20 
6517.54 	397.30 
6517.56 	370.50 
6517.58 	343.70 
6517.60 	307.40 
6517.63 	271.20 
6517.65 	226.70 
6517.67 	182.10 
6517.69 	134.80 
6517.71 	87.50 
6517.73 	47.40 
6517.75 	7.20 
6517.77 	3.60 
6517.79 	0.00 
6517.81 	0.00 
6517.83 	0.00 
6517.85 	0.00 
6517.88 	0.00 
6517.90 	0.00 
6517.92 	0.00 
6517.94 	0.00 
6517.96 	0.00 
6517.98 	0.00 
6518.00 	0.00 
6518.02 	0.00 
6518.04 	0.00 
6518.06 	0.00 
6518.08 	0.00 
6518.10 	0.00 
6518.13 	0.00 
6518.15 	0.00 
6518.17 	0.00 
6518.19 	0.00 
6518.21 	0.00 
6518.23 	32.00 
6518.25 	64.00 
6518.27 	110.70 
6518.29 	157.40 
6518.31 	203.30 
6518.33 	249.20 
6518.35 	288.00 
6518.38 	326.80 
6518.40 	354.60 
6518.42 	382.50 
6518.44 	396.90 
6518.46 	411.40 
6518.48 	412.90 
6518.50 	414.40 
6518.52 	403.50 
6518.54 	392.70 
6518.56 	371.00 
6518.58 	349.20 
6518.60 	312.30 
6518.63 	275.30 
6518.65 	230.00 
6518.67 	184.60 
6518.69 	136.40 
6518.71 	88.20 
6518.73 	47.50 
6518.75 	6.70 
6518.77 	3.30 
6518.79 	0.00 
6518.81 	0.00 
6518.83 	0.00 
6518.85 	0.00 
6518.88 	0.00 
6518.90 	0.00 
6518.92 	0.00 
6518.94 	0.00 
6518.96 	0.00 
6518.98 	0.00 
6519.00 	0.00 
6519.02 	0.00 
6519.04 	0.00 
6519.06 	0.00 
6519.08 	0.00 
6519.10 	0.00 
6519.13 	0.00 
6519.15 	0.00 
6519.17 	0.00 
6519.19 	0.00 
6519.21 	0.00 
6519.23 	32.30 
6519.25 	64.60 
6519.27 	112.20 
6519.29 	159.70 
6519.31 	206.50 
6519.33 	253.20 
6519.35 	292.70 
6519.38 	332.30 
6519.40 	360.60 
6519.42 	388.90 
6519.44 	403.70 
6519.46 	418.40 
6519.48 	419.90 
6519.50 	421.40 
6519.52 	410.30 
6519.54 	399.20 
6519.56 	368.00 
6519.58 	336.70 
6519.60 	301.00 
6519.63 	265.20 
6519.65 	221.40 
6519.67 	177.50 
6519.69 	130.90 
6519.71 	84.30 
6519.73 	45.10 
6519.75 	5.90 
6519.77 	2.90 
6519.79 	0.00 
6519.81 	0.00 
6519.83 	0.00 
6519.85 	0.00 
6519.88 	0.00 
6519.90 	0.00 
6519.92 	0.00 
6519.94 	0.00 
6519.96 	0.00 
6519.98 	0.00 
6520.00 	0.00 
6520.02 	0.00 
6520.04 	0.00 
6520.06 	0.00 
6520.08 	0.00 
6520.10 	0.00 
6520.13 	0.00 
6520.15 	0.00 
6520.17 	0.00 
6520.19 	0.00 
6520.21 	0.00 
6520.23 	31.00 
6520.25 	61.90 
6520.27 	107.80 
6520.29 	153.80 
6520.31 	198.90 
6520.33 	244.10 
6520.35 	282.30 
6520.38 	320.50 
6520.40 	347.90 
6520.42 	375.30 
6520.44 	389.50 
6520.46 	403.80 
6520.48 	405.20 
6520.50 	406.60 
6520.52 	395.90 
6520.54 	385.10 
6520.56 	367.70 
6520.58 	350.30 
6520.60 	312.90 
6520.63 	275.60 
6520.65 	229.90 
6520.67 	184.10 
6520.69 	135.60 
6520.71 	87.00 
6520.73 	46.20 
6520.75 	5.40 
6520.77 	2.70 
6520.79 	0.00 
6520.81 	0.00 
6520.83 	0.00 
6520.85 	0.00 
6520.88 	0.00 
6520.90 	0.00 
6520.92 	0.00 
6520.94 	0.00 
6520.96 	0.00 
6520.98 	0.00 
6521.00 	0.00 
6521.02 	0.00 
6521.04 	0.00 
6521.06 	0.00 
6521.08 	0.00 
6521.10 	0.00 
6521.13 	0.00 
6521.15 	0.00 
6521.17 	0.00 
6521.19 	0.00 
6521.21 	0.00 
6521.23 	32.00 
6521.25 	64.00 
6521.27 	111.90 
6521.29 	159.70 
6521.31 	206.90 
6521.33 	254.00 
6521.35 	293.80 
6521.38 	333.60 
6521.40 	362.20 
6521.42 	390.70 
6521.44 	405.60 
6521.46 	420.40 
6521.48 	421.90 
6521.50 	423.40 
6521.52 	412.10 
6521.54 	400.80 
6521.56 	378.70 
6521.58 	356.60 
6521.60 	318.50 
6521.63 	280.40 
6521.65 	233.60 
6521.67 	186.90 
6521.69 	137.40 
6521.71 	87.80 
6521.73 	46.30 
6521.75 	4.80 
6521.77 	2.40 
6521.79 	0.00 
6521.81 	0.00 
6521.83 	0.00 
6521.85 	0.00 
6521.88 	0.00 
6521.90 	0.00 
6521.92 	0.00 
6521.94 	0.00 
6521.96 	0.00 
6521.98 	0.00 
6522.00 	0.00 
6522.02 	0.00 
6522.04 	0.00 
6522.06 	0.00 
6522.08 	0.00 
6522.10 	0.00 
6522.13 	0.00 
6522.15 	0.00 
6522.17 	0.00 
6522.19 	0.00 
6522.21 	0.00 
6522.23 	32.40 
6522.25 	64.70 
6522.27 	113.60 
6522.29 	162.40 
6522.31 	210.50 
6522.33 	258.60 
6522.35 	299.30 
6522.38 	339.90 
6522.40 	369.10 
6522.42 	398.20 
6522.44 	413.30 
6522.46 	428.40 
6522.48 	430.00 
6522.50 	431.40 
6522.52 	419.90 
6522.54 	408.30 
6522.56 	383.40 
6522.58 	358.50 
6522.60 	320.00 
6522.63 	281.60 
6522.65 	234.40 
6522.67 	187.30 
6522.69 	137.40 
6522.71 	87.50 
6522.73 	45.80 
6522.75 	4.10 
6522.77 	2.10 
6522.79 	0.00 
6522.81 	0.00 
6522.83 	0.00 
6522.85 	0.00 
6522.88 	0.00 
6522.90 	0.00 
6522.92 	0.00 
6522.94 	0.00 
6522.96 	0.00 
6522.98 	0.00 
6523.00 	0.00 
6523.02 	0.00 
6523.04 	0.00 
6523.06 	0.00 
6523.08 	0.00 
6523.10 	0.00 
6523.13 	0.00 
6523.15 	0.00 
6523.17 	0.00 
6523.19 	0.00 
6523.21 	0.00 
6523.23 	32.30 
6523.25 	64.70 
6523.27 	113.90 
6523.29 	163.10 
6523.31 	211.60 
6523.33 	260.00 
6523.35 	301.00 
6523.38 	342.00 
6523.40 	371.30 
6523.42 	400.60 
6523.44 	415.90 
6523.46 	431.10 
6523.48 	432.60 
6523.50 	434.10 
6523.52 	422.40 
6523.54 	410.70 
6523.56 	383.70 
6523.58 	356.70 
6523.60 	318.30 
6523.63 	279.80 
6523.65 	232.80 
6523.67 	185.80 
6523.69 	136.00 
6523.71 	86.20 
6523.73 	44.80 
6523.75 	3.40 
6523.77 	1.70 
6523.79 	0.00 
6523.81 	0.00 
6523.83 	0.00 
6523.85 	0.00 
6523.88 	0.00 
6523.90 	0.00 
6523.92 	0.00 
6523.94 	0.00 
6523.96 	0.00 
6523.98 	0.00 
6524.00 	0.00 
6524.02 	0.00 
6524.04 	0.00 
6524.06 	0.00 
6524.08 	0.00 
6524.10 	0.00 
6524.13 	0.00 
6524.15 	0.00 
6524.17 	0.00 
6524.19 	0.00 
6524.21 	0.00 
6524.23 	32.00 
6524.25 	64.00 
6524.27 	113.10 
6524.29 	162.10 
6524.31 	210.50 
6524.33 	258.80 
6524.35 	299.70 
6524.38 	340.50 
6524.40 	369.80 
6524.42 	399.00 
6524.44 	414.20 
6524.46 	429.50 
6524.48 	430.90 
6524.50 	432.40 
6524.52 	420.60 
6524.54 	408.90 
6524.56 	378.90 
6524.58 	348.90 
6524.60 	311.10 
6524.63 	273.40 
6524.65 	227.30 
6524.67 	181.10 
6524.69 	132.30 
6524.71 	83.50 
6524.73 	43.00 
6524.75 	2.50 
6524.77 	1.30 
6524.79 	0.00 
6524.81 	0.00 
6524.83 	0.00 
6524.85 	0.00 
6524.88 	0.00 
6524.90 	0.00 
6524.92 	0.00 
6524.94 	0.00 
6524.96 	0.00 
6524.98 	0.00 
6525.00 	0.00 
6525.02 	0.00 
6525.04 	0.00 
6525.06 	0.00 
6525.08 	0.00 
6525.10 	0.00 
6525.13 	0.00 
6525.15 	0.00 
6525.17 	0.00 
6525.19 	0.00 
6525.21 	0.00 
6525.23 	31.10 
6525.25 	62.20 
6525.27 	110.30 
6525.29 	158.40 
6525.31 	205.80 
6525.33 	253.20 
6525.35 	293.30 
6525.38 	333.30 
6525.40 	362.00 
6525.42 	390.70 
6525.44 	405.60 
6525.46 	420.50 
6525.48 	421.90 
6525.50 	423.30 
6525.52 	411.70 
6525.54 	400.10 
6525.56 	366.00 
6525.58 	331.90 
6525.60 	295.90 
6525.63 	259.80 
6525.65 	215.80 
6525.67 	171.70 
6525.69 	125.20 
6525.71 	78.70 
6525.73 	40.20 
6525.75 	1.70 
6525.77 	0.90 
6525.79 	0.00 
6525.81 	0.00 
6525.83 	0.00 
6525.85 	0.00 
6525.88 	0.00 
6525.90 	0.00 
6525.92 	0.00 
6525.94 	0.00 
6525.96 	0.00 
6525.98 	0.00 
6526.00 	0.00 
6526.02 	0.00 
6526.04 	0.00 
6526.06 	0.00 
6526.08 	0.00 
6526.10 	0.00 
6526.13 	0.00 
6526.15 	0.00 
6526.17 	0.00 
6526.19 	0.00 
6526.21 	0.00 
6526.23 	29.40 
6526.25 	58.80 
6526.27 	104.70 
6526.29 	150.60 
6526.31 	195.80 
6526.33 	241.00 
6526.35 	279.20 
6526.38 	317.40 
6526.40 	344.80 
6526.42 	372.10 
6526.44 	386.30 
6526.46 	400.50 
6526.48 	401.90 
6526.50 	403.20 
6526.52 	392.10 
6526.54 	380.90 
6526.56 	356.20 
6526.58 	331.50 
6526.60 	295.30 
6526.63 	259.20 
6526.65 	215.00 
6526.67 	170.90 
6526.69 	124.30 
6526.71 	77.70 
6526.73 	39.30 
6526.75 	1.00 
6526.77 	0.50 
6526.79 	0.00 
6526.81 	0.00 
6526.83 	0.00 
6526.85 	0.00 
6526.88 	0.00 
6526.90 	0.00 
6526.92 	0.00 
6526.94 	0.00 
6526.96 	0.00 
6526.98 	0.00 
6527.00 	0.00 
6527.02 	0.00 
6527.04 	0.00 
6527.06 	0.00 
6527.08 	0.00 
6527.10 	0.00 
6527.13 	0.00 
6527.15 	0.00 
6527.17 	0.00 
6527.19 	0.00 
6527.21 	0.00 
6527.23 	29.20 
6527.25 	58.40 
6527.27 	104.30 
6527.29 	150.30 
6527.31 	195.50 
6527.33 	240.80 
6527.35 	279.10 
6527.38 	317.30 
6527.40 	344.70 
6527.42 	372.10 
6527.44 	386.30 
6527.46 	400.50 
6527.48 	401.80 
6527.50 	403.10 
6527.52 	391.90 
6527.54 	380.70 
6527.56 	358.60 
6527.58 	336.60 
6527.60 	299.70 
6527.63 	262.90 
6527.65 	217.90 
6527.67 	172.90 
6527.69 	125.50 
6527.71 	78.10 
6527.73 	39.10 
6527.75 	0.20 
6527.77 	0.10 
6527.79 	0.00 
6527.81 	0.00 
6527.83 	0.00 
6527.85 	0.00 
6527.88 	0.00 
6527.90 	0.00 
6527.92 	0.00 
6527.94 	0.00 
6527.96 	0.00 
6527.98 	0.00 
6528.00 	0.00 
6528.02 	0.00 
6528.04 	0.00 
6528.06 	0.00 
6528.08 	0.00 
6528.10 	0.00 
6528.13 	0.00 
6528.15 	0.00 
6528.17 	0.00 
6528.19 	0.00 
6528.21 	0.00 
6528.23 	29.50 
6528.25 	59.00 
6528.27 	105.70 
6528.29 	152.50 
6528.31 	198.60 
6528.33 	244.70 
6528.35 	283.70 
6528.38 	322.60 
6528.40 	350.50 
6528.42 	378.30 
6528.44 	392.80 
6528.46 	407.30 
6528.48 	408.50 
6528.50 	409.80 
6528.52 	398.30 
6528.54 	386.90 
6528.56 	355.60 
6528.58 	324.40 
6528.60 	288.70 
6528.63 	253.10 
6528.65 	209.50 
6528.67 	166.00 
6528.69 	120.20 
6528.71 	74.40 
6528.73 	37.20 
6528.75 	0.00 
6528.77 	0.00 
6528.79 	0.00 
6528.81 	0.00 
6528.83 	0.00 
6528.85 	0.00 
6528.88 	0.00 
6528.90 	0.00 
6528.92 	0.00 
6528.94 	0.00 
6528.96 	0.00 
6528.98 	0.00 
6529.00 	0.00 
6529.02 	0.00 
6529.04 	0.00 
6529.06 	0.00 
6529.08 	0.00 
6529.10 	0.00 
6529.13 	0.00 
6529.15 	0.00 
6529.17 	0.00 
6529.19 	0.00 
6529.21 	0.00 
6529.23 	28.30 
6529.25 	56.60 
6529.27 	101.70 
6529.29 	146.90 
6529.31 	191.40 
6529.33 	236.00 
6529.35 	273.70 
6529.38 	311.30 
6529.40 	338.20 
6529.42 	365.10 
6529.44 	379.10 
6529.46 	393.00 
6529.48 	394.20 
6529.50 	395.40 
6529.52 	384.30 
6529.54 	373.10 
6529.56 	351.30 
6529.58 	329.50 
6529.60 	293.10 
6529.63 	256.70 
6529.65 	212.30 
6529.67 	167.90 
6529.69 	121.30 
6529.71 	74.70 
6529.73 	37.40 
6529.75 	0.00 
6529.77 	0.00 
6529.79 	0.00 
6529.81 	0.00 
6529.83 	0.00 
6529.85 	0.00 
6529.88 	0.00 
6529.90 	0.00 
6529.92 	0.00 
6529.94 	0.00 
6529.96 	0.00 
6529.98 	0.00 
6530.00 	0.00 
6530.02 	0.00 
6530.04 	0.00 
6530.06 	0.00 
6530.08 	0.00 
6530.10 	0.00 
6530.13 	0.00 
6530.15 	0.00 
6530.17 	0.00 
6530.19 	0.00 
6530.21 	0.00 
6530.23 	28.60 
6530.25 	57.10 
6530.27 	103.10 
6530.29 	149.10 
6530.31 	194.50 
6530.33 	239.90 
6530.35 	278.30 
6530.38 	316.60 
6530.40 	344.00 
6530.42 	371.40 
6530.44 	385.60 
6530.46 	399.80 
6530.48 	401.00 
6530.50 	402.20 
6530.52 	390.70 
6530.54 	379.30 
6530.56 	354.80 
6530.58 	330.30 
6530.60 	293.60 
6530.63 	257.00 
6530.65 	212.30 
6530.67 	167.60 
6530.69 	120.80 
6530.71 	74.00 
6530.73 	37.00 
6530.75 	0.00 
6530.77 	0.00 
6530.79 	0.00 
6530.81 	0.00 
6530.83 	0.00 
6530.85 	0.00 
6530.88 	0.00 
6530.90 	0.00 
6530.92 	0.00 
6530.94 	0.00 
6530.96 	0.00 
6530.98 	0.00 
6531.00 	0.00 
6531.02 	0.00 
6531.04 	0.00 
6531.06 	0.00 
6531.08 	0.00 
6531.10 	0.00 
6531.13 	0.00 
6531.15 	0.00 
6531.17 	0.00 
6531.19 	0.00 
6531.21 	0.00 
6531.23 	28.50 
6531.25 	57.00 
6531.27 	103.20 
6531.29 	149.40 
6531.31 	195.00 
6531.33 	240.70 
6531.35 	279.20 
6531.38 	317.70 
6531.40 	345.20 
6531.42 	372.70 
6531.44 	387.00 
6531.46 	401.20 
6531.48 	402.40 
6531.50 	403.60 
6531.52 	392.00 
6531.54 	380.40 
6531.56 	357.60 
6531.58 	334.80 
6531.60 	297.50 
6531.63 	260.20 
6531.65 	214.70 
6531.67 	169.30 
6531.69 	121.70 
6531.71 	74.10 
6531.73 	37.00 
6531.75 	0.00 
6531.77 	0.00 
6531.79 	0.00 
6531.81 	0.00 
6531.83 	0.00 
6531.85 	0.00 
6531.88 	0.00 
6531.90 	0.00 
6531.92 	0.00 
6531.94 	0.00 
6531.96 	0.00 
6531.98 	0.00 
6532.00 	0.00 
6532.02 	0.00 
6532.04 	0.00 
6532.06 	0.00 
6532.08 	0.00 
6532.10 	0.00 
6532.13 	0.00 
6532.15 	0.00 
6532.17 	0.00 
6532.19 	0.00 
6532.21 	0.00 
6532.23 	28.70 
6532.25 	57.40 
6532.27 	104.40 
6532.29 	151.40 
6532.31 	197.80 
6532.33 	244.20 
6532.35 	283.40 
6532.38 	322.60 
6532.40 	350.50 
6532.42 	378.50 
6532.44 	392.90 
6532.46 	407.40 
6532.48 	408.60 
6532.50 	409.70 
6532.52 	397.90 
6532.54 	386.00 
6532.56 	359.30 
6532.58 	332.60 
6532.60 	295.30 
6532.63 	258.00 
6532.65 	212.70 
6532.67 	167.40 
6532.69 	120.00 
6532.71 	72.60 
6532.73 	36.30 
6532.75 	0.00 
6532.77 	0.00 
6532.79 	0.00 
6532.81 	0.00 
6532.83 	0.00 
6532.85 	0.00 
6532.88 	0.00 
6532.90 	0.00 
6532.92 	0.00 
6532.94 	0.00 
6532.96 	0.00 
6532.98 	0.00 
6533.00 	0.00 
6533.02 	0.00 
6533.04 	0.00 
6533.06 	0.00 
6533.08 	0.00 
6533.10 	0.00 
6533.13 	0.00 
6533.15 	0.00 
6533.17 	0.00 
6533.19 	0.00 
6533.21 	0.00 
6533.23 	28.40 
6533.25 	56.80 
6533.27 	103.60 
6533.29 	150.40 
6533.31 	196.60 
6533.33 	242.80 
6533.35 	281.80 
6533.38 	320.80 
6533.40 	348.60 
6533.42 	376.50 
6533.44 	390.90 
6533.46 	405.30 
6533.48 	406.40 
6533.50 	407.50 
6533.52 	395.60 
6533.54 	383.60 
6533.56 	360.80 
6533.58 	338.00 
6533.60 	299.90 
6533.63 	261.90 
6533.65 	215.70 
6533.67 	169.40 
6533.69 	121.10 
6533.71 	72.80 
6533.73 	36.40 
6533.75 	0.00 
6533.77 	0.00 
6533.79 	0.00 
6533.81 	0.00 
6533.83 	0.00 
6533.85 	0.00 
6533.88 	0.00 
6533.90 	0.00 
6533.92 	0.00 
6533.94 	0.00 
6533.96 	0.00 
6533.98 	0.00 
6534.00 	0.00 
6534.02 	0.00 
6534.04 	0.00 
6534.06 	0.00 
6534.08 	0.00 
6534.10 	0.00 
6534.13 	0.00 
6534.15 	0.00 
6534.17 	0.00 
6534.19 	0.00 
6534.21 	0.00 
6534.23 	28.70 
6534.25 	57.40 
6534.27 	105.10 
6534.29 	152.80 
6534.31 	199.90 
6534.33 	247.00 
6534.35 	286.80 
6534.38 	326.50 
6534.40 	354.90 
6534.42 	383.20 
6534.44 	397.90 
6534.46 	412.50 
6534.48 	413.60 
6534.50 	414.70 
6534.52 	402.40 
6534.54 	390.20 
6534.56 	372.20 
6534.58 	354.20 
6534.60 	314.10 
6534.63 	274.00 
6534.65 	225.40 
6534.67 	176.70 
6534.69 	126.00 
6534.71 	75.20 
6534.73 	37.60 
6534.75 	0.00 
6534.77 	0.00 
6534.79 	0.00 
6534.81 	0.00 
6534.83 	0.00 
6534.85 	0.00 
6534.88 	0.00 
6534.90 	0.00 
6534.92 	0.00 
6534.94 	0.00 
6534.96 	0.00 
6534.98 	0.00 
6535.00 	0.00 
6535.02 	0.00 
6535.04 	0.00 
6535.06 	0.00 
6535.08 	0.00 
6535.10 	0.00 
6535.13 	0.00 
6535.15 	0.00 
6535.17 	0.00 
6535.19 	0.00 
6535.21 	0.00 
6535.23 	29.90 
6535.25 	59.90 
6535.27 	110.00 
6535.29 	160.10 
6535.31 	209.60 
6535.33 	259.10 
6535.35 	300.90 
6535.38 	342.70 
6535.40 	372.40 
6535.42 	402.20 
6535.44 	417.60 
6535.46 	432.90 
6535.48 	434.00 
6535.50 	435.10 
6535.52 	422.20 
6535.54 	409.20 
6535.56 	379.60 
6535.58 	349.90 
6535.60 	310.10 
6535.63 	270.30 
6535.65 	222.10 
6535.67 	173.80 
6535.69 	123.60 
6535.71 	73.30 
6535.73 	36.60 
6535.75 	0.00 
6535.77 	0.00 
6535.79 	0.00 
6535.81 	0.00 
6535.83 	0.00 
6535.85 	0.00 
6535.88 	0.00 
6535.90 	0.00 
6535.92 	0.00 
6535.94 	0.00 
6535.96 	0.00 
6535.98 	0.00 
6536.00 	0.00 
6536.02 	0.00 
6536.04 	0.00 
6536.06 	0.00 
6536.08 	0.00 
6536.10 	0.00 
6536.13 	0.00 
6536.15 	0.00 
6536.17 	0.00 
6536.19 	0.00 
6536.21 	0.00 
6536.23 	29.40 
6536.25 	58.90 
6536.27 	108.50 
6536.29 	158.20 
6536.31 	207.30 
6536.33 	256.40 
6536.35 	297.80 
6536.38 	339.20 
6536.40 	368.60 
6536.42 	398.10 
6536.44 	413.30 
6536.46 	428.50 
6536.48 	429.50 
6536.50 	430.60 
6536.52 	417.60 
6536.54 	404.70 
6536.56 	375.60 
6536.58 	346.50 
6536.60 	306.90 
6536.63 	267.30 
6536.65 	219.30 
6536.67 	171.30 
6536.69 	121.40 
6536.71 	71.50 
6536.73 	35.80 
6536.75 	0.00 
6536.77 	0.00 
6536.79 	0.00 
6536.81 	0.00 
6536.83 	0.00 
6536.85 	0.00 
6536.88 	0.00 
6536.90 	0.00 
6536.92 	0.00 
6536.94 	0.00 
6536.96 	0.00 
6536.98 	0.00 
6537.00 	0.00 
6537.02 	0.00 
6537.04 	0.00 
6537.06 	0.00 
6537.08 	0.00 
6537.10 	0.00 
6537.13 	0.00 
6537.15 	0.00 
6537.17 	0.00 
6537.19 	0.00 
6537.21 	0.00 
6537.23 	29.00 
6537.25 	58.00 
6537.27 	107.30 
6537.29 	156.70 
6537.31 	205.40 
6537.33 	254.20 
6537.35 	295.30 
6537.38 	336.40 
6537.40 	365.70 
6537.42 	394.90 
6537.44 	410.00 
6537.46 	425.00 
6537.48 	426.00 
6537.50 	427.00 
6537.52 	414.00 
6537.54 	401.10 
6537.56 	379.90 
6537.58 	358.80 
6537.60 	317.60 
6537.63 	276.30 
6537.65 	226.40 
6537.67 	176.50 
6537.69 	124.70 
6537.71 	72.90 
6537.73 	36.50 
6537.75 	0.00 
6537.77 	0.00 
6537.79 	0.00 
6537.81 	0.00 
6537.83 	0.00 
6537.85 	0.00 
6537.88 	0.00 
6537.90 	0.00 
6537.92 	0.00 
6537.94 	0.00 
6537.96 	0.00 
6537.98 	0.00 
6538.00 	0.00 
6538.02 	0.00 
6538.04 	0.00 
6538.06 	0.00 
6538.08 	0.00 
6538.10 	0.00 
6538.13 	0.00 
6538.15 	0.00 
6538.17 	0.00 
6538.19 	0.00 
6538.21 	0.00 
6538.23 	29.90 
6538.25 	59.80 
6538.27 	111.00 
6538.29 	162.30 
6538.31 	213.00 
6538.33 	263.60 
6538.35 	306.30 
6538.38 	349.00 
6538.40 	379.30 
6538.42 	409.70 
6538.44 	425.30 
6538.46 	440.90 
6538.48 	441.90 
6538.50 	442.80 
6538.52 	429.30 
6538.54 	415.70 
6538.56 	389.90 
6538.58 	364.00 
6538.60 	322.00 
6538.63 	279.90 
6538.65 	229.00 
6538.67 	178.20 
6538.69 	125.50 
6538.71 	72.80 
6538.73 	36.40 
6538.75 	0.00 
6538.77 	0.00 
6538.79 	0.00 
6538.81 	0.00 
6538.83 	0.00 
6538.85 	0.00 
6538.88 	0.00 
6538.90 	0.00 
6538.92 	0.00 
6538.94 	0.00 
6538.96 	0.00 
6538.98 	0.00 
6539.00 	0.00 
6539.02 	0.00 
6539.04 	0.00 
6539.06 	0.00 
6539.08 	0.00 
6539.10 	0.00 
6539.13 	0.00 
6539.15 	0.00 
6539.17 	0.00 
6539.19 	0.00 
6539.21 	0.00 
6539.23 	30.20 
6539.25 	60.40 
6539.27 	112.50 
6539.29 	164.70 
6539.31 	216.20 
6539.33 	267.80 
6539.35 	311.20 
6539.38 	354.70 
6539.40 	385.50 
6539.42 	416.40 
6539.44 	432.30 
6539.46 	448.10 
6539.48 	449.00 
6539.50 	449.90 
6539.52 	436.00 
6539.54 	422.10 
6539.56 	381.20 
6539.58 	340.30 
6539.60 	300.80 
6539.63 	261.20 
6539.65 	213.50 
6539.67 	165.70 
6539.69 	116.40 
6539.71 	67.00 
6539.73 	33.50 
6539.75 	0.00 
6539.77 	0.00 
6539.79 	0.00 
6539.81 	0.00 
6539.83 	0.00 
6539.85 	0.00 
6539.88 	0.00 
6539.90 	0.00 
6539.92 	0.00 
6539.94 	0.00 
6539.96 	0.00 
6539.98 	0.00 
6540.00 	0.00 
6540.02 	0.00 
6540.04 	0.00 
6540.06 	0.00 
6540.08 	0.00 
6540.10 	0.00 
6540.13 	0.00 
6540.15 	0.00 
6540.17 	0.00 
6540.19 	0.00 
6540.21 	0.00 
6540.23 	28.10 
6540.25 	56.20 
6540.27 	105.10 
6540.29 	154.00 
6540.31 	202.40 
6540.33 	250.70 
6540.35 	291.50 
6540.38 	332.20 
6540.40 	361.10 
6540.42 	390.00 
6540.44 	404.90 
6540.46 	419.70 
6540.48 	420.50 
6540.50 	421.30 
6540.52 	408.20 
6540.54 	395.00 
6540.56 	366.90 
6540.58 	338.70 
6540.60 	299.20 
6540.63 	259.60 
6540.65 	211.90 
6540.67 	164.10 
6540.69 	114.80 
6540.71 	65.60 
6540.73 	32.80 
6540.75 	0.00 
6540.77 	0.00 
6540.79 	0.00 
6540.81 	0.00 
6540.83 	0.00 
6540.85 	0.00 
6540.88 	0.00 
6540.90 	0.00 
6540.92 	0.00 
6540.94 	0.00 
6540.96 	0.00 
6540.98 	0.00 
6541.00 	0.00 
6541.02 	0.00 
6541.04 	0.00 
6541.06 	0.00 
6541.08 	0.00 
6541.10 	0.00 
6541.13 	0.00 
6541.15 	0.00 
6541.17 	0.00 
6541.19 	0.00 
6541.21 	0.00 
6541.23 	27.90 
6541.25 	55.70 
6541.27 	104.60 
6541.29 	153.40 
6541.31 	201.70 
6541.33 	250.00 
6541.35 	290.70 
6541.38 	331.30 
6541.40 	360.20 
6541.42 	389.00 
6541.44 	403.80 
6541.46 	418.60 
6541.48 	419.40 
6541.50 	420.10 
6541.52 	406.90 
6541.54 	393.60 
6541.56 	363.60 
6541.58 	333.60 
6541.60 	294.40 
6541.63 	255.20 
6541.65 	208.00 
6541.67 	160.70 
6541.69 	112.10 
6541.71 	63.40 
6541.73 	31.70 
6541.75 	0.00 
6541.77 	0.00 
6541.79 	0.00 
6541.81 	0.00 
6541.83 	0.00 
6541.85 	0.00 
6541.88 	0.00 
6541.90 	0.00 
6541.92 	0.00 
6541.94 	0.00 
6541.96 	0.00 
6541.98 	0.00 
6542.00 	0.00 
6542.02 	0.00 
6542.04 	0.00 
6542.06 	0.00 
6542.08 	0.00 
6542.10 	0.00 
6542.13 	0.00 
6542.15 	0.00 
6542.17 	0.00 
6542.19 	0.00 
6542.21 	0.00 
6542.23 	27.30 
6542.25 	54.70 
6542.27 	102.90 
6542.29 	151.10 
6542.31 	198.90 
6542.33 	246.60 
6542.35 	286.70 
6542.38 	326.90 
6542.40 	355.40 
6542.42 	383.90 
6542.44 	398.50 
6542.46 	413.00 
6542.48 	413.70 
6542.50 	414.30 
6542.52 	401.20 
6542.54 	388.00 
6542.56 	356.90 
6542.58 	325.90 
6542.60 	287.50 
6542.63 	249.00 
6542.65 	202.60 
6542.67 	156.20 
6542.69 	108.60 
6542.71 	60.90 
6542.73 	30.40 
6542.75 	0.00 
6542.77 	0.00 
6542.79 	0.00 
6542.81 	0.00 
6542.83 	0.00 
6542.85 	0.00 
6542.88 	0.00 
6542.90 	0.00 
6542.92 	0.00 
6542.94 	0.00 
6542.96 	0.00 
6542.98 	0.00 
6543.00 	0.00 
6543.02 	0.00 
6543.04 	0.00 
6543.06 	0.00 
6543.08 	0.00 
6543.10 	0.00 
6543.13 	0.00 
6543.15 	0.00 
6543.17 	0.00 
6543.19 	0.00 
6543.21 	0.00 
6543.23 	26.60 
6543.25 	53.20 
6543.27 	100.50 
6543.29 	147.80 
6543.31 	194.60 
6543.33 	241.40 
6543.35 	280.70 
6543.38 	320.10 
6543.40 	348.00 
6543.42 	375.90 
6543.44 	390.10 
6543.46 	404.40 
6543.48 	405.00 
6543.50 	405.50 
6543.52 	392.50 
6543.54 	379.50 
6543.56 	351.40 
6543.58 	323.30 
6543.60 	284.90 
6543.63 	246.50 
6543.65 	200.30 
6543.67 	154.10 
6543.69 	106.70 
6543.71 	59.30 
6543.73 	29.60 
6543.75 	0.00 
6543.77 	0.00 
6543.79 	0.00 
6543.81 	0.00 
6543.83 	0.00 
6543.85 	0.00 
6543.88 	0.00 
6543.90 	0.00 
6543.92 	0.00 
6543.94 	0.00 
6543.96 	0.00 
6543.98 	0.00 
6544.00 	0.00 
6544.02 	0.00 
6544.04 	0.00 
6544.06 	0.00 
6544.08 	0.00 
6544.10 	0.00 
6544.13 	0.00 
6544.15 	0.00 
6544.17 	0.00 
6544.19 	0.00 
6544.21 	0.00 
6544.23 	26.30 
6544.25 	52.60 
6544.27 	99.60 
6544.29 	146.70 
6544.31 	193.30 
6544.33 	239.90 
6544.35 	279.00 
6544.38 	318.20 
6544.40 	346.00 
6544.42 	373.70 
6544.44 	387.80 
6544.46 	402.00 
6544.48 	402.50 
6544.50 	403.00 
6544.52 	389.90 
6544.54 	376.90 
6544.56 	353.10 
6544.58 	329.40 
6544.60 	290.00 
6544.63 	250.70 
6544.65 	203.40 
6544.67 	156.10 
6544.69 	107.70 
6544.71 	59.20 
6544.73 	29.60 
6544.75 	0.00 
6544.77 	0.00 
6544.79 	0.00 
6544.81 	0.00 
6544.83 	0.00 
6544.85 	0.00 
6544.88 	0.00 
6544.90 	0.00 
6544.92 	0.00 
6544.94 	0.00 
6544.96 	0.00 
6544.98 	0.00 
6545.00 	0.00 
6545.02 	0.00 
6545.04 	0.00 
6545.06 	0.00 
6545.08 	0.00 
6545.10 	0.00 
6545.13 	0.00 
6545.15 	0.00 
6545.17 	0.00 
6545.19 	0.00 
6545.21 	0.00 
6545.23 	26.70 
6545.25 	53.30 
6545.27 	101.50 
6545.29 	149.60 
6545.31 	197.20 
6545.33 	244.80 
6545.35 	284.80 
6545.38 	324.90 
6545.40 	353.20 
6545.42 	381.50 
6545.44 	395.90 
6545.46 	410.40 
6545.48 	410.80 
6545.50 	411.30 
6545.52 	397.80 
6545.54 	384.30 
6545.56 	350.90 
6545.58 	317.60 
6545.60 	279.40 
6545.63 	241.20 
6545.65 	195.40 
6545.67 	149.60 
6545.69 	102.80 
6545.71 	56.00 
6545.73 	28.00 
6545.75 	0.00 
6545.77 	0.00 
6545.79 	0.00 
6545.81 	0.00 
6545.83 	0.00 
6545.85 	0.00 
6545.88 	0.00 
6545.90 	0.00 
6545.92 	0.00 
6545.94 	0.00 
6545.96 	0.00 
6545.98 	0.00 
6546.00 	0.00 
6546.02 	0.00 
6546.04 	0.00 
6546.06 	0.00 
6546.08 	0.00 
6546.10 	0.00 
6546.13 	0.00 
6546.15 	0.00 
6546.17 	0.00 
6546.19 	0.00 
6546.21 	0.00 
6546.23 	25.60 
6546.25 	51.20 
6546.27 	97.80 
6546.29 	144.30 
6546.31 	190.40 
6546.33 	236.50 
6546.35 	275.20 
6546.38 	313.90 
6546.40 	341.30 
6546.42 	368.70 
6546.44 	382.60 
6546.46 	396.50 
6546.48 	396.90 
6546.50 	397.20 
6546.52 	384.10 
6546.54 	370.90 
6546.56 	347.00 
6546.58 	323.00 
6546.60 	284.00 
6546.63 	244.90 
6546.65 	198.10 
6546.67 	151.20 
6546.69 	103.50 
6546.71 	55.80 
6546.73 	27.90 
6546.75 	0.00 
6546.77 	0.00 
6546.79 	0.00 
6546.81 	0.00 
6546.83 	0.00 
6546.85 	0.00 
6546.88 	0.00 
6546.90 	0.00 
6546.92 	0.00 
6546.94 	0.00 
6546.96 	0.00 
6546.98 	0.00 
6547.00 	0.00 
6547.02 	0.00 
6547.04 	0.00 
6547.06 	0.00 
6547.08 	0.00 
6547.10 	0.00 
6547.13 	0.00 
6547.15 	0.00 
6547.17 	0.00 
6547.19 	0.00 
6547.21 	0.00 
6547.23 	26.00 
6547.25 	51.90 
6547.27 	99.40 
6547.29 	147.00 
6547.31 	194.00 
6547.33 	241.00 
6547.35 	280.50 
6547.38 	320.00 
6547.40 	347.90 
6547.42 	375.80 
6547.44 	390.00 
6547.46 	404.20 
6547.48 	404.50 
6547.50 	404.80 
6547.52 	391.20 
6547.54 	377.70 
6547.56 	350.20 
6547.58 	322.60 
6547.60 	283.40 
6547.63 	244.10 
6547.65 	197.10 
6547.67 	150.10 
6547.69 	102.40 
6547.71 	54.60 
6547.73 	27.30 
6547.75 	0.00 
6547.77 	0.00 
6547.79 	0.00 
6547.81 	0.00 
6547.83 	0.00 
6547.85 	0.00 
6547.88 	0.00 
6547.90 	0.00 
6547.92 	0.00 
6547.94 	0.00 
6547.96 	0.00 
6547.98 	0.00 
6548.00 	0.00 
6548.02 	0.00 
6548.04 	0.00 
6548.06 	0.00 
6548.08 	0.00 
6548.10 	0.00 
6548.13 	0.00 
6548.15 	0.00 
6548.17 	0.00 
6548.19 	0.00 
6548.21 	0.00 
6548.23 	25.80 
6548.25 	51.70 
6548.27 	99.30 
6548.29 	146.90 
6548.31 	194.10 
6548.33 	241.20 
6548.35 	280.80 
6548.38 	320.40 
6548.40 	348.30 
6548.42 	376.30 
6548.44 	390.40 
6548.46 	404.60 
6548.48 	404.80 
6548.50 	405.00 
6548.52 	391.30 
6548.54 	377.70 
6548.56 	352.30 
6548.58 	326.90 
6548.60 	286.90 
6548.63 	246.90 
6548.65 	199.00 
6548.67 	151.20 
6548.69 	102.60 
6548.71 	54.10 
6548.73 	27.00 
6548.75 	0.00 
6548.77 	0.00 
6548.79 	0.00 
6548.81 	0.00 
6548.83 	0.00 
6548.85 	0.00 
6548.88 	0.00 
6548.90 	0.00 
6548.92 	0.00 
6548.94 	0.00 
6548.96 	0.00 
6548.98 	0.00 
6549.00 	0.00 
6549.02 	0.00 
6549.04 	0.00 
6549.06 	0.00 
6549.08 	0.00 
6549.10 	0.00 
6549.13 	0.00 
6549.15 	0.00 
6549.17 	0.00 
6549.19 	0.00 
6549.21 	0.00 
6549.23 	26.10 
6549.25 	52.20 
6549.27 	100.60 
6549.29 	149.00 
6549.31 	197.00 
6549.33 	245.00 
6549.35 	285.20 
6549.38 	325.40 
6549.40 	353.80 
6549.42 	382.20 
6549.44 	396.60 
6549.46 	410.90 
6549.48 	411.10 
6549.50 	411.20 
6549.52 	397.20 
6549.54 	383.10 
6549.56 	354.80 
6549.58 	326.50 
6549.60 	286.30 
6549.63 	246.10 
6549.65 	198.10 
6549.67 	150.00 
6549.69 	101.40 
6549.71 	52.80 
6549.73 	26.40 
6549.75 	0.00 
6549.77 	0.00 
6549.79 	0.00 
6549.81 	0.00 
6549.83 	0.00 
6549.85 	0.00 
6549.88 	0.00 
6549.90 	0.00 
6549.92 	0.00 
6549.94 	0.00 
6549.96 	0.00 
6549.98 	0.00 
6550.00 	0.00 
6550.02 	0.00 
6550.04 	0.00 
6550.06 	0.00 
6550.08 	0.00 
6550.10 	0.00 
6550.13 	0.00 
6550.15 	0.00 
6550.17 	0.00 
6550.19 	0.00 
6550.21 	0.00 
6550.23 	26.00 
6550.25 	51.90 
6550.27 	100.50 
6550.29 	149.00 
6550.31 	197.10 
6550.33 	245.20 
6550.35 	285.50 
6550.38 	325.80 
6550.40 	354.20 
6550.42 	382.60 
6550.44 	397.00 
6550.46 	411.30 
6550.48 	411.40 
6550.50 	411.50 
6550.52 	397.30 
6550.54 	383.10 
6550.56 	354.20 
6550.58 	325.40 
6550.60 	285.00 
6550.63 	244.70 
6550.65 	196.60 
6550.67 	148.50 
6550.69 	100.00 
6550.71 	51.40 
6550.73 	25.70 
6550.75 	0.00 
6550.77 	0.00 
6550.79 	0.00 
6550.81 	0.00 
6550.83 	0.00 
6550.85 	0.00 
6550.88 	0.00 
6550.90 	0.00 
6550.92 	0.00 
6550.94 	0.00 
6550.96 	0.00 
6550.98 	0.00 
6551.00 	0.00 
6551.02 	0.00 
6551.04 	0.00 
6551.06 	0.00 
6551.08 	0.00 
6551.10 	0.00 
6551.13 	0.00 
6551.15 	0.00 
6551.17 	0.00 
6551.19 	0.00 
6551.21 	0.00 
6551.23 	25.80 
6551.25 	51.60 
6551.27 	100.10 
6551.29 	148.70 
6551.31 	196.80 
6551.33 	244.90 
6551.35 	285.10 
6551.38 	325.50 
6551.40 	353.80 
6551.42 	382.20 
6551.44 	396.50 
6551.46 	410.80 
6551.48 	410.80 
6551.50 	410.80 
6551.52 	396.50 
6551.54 	382.20 
6551.56 	352.70 
6551.58 	323.20 
6551.60 	282.90 
6551.63 	242.60 
6551.65 	194.60 
6551.67 	146.50 
6551.69 	98.20 
6551.71 	49.90 
6551.73 	24.90 
6551.75 	0.00 
6551.77 	0.00 
6551.79 	0.00 
6551.81 	0.00 
6551.83 	0.00 
6551.85 	0.00 
6551.88 	0.00 
6551.90 	0.00 
6551.92 	0.00 
6551.94 	0.00 
6551.96 	0.00 
6551.98 	0.00 
6552.00 	0.00 
6552.02 	0.00 
6552.04 	0.00 
6552.06 	0.00 
6552.08 	0.00 
6552.10 	0.00 
6552.13 	0.00 
6552.15 	0.00 
6552.17 	0.00 
6552.19 	0.00 
6552.21 	0.00 
6552.23 	25.50 
6552.25 	51.10 
6552.27 	99.50 
6552.29 	147.90 
6552.31 	195.80 
6552.33 	243.80 
6552.35 	284.00 
6552.38 	324.10 
6552.40 	352.40 
6552.42 	380.70 
6552.44 	394.90 
6552.46 	409.10 
6552.48 	409.00 
6552.50 	408.90 
6552.52 	394.50 
6552.54 	380.10 
6552.56 	352.70 
6552.58 	325.20 
6552.60 	284.40 
6552.63 	243.60 
6552.65 	195.00 
6552.67 	146.50 
6552.69 	97.70 
6552.71 	49.00 
6552.73 	24.50 
6552.75 	0.00 
6552.77 	0.00 
6552.79 	0.00 
6552.81 	0.00 
6552.83 	0.00 
6552.85 	0.00 
6552.88 	0.00 
6552.90 	0.00 
6552.92 	0.00 
6552.94 	0.00 
6552.96 	0.00 
6552.98 	0.00 
6553.00 	0.00 
6553.02 	0.00 
6553.04 	0.00 
6553.06 	0.00 
6553.08 	0.00 
6553.10 	0.00 
6553.13 	0.00 
6553.15 	0.00 
6553.17 	0.00 
6553.19 	0.00 
6553.21 	0.00 
6553.23 	25.60 
6553.25 	51.20 
6553.27 	100.10 
6553.29 	149.00 
6553.31 	197.40 
6553.33 	245.90 
6553.35 	286.40 
6553.38 	327.00 
6553.40 	355.50 
6553.42 	384.00 
6553.44 	398.30 
6553.46 	412.60 
6553.48 	412.40 
6553.50 	412.20 
6553.52 	397.60 
6553.54 	382.90 
6553.56 	349.80 
6553.58 	316.70 
6553.60 	276.70 
6553.63 	236.70 
6553.65 	189.20 
6553.67 	141.60 
6553.69 	94.00 
6553.71 	46.40 
6553.73 	23.20 
6553.75 	0.00 
6553.77 	0.00 
6553.79 	0.00 
6553.81 	0.00 
6553.83 	0.00 
6553.85 	0.00 
6553.88 	0.00 
6553.90 	0.00 
6553.92 	0.00 
6553.94 	0.00 
6553.96 	0.00 
6553.98 	0.00 
6554.00 	0.00 
6554.02 	0.00 
6554.04 	0.00 
6554.06 	0.00 
6554.08 	0.00 
6554.10 	0.00 
6554.13 	0.00 
6554.15 	0.00 
6554.17 	0.00 
6554.19 	0.00 
6554.21 	0.00 
6554.23 	24.80 
6554.25 	49.70 
6554.27 	97.50 
6554.29 	145.30 
6554.31 	192.60 
6554.33 	240.00 
6554.35 	279.60 
6554.38 	319.20 
6554.40 	347.10 
6554.42 	374.90 
6554.44 	388.80 
6554.46 	402.80 
6554.48 	402.50 
6554.50 	402.20 
6554.52 	387.80 
6554.54 	373.30 
6554.56 	349.60 
6554.58 	325.80 
6554.60 	284.40 
6554.63 	243.00 
6554.65 	193.80 
6554.67 	144.70 
6554.69 	95.60 
6554.71 	46.50 
6554.73 	23.30 
6554.75 	0.00 
6554.77 	0.00 
6554.79 	0.00 
6554.81 	0.00 
6554.83 	0.00 
6554.85 	0.00 
6554.88 	0.00 
6554.90 	0.00 
6554.92 	0.00 
6554.94 	0.00 
6554.96 	0.00 
6554.98 	0.00 
6555.00 	0.00 
6555.02 	0.00 
6555.04 	0.00 
6555.06 	0.00 
6555.08 	0.00 
6555.10 	0.00 
6555.13 	0.00 
6555.15 	0.00 
6555.17 	0.00 
6555.19 	0.00 
6555.21 	0.00 
6555.23 	25.50 
6555.25 	50.90 
6555.27 	100.30 
6555.29 	149.70 
6555.31 	198.60 
6555.33 	247.50 
6555.35 	288.40 
6555.38 	329.30 
6555.40 	358.00 
6555.42 	386.80 
6555.44 	401.10 
6555.46 	415.40 
6555.48 	415.00 
6555.50 	414.70 
6555.52 	399.60 
6555.54 	384.60 
6555.56 	355.30 
6555.58 	326.00 
6555.60 	284.30 
6555.63 	242.60 
6555.65 	193.20 
6555.67 	143.70 
6555.69 	94.50 
6555.71 	45.30 
6555.73 	22.70 
6555.75 	0.00 
6555.77 	0.00 
6555.79 	0.00 
6555.81 	0.00 
6555.83 	0.00 
6555.85 	0.00 
6555.88 	0.00 
6555.90 	0.00 
6555.92 	0.00 
6555.94 	0.00 
6555.96 	0.00 
6555.98 	0.00 
6556.00 	0.00 
6556.02 	0.00 
6556.04 	0.00 
6556.06 	0.00 
6556.08 	0.00 
6556.10 	0.00 
6556.13 	0.00 
6556.15 	0.00 
6556.17 	0.00 
6556.19 	0.00 
6556.21 	0.00 
6556.23 	25.40 
6556.25 	50.80 
6556.27 	100.40 
6556.29 	150.00 
6556.31 	199.10 
6556.33 	248.20 
6556.35 	289.30 
6556.38 	330.40 
6556.40 	359.20 
6556.42 	388.10 
6556.44 	402.40 
6556.46 	416.70 
6556.48 	416.30 
6556.50 	415.80 
6556.52 	400.60 
6556.54 	385.30 
6556.56 	355.10 
6556.58 	325.00 
6556.60 	283.10 
6556.63 	241.30 
6556.65 	191.70 
6556.67 	142.20 
6556.69 	93.00 
6556.71 	43.90 
6556.73 	21.90 
6556.75 	0.00 
6556.77 	0.00 
6556.79 	0.00 
6556.81 	0.00 
6556.83 	0.00 
6556.85 	0.00 
6556.88 	0.00 
6556.90 	0.00 
6556.92 	0.00 
6556.94 	0.00 
6556.96 	0.00 
6556.98 	0.00 
6557.00 	0.00 
6557.02 	0.00 
6557.04 	0.00 
6557.06 	0.00 
6557.08 	0.00 
6557.10 	0.00 
6557.13 	0.00 
6557.15 	0.00 
6557.17 	0.00 
6557.19 	0.00 
6557.21 	0.00 
6557.23 	25.20 
6557.25 	50.50 
6557.27 	100.10 
6557.29 	149.70 
6557.31 	198.90 
6557.33 	248.10 
6557.35 	289.20 
6557.38 	330.30 
6557.40 	359.00 
6557.42 	387.80 
6557.44 	402.10 
6557.46 	416.40 
6557.48 	415.80 
6557.50 	415.30 
6557.52 	399.90 
6557.54 	384.60 
6557.56 	354.00 
6557.58 	323.40 
6557.60 	281.40 
6557.63 	239.50 
6557.65 	190.00 
6557.67 	140.40 
6557.69 	91.40 
6557.71 	42.40 
6557.73 	21.20 
6557.75 	0.00 
6557.77 	0.00 
6557.79 	0.00 
6557.81 	0.00 
6557.83 	0.00 
6557.85 	0.00 
6557.88 	0.00 
6557.90 	0.00 
6557.92 	0.00 
6557.94 	0.00 
6557.96 	0.00 
6557.98 	0.00 
6558.00 	0.00 
6558.02 	0.00 
6558.04 	0.00 
6558.06 	0.00 
6558.08 	0.00 
6558.10 	0.00 
6558.13 	0.00 
6558.15 	0.00 
6558.17 	0.00 
6558.19 	0.00 
6558.21 	0.00 
6558.23 	25.00 
6558.25 	50.10 
6558.27 	99.60 
6558.29 	149.20 
6558.31 	198.30 
6558.33 	247.50 
6558.35 	288.50 
6558.38 	329.50 
6558.40 	358.20 
6558.42 	387.00 
6558.44 	401.20 
6558.46 	415.40 
6558.48 	414.80 
6558.50 	414.10 
6558.52 	398.60 
6558.54 	383.10 
6558.56 	345.70 
6558.58 	308.20 
6558.60 	268.00 
6558.63 	227.70 
6558.65 	180.30 
6558.67 	132.80 
6558.69 	86.00 
6558.71 	39.20 
6558.73 	19.60 
6558.75 	0.00 
6558.77 	0.00 
6558.79 	0.00 
6558.81 	0.00 
6558.83 	0.00 
6558.85 	0.00 
6558.88 	0.00 
6558.90 	0.00 
6558.92 	0.00 
6558.94 	0.00 
6558.96 	0.00 
6558.98 	0.00 
6559.00 	0.00 
6559.02 	0.00 
6559.04 	0.00 
6559.06 	0.00 
6559.08 	0.00 
6559.10 	0.00 
6559.13 	0.00 
6559.15 	0.00 
6559.17 	0.00 
6559.19 	0.00 
6559.21 	0.00 
6559.23 	23.80 
6559.25 	47.50 
6559.27 	95.00 
6559.29 	142.40 
6559.31 	189.40 
6559.33 	236.40 
6559.35 	275.70 
6559.38 	314.90 
6559.40 	342.40 
6559.42 	369.80 
6559.44 	383.40 
6559.46 	396.90 
6559.48 	396.20 
6559.50 	395.50 
6559.52 	380.60 
6559.54 	365.60 
6559.56 	342.00 
6559.58 	318.30 
6559.60 	276.50 
6559.63 	234.60 
6559.65 	185.40 
6559.67 	136.10 
6559.69 	87.70 
6559.71 	39.20 
6559.73 	19.60 
6559.75 	0.00 
6559.77 	0.00 
6559.79 	0.00 
6559.81 	0.00 
6559.83 	0.00 
6559.85 	0.00 
6559.88 	0.00 
6559.90 	0.00 
6559.92 	0.00 
6559.94 	0.00 
6559.96 	0.00 
6559.98 	0.00 
6560.00 	0.00 
6560.02 	0.00 
6560.04 	0.00 
6560.06 	0.00 
6560.08 	0.00 
6560.10 	0.00 
6560.13 	0.00 
6560.15 	0.00 
6560.17 	0.00 
6560.19 	0.00 
6560.21 	0.00 
6560.23 	24.50 
6560.25 	48.90 
6560.27 	98.10 
6560.29 	147.30 
6560.31 	196.00 
6560.33 	244.80 
6560.35 	285.50 
6560.38 	326.20 
6560.40 	354.60 
6560.42 	383.00 
6560.44 	397.00 
6560.46 	411.00 
6560.48 	410.20 
6560.50 	409.30 
6560.52 	393.70 
6560.54 	378.10 
6560.56 	349.40 
6560.58 	320.80 
6560.60 	278.40 
6560.63 	235.90 
6560.65 	186.00 
6560.67 	136.10 
6560.69 	87.20 
6560.71 	38.30 
6560.73 	19.10 
6560.75 	0.00 
6560.77 	0.00 
6560.79 	0.00 
6560.81 	0.00 
6560.83 	0.00 
6560.85 	0.00 
6560.88 	0.00 
6560.90 	0.00 
6560.92 	0.00 
6560.94 	0.00 
6560.96 	0.00 
6560.98 	0.00 
6561.00 	0.00 
6561.02 	0.00 
6561.04 	0.00 
6561.06 	0.00 
6561.08 	0.00 
6561.10 	0.00 
6561.13 	0.00 
6561.15 	0.00 
6561.17 	0.00 
6561.19 	0.00 
6561.21 	0.00 
6561.23 	24.60 
6561.25 	49.20 
6561.27 	98.90 
6561.29 	148.70 
6561.31 	198.00 
6561.33 	247.30 
6561.35 	288.50 
6561.38 	329.60 
6561.40 	358.40 
6561.42 	387.10 
6561.44 	401.20 
6561.46 	415.30 
6561.48 	414.40 
6561.50 	413.50 
6561.52 	397.50 
6561.54 	381.60 
6561.56 	345.00 
6561.58 	308.50 
6561.60 	267.40 
6561.63 	226.30 
6561.65 	178.10 
6561.67 	129.80 
6561.69 	82.70 
6561.71 	35.60 
6561.73 	17.80 
6561.75 	0.00 
6561.77 	0.00 
6561.79 	0.00 
6561.81 	0.00 
6561.83 	0.00 
6561.85 	0.00 
6561.88 	0.00 
6561.90 	0.00 
6561.92 	0.00 
6561.94 	0.00 
6561.96 	0.00 
6561.98 	0.00 
6562.00 	0.00 
6562.02 	0.00 
6562.04 	0.00 
6562.06 	0.00 
6562.08 	0.00 
6562.10 	0.00 
6562.13 	0.00 
6562.15 	0.00 
6562.17 	0.00 
6562.19 	0.00 
6562.21 	0.00 
6562.23 	23.50 
6562.25 	47.10 
6562.27 	95.10 
6562.29 	143.20 
6562.31 	190.80 
6562.33 	238.50 
6562.35 	278.20 
6562.38 	317.90 
6562.40 	345.60 
6562.42 	373.30 
6562.44 	386.80 
6562.46 	400.40 
6562.48 	399.40 
6562.50 	398.40 
6562.52 	382.90 
6562.54 	367.40 
6562.56 	331.40 
6562.58 	295.30 
6562.60 	255.70 
6562.63 	216.20 
6562.65 	169.70 
6562.67 	123.30 
6562.69 	78.10 
6562.71 	32.90 
6562.73 	16.40 
6562.75 	0.00 
6562.77 	0.00 
6562.79 	0.00 
6562.81 	0.00 
6562.83 	0.00 
6562.85 	0.00 
6562.88 	0.00 
6562.90 	0.00 
6562.92 	0.00 
6562.94 	0.00 
6562.96 	0.00 
6562.98 	0.00 
6563.00 	0.00 
6563.02 	0.00 
6563.04 	0.00 
6563.06 	0.00 
6563.08 	0.00 
6563.10 	0.00 
6563.13 	0.00 
6563.15 	0.00 
6563.17 	0.00 
6563.19 	0.00 
6563.21 	0.00 
6563.23 	22.50 
6563.25 	44.90 
6563.27 	91.10 
6563.29 	137.30 
6563.31 	183.10 
6563.33 	228.90 
6563.35 	267.10 
6563.38 	305.30 
6563.40 	331.80 
6563.42 	358.40 
6563.44 	371.40 
6563.46 	384.40 
6563.48 	383.40 
6563.50 	382.30 
6563.52 	367.30 
6563.54 	352.30 
6563.56 	334.10 
6563.58 	315.90 
6563.60 	273.30 
6563.63 	230.60 
6563.65 	180.70 
6563.67 	130.80 
6563.69 	82.30 
6563.71 	33.90 
6563.73 	16.90 
6563.75 	0.00 
6563.77 	0.00 
6563.79 	0.00 
6563.81 	0.00 
6563.83 	0.00 
6563.85 	0.00 
6563.88 	0.00 
6563.90 	0.00 
6563.92 	0.00 
6563.94 	0.00 
6563.96 	0.00 
6563.98 	0.00 
6564.00 	0.00 
6564.02 	0.00 
6564.04 	0.00 
6564.06 	0.00 
6564.08 	0.00 
6564.10 	0.00 
6564.13 	0.00 
6564.15 	0.00 
6564.17 	0.00 
6564.19 	0.00 
6564.21 	0.00 
6564.23 	24.00 
6564.25 	47.90 
6564.27 	97.50 
6564.29 	147.10 
6564.31 	196.30 
6564.33 	245.50 
6564.35 	286.50 
6564.38 	327.50 
6564.40 	356.00 
6564.42 	384.50 
6564.44 	398.40 
6564.46 	412.30 
6564.48 	411.10 
6564.50 	409.90 
6564.52 	393.60 
6564.54 	377.30 
6564.56 	347.30 
6564.58 	317.20 
6564.60 	274.10 
6564.63 	231.00 
6564.65 	180.60 
6564.67 	130.20 
6564.69 	81.50 
6564.71 	32.70 
6564.73 	16.40 
6564.75 	0.00 
6564.77 	0.00 
6564.79 	0.00 
6564.81 	0.00 
6564.83 	0.00 
6564.85 	0.00 
6564.88 	0.00 
6564.90 	0.00 
6564.92 	0.00 
6564.94 	0.00 
6564.96 	0.00 
6564.98 	0.00 
6565.00 	0.00 
6565.02 	0.00 
6565.04 	0.00 
6565.06 	0.00 
6565.08 	0.00 
6565.10 	0.00 
6565.13 	0.00 
6565.15 	0.00 
6565.17 	0.00 
6565.19 	0.00 
6565.21 	0.00 
6565.23 	23.90 
6565.25 	47.90 
6565.27 	97.90 
6565.29 	147.90 
6565.31 	197.50 
6565.33 	247.10 
6565.35 	288.40 
6565.38 	329.70 
6565.40 	358.40 
6565.42 	387.20 
6565.44 	401.10 
6565.46 	415.00 
6565.48 	413.70 
6565.50 	412.40 
6565.52 	395.90 
6565.54 	379.30 
6565.56 	341.30 
6565.58 	303.40 
6565.60 	261.90 
6565.63 	220.30 
6565.65 	171.90 
6565.67 	123.50 
6565.69 	76.80 
6565.71 	30.10 
6565.73 	15.00 
6565.75 	0.00 
6565.77 	0.00 
6565.79 	0.00 
6565.81 	0.00 
6565.83 	0.00 
6565.85 	0.00 
6565.88 	0.00 
6565.90 	0.00 
6565.92 	0.00 
6565.94 	0.00 
6565.96 	0.00 
6565.98 	0.00 
6566.00 	0.00 
6566.02 	0.00 
6566.04 	0.00 
6566.06 	0.00 
6566.08 	0.00 
6566.10 	0.00 
6566.13 	0.00 
6566.15 	0.00 
6566.17 	0.00 
6566.19 	0.00 
6566.21 	0.00 
6566.23 	22.80 
6566.25 	45.60 
6566.27 	93.60 
6566.29 	141.70 
6566.31 	189.30 
6566.33 	237.00 
6566.35 	276.60 
6566.38 	316.30 
6566.40 	343.80 
6566.42 	371.40 
6566.44 	384.70 
6566.46 	398.00 
6566.48 	396.70 
6566.50 	395.30 
6566.52 	379.30 
6566.54 	363.30 
6566.56 	330.60 
6566.58 	297.90 
6566.60 	256.90 
6566.63 	215.80 
6566.65 	168.00 
6566.67 	120.20 
6566.69 	74.30 
6566.71 	28.40 
6566.73 	14.20 
6566.75 	0.00 
6566.77 	0.00 
6566.79 	0.00 
6566.81 	0.00 
6566.83 	0.00 
6566.85 	0.00 
6566.88 	0.00 
6566.90 	0.00 
6566.92 	0.00 
6566.94 	0.00 
6566.96 	0.00 
6566.98 	0.00 
6567.00 	0.00 
6567.02 	0.00 
6567.04 	0.00 
6567.06 	0.00 
6567.08 	0.00 
6567.10 	0.00 
6567.13 	0.00 
6567.15 	0.00 
6567.17 	0.00 
6567.19 	0.00 
6567.21 	0.00 
6567.23 	22.30 
6567.25 	44.60 
6567.27 	92.00 
6567.29 	139.30 
6567.31 	186.30 
6567.33 	233.30 
6567.35 	272.40 
6567.38 	311.50 
6567.40 	338.70 
6567.42 	365.80 
6567.44 	378.90 
6567.46 	392.00 
6567.48 	390.50 
6567.50 	389.10 
6567.52 	373.20 
6567.54 	357.30 
6567.56 	325.50 
6567.58 	293.70 
6567.60 	252.90 
6567.63 	212.20 
6567.65 	164.80 
6567.67 	117.40 
6567.69 	72.10 
6567.71 	26.80 
6567.73 	13.40 
6567.75 	0.00 
6567.77 	0.00 
6567.79 	0.00 
6567.81 	0.00 
6567.83 	0.00 
6567.85 	0.00 
6567.88 	0.00 
6567.90 	0.00 
6567.92 	0.00 
6567.94 	0.00 
6567.96 	0.00 
6567.98 	0.00 
6568.00 	0.00 
6568.02 	0.00 
6568.04 	0.00 
6568.06 	0.00 
6568.08 	0.00 
6568.10 	0.00 
6568.13 	0.00 
6568.15 	0.00 
6568.17 	0.00 
6568.19 	0.00 
6568.21 	0.00 
6568.23 	21.90 
6568.25 	43.80 
6568.27 	90.70 
6568.29 	137.60 
6568.31 	184.10 
6568.33 	230.60 
6568.35 	269.30 
6568.38 	308.00 
6568.40 	334.80 
6568.42 	361.60 
6568.44 	374.50 
6568.46 	387.40 
6568.48 	385.90 
6568.50 	384.40 
6568.52 	368.50 
6568.54 	352.70 
6568.56 	323.00 
6568.58 	293.20 
6568.60 	252.30 
6568.63 	211.40 
6568.65 	163.80 
6568.67 	116.20 
6568.69 	70.90 
6568.71 	25.60 
6568.73 	12.80 
6568.75 	0.00 
6568.77 	0.00 
6568.79 	0.00 
6568.81 	0.00 
6568.83 	0.00 
6568.85 	0.00 
6568.88 	0.00 
6568.90 	0.00 
6568.92 	0.00 
6568.94 	0.00 
6568.96 	0.00 
6568.98 	0.00 
6569.00 	0.00 
6569.02 	0.00 
6569.04 	0.00 
6569.06 	0.00 
6569.08 	0.00 
6569.10 	0.00 
6569.13 	0.00 
6569.15 	0.00 
6569.17 	0.00 
6569.19 	0.00 
6569.21 	0.00 
6569.23 	21.80 
6569.25 	43.60 
6569.27 	90.60 
6569.29 	137.60 
6569.31 	184.20 
6569.33 	230.90 
6569.35 	269.70 
6569.38 	308.40 
6569.40 	335.30 
6569.42 	362.10 
6569.44 	375.00 
6569.46 	387.90 
6569.48 	386.30 
6569.50 	384.70 
6569.52 	368.70 
6569.54 	352.60 
6569.56 	322.20 
6569.58 	291.80 
6569.60 	250.80 
6569.63 	209.80 
6569.65 	162.20 
6569.67 	114.60 
6569.69 	69.40 
6569.71 	24.30 
6569.73 	12.10 
6569.75 	0.00 
6569.77 	0.00 
6569.79 	0.00 
6569.81 	0.00 
6569.83 	0.00 
6569.85 	0.00 
6569.88 	0.00 
6569.90 	0.00 
6569.92 	0.00 
6569.94 	0.00 
6569.96 	0.00 
6569.98 	0.00 
6570.00 	0.00 
6570.02 	0.00 
6570.04 	0.00 
6570.06 	0.00 
6570.08 	0.00 
6570.10 	0.00 
6570.13 	0.00 
6570.15 	0.00 
6570.17 	0.00 
6570.19 	0.00 
6570.21 	0.00 
6570.23 	21.60 
6570.25 	43.20 
6570.27 	90.10 
6570.29 	137.10 
6570.31 	183.70 
6570.33 	230.30 
6570.35 	269.10 
6570.38 	307.80 
6570.40 	334.70 
6570.42 	361.50 
6570.44 	374.30 
6570.46 	387.10 
6570.48 	385.40 
6570.50 	383.70 
6570.52 	367.60 
6570.54 	351.40 
6570.56 	325.10 
6570.58 	298.80 
6570.60 	256.50 
6570.63 	214.20 
6570.65 	165.20 
6570.67 	116.20 
6570.69 	70.00 
6570.71 	23.70 
6570.73 	11.80 
6570.75 	0.00 
6570.77 	0.00 
6570.79 	0.00 
6570.81 	0.00 
6570.83 	0.00 
6570.85 	0.00 
6570.88 	0.00 
6570.90 	0.00 
6570.92 	0.00 
6570.94 	0.00 
6570.96 	0.00 
6570.98 	0.00 
6571.00 	0.00 
6571.02 	0.00 
6571.04 	0.00 
6571.06 	0.00 
6571.08 	0.00 
6571.10 	0.00 
6571.13 	0.00 
6571.15 	0.00 
6571.17 	0.00 
6571.19 	0.00 
6571.21 	0.00 
6571.23 	22.00 
6571.25 	44.00 
6571.27 	92.20 
6571.29 	140.50 
6571.31 	188.50 
6571.33 	236.40 
6571.35 	276.30 
6571.38 	316.10 
6571.40 	343.60 
6571.42 	371.20 
6571.44 	384.30 
6571.46 	397.40 
6571.48 	395.60 
6571.50 	393.80 
6571.52 	377.10 
6571.54 	360.30 
6571.56 	332.70 
6571.58 	305.10 
6571.60 	261.60 
6571.63 	218.10 
6571.65 	167.90 
6571.67 	117.60 
6571.69 	70.30 
6571.71 	23.00 
6571.73 	11.50 
6571.75 	0.00 
6571.77 	0.00 
6571.79 	0.00 
6571.81 	0.00 
6571.83 	0.00 
6571.85 	0.00 
6571.88 	0.00 
6571.90 	0.00 
6571.92 	0.00 
6571.94 	0.00 
6571.96 	0.00 
6571.98 	0.00 
6572.00 	0.00 
6572.02 	0.00 
6572.04 	0.00 
6572.06 	0.00 
6572.08 	0.00 
6572.10 	0.00 
6572.13 	0.00 
6572.15 	0.00 
6572.17 	0.00 
6572.19 	0.00 
6572.21 	0.00 
6572.23 	22.30 
6572.25 	44.70 
6572.27 	94.20 
6572.29 	143.70 
6572.31 	192.90 
6572.33 	242.10 
6572.35 	282.90 
6572.38 	323.70 
6572.40 	351.90 
6572.42 	380.10 
6572.44 	393.50 
6572.46 	406.90 
6572.48 	405.00 
6572.50 	403.00 
6572.52 	385.80 
6572.54 	368.50 
6572.56 	329.80 
6572.58 	291.10 
6572.60 	249.30 
6572.63 	207.60 
6572.65 	159.40 
6572.67 	111.10 
6572.69 	66.00 
6572.71 	20.80 
6572.73 	10.40 
6572.75 	0.00 
6572.77 	0.00 
6572.79 	0.00 
6572.81 	0.00 
6572.83 	0.00 
6572.85 	0.00 
6572.88 	0.00 
6572.90 	0.00 
6572.92 	0.00 
6572.94 	0.00 
6572.96 	0.00 
6572.98 	0.00 
6573.00 	0.00 
6573.02 	0.00 
6573.04 	0.00 
6573.06 	0.00 
6573.08 	0.00 
6573.10 	0.00 
6573.13 	0.00 
6573.15 	0.00 
6573.17 	0.00 
6573.19 	0.00 
6573.21 	0.00 
6573.23 	21.20 
6573.25 	42.40 
6573.27 	89.80 
6573.29 	137.30 
6573.31 	184.40 
6573.33 	231.50 
6573.35 	270.60 
6573.38 	309.80 
6573.40 	336.80 
6573.42 	363.80 
6573.44 	376.50 
6573.46 	389.30 
6573.48 	387.40 
6573.50 	385.40 
6573.52 	368.70 
6573.54 	352.10 
6573.56 	315.90 
6573.58 	279.80 
6573.60 	239.40 
6573.63 	199.00 
6573.65 	152.40 
6573.67 	105.80 
6573.69 	62.30 
6573.71 	18.80 
6573.73 	9.40 
6573.75 	0.00 
6573.77 	0.00 
6573.79 	0.00 
6573.81 	0.00 
6573.83 	0.00 
6573.85 	0.00 
6573.88 	0.00 
6573.90 	0.00 
6573.92 	0.00 
6573.94 	0.00 
6573.96 	0.00 
6573.98 	0.00 
6574.00 	0.00 
6574.02 	0.00 
6574.04 	0.00 
6574.06 	0.00 
6574.08 	0.00 
6574.10 	0.00 
6574.13 	0.00 
6574.15 	0.00 
6574.17 	0.00 
6574.19 	0.00 
6574.21 	0.00 
6574.23 	20.30 
6574.25 	40.50 
6574.27 	86.30 
6574.29 	132.10 
6574.31 	177.60 
6574.33 	223.10 
6574.35 	260.90 
6574.38 	298.60 
6574.40 	324.60 
6574.42 	350.60 
6574.44 	362.90 
6574.46 	375.20 
6574.48 	373.30 
6574.50 	371.30 
6574.52 	355.10 
6574.54 	338.90 
6574.56 	305.30 
6574.58 	271.70 
6574.60 	232.20 
6574.63 	192.70 
6574.65 	147.20 
6574.67 	101.80 
6574.69 	59.50 
6574.71 	17.20 
6574.73 	8.60 
6574.75 	0.00 
6574.77 	0.00 
6574.79 	0.00 
6574.81 	0.00 
6574.83 	0.00 
6574.85 	0.00 
6574.88 	0.00 
6574.90 	0.00 
6574.92 	0.00 
6574.94 	0.00 
6574.96 	0.00 
6574.98 	0.00 
6575.00 	0.00 
6575.02 	0.00 
6575.04 	0.00 
6575.06 	0.00 
6575.08 	0.00 
6575.10 	0.00 
6575.13 	0.00 
6575.15 	0.00 
6575.17 	0.00 
6575.19 	0.00 
6575.21 	0.00 
6575.23 	19.60 
6575.25 	39.20 
6575.27 	83.80 
6575.29 	128.40 
6575.31 	172.80 
6575.33 	217.20 
6575.35 	254.00 
6575.38 	290.80 
6575.40 	316.10 
6575.42 	341.50 
6575.44 	353.40 
6575.46 	365.40 
6575.48 	363.40 
6575.50 	361.30 
6575.52 	345.50 
6575.54 	329.50 
6575.56 	303.00 
6575.58 	276.30 
6575.60 	235.90 
6575.63 	195.50 
6575.65 	149.00 
6575.67 	102.50 
6575.69 	59.50 
6575.71 	16.50 
6575.73 	8.20 
6575.75 	0.00 
6575.77 	0.00 
6575.79 	0.00 
6575.81 	0.00 
6575.83 	0.00 
6575.85 	0.00 
6575.88 	0.00 
6575.90 	0.00 
6575.92 	0.00 
6575.94 	0.00 
6575.96 	0.00 
6575.98 	0.00 
6576.00 	0.00 
6576.02 	0.00 
6576.04 	0.00 
6576.06 	0.00 
6576.08 	0.00 
6576.10 	0.00 
6576.13 	0.00 
6576.15 	0.00 
6576.17 	0.00 
6576.19 	0.00 
6576.21 	0.00 
6576.23 	19.80 
6576.25 	39.60 
6576.27 	85.20 
6576.29 	130.70 
6576.31 	176.10 
6576.33 	221.50 
6576.35 	259.10 
6576.38 	296.60 
6576.40 	322.50 
6576.42 	348.40 
6576.44 	360.60 
6576.46 	372.70 
6576.48 	370.60 
6576.50 	368.40 
6576.52 	352.10 
6576.54 	335.70 
6576.56 	308.70 
6576.58 	281.70 
6576.60 	240.20 
6576.63 	198.70 
6576.65 	151.10 
6576.67 	103.50 
6576.69 	59.60 
6576.71 	15.70 
6576.73 	7.80 
6576.75 	0.00 
6576.77 	0.00 
6576.79 	0.00 
6576.81 	0.00 
6576.83 	0.00 
6576.85 	0.00 
6576.88 	0.00 
6576.90 	0.00 
6576.92 	0.00 
6576.94 	0.00 
6576.96 	0.00 
6576.98 	0.00 
6577.00 	0.00 
6577.02 	0.00 
6577.04 	0.00 
6577.06 	0.00 
6577.08 	0.00 
6577.10 	0.00 
6577.13 	0.00 
6577.15 	0.00 
6577.17 	0.00 
6577.19 	0.00 
6577.21 	0.00 
6577.23 	20.10 
6577.25 	40.10 
6577.27 	86.80 
6577.29 	133.40 
6577.31 	179.80 
6577.33 	226.30 
6577.35 	264.80 
6577.38 	303.20 
6577.40 	329.70 
6577.42 	356.20 
6577.44 	368.60 
6577.46 	380.90 
6577.48 	378.70 
6577.50 	376.40 
6577.52 	359.50 
6577.54 	342.70 
6577.56 	311.00 
6577.58 	279.30 
6577.60 	237.80 
6577.63 	196.40 
6577.65 	149.00 
6577.67 	101.60 
6577.69 	58.00 
6577.71 	14.40 
6577.73 	7.20 
6577.75 	0.00 
6577.77 	0.00 
6577.79 	0.00 
6577.81 	0.00 
6577.83 	0.00 
6577.85 	0.00 
6577.88 	0.00 
6577.90 	0.00 
6577.92 	0.00 
6577.94 	0.00 
6577.96 	0.00 
6577.98 	0.00 
6578.00 	0.00 
6578.02 	0.00 
6578.04 	0.00 
6578.06 	0.00 
6578.08 	0.00 
6578.10 	0.00 
6578.13 	0.00 
6578.15 	0.00 
6578.17 	0.00 
6578.19 	0.00 
6578.21 	0.00 
6578.23 	19.80 
6578.25 	39.50 
6578.27 	85.90 
6578.29 	132.40 
6578.31 	178.60 
6578.33 	224.90 
6578.35 	263.20 
6578.38 	301.50 
6578.40 	327.80 
6578.42 	354.10 
6578.44 	366.40 
6578.46 	378.70 
6578.48 	376.40 
6578.50 	374.00 
6578.52 	357.10 
6578.54 	340.20 
6578.56 	309.70 
6578.58 	279.10 
6578.60 	237.40 
6578.63 	195.80 
6578.65 	148.10 
6578.67 	100.50 
6578.69 	56.90 
6578.71 	13.40 
6578.73 	6.70 
6578.75 	0.00 
6578.77 	0.00 
6578.79 	0.00 
6578.81 	0.00 
6578.83 	0.00 
6578.85 	0.00 
6578.88 	0.00 
6578.90 	0.00 
6578.92 	0.00 
6578.94 	0.00 
6578.96 	0.00 
6578.98 	0.00 
6579.00 	0.00 
6579.02 	0.00 
6579.04 	0.00 
6579.06 	0.00 
6579.08 	0.00 
6579.10 	0.00 
6579.13 	0.00 
6579.15 	0.00 
6579.17 	0.00 
6579.19 	0.00 
6579.21 	0.00 
6579.23 	19.60 
6579.25 	39.20 
6579.27 	85.80 
6579.29 	132.40 
6579.31 	178.80 
6579.33 	225.20 
6579.35 	263.70 
6579.38 	302.10 
6579.40 	328.50 
6579.42 	354.90 
6579.44 	367.20 
6579.46 	379.50 
6579.48 	377.00 
6579.50 	374.60 
6579.52 	357.50 
6579.54 	340.50 
6579.56 	310.30 
6579.58 	280.10 
6579.60 	238.00 
6579.63 	195.90 
6579.65 	147.90 
6579.67 	99.80 
6579.69 	56.10 
6579.71 	12.30 
6579.73 	6.20 
6579.75 	0.00 
6579.77 	0.00 
6579.79 	0.00 
6579.81 	0.00 
6579.83 	0.00 
6579.85 	0.00 
6579.88 	0.00 
6579.90 	0.00 
6579.92 	0.00 
6579.94 	0.00 
6579.96 	0.00 
6579.98 	0.00 
6580.00 	0.00 
6580.02 	0.00 
6580.04 	0.00 
6580.06 	0.00 
6580.08 	0.00 
6580.10 	0.00 
6580.13 	0.00 
6580.15 	0.00 
6580.17 	0.00 
6580.19 	0.00 
6580.21 	0.00 
6580.23 	19.60 
6580.25 	39.10 
6580.27 	86.00 
6580.29 	133.00 
6580.31 	179.80 
6580.33 	226.50 
6580.35 	265.30 
6580.38 	304.10 
6580.40 	330.70 
6580.42 	357.30 
6580.44 	369.60 
6580.46 	381.90 
6580.48 	379.40 
6580.50 	376.80 
6580.52 	359.50 
6580.54 	342.20 
6580.56 	310.50 
6580.58 	278.70 
6580.60 	236.60 
6580.63 	194.40 
6580.65 	146.40 
6580.67 	98.30 
6580.69 	54.80 
6580.71 	11.20 
6580.73 	5.60 
6580.75 	0.00 
6580.77 	0.00 
6580.79 	0.00 
6580.81 	0.00 
6580.83 	0.00 
6580.85 	0.00 
6580.88 	0.00 
6580.90 	0.00 
6580.92 	0.00 
6580.94 	0.00 
6580.96 	0.00 
6580.98 	0.00 
6581.00 	0.00 
6581.02 	0.00 
6581.04 	0.00 
6581.06 	0.00 
6581.08 	0.00 
6581.10 	0.00 
6581.13 	0.00 
6581.15 	0.00 
6581.17 	0.00 
6581.19 	0.00 
6581.21 	0.00 
6581.23 	19.30 
6581.25 	38.60 
6581.27 	85.50 
6581.29 	132.40 
6581.31 	179.10 
6581.33 	225.90 
6581.35 	264.60 
6581.38 	303.40 
6581.40 	329.90 
6581.42 	356.50 
6581.44 	368.80 
6581.46 	381.00 
6581.48 	378.40 
6581.50 	375.80 
6581.52 	358.40 
6581.54 	341.00 
6581.56 	305.00 
6581.58 	268.90 
6581.60 	228.00 
6581.63 	187.10 
6581.65 	140.50 
6581.67 	93.90 
6581.69 	51.90 
6581.71 	9.80 
6581.73 	4.90 
6581.75 	0.00 
6581.77 	0.00 
6581.79 	0.00 
6581.81 	0.00 
6581.83 	0.00 
6581.85 	0.00 
6581.88 	0.00 
6581.90 	0.00 
6581.92 	0.00 
6581.94 	0.00 
6581.96 	0.00 
6581.98 	0.00 
6582.00 	0.00 
6582.02 	0.00 
6582.04 	0.00 
6582.06 	0.00 
6582.08 	0.00 
6582.10 	0.00 
6582.13 	0.00 
6582.15 	0.00 
6582.17 	0.00 
6582.19 	0.00 
6582.21 	0.00 
6582.23 	18.50 
6582.25 	36.90 
6582.27 	82.40 
6582.29 	127.70 
6582.31 	173.10 
6582.33 	218.40 
6582.35 	256.00 
6582.38 	293.50 
6582.40 	319.20 
6582.42 	344.90 
6582.44 	356.80 
6582.46 	368.60 
6582.48 	366.00 
6582.50 	363.40 
6582.52 	346.50 
6582.54 	329.50 
6582.56 	297.20 
6582.58 	265.00 
6582.60 	224.40 
6582.63 	183.80 
6582.65 	137.70 
6582.67 	91.60 
6582.69 	50.10 
6582.71 	8.70 
6582.73 	4.30 
6582.75 	0.00 
6582.77 	0.00 
6582.79 	0.00 
6582.81 	0.00 
6582.83 	0.00 
6582.85 	0.00 
6582.88 	0.00 
6582.90 	0.00 
6582.92 	0.00 
6582.94 	0.00 
6582.96 	0.00 
6582.98 	0.00 
6583.00 	0.00 
6583.02 	0.00 
6583.04 	0.00 
6583.06 	0.00 
6583.08 	0.00 
6583.10 	0.00 
6583.13 	0.00 
6583.15 	0.00 
6583.17 	0.00 
6583.19 	0.00 
6583.21 	0.00 
6583.23 	18.00 
6583.25 	36.10 
6583.27 	81.00 
6583.29 	125.90 
6583.31 	170.80 
6583.33 	215.70 
6583.35 	252.80 
6583.38 	289.90 
6583.40 	315.40 
6583.42 	340.80 
6583.44 	352.50 
6583.46 	364.20 
6583.48 	361.50 
6583.50 	358.90 
6583.52 	342.00 
6583.54 	325.10 
6583.56 	298.10 
6583.58 	271.20 
6583.60 	229.40 
6583.63 	187.60 
6583.65 	140.10 
6583.67 	92.70 
6583.69 	50.30 
6583.71 	7.90 
6583.73 	4.00 
6583.75 	0.00 
6583.77 	0.00 
6583.79 	0.00 
6583.81 	0.00 
6583.83 	0.00 
6583.85 	0.00 
6583.88 	0.00 
6583.90 	0.00 
6583.92 	0.00 
6583.94 	0.00 
6583.96 	0.00 
6583.98 	0.00 
6584.00 	0.00 
6584.02 	0.00 
6584.04 	0.00 
6584.06 	0.00 
6584.08 	0.00 
6584.10 	0.00 
6584.13 	0.00 
6584.15 	0.00 
6584.17 	0.00 
6584.19 	0.00 
6584.21 	0.00 
6584.23 	18.30 
6584.25 	36.60 
6584.27 	82.70 
6584.29 	128.90 
6584.31 	175.00 
6584.33 	221.10 
6584.35 	259.30 
6584.38 	297.50 
6584.40 	323.60 
6584.42 	349.70 
6584.44 	361.70 
6584.46 	373.70 
6584.48 	370.90 
6584.50 	368.10 
6584.52 	350.60 
6584.54 	333.20 
6584.56 	306.50 
6584.58 	279.80 
6584.60 	236.40 
6584.63 	193.00 
6584.65 	143.90 
6584.67 	94.70 
6584.69 	50.90 
6584.71 	7.10 
6584.73 	3.60 
6584.75 	0.00 
6584.77 	0.00 
6584.79 	0.00 
6584.81 	0.00 
6584.83 	0.00 
6584.85 	0.00 
6584.88 	0.00 
6584.90 	0.00 
6584.92 	0.00 
6584.94 	0.00 
6584.96 	0.00 
6584.98 	0.00 
6585.00 	0.00 
6585.02 	0.00 
6585.04 	0.00 
6585.06 	0.00 
6585.08 	0.00 
6585.10 	0.00 
6585.13 	0.00 
6585.15 	0.00 
6585.17 	0.00 
6585.19 	0.00 
6585.21 	0.00 
6585.23 	18.70 
6585.25 	37.40 
6585.27 	85.20 
6585.29 	133.00 
6585.31 	180.80 
6585.33 	228.60 
6585.35 	268.20 
6585.38 	307.80 
6585.40 	334.80 
6585.42 	361.90 
6585.44 	374.30 
6585.46 	386.60 
6585.48 	383.60 
6585.50 	380.70 
6585.52 	362.50 
6585.54 	344.30 
6585.56 	308.00 
6585.58 	271.70 
6585.60 	229.30 
6585.63 	186.90 
6585.65 	138.90 
6585.67 	91.00 
6585.69 	48.50 
6585.71 	5.90 
6585.73 	3.00 
6585.75 	0.00 
6585.77 	0.00 
6585.79 	0.00 
6585.81 	0.00 
6585.83 	0.00 
6585.85 	0.00 
6585.88 	0.00 
6585.90 	0.00 
6585.92 	0.00 
6585.94 	0.00 
6585.96 	0.00 
6585.98 	0.00 
6586.00 	0.00 
6586.02 	0.00 
6586.04 	0.00 
6586.06 	0.00 
6586.08 	0.00 
6586.10 	0.00 
6586.13 	0.00 
6586.15 	0.00 
6586.17 	0.00 
6586.19 	0.00 
6586.21 	0.00 
6586.23 	18.00 
6586.25 	36.00 
6586.27 	82.60 
6586.29 	129.10 
6586.31 	175.70 
6586.33 	222.40 
6586.35 	261.00 
6586.38 	299.60 
6586.40 	325.90 
6586.42 	352.30 
6586.44 	364.30 
6586.46 	376.30 
6586.48 	373.40 
6586.50 	370.40 
6586.52 	352.60 
6586.54 	334.80 
6586.56 	298.10 
6586.58 	261.40 
6586.60 	220.40 
6586.63 	179.30 
6586.65 	133.00 
6586.67 	86.60 
6586.69 	45.70 
6586.71 	4.80 
6586.73 	2.40 
6586.75 	0.00 
6586.77 	0.00 
6586.79 	0.00 
6586.81 	0.00 
6586.83 	0.00 
6586.85 	0.00 
6586.88 	0.00 
6586.90 	0.00 
6586.92 	0.00 
6586.94 	0.00 
6586.96 	0.00 
6586.98 	0.00 
6587.00 	0.00 
6587.02 	0.00 
6587.04 	0.00 
6587.06 	0.00 
6587.08 	0.00 
6587.10 	0.00 
6587.13 	0.00 
6587.15 	0.00 
6587.17 	0.00 
6587.19 	0.00 
6587.21 	0.00 
6587.23 	17.10 
6587.25 	34.30 
6587.27 	79.20 
6587.29 	124.20 
6587.31 	169.30 
6587.33 	214.40 
6587.35 	251.70 
6587.38 	288.90 
6587.40 	314.40 
6587.42 	339.90 
6587.44 	351.50 
6587.46 	363.00 
6587.48 	360.10 
6587.50 	357.20 
6587.52 	339.90 
6587.54 	322.60 
6587.56 	290.90 
6587.58 	259.30 
6587.60 	218.30 
6587.63 	177.40 
6587.65 	131.20 
6587.67 	85.00 
6587.69 	44.40 
6587.71 	3.80 
6587.73 	1.90 
6587.75 	0.00 
6587.77 	0.00 
6587.79 	0.00 
6587.81 	0.00 
6587.83 	0.00 
6587.85 	0.00 
6587.88 	0.00 
6587.90 	0.00 
6587.92 	0.00 
6587.94 	0.00 
6587.96 	0.00 
6587.98 	0.00 
6588.00 	0.00 
6588.02 	0.00 
6588.04 	0.00 
6588.06 	0.00 
6588.08 	0.00 
6588.10 	0.00 
6588.13 	0.00 
6588.15 	0.00 
6588.17 	0.00 
6588.19 	0.00 
6588.21 	0.00 
6588.23 	16.80 
6588.25 	33.60 
6588.27 	78.40 
6588.29 	123.10 
6588.31 	168.00 
6588.33 	212.90 
6588.35 	250.10 
6588.38 	287.20 
6588.40 	312.60 
6588.42 	337.90 
6588.44 	349.50 
6588.46 	361.00 
6588.48 	358.00 
6588.50 	355.00 
6588.52 	337.70 
6588.54 	320.30 
6588.56 	286.20 
6588.58 	252.00 
6588.60 	211.90 
6588.63 	171.90 
6588.65 	126.80 
6588.67 	81.70 
6588.69 	42.30 
6588.71 	2.80 
6588.73 	1.40 
6588.75 	0.00 
6588.77 	0.00 
6588.79 	0.00 
6588.81 	0.00 
6588.83 	0.00 
6588.85 	0.00 
6588.88 	0.00 
6588.90 	0.00 
6588.92 	0.00 
6588.94 	0.00 
6588.96 	0.00 
6588.98 	0.00 
6589.00 	0.00 
6589.02 	0.00 
6589.04 	0.00 
6589.06 	0.00 
6589.08 	0.00 
6589.10 	0.00 
6589.13 	0.00 
6589.15 	0.00 
6589.17 	0.00 
6589.19 	0.00 
6589.21 	0.00 
6589.23 	16.20 
6589.25 	32.30 
6589.27 	75.90 
6589.29 	119.60 
6589.31 	163.40 
6589.33 	207.20 
6589.35 	243.50 
6589.38 	279.80 
6589.40 	304.50 
6589.42 	329.20 
6589.44 	340.40 
6589.46 	351.60 
6589.48 	348.70 
6589.50 	345.70 
6589.52 	328.70 
6589.54 	311.70 
6589.56 	282.60 
6589.58 	253.50 
6589.60 	213.00 
6589.63 	172.50 
6589.65 	126.90 
6589.67 	81.40 
6589.69 	41.70 
6589.71 	1.90 
6589.73 	1.00 
6589.75 	0.00 
6589.77 	0.00 
6589.79 	0.00 
6589.81 	0.00 
6589.83 	0.00 
6589.85 	0.00 
6589.88 	0.00 
6589.90 	0.00 
6589.92 	0.00 
6589.94 	0.00 
6589.96 	0.00 
6589.98 	0.00 
6590.00 	0.00 
6590.02 	0.00 
6590.04 	0.00 
6590.06 	0.00 
6590.08 	0.00 
6590.10 	0.00 
6590.13 	0.00 
6590.15 	0.00 
6590.17 	0.00 
6590.19 	0.00 
6590.21 	0.00 
6590.23 	16.10 
6590.25 	32.10 
6590.27 	76.20 
6590.29 	120.20 
6590.31 	164.50 
6590.33 	208.80 
6590.35 	245.50 
6590.38 	282.10 
6590.40 	307.10 
6590.42 	332.10 
6590.44 	343.40 
6590.46 	354.70 
6590.48 	351.70 
6590.50 	348.60 
6590.52 	331.40 
6590.54 	314.10 
6590.56 	290.50 
6590.58 	266.90 
6590.60 	224.00 
6590.63 	181.10 
6590.65 	132.90 
6590.67 	84.80 
6590.69 	42.90 
6590.71 	1.10 
6590.73 	0.60 
6590.75 	0.00 
6590.77 	0.00 
6590.79 	0.00 
6590.81 	0.00 
6590.83 	0.00 
6590.85 	0.00 
6590.88 	0.00 
6590.90 	0.00 
6590.92 	0.00 
6590.94 	0.00 
6590.96 	0.00 
6590.98 	0.00 
6591.00 	0.00 
6591.02 	0.00 
6591.04 	0.00 
6591.06 	0.00 
6591.08 	0.00 
6591.10 	0.00 
6591.13 	0.00 
6591.15 	0.00 
6591.17 	0.00 
6591.19 	0.00 
6591.21 	0.00 
6591.23 	16.70 
6591.25 	33.40 
6591.27 	79.90 
6591.29 	126.40 
6591.31 	173.30 
6591.33 	220.10 
6591.35 	258.90 
6591.38 	297.60 
6591.40 	324.00 
6591.42 	350.50 
6591.44 	362.40 
6591.46 	374.30 
6591.48 	371.00 
6591.50 	367.70 
6591.52 	349.40 
6591.54 	331.10 
6591.56 	295.50 
6591.58 	259.90 
6591.60 	217.80 
6591.63 	175.80 
6591.65 	128.70 
6591.67 	81.60 
6591.69 	40.90 
6591.71 	0.20 
6591.73 	0.10 
6591.75 	0.00 
6591.77 	0.00 
6591.79 	0.00 
6591.81 	0.00 
6591.83 	0.00 
6591.85 	0.00 
6591.88 	0.00 
6591.90 	0.00 
6591.92 	0.00 
6591.94 	0.00 
6591.96 	0.00 
6591.98 	0.00 
6592.00 	0.00 
6592.02 	0.00 
6592.04 	0.00 
6592.06 	0.00 
6592.08 	0.00 
6592.10 	0.00 
6592.13 	0.00 
6592.15 	0.00 
6592.17 	0.00 
6592.19 	0.00 
6592.21 	0.00 
6592.23 	16.00 
6592.25 	32.10 
6592.27 	77.50 
6592.29 	123.00 
6592.31 	168.80 
6592.33 	214.60 
6592.35 	252.50 
6592.38 	290.40 
6592.40 	316.20 
6592.42 	342.00 
6592.44 	353.60 
6592.46 	365.20 
6592.48 	362.00 
6592.50 	358.70 
6592.52 	340.80 
6592.54 	322.80 
6592.56 	292.30 
6592.58 	261.90 
6592.60 	219.30 
6592.63 	176.70 
6592.65 	129.10 
6592.67 	81.40 
6592.69 	40.70 
6592.71 	0.00 
6592.73 	0.00 
6592.75 	0.00 
6592.77 	0.00 
6592.79 	0.00 
6592.81 	0.00 
6592.83 	0.00 
6592.85 	0.00 
6592.88 	0.00 
6592.90 	0.00 
6592.92 	0.00 
6592.94 	0.00 
6592.96 	0.00 
6592.98 	0.00 
6593.00 	0.00 
6593.02 	0.00 
6593.04 	0.00 
6593.06 	0.00 
6593.08 	0.00 
6593.10 	0.00 
6593.13 	0.00 
6593.15 	0.00 
6593.17 	0.00 
6593.19 	0.00 
6593.21 	0.00 
6593.23 	15.90 
6593.25 	31.80 
6593.27 	77.80 
6593.29 	123.80 
6593.31 	170.10 
6593.33 	216.50 
6593.35 	254.80 
6593.38 	293.20 
6593.40 	319.30 
6593.42 	345.40 
6593.44 	357.20 
6593.46 	368.90 
6593.48 	365.60 
6593.50 	362.20 
6593.52 	343.90 
6593.54 	325.70 
6593.56 	292.70 
6593.58 	259.70 
6593.60 	217.20 
6593.63 	174.70 
6593.65 	127.30 
6593.67 	79.90 
6593.69 	39.90 
6593.71 	0.00 
6593.73 	0.00 
6593.75 	0.00 
6593.77 	0.00 
6593.79 	0.00 
6593.81 	0.00 
6593.83 	0.00 
6593.85 	0.00 
6593.88 	0.00 
6593.90 	0.00 
6593.92 	0.00 
6593.94 	0.00 
6593.96 	0.00 
6593.98 	0.00 
6594.00 	0.00 
6594.02 	0.00 
6594.04 	0.00 
6594.06 	0.00 
6594.08 	0.00 
6594.10 	0.00 
6594.13 	0.00 
6594.15 	0.00 
6594.17 	0.00 
6594.19 	0.00 
6594.21 	0.00 
6594.23 	15.50 
6594.25 	31.10 
6594.27 	76.80 
6594.29 	122.50 
6594.31 	168.70 
6594.33 	214.90 
6594.35 	253.10 
6594.38 	291.30 
6594.40 	317.30 
6594.42 	343.30 
6594.44 	355.00 
6594.46 	366.70 
6594.48 	363.30 
6594.50 	359.90 
6594.52 	341.60 
6594.54 	323.40 
6594.56 	292.90 
6594.58 	262.40 
6594.60 	219.20 
6594.63 	176.10 
6594.65 	128.00 
6594.67 	79.90 
6594.69 	39.90 
6594.71 	0.00 
6594.73 	0.00 
6594.75 	0.00 
6594.77 	0.00 
6594.79 	0.00 
6594.81 	0.00 
6594.83 	0.00 
6594.85 	0.00 
6594.88 	0.00 
6594.90 	0.00 
6594.92 	0.00 
6594.94 	0.00 
6594.96 	0.00 
6594.98 	0.00 
6595.00 	0.00 
6595.02 	0.00 
6595.04 	0.00 
6595.06 	0.00 
6595.08 	0.00 
6595.10 	0.00 
6595.13 	0.00 
6595.15 	0.00 
6595.17 	0.00 
6595.19 	0.00 
6595.21 	0.00 
6595.23 	15.50 
6595.25 	31.00 
6595.27 	77.30 
6595.29 	123.60 
6595.31 	170.40 
6595.33 	217.30 
6595.35 	256.10 
6595.38 	294.80 
6595.40 	321.20 
6595.42 	347.60 
6595.44 	359.40 
6595.46 	371.30 
6595.48 	367.80 
6595.50 	364.30 
6595.52 	345.70 
6595.54 	327.10 
6595.56 	291.20 
6595.58 	255.20 
6595.60 	213.00 
6595.63 	170.80 
6595.65 	123.90 
6595.67 	76.90 
6595.69 	38.40 
6595.71 	0.00 
6595.73 	0.00 
6595.75 	0.00 
6595.77 	0.00 
6595.79 	0.00 
6595.81 	0.00 
6595.83 	0.00 
6595.85 	0.00 
6595.88 	0.00 
6595.90 	0.00 
6595.92 	0.00 
6595.94 	0.00 
6595.96 	0.00 
6595.98 	0.00 
6596.00 	0.00 
6596.02 	0.00 
6596.04 	0.00 
6596.06 	0.00 
6596.08 	0.00 
6596.10 	0.00 
6596.13 	0.00 
6596.15 	0.00 
6596.17 	0.00 
6596.19 	0.00 
6596.21 	0.00 
6596.23 	14.80 
6596.25 	29.60 
6596.27 	74.80 
6596.29 	120.00 
6596.31 	165.70 
6596.33 	211.50 
6596.35 	249.40 
6596.38 	287.30 
6596.40 	313.00 
6596.42 	338.80 
6596.44 	350.40 
6596.46 	361.90 
6596.48 	358.40 
6596.50 	355.00 
6596.52 	336.80 
6596.54 	318.60 
6596.56 	283.90 
6596.58 	249.30 
6596.60 	207.90 
6596.63 	166.50 
6596.65 	120.40 
6596.67 	74.30 
6596.69 	37.10 
6596.71 	0.00 
6596.73 	0.00 
6596.75 	0.00 
6596.77 	0.00 
6596.79 	0.00 
6596.81 	0.00 
6596.83 	0.00 
6596.85 	0.00 
6596.88 	0.00 
6596.90 	0.00 
6596.92 	0.00 
6596.94 	0.00 
6596.96 	0.00 
6596.98 	0.00 
6597.00 	0.00 
6597.02 	0.00 
6597.04 	0.00 
6597.06 	0.00 
6597.08 	0.00 
6597.10 	0.00 
6597.13 	0.00 
6597.15 	0.00 
6597.17 	0.00 
6597.19 	0.00 
6597.21 	0.00 
6597.23 	14.20 
6597.25 	28.40 
6597.27 	72.70 
6597.29 	116.90 
6597.31 	161.80 
6597.33 	206.70 
6597.35 	243.90 
6597.38 	281.10 
6597.40 	306.40 
6597.42 	331.70 
6597.44 	343.00 
6597.46 	354.30 
6597.48 	350.90 
6597.50 	347.50 
6597.52 	329.50 
6597.54 	311.60 
6597.56 	280.40 
6597.58 	249.20 
6597.60 	207.60 
6597.63 	166.00 
6597.65 	119.80 
6597.67 	73.50 
6597.69 	36.80 
6597.71 	0.00 
6597.73 	0.00 
6597.75 	0.00 
6597.77 	0.00 
6597.79 	0.00 
6597.81 	0.00 
6597.83 	0.00 
6597.85 	0.00 
6597.88 	0.00 
6597.90 	0.00 
6597.92 	0.00 
6597.94 	0.00 
6597.96 	0.00 
6597.98 	0.00 
6598.00 	0.00 
6598.02 	0.00 
6598.04 	0.00 
6598.06 	0.00 
6598.08 	0.00 
6598.10 	0.00 
6598.13 	0.00 
6598.15 	0.00 
6598.17 	0.00 
6598.19 	0.00 
6598.21 	0.00 
6598.23 	14.00 
6598.25 	27.90 
6598.27 	72.30 
6598.29 	116.60 
6598.31 	161.70 
6598.33 	206.80 
6598.35 	244.10 
6598.38 	281.40 
6598.40 	306.80 
6598.42 	332.20 
6598.44 	343.50 
6598.46 	354.90 
6598.48 	351.40 
6598.50 	348.00 
6598.52 	329.90 
6598.54 	311.90 
6598.56 	280.30 
6598.58 	248.70 
6598.60 	207.00 
6598.63 	165.20 
6598.65 	118.90 
6598.67 	72.60 
6598.69 	36.30 
6598.71 	0.00 
6598.73 	0.00 
6598.75 	0.00 
6598.77 	0.00 
6598.79 	0.00 
6598.81 	0.00 
6598.83 	0.00 
6598.85 	0.00 
6598.88 	0.00 
6598.90 	0.00 
6598.92 	0.00 
6598.94 	0.00 
6598.96 	0.00 
6598.98 	0.00 
6599.00 	0.00 
6599.02 	0.00 
6599.04 	0.00 
6599.06 	0.00 
6599.08 	0.00 
6599.10 	0.00 
6599.13 	0.00 
6599.15 	0.00 
6599.17 	0.00 
6599.19 	0.00 
6599.21 	0.00 
6599.23 	13.70 
6599.25 	27.30 
6599.27 	71.70 
6599.29 	116.10 
6599.31 	161.30 
6599.33 	206.40 
6599.35 	243.80 
6599.38 	281.30 
6599.40 	306.70 
6599.42 	332.20 
6599.44 	343.50 
6599.46 	354.90 
6599.48 	351.40 
6599.50 	347.90 
6599.52 	329.80 
6599.54 	311.60 
6599.56 	280.50 
6599.58 	249.40 
6599.60 	207.30 
6599.63 	165.20 
6599.65 	118.70 
6599.67 	72.10 
6599.69 	36.00 
6599.71 	0.00 
6599.73 	0.00 
6599.75 	0.00 
6599.77 	0.00 
6599.79 	0.00 
6599.81 	0.00 
6599.83 	0.00 
6599.85 	0.00 
6599.88 	0.00 
6599.90 	0.00 
6599.92 	0.00 
6599.94 	0.00 
6599.96 	0.00 
6599.98 	0.00 
6600.00 	0.00 
6600.02 	0.00 
6600.04 	0.00 
6600.06 	0.00 
6600.08 	0.00 
6600.10 	0.00 
6600.13 	0.00 
6600.15 	0.00 
6600.17 	0.00 
6600.19 	0.00 
6600.21 	0.00 
6600.23 	13.40 
6600.25 	26.80 
6600.27 	71.50 
6600.29 	116.10 
6600.31 	161.50 
6600.33 	207.00 
6600.35 	244.60 
6600.38 	282.30 
6600.40 	308.00 
6600.42 	333.60 
6600.44 	345.00 
6600.46 	356.40 
6600.48 	352.90 
6600.50 	349.30 
6600.52 	331.10 
6600.54 	312.80 
6600.56 	275.90 
6600.58 	239.10 
6600.60 	198.50 
6600.63 	158.00 
6600.65 	113.20 
6600.67 	68.40 
6600.69 	34.20 
6600.71 	0.00 
6600.73 	0.00 
6600.75 	0.00 
6600.77 	0.00 
6600.79 	0.00 
6600.81 	0.00 
6600.83 	0.00 
6600.85 	0.00 
6600.88 	0.00 
6600.90 	0.00 
6600.92 	0.00 
6600.94 	0.00 
6600.96 	0.00 
6600.98 	0.00 
6601.00 	0.00 
6601.02 	0.00 
6601.04 	0.00 
6601.06 	0.00 
6601.08 	0.00 
6601.10 	0.00 
6601.13 	0.00 
6601.15 	0.00 
6601.17 	0.00 
6601.19 	0.00 
6601.21 	0.00 
6601.23 	12.60 
6601.25 	25.20 
6601.27 	68.10 
6601.29 	110.90 
6601.31 	154.70 
6601.33 	198.40 
6601.35 	234.70 
6601.38 	271.00 
6601.40 	295.70 
6601.42 	320.30 
6601.44 	331.30 
6601.46 	342.30 
6601.48 	338.90 
6601.50 	335.40 
6601.52 	317.80 
6601.54 	300.10 
6601.56 	267.90 
6601.58 	235.70 
6601.60 	195.60 
6601.63 	155.50 
6601.65 	111.10 
6601.67 	66.80 
6601.69 	33.40 
6601.71 	0.00 
6601.73 	0.00 
6601.75 	0.00 
6601.77 	0.00 
6601.79 	0.00 
6601.81 	0.00 
6601.83 	0.00 
6601.85 	0.00 
6601.88 	0.00 
6601.90 	0.00 
6601.92 	0.00 
6601.94 	0.00 
6601.96 	0.00 
6601.98 	0.00 
6602.00 	0.00 
6602.02 	0.00 
6602.04 	0.00 
6602.06 	0.00 
6602.08 	0.00 
6602.10 	0.00 
6602.13 	0.00 
6602.15 	0.00 
6602.17 	0.00 
6602.19 	0.00 
6602.21 	0.00 
6602.23 	12.20 
6602.25 	24.30 
6602.27 	66.70 
6602.29 	109.00 
6602.31 	152.30 
6602.33 	195.60 
6602.35 	231.60 
6602.38 	267.50 
6602.40 	291.90 
6602.42 	316.40 
6602.44 	327.30 
6602.46 	338.20 
6602.48 	334.70 
6602.50 	331.30 
6602.52 	313.80 
6602.54 	296.30 
6602.56 	266.60 
6602.58 	236.80 
6602.60 	196.30 
6602.63 	155.80 
6602.65 	111.10 
6602.67 	66.40 
6602.69 	33.20 
6602.71 	0.00 
6602.73 	0.00 
6602.75 	0.00 
6602.77 	0.00 
6602.79 	0.00 
6602.81 	0.00 
6602.83 	0.00 
6602.85 	0.00 
6602.88 	0.00 
6602.90 	0.00 
6602.92 	0.00 
6602.94 	0.00 
6602.96 	0.00 
6602.98 	0.00 
6603.00 	0.00 
6603.02 	0.00 
6603.04 	0.00 
6603.06 	0.00 
6603.08 	0.00 
6603.10 	0.00 
6603.13 	0.00 
6603.15 	0.00 
6603.17 	0.00 
6603.19 	0.00 
6603.21 	0.00 
6603.23 	11.90 
6603.25 	23.80 
6603.27 	66.50 
6603.29 	109.10 
6603.31 	152.80 
6603.33 	196.40 
6603.35 	232.70 
6603.38 	269.00 
6603.40 	293.60 
6603.42 	318.30 
6603.44 	329.30 
6603.46 	340.30 
6603.48 	336.80 
6603.50 	333.30 
6603.52 	315.60 
6603.54 	297.90 
6603.56 	266.80 
6603.58 	235.70 
6603.60 	195.20 
6603.63 	154.80 
6603.65 	110.10 
6603.67 	65.50 
6603.69 	32.80 
6603.71 	0.00 
6603.73 	0.00 
6603.75 	0.00 
6603.77 	0.00 
6603.79 	0.00 
6603.81 	0.00 
6603.83 	0.00 
6603.85 	0.00 
6603.88 	0.00 
6603.90 	0.00 
6603.92 	0.00 
6603.94 	0.00 
6603.96 	0.00 
6603.98 	0.00 
6604.00 	0.00 
6604.02 	0.00 
6604.04 	0.00 
6604.06 	0.00 
6604.08 	0.00 
6604.10 	0.00 
6604.13 	0.00 
6604.15 	0.00 
6604.17 	0.00 
6604.19 	0.00 
6604.21 	0.00 
6604.23 	11.60 
6604.25 	23.20 
6604.27 	65.70 
6604.29 	108.20 
6604.31 	151.90 
6604.33 	195.50 
6604.35 	231.70 
6604.38 	268.00 
6604.40 	292.70 
6604.42 	317.30 
6604.44 	328.30 
6604.46 	339.30 
6604.48 	335.80 
6604.50 	332.30 
6604.52 	314.60 
6604.54 	296.90 
6604.56 	259.40 
6604.58 	221.90 
6604.60 	183.60 
6604.63 	145.40 
6604.65 	103.20 
6604.67 	61.10 
6604.69 	30.50 
6604.71 	0.00 
6604.73 	0.00 
6604.75 	0.00 
6604.77 	0.00 
6604.79 	0.00 
6604.81 	0.00 
6604.83 	0.00 
6604.85 	0.00 
6604.88 	0.00 
6604.90 	0.00 
6604.92 	0.00 
6604.94 	0.00 
6604.96 	0.00 
6604.98 	0.00 
6605.00 	0.00 
6605.02 	0.00 
6605.04 	0.00 
6605.06 	0.00 
6605.08 	0.00 
6605.10 	0.00 
6605.13 	0.00 
6605.15 	0.00 
6605.17 	0.00 
6605.19 	0.00 
6605.21 	0.00 
6605.23 	10.60 
6605.25 	21.20 
6605.27 	61.30 
6605.29 	101.50 
6605.31 	142.70 
6605.33 	183.90 
6605.35 	218.20 
6605.38 	252.40 
6605.40 	275.80 
6605.42 	299.10 
6605.44 	309.50 
6605.46 	319.90 
6605.48 	316.60 
6605.50 	313.30 
6605.52 	296.50 
6605.54 	279.80 
6605.56 	256.80 
6605.58 	233.90 
6605.60 	193.40 
6605.63 	152.90 
6605.65 	108.30 
6605.67 	63.80 
6605.69 	31.90 
6605.71 	0.00 
6605.73 	0.00 
6605.75 	0.00 
6605.77 	0.00 
6605.79 	0.00 
6605.81 	0.00 
6605.83 	0.00 
6605.85 	0.00 
6605.88 	0.00 
6605.90 	0.00 
6605.92 	0.00 
6605.94 	0.00 
6605.96 	0.00 
6605.98 	0.00 
6606.00 	0.00 
6606.02 	0.00 
6606.04 	0.00 
6606.06 	0.00 
6606.08 	0.00 
6606.10 	0.00 
6606.13 	0.00 
6606.15 	0.00 
6606.17 	0.00 
6606.19 	0.00 
6606.21 	0.00 
6606.23 	10.90 
6606.25 	21.80 
6606.27 	64.10 
6606.29 	106.50 
6606.31 	150.10 
6606.33 	193.70 
6606.35 	230.00 
6606.38 	266.30 
6606.40 	291.00 
6606.42 	315.70 
6606.44 	326.70 
6606.46 	337.70 
6606.48 	334.20 
6606.50 	330.70 
6606.52 	313.00 
6606.54 	295.20 
6606.56 	264.00 
6606.58 	232.70 
6606.60 	192.20 
6606.63 	151.80 
6606.65 	107.30 
6606.67 	62.90 
6606.69 	31.40 
6606.71 	0.00 
6606.73 	0.00 
6606.75 	0.00 
6606.77 	0.00 
6606.79 	0.00 
6606.81 	0.00 
6606.83 	0.00 
6606.85 	0.00 
6606.88 	0.00 
6606.90 	0.00 
6606.92 	0.00 
6606.94 	0.00 
6606.96 	0.00 
6606.98 	0.00 
6607.00 	0.00 
6607.02 	0.00 
6607.04 	0.00 
6607.06 	0.00 
6607.08 	0.00 
6607.10 	0.00 
6607.13 	0.00 
6607.15 	0.00 
6607.17 	0.00 
6607.19 	0.00 
6607.21 	0.00 
6607.23 	10.50 
6607.25 	21.10 
6607.27 	63.30 
6607.29 	105.40 
6607.31 	149.00 
6607.33 	192.50 
6607.35 	228.80 
6607.38 	265.00 
6607.40 	289.70 
6607.42 	314.40 
6607.44 	325.40 
6607.46 	336.30 
6607.48 	332.90 
6607.50 	329.40 
6607.52 	311.60 
6607.54 	293.90 
6607.56 	262.20 
6607.58 	230.60 
6607.60 	190.40 
6607.63 	150.10 
6607.65 	106.00 
6607.67 	61.80 
6607.69 	30.90 
6607.71 	0.00 
6607.73 	0.00 
6607.75 	0.00 
6607.77 	0.00 
6607.79 	0.00 
6607.81 	0.00 
6607.83 	0.00 
6607.85 	0.00 
6607.88 	0.00 
6607.90 	0.00 
6607.92 	0.00 
6607.94 	0.00 
6607.96 	0.00 
6607.98 	0.00 
6608.00 	0.00 
6608.02 	0.00 
6608.04 	0.00 
6608.06 	0.00 
6608.08 	0.00 
6608.10 	0.00 
6608.13 	0.00 
6608.15 	0.00 
6608.17 	0.00 
6608.19 	0.00 
6608.21 	0.00 
6608.23 	10.10 
6608.25 	20.30 
6608.27 	62.10 
6608.29 	104.00 
6608.31 	147.30 
6608.33 	190.60 
6608.35 	226.70 
6608.38 	262.70 
6608.40 	287.30 
6608.42 	311.90 
6608.44 	322.80 
6608.46 	333.80 
6608.48 	330.30 
6608.50 	326.90 
6608.52 	309.20 
6608.54 	291.50 
6608.56 	260.10 
6608.58 	228.60 
6608.60 	188.60 
6608.63 	148.50 
6608.65 	104.60 
6608.67 	60.70 
6608.69 	30.40 
6608.71 	0.00 
6608.73 	0.00 
6608.75 	0.00 
6608.77 	0.00 
6608.79 	0.00 
6608.81 	0.00 
6608.83 	0.00 
6608.85 	0.00 
6608.88 	0.00 
6608.90 	0.00 
6608.92 	0.00 
6608.94 	0.00 
6608.96 	0.00 
6608.98 	0.00 
6609.00 	0.00 
6609.02 	0.00 
6609.04 	0.00 
6609.06 	0.00 
6609.08 	0.00 
6609.10 	0.00 
6609.13 	0.00 
6609.15 	0.00 
6609.17 	0.00 
6609.19 	0.00 
6609.21 	0.00 
6609.23 	9.70 
6609.25 	19.50 
6609.27 	61.00 
6609.29 	102.60 
6609.31 	145.60 
6609.33 	188.70 
6609.35 	224.60 
6609.38 	260.50 
6609.40 	285.00 
6609.42 	309.50 
6609.44 	320.40 
6609.46 	331.30 
6609.48 	327.80 
6609.50 	324.40 
6609.52 	306.80 
6609.54 	289.30 
6609.56 	256.30 
6609.58 	223.40 
6609.60 	184.10 
6609.63 	144.90 
6609.65 	101.80 
6609.67 	58.80 
6609.69 	29.40 
6609.71 	0.00 
6609.73 	0.00 
6609.75 	0.00 
6609.77 	0.00 
6609.79 	0.00 
6609.81 	0.00 
6609.83 	0.00 
6609.85 	0.00 
6609.88 	0.00 
6609.90 	0.00 
6609.92 	0.00 
6609.94 	0.00 
6609.96 	0.00 
6609.98 	0.00 
6610.00 	0.00 
6610.02 	0.00 
6610.04 	0.00 
6610.06 	0.00 
6610.08 	0.00 
6610.10 	0.00 
6610.13 	0.00 
6610.15 	0.00 
6610.17 	0.00 
6610.19 	0.00 
6610.21 	0.00 
6610.23 	9.20 
6610.25 	18.40 
6610.27 	59.00 
6610.29 	99.60 
6610.31 	141.90 
6610.33 	184.10 
6610.35 	219.30 
6610.38 	254.60 
6610.40 	278.60 
6610.42 	302.60 
6610.44 	313.40 
6610.46 	324.10 
6610.48 	320.70 
6610.50 	317.30 
6610.52 	300.10 
6610.54 	282.90 
6610.56 	256.90 
6610.58 	230.80 
6610.60 	190.10 
6610.63 	149.40 
6610.65 	104.90 
6610.67 	60.30 
6610.69 	30.10 
6610.71 	0.00 
6610.73 	0.00 
6610.75 	0.00 
6610.77 	0.00 
6610.79 	0.00 
6610.81 	0.00 
6610.83 	0.00 
6610.85 	0.00 
6610.88 	0.00 
6610.90 	0.00 
6610.92 	0.00 
6610.94 	0.00 
6610.96 	0.00 
6610.98 	0.00 
6611.00 	0.00 
6611.02 	0.00 
6611.04 	0.00 
6611.06 	0.00 
6611.08 	0.00 
6611.10 	0.00 
6611.13 	0.00 
6611.15 	0.00 
6611.17 	0.00 
6611.19 	0.00 
6611.21 	0.00 
6611.23 	9.20 
6611.25 	18.30 
6611.27 	60.40 
6611.29 	102.40 
6611.31 	146.20 
6611.33 	190.00 
6611.35 	226.50 
6611.38 	263.00 
6611.40 	288.00 
6611.42 	313.00 
6611.44 	324.10 
6611.46 	335.20 
6611.48 	331.70 
6611.50 	328.20 
6611.52 	310.40 
6611.54 	292.50 
6611.56 	258.90 
6611.58 	225.30 
6611.60 	185.40 
6611.63 	145.60 
6611.65 	102.00 
6611.67 	58.40 
6611.69 	29.20 
6611.71 	0.00 
6611.73 	0.00 
6611.75 	0.00 
6611.77 	0.00 
6611.79 	0.00 
6611.81 	0.00 
6611.83 	0.00 
6611.85 	0.00 
6611.88 	0.00 
6611.90 	0.00 
6611.92 	0.00 
6611.94 	0.00 
6611.96 	0.00 
6611.98 	0.00 
6612.00 	0.00 
6612.02 	0.00 
6612.04 	0.00 
6612.06 	0.00 
6612.08 	0.00 
6612.10 	0.00 
6612.13 	0.00 
6612.15 	0.00 
6612.17 	0.00 
6612.19 	0.00 
6612.21 	0.00 
6612.23 	8.60 
6612.25 	17.20 
6612.27 	58.30 
6612.29 	99.30 
6612.31 	142.20 
6612.33 	185.00 
6612.35 	220.90 
6612.38 	256.70 
6612.40 	281.10 
6612.42 	305.60 
6612.44 	316.50 
6612.46 	327.50 
6612.48 	324.10 
6612.50 	320.70 
6612.52 	303.20 
6612.54 	285.70 
6612.56 	259.90 
6612.58 	234.10 
6612.60 	192.60 
6612.63 	151.00 
6612.65 	105.60 
6612.67 	60.20 
6612.69 	30.10 
6612.71 	0.00 
6612.73 	0.00 
6612.75 	0.00 
6612.77 	0.00 
6612.79 	0.00 
6612.81 	0.00 
6612.83 	0.00 
6612.85 	0.00 
6612.88 	0.00 
6612.90 	0.00 
6612.92 	0.00 
6612.94 	0.00 
6612.96 	0.00 
6612.98 	0.00 
6613.00 	0.00 
6613.02 	0.00 
6613.04 	0.00 
6613.06 	0.00 
6613.08 	0.00 
6613.10 	0.00 
6613.13 	0.00 
6613.15 	0.00 
6613.17 	0.00 
6613.19 	0.00 
6613.21 	0.00 
6613.23 	8.60 
6613.25 	17.20 
6613.27 	59.90 
6613.29 	102.60 
6613.31 	147.20 
6613.33 	191.90 
6613.35 	229.30 
6613.38 	266.70 
6613.40 	292.20 
6613.42 	317.80 
6613.44 	329.20 
6613.46 	340.60 
6613.48 	337.10 
6613.50 	333.60 
6613.52 	315.30 
6613.54 	297.10 
6613.56 	264.20 
6613.58 	231.30 
6613.60 	190.10 
6613.63 	149.00 
6613.65 	104.00 
6613.67 	59.10 
6613.69 	29.50 
6613.71 	0.00 
6613.73 	0.00 
6613.75 	0.00 
6613.77 	0.00 
6613.79 	0.00 
6613.81 	0.00 
6613.83 	0.00 
6613.85 	0.00 
6613.88 	0.00 
6613.90 	0.00 
6613.92 	0.00 
6613.94 	0.00 
6613.96 	0.00 
6613.98 	0.00 
6614.00 	0.00 
6614.02 	0.00 
6614.04 	0.00 
6614.06 	0.00 
6614.08 	0.00 
6614.10 	0.00 
6614.13 	0.00 
6614.15 	0.00 
6614.17 	0.00 
6614.19 	0.00 
6614.21 	0.00 
6614.23 	8.20 
6614.25 	16.30 
6614.27 	58.50 
6614.29 	100.60 
6614.31 	144.90 
6614.33 	189.20 
6614.35 	226.20 
6614.38 	263.30 
6614.40 	288.60 
6614.42 	314.00 
6614.44 	325.30 
6614.46 	336.70 
6614.48 	333.20 
6614.50 	329.80 
6614.52 	311.70 
6614.54 	293.70 
6614.56 	261.10 
6614.58 	228.60 
6614.60 	187.80 
6614.63 	147.00 
6614.65 	102.50 
6614.67 	58.00 
6614.69 	29.00 
6614.71 	0.00 
6614.73 	0.00 
6614.75 	0.00 
6614.77 	0.00 
6614.79 	0.00 
6614.81 	0.00 
6614.83 	0.00 
6614.85 	0.00 
6614.88 	0.00 
6614.90 	0.00 
6614.92 	0.00 
6614.94 	0.00 
6614.96 	0.00 
6614.98 	0.00 
6615.00 	0.00 
6615.02 	0.00 
6615.04 	0.00 
6615.06 	0.00 
6615.08 	0.00 
6615.10 	0.00 
6615.13 	0.00 
6615.15 	0.00 
6615.17 	0.00 
6615.19 	0.00 
6615.21 	0.00 
6615.23 	7.70 
6615.25 	15.40 
6615.27 	57.10 
6615.29 	98.80 
6615.31 	142.60 
6615.33 	186.50 
6615.35 	223.30 
6615.38 	260.00 
6615.40 	285.20 
6615.42 	310.30 
6615.44 	321.60 
6615.46 	332.90 
6615.48 	329.50 
6615.50 	326.10 
6615.52 	308.20 
6615.54 	290.40 
6615.56 	257.70 
6615.58 	225.00 
6615.60 	184.70 
6615.63 	144.50 
6615.65 	100.60 
6615.67 	56.70 
6615.69 	28.30 
6615.71 	0.00 
6615.73 	0.00 
6615.75 	0.00 
6615.77 	0.00 
6615.79 	0.00 
6615.81 	0.00 
6615.83 	0.00 
6615.85 	0.00 
6615.88 	0.00 
6615.90 	0.00 
6615.92 	0.00 
6615.94 	0.00 
6615.96 	0.00 
6615.98 	0.00 
6616.00 	0.00 
6616.02 	0.00 
6616.04 	0.00 
6616.06 	0.00 
6616.08 	0.00 
6616.10 	0.00 
6616.13 	0.00 
6616.15 	0.00 
6616.17 	0.00 
6616.19 	0.00 
6616.21 	0.00 
6616.23 	7.20 
6616.25 	14.50 
6616.27 	55.50 
6616.29 	96.50 
6616.31 	139.80 
6616.33 	183.10 
6616.35 	219.40 
6616.38 	255.80 
6616.40 	280.60 
6616.42 	305.50 
6616.44 	316.70 
6616.46 	327.90 
6616.48 	324.60 
6616.50 	321.20 
6616.52 	303.60 
6616.54 	286.00 
6616.56 	253.20 
6616.58 	220.40 
6616.60 	180.90 
6616.63 	141.30 
6616.65 	98.20 
6616.67 	55.20 
6616.69 	27.60 
6616.71 	0.00 
6616.73 	0.00 
6616.75 	0.00 
6616.77 	0.00 
6616.79 	0.00 
6616.81 	0.00 
6616.83 	0.00 
6616.85 	0.00 
6616.88 	0.00 
6616.90 	0.00 
6616.92 	0.00 
6616.94 	0.00 
6616.96 	0.00 
6616.98 	0.00 
6617.00 	0.00 
6617.02 	0.00 
6617.04 	0.00 
6617.06 	0.00 
6617.08 	0.00 
6617.10 	0.00 
6617.13 	0.00 
6617.15 	0.00 
6617.17 	0.00 
6617.19 	0.00 
6617.21 	0.00 
6617.23 	6.70 
6617.25 	13.50 
6617.27 	53.70 
6617.29 	93.80 
6617.31 	136.40 
6617.33 	178.90 
6617.35 	214.60 
6617.38 	250.30 
6617.40 	274.80 
6617.42 	299.30 
6617.44 	310.30 
6617.46 	321.30 
6617.48 	318.10 
6617.50 	314.80 
6617.52 	297.60 
6617.54 	280.30 
6617.56 	249.80 
6617.58 	219.30 
6617.60 	179.90 
6617.63 	140.50 
6617.65 	97.50 
6617.67 	54.60 
6617.69 	27.30 
6617.71 	0.00 
6617.73 	0.00 
6617.75 	0.00 
6617.77 	0.00 
6617.79 	0.00 
6617.81 	0.00 
6617.83 	0.00 
6617.85 	0.00 
6617.88 	0.00 
6617.90 	0.00 
6617.92 	0.00 
6617.94 	0.00 
6617.96 	0.00 
6617.98 	0.00 
6618.00 	0.00 
6618.02 	0.00 
6618.04 	0.00 
6618.06 	0.00 
6618.08 	0.00 
6618.10 	0.00 
6618.13 	0.00 
6618.15 	0.00 
6618.17 	0.00 
6618.19 	0.00 
6618.21 	0.00 
6618.23 	6.40 
6618.25 	12.70 
6618.27 	52.70 
6618.29 	92.70 
6618.31 	135.10 
6618.33 	177.50 
6618.35 	213.20 
6618.38 	248.80 
6618.40 	273.30 
6618.42 	297.80 
6618.44 	308.80 
6618.46 	319.90 
6618.48 	316.70 
6618.50 	313.50 
6618.52 	296.20 
6618.54 	279.00 
6618.56 	250.30 
6618.58 	221.60 
6618.60 	181.60 
6618.63 	141.70 
6618.65 	98.30 
6618.67 	54.80 
6618.69 	27.40 
6618.71 	0.00 
6618.73 	0.00 
6618.75 	0.00 
6618.77 	0.00 
6618.79 	0.00 
6618.81 	0.00 
6618.83 	0.00 
6618.85 	0.00 
6618.88 	0.00 
6618.90 	0.00 
6618.92 	0.00 
6618.94 	0.00 
6618.96 	0.00 
6618.98 	0.00 
6619.00 	0.00 
6619.02 	0.00 
6619.04 	0.00 
6619.06 	0.00 
6619.08 	0.00 
6619.10 	0.00 
6619.13 	0.00 
6619.15 	0.00 
6619.17 	0.00 
6619.19 	0.00 
6619.21 	0.00 
6619.23 	6.10 
6619.25 	12.10 
6619.27 	52.50 
6619.29 	92.90 
6619.31 	135.80 
6619.33 	178.80 
6619.35 	214.90 
6619.38 	251.10 
6619.40 	275.90 
6619.42 	300.80 
6619.44 	312.00 
6619.46 	323.30 
6619.48 	320.10 
6619.50 	316.90 
6619.52 	299.40 
6619.54 	282.00 
6619.56 	256.90 
6619.58 	231.70 
6619.60 	189.90 
6619.63 	148.10 
6619.65 	102.60 
6619.67 	57.10 
6619.69 	28.50 
6619.71 	0.00 
6619.73 	0.00 
6619.75 	0.00 
6619.77 	0.00 
6619.79 	0.00 
6619.81 	0.00 
6619.83 	0.00 
6619.85 	0.00 
6619.88 	0.00 
6619.90 	0.00 
6619.92 	0.00 
6619.94 	0.00 
6619.96 	0.00 
6619.98 	0.00 
6620.00 	0.00 
6620.02 	0.00 
6620.04 	0.00 
6620.06 	0.00 
6620.08 	0.00 
6620.10 	0.00 
6620.13 	0.00 
6620.15 	0.00 
6620.17 	0.00 
6620.19 	0.00 
6620.21 	0.00 
6620.23 	6.00 
6620.25 	11.90 
6620.27 	54.10 
6620.29 	96.30 
6620.31 	141.30 
6620.33 	186.40 
6620.35 	224.30 
6620.38 	262.30 
6620.40 	288.40 
6620.42 	314.50 
6620.44 	326.40 
6620.46 	338.20 
6620.48 	334.90 
6620.50 	331.60 
6620.52 	313.30 
6620.54 	295.10 
6620.56 	258.40 
6620.58 	221.70 
6620.60 	181.60 
6620.63 	141.50 
6620.65 	97.90 
6620.67 	54.30 
6620.69 	27.20 
6620.71 	0.00 
6620.73 	0.00 
6620.75 	0.00 
6620.77 	0.00 
6620.79 	0.00 
6620.81 	0.00 
6620.83 	0.00 
6620.85 	0.00 
6620.88 	0.00 
6620.90 	0.00 
6620.92 	0.00 
6620.94 	0.00 
6620.96 	0.00 
6620.98 	0.00 
6621.00 	0.00 
6621.02 	0.00 
6621.04 	0.00 
6621.06 	0.00 
6621.08 	0.00 
6621.10 	0.00 
6621.13 	0.00 
6621.15 	0.00 
6621.17 	0.00 
6621.19 	0.00 
6621.21 	0.00 
6621.23 	5.30 
6621.25 	10.70 
6621.27 	51.00 
6621.29 	91.30 
6621.31 	134.50 
6621.33 	177.70 
6621.35 	214.10 
6621.38 	250.50 
6621.40 	275.60 
6621.42 	300.70 
6621.44 	312.10 
6621.46 	323.50 
6621.48 	320.40 
6621.50 	317.30 
6621.52 	299.80 
6621.54 	282.30 
6621.56 	249.60 
6621.58 	216.90 
6621.60 	177.70 
6621.63 	138.40 
6621.65 	95.70 
6621.67 	52.90 
6621.69 	26.50 
6621.71 	0.00 
6621.73 	0.00 
6621.75 	0.00 
6621.77 	0.00 
6621.79 	0.00 
6621.81 	0.00 
6621.83 	0.00 
6621.85 	0.00 
6621.88 	0.00 
6621.90 	0.00 
6621.92 	0.00 
6621.94 	0.00 
6621.96 	0.00 
6621.98 	0.00 
6622.00 	0.00 
6622.02 	0.00 
6622.04 	0.00 
6622.06 	0.00 
6622.08 	0.00 
6622.10 	0.00 
6622.13 	0.00 
6622.15 	0.00 
6622.17 	0.00 
6622.19 	0.00 
6622.21 	0.00 
6622.23 	4.90 
6622.25 	9.80 
6622.27 	49.20 
6622.29 	88.60 
6622.31 	130.90 
6622.33 	173.20 
6622.35 	209.00 
6622.38 	244.80 
6622.40 	269.40 
6622.42 	294.10 
6622.44 	305.30 
6622.46 	316.60 
6622.48 	313.60 
6622.50 	310.60 
6622.52 	293.50 
6622.54 	276.40 
6622.56 	246.40 
6622.58 	216.50 
6622.60 	177.30 
6622.63 	138.00 
6622.65 	95.30 
6622.67 	52.60 
6622.69 	26.30 
6622.71 	0.00 
6622.73 	0.00 
6622.75 	0.00 
6622.77 	0.00 
6622.79 	0.00 
6622.81 	0.00 
6622.83 	0.00 
6622.85 	0.00 
6622.88 	0.00 
6622.90 	0.00 
6622.92 	0.00 
6622.94 	0.00 
6622.96 	0.00 
6622.98 	0.00 
6623.00 	0.00 
6623.02 	0.00 
6623.04 	0.00 
6623.06 	0.00 
6623.08 	0.00 
6623.10 	0.00 
6623.13 	0.00 
6623.15 	0.00 
6623.17 	0.00 
6623.19 	0.00 
6623.21 	0.00 
6623.23 	4.50 
6623.25 	9.00 
6623.27 	48.30 
6623.29 	87.60 
6623.31 	129.90 
6623.33 	172.30 
6623.35 	208.10 
6623.38 	243.90 
6623.40 	268.60 
6623.42 	293.30 
6623.44 	304.60 
6623.46 	316.00 
6623.48 	313.00 
6623.50 	310.00 
6623.52 	293.00 
6623.54 	275.90 
6623.56 	246.90 
6623.58 	217.80 
6623.60 	178.30 
6623.63 	138.70 
6623.65 	95.80 
6623.67 	52.80 
6623.69 	26.40 
6623.71 	0.00 
6623.73 	0.00 
6623.75 	0.00 
6623.77 	0.00 
6623.79 	0.00 
6623.81 	0.00 
6623.83 	0.00 
6623.85 	0.00 
6623.88 	0.00 
6623.90 	0.00 
6623.92 	0.00 
6623.94 	0.00 
6623.96 	0.00 
6623.98 	0.00 
6624.00 	0.00 
6624.02 	0.00 
6624.04 	0.00 
6624.06 	0.00 
6624.08 	0.00 
6624.10 	0.00 
6624.13 	0.00 
6624.15 	0.00 
6624.17 	0.00 
6624.19 	0.00 
6624.21 	0.00 
6624.23 	4.20 
6624.25 	8.30 
6624.27 	47.80 
6624.29 	87.30 
6624.31 	129.90 
6624.33 	172.60 
6624.35 	208.70 
6624.38 	244.90 
6624.40 	269.80 
6624.42 	294.80 
6624.44 	306.30 
6624.46 	317.70 
6624.48 	314.80 
6624.50 	311.90 
6624.52 	294.70 
6624.54 	277.60 
6624.56 	249.60 
6624.58 	221.60 
6624.60 	181.40 
6624.63 	141.10 
6624.65 	97.30 
6624.67 	53.50 
6624.69 	26.80 
6624.71 	0.00 
6624.73 	0.00 
6624.75 	0.00 
6624.77 	0.00 
6624.79 	0.00 
6624.81 	0.00 
6624.83 	0.00 
6624.85 	0.00 
6624.88 	0.00 
6624.90 	0.00 
6624.92 	0.00 
6624.94 	0.00 
6624.96 	0.00 
6624.98 	0.00 
6625.00 	0.00 
6625.02 	0.00 
6625.04 	0.00 
6625.06 	0.00 
6625.08 	0.00 
6625.10 	0.00 
6625.13 	0.00 
6625.15 	0.00 
6625.17 	0.00 
6625.19 	0.00 
6625.21 	0.00 
6625.23 	3.90 
6625.25 	7.70 
6625.27 	47.80 
6625.29 	87.90 
6625.31 	131.40 
6625.33 	174.90 
6625.35 	211.80 
6625.38 	248.60 
6625.40 	274.20 
6625.42 	299.70 
6625.44 	311.40 
6625.46 	323.20 
6625.48 	320.30 
6625.50 	317.30 
6625.52 	299.90 
6625.54 	282.50 
6625.56 	250.70 
6625.58 	219.00 
6625.60 	179.20 
6625.63 	139.40 
6625.65 	96.10 
6625.67 	52.70 
6625.69 	26.40 
6625.71 	0.00 
6625.73 	0.00 
6625.75 	0.00 
6625.77 	0.00 
6625.79 	0.00 
6625.81 	0.00 
6625.83 	0.00 
6625.85 	0.00 
6625.88 	0.00 
6625.90 	0.00 
6625.92 	0.00 
6625.94 	0.00 
6625.96 	0.00 
6625.98 	0.00 
6626.00 	0.00 
6626.02 	0.00 
6626.04 	0.00 
6626.06 	0.00 
6626.08 	0.00 
6626.10 	0.00 
6626.13 	0.00 
6626.15 	0.00 
6626.17 	0.00 
6626.19 	0.00 
6626.21 	0.00 
6626.23 	3.50 
6626.25 	6.90 
6626.27 	46.40 
6626.29 	86.00 
6626.31 	129.00 
6626.33 	172.10 
6626.35 	208.60 
6626.38 	245.20 
6626.40 	270.50 
6626.42 	295.80 
6626.44 	307.50 
6626.46 	319.20 
6626.48 	316.40 
6626.50 	313.50 
6626.52 	296.30 
6626.54 	279.20 
6626.56 	244.10 
6626.58 	209.00 
6626.60 	170.90 
6626.63 	132.90 
6626.65 	91.60 
6626.67 	50.20 
6626.69 	25.10 
6626.71 	0.00 
6626.73 	0.00 
6626.75 	0.00 
6626.77 	0.00 
6626.79 	0.00 
6626.81 	0.00 
6626.83 	0.00 
6626.85 	0.00 
6626.88 	0.00 
6626.90 	0.00 
6626.92 	0.00 
6626.94 	0.00 
6626.96 	0.00 
6626.98 	0.00 
6627.00 	0.00 
6627.02 	0.00 
6627.04 	0.00 
6627.06 	0.00 
6627.08 	0.00 
6627.10 	0.00 
6627.13 	0.00 
6627.15 	0.00 
6627.17 	0.00 
6627.19 	0.00 
6627.21 	0.00 
6627.23 	2.90 
6627.25 	5.90 
6627.27 	43.60 
6627.29 	81.20 
6627.31 	122.30 
6627.33 	163.40 
6627.35 	198.40 
6627.38 	233.40 
6627.40 	257.60 
6627.42 	281.90 
6627.44 	293.20 
6627.46 	304.40 
6627.48 	301.70 
6627.50 	299.10 
6627.52 	282.70 
6627.54 	266.40 
6627.56 	241.90 
6627.58 	217.40 
6627.60 	177.90 
6627.63 	138.30 
6627.65 	95.20 
6627.67 	52.20 
6627.69 	26.10 
6627.71 	0.00 
6627.73 	0.00 
6627.75 	0.00 
6627.77 	0.00 
6627.79 	0.00 
6627.81 	0.00 
6627.83 	0.00 
6627.85 	0.00 
6627.88 	0.00 
6627.90 	0.00 
6627.92 	0.00 
6627.94 	0.00 
6627.96 	0.00 
6627.98 	0.00 
6628.00 	0.00 
6628.02 	0.00 
6628.04 	0.00 
6628.06 	0.00 
6628.08 	0.00 
6628.10 	0.00 
6628.13 	0.00 
6628.15 	0.00 
6628.17 	0.00 
6628.19 	0.00 
6628.21 	0.00 
6628.23 	2.70 
6628.25 	5.40 
6628.27 	44.50 
6628.29 	83.60 
6628.31 	126.40 
6628.33 	169.30 
6628.35 	205.80 
6628.38 	242.20 
6628.40 	267.60 
6628.42 	293.00 
6628.44 	304.80 
6628.46 	316.60 
6628.48 	313.90 
6628.50 	311.20 
6628.52 	294.20 
6628.54 	277.10 
6628.56 	245.10 
6628.58 	213.10 
6628.60 	174.30 
6628.63 	135.50 
6628.65 	93.30 
6628.67 	51.10 
6628.69 	25.50 
6628.71 	0.00 
6628.73 	0.00 
6628.75 	0.00 
6628.77 	0.00 
6628.79 	0.00 
6628.81 	0.00 
6628.83 	0.00 
6628.85 	0.00 
6628.88 	0.00 
6628.90 	0.00 
6628.92 	0.00 
6628.94 	0.00 
6628.96 	0.00 
6628.98 	0.00 
6629.00 	0.00 
6629.02 	0.00 
6629.04 	0.00 
6629.06 	0.00 
6629.08 	0.00 
6629.10 	0.00 
6629.13 	0.00 
6629.15 	0.00 
6629.17 	0.00 
6629.19 	0.00 
6629.21 	0.00 
6629.23 	2.30 
6629.25 	4.50 
6629.27 	42.80 
6629.29 	81.00 
6629.31 	123.10 
6629.33 	165.00 
6629.35 	200.90 
6629.38 	236.80 
6629.40 	261.70 
6629.42 	286.70 
6629.44 	298.30 
6629.46 	310.00 
6629.48 	307.40 
6629.50 	304.80 
6629.52 	288.20 
6629.54 	271.60 
6629.56 	241.20 
6629.58 	210.80 
6629.60 	172.40 
6629.63 	134.00 
6629.65 	92.30 
6629.67 	50.50 
6629.69 	25.20 
6629.71 	0.00 
6629.73 	0.00 
6629.75 	0.00 
6629.77 	0.00 
6629.79 	0.00 
6629.81 	0.00 
6629.83 	0.00 
6629.85 	0.00 
6629.88 	0.00 
6629.90 	0.00 
6629.92 	0.00 
6629.94 	0.00 
6629.96 	0.00 
6629.98 	0.00 
6630.00 	0.00 
6630.02 	0.00 
6630.04 	0.00 
6630.06 	0.00 
6630.08 	0.00 
6630.10 	0.00 
6630.13 	0.00 
6630.15 	0.00 
6630.17 	0.00 
6630.19 	0.00 
6630.21 	0.00 
6630.23 	1.90 
6630.25 	3.80 
6630.27 	41.50 
6630.29 	79.30 
6630.31 	120.90 
6630.33 	162.50 
6630.35 	198.00 
6630.38 	233.60 
6630.40 	258.30 
6630.42 	283.10 
6630.44 	294.80 
6630.46 	306.40 
6630.48 	303.90 
6630.50 	301.40 
6630.52 	285.00 
6630.54 	268.60 
6630.56 	238.70 
6630.58 	208.70 
6630.60 	170.70 
6630.63 	132.70 
6630.65 	91.30 
6630.67 	50.00 
6630.69 	25.00 
6630.71 	0.00 
6630.73 	0.00 
6630.75 	0.00 
6630.77 	0.00 
6630.79 	0.00 
6630.81 	0.00 
6630.83 	0.00 
6630.85 	0.00 
6630.88 	0.00 
6630.90 	0.00 
6630.92 	0.00 
6630.94 	0.00 
6630.96 	0.00 
6630.98 	0.00 
6631.00 	0.00 
6631.02 	0.00 
6631.04 	0.00 
6631.06 	0.00 
6631.08 	0.00 
6631.10 	0.00 
6631.13 	0.00 
6631.15 	0.00 
6631.17 	0.00 
6631.19 	0.00 
6631.21 	0.00 
6631.23 	1.50 
6631.25 	3.00 
6631.27 	40.30 
6631.29 	77.60 
6631.31 	118.80 
6631.33 	160.10 
6631.35 	195.30 
6631.38 	230.60 
6631.40 	255.30 
6631.42 	279.90 
6631.44 	291.50 
6631.46 	303.10 
6631.48 	300.70 
6631.50 	298.30 
6631.52 	282.10 
6631.54 	265.90 
6631.56 	236.20 
6631.58 	206.60 
6631.60 	169.00 
6631.63 	131.40 
6631.65 	90.40 
6631.67 	49.50 
6631.69 	24.70 
6631.71 	0.00 
6631.73 	0.00 
6631.75 	0.00 
6631.77 	0.00 
6631.79 	0.00 
6631.81 	0.00 
6631.83 	0.00 
6631.85 	0.00 
6631.88 	0.00 
6631.90 	0.00 
6631.92 	0.00 
6631.94 	0.00 
6631.96 	0.00 
6631.98 	0.00 
6632.00 	0.00 
6632.02 	0.00 
6632.04 	0.00 
6632.06 	0.00 
6632.08 	0.00 
6632.10 	0.00 
6632.13 	0.00 
6632.15 	0.00 
6632.17 	0.00 
6632.19 	0.00 
6632.21 	0.00 
6632.23 	1.20 
6632.25 	2.30 
6632.27 	39.10 
6632.29 	75.90 
6632.31 	116.70 
6632.33 	157.50 
6632.35 	192.50 
6632.38 	227.50 
6632.40 	252.00 
6632.42 	276.50 
6632.44 	288.00 
6632.46 	299.60 
6632.48 	297.30 
6632.50 	295.00 
6632.52 	279.10 
6632.54 	263.10 
6632.56 	233.30 
6632.58 	203.40 
6632.60 	166.40 
6632.63 	129.40 
6632.65 	89.10 
6632.67 	48.70 
6632.69 	24.40 
6632.71 	0.00 
6632.73 	0.00 
6632.75 	0.00 
6632.77 	0.00 
6632.79 	0.00 
6632.81 	0.00 
6632.83 	0.00 
6632.85 	0.00 
6632.88 	0.00 
6632.90 	0.00 
6632.92 	0.00 
6632.94 	0.00 
6632.96 	0.00 
6632.98 	0.00 
6633.00 	0.00 
6633.02 	0.00 
6633.04 	0.00 
6633.06 	0.00 
6633.08 	0.00 
6633.10 	0.00 
6633.13 	0.00 
6633.15 	0.00 
6633.17 	0.00 
6633.19 	0.00 
6633.21 	0.00 
6633.23 	0.80 
6633.25 	1.60 
6633.27 	37.70 
6633.29 	73.90 
6633.31 	114.10 
6633.33 	154.30 
6633.35 	188.90 
6633.38 	223.40 
6633.40 	247.60 
6633.42 	271.80 
6633.44 	283.30 
6633.46 	294.70 
6633.48 	292.50 
6633.50 	290.40 
6633.52 	274.70 
6633.54 	259.00 
6633.56 	236.30 
6633.58 	213.60 
6633.60 	174.70 
6633.63 	135.90 
6633.65 	93.60 
6633.67 	51.20 
6633.69 	25.60 
6633.71 	0.00 
6633.73 	0.00 
6633.75 	0.00 
6633.77 	0.00 
6633.79 	0.00 
6633.81 	0.00 
6633.83 	0.00 
6633.85 	0.00 
6633.88 	0.00 
6633.90 	0.00 
6633.92 	0.00 
6633.94 	0.00 
6633.96 	0.00 
6633.98 	0.00 
6634.00 	0.00 
6634.02 	0.00 
6634.04 	0.00 
6634.06 	0.00 
6634.08 	0.00 
6634.10 	0.00 
6634.13 	0.00 
6634.15 	0.00 
6634.17 	0.00 
6634.19 	0.00 
6634.21 	0.00 
6634.23 	0.50 
6634.25 	0.90 
6634.27 	38.80 
6634.29 	76.60 
6634.31 	118.80 
6634.33 	161.10 
6634.35 	197.40 
6634.38 	233.80 
6634.40 	259.30 
6634.42 	284.80 
6634.44 	296.90 
6634.46 	309.00 
6634.48 	306.80 
6634.50 	304.60 
6634.52 	288.20 
6634.54 	271.90 
6634.56 	240.90 
6634.58 	210.00 
6634.60 	171.80 
6634.63 	133.70 
6634.65 	92.10 
6634.67 	50.40 
6634.69 	25.20 
6634.71 	0.00 
6634.73 	0.00 
6634.75 	0.00 
6634.77 	0.00 
6634.79 	0.00 
6634.81 	0.00 
6634.83 	0.00 
6634.85 	0.00 
6634.88 	0.00 
6634.90 	0.00 
6634.92 	0.00 
6634.94 	0.00 
6634.96 	0.00 
6634.98 	0.00 
6635.00 	0.00 
6635.02 	0.00 
6635.04 	0.00 
6635.06 	0.00 
6635.08 	0.00 
6635.10 	0.00 
6635.13 	0.00 
6635.15 	0.00 
6635.17 	0.00 
6635.19 	0.00 
6635.21 	0.00 
6635.23 	0.10 
6635.25 	0.20 
6635.27 	37.30 
6635.29 	74.40 
6635.31 	115.90 
6635.33 	157.40 
6635.35 	193.20 
6635.38 	229.00 
6635.40 	254.20 
6635.42 	279.40 
6635.44 	291.40 
6635.46 	303.40 
6635.48 	301.30 
6635.50 	299.20 
6635.52 	283.20 
6635.54 	267.20 
6635.56 	242.00 
6635.58 	216.80 
6635.60 	177.40 
6635.63 	138.10 
6635.65 	95.10 
6635.67 	52.10 
6635.69 	26.10 
6635.71 	0.00 
6635.73 	0.00 
6635.75 	0.00 
6635.77 	0.00 
6635.79 	0.00 
6635.81 	0.00 
6635.83 	0.00 
6635.85 	0.00 
6635.88 	0.00 
6635.90 	0.00 
6635.92 	0.00 
6635.94 	0.00 
6635.96 	0.00 
6635.98 	0.00 
6636.00 	0.00 
6636.02 	0.00 
6636.04 	0.00 
6636.06 	0.00 
6636.08 	0.00 
6636.10 	0.00 
6636.13 	0.00 
6636.15 	0.00 
6636.17 	0.00 
6636.19 	0.00 
6636.21 	0.00 
6636.23 	0.00 
6636.25 	0.00 
6636.27 	37.90 
6636.29 	75.80 
6636.31 	118.70 
6636.33 	161.60 
6636.35 	198.60 
6636.38 	235.60 
6636.40 	261.70 
6636.42 	287.70 
6636.44 	300.30 
6636.46 	312.80 
6636.48 	310.70 
6636.50 	308.70 
6636.52 	292.20 
6636.54 	275.70 
6636.56 	244.20 
6636.58 	212.60 
6636.60 	174.10 
6636.63 	135.50 
6636.65 	93.40 
6636.67 	51.30 
6636.69 	25.60 
6636.71 	0.00 
6636.73 	0.00 
6636.75 	0.00 
6636.77 	0.00 
6636.79 	0.00 
6636.81 	0.00 
6636.83 	0.00 
6636.85 	0.00 
6636.88 	0.00 
6636.90 	0.00 
6636.92 	0.00 
6636.94 	0.00 
6636.96 	0.00 
6636.98 	0.00 
6637.00 	0.00 
6637.02 	0.00 
6637.04 	0.00 
6637.06 	0.00 
6637.08 	0.00 
6637.10 	0.00 
6637.13 	0.00 
6637.15 	0.00 
6637.17 	0.00 
6637.19 	0.00 
6637.21 	0.00 
6637.23 	0.00 
6637.25 	0.00 
6637.27 	36.70 
6637.29 	73.40 
6637.31 	115.50 
6637.33 	157.60 
6637.35 	193.90 
6637.38 	230.30 
6637.40 	256.00 
6637.42 	281.60 
6637.44 	294.00 
6637.46 	306.40 
6637.48 	304.40 
6637.50 	302.50 
6637.52 	286.40 
6637.54 	270.30 
6637.56 	240.40 
6637.58 	210.50 
6637.60 	172.40 
6637.63 	134.30 
6637.65 	92.60 
6637.67 	50.90 
6637.69 	25.50 
6637.71 	0.00 
6637.73 	0.00 
6637.75 	0.00 
6637.77 	0.00 
6637.79 	0.00 
6637.81 	0.00 
6637.83 	0.00 
6637.85 	0.00 
6637.88 	0.00 
6637.90 	0.00 
6637.92 	0.00 
6637.94 	0.00 
6637.96 	0.00 
6637.98 	0.00 
6638.00 	0.00 
6638.02 	0.00 
6638.04 	0.00 
6638.06 	0.00 
6638.08 	0.00 
6638.10 	0.00 
6638.13 	0.00 
6638.15 	0.00 
6638.17 	0.00 
6638.19 	0.00 
6638.21 	0.00 
6638.23 	0.00 
6638.25 	0.00 
6638.27 	35.90 
6638.29 	71.70 
6638.31 	113.40 
6638.33 	155.00 
6638.35 	191.10 
6638.38 	227.20 
6638.40 	252.70 
6638.42 	278.10 
6638.44 	290.50 
6638.46 	302.80 
6638.48 	301.00 
6638.50 	299.20 
6638.52 	283.30 
6638.54 	267.50 
6638.56 	239.90 
6638.58 	212.40 
6638.60 	174.00 
6638.63 	135.60 
6638.65 	93.60 
6638.67 	51.60 
6638.69 	25.80 
6638.71 	0.00 
6638.73 	0.00 
6638.75 	0.00 
6638.77 	0.00 
6638.79 	0.00 
6638.81 	0.00 
6638.83 	0.00 
6638.85 	0.00 
6638.88 	0.00 
6638.90 	0.00 
6638.92 	0.00 
6638.94 	0.00 
6638.96 	0.00 
6638.98 	0.00 
6639.00 	0.00 
6639.02 	0.00 
6639.04 	0.00 
6639.06 	0.00 
6639.08 	0.00 
6639.10 	0.00 
6639.13 	0.00 
6639.15 	0.00 
6639.17 	0.00 
6639.19 	0.00 
6639.21 	0.00 
6639.23 	0.00 
6639.25 	0.00 
6639.27 	35.70 
6639.29 	71.40 
6639.31 	113.40 
6639.33 	155.40 
6639.35 	191.90 
6639.38 	228.30 
6639.40 	254.10 
6639.42 	279.90 
6639.44 	292.50 
6639.46 	305.00 
6639.48 	303.30 
6639.50 	301.50 
6639.52 	285.60 
6639.54 	269.80 
6639.56 	239.30 
6639.58 	208.90 
6639.60 	171.20 
6639.63 	133.50 
6639.65 	92.20 
6639.67 	50.90 
6639.69 	25.40 
6639.71 	0.00 
6639.73 	0.00 
6639.75 	0.00 
6639.77 	0.00 
6639.79 	0.00 
6639.81 	0.00 
6639.83 	0.00 
6639.85 	0.00 
6639.88 	0.00 
6639.90 	0.00 
6639.92 	0.00 
6639.94 	0.00 
6639.96 	0.00 
6639.98 	0.00 
6640.00 	0.00 
6640.02 	0.00 
6640.04 	0.00 
6640.06 	0.00 
6640.08 	0.00 
6640.10 	0.00 
6640.13 	0.00 
6640.15 	0.00 
6640.17 	0.00 
6640.19 	0.00 
6640.21 	0.00 
6640.23 	0.00 
6640.25 	0.00 
6640.27 	34.70 
6640.29 	69.30 
6640.31 	110.60 
6640.33 	151.90 
6640.35 	187.80 
6640.38 	223.60 
6640.40 	249.10 
6640.42 	274.50 
6640.44 	286.90 
6640.46 	299.40 
6640.48 	297.70 
6640.50 	296.10 
6640.52 	280.60 
6640.54 	265.10 
6640.56 	240.70 
6640.58 	216.40 
6640.60 	177.40 
6640.63 	138.40 
6640.65 	95.70 
6640.67 	52.90 
6640.69 	26.40 
6640.71 	0.00 
6640.73 	0.00 
6640.75 	0.00 
6640.77 	0.00 
6640.79 	0.00 
6640.81 	0.00 
6640.83 	0.00 
6640.85 	0.00 
6640.88 	0.00 
6640.90 	0.00 
6640.92 	0.00 
6640.94 	0.00 
6640.96 	0.00 
6640.98 	0.00 
6641.00 	0.00 
6641.02 	0.00 
6641.04 	0.00 
6641.06 	0.00 
6641.08 	0.00 
6641.10 	0.00 
6641.13 	0.00 
6641.15 	0.00 
6641.17 	0.00 
6641.19 	0.00 
6641.21 	0.00 
6641.23 	0.00 
6641.25 	0.00 
6641.27 	35.40 
6641.29 	70.80 
6641.31 	113.60 
6641.33 	156.30 
6641.35 	193.50 
6641.38 	230.70 
6641.40 	257.20 
6641.42 	283.60 
6641.44 	296.60 
6641.46 	309.50 
6641.48 	308.00 
6641.50 	306.40 
6641.52 	290.40 
6641.54 	274.40 
6641.56 	243.80 
6641.58 	213.20 
6641.60 	174.90 
6641.63 	136.60 
6641.65 	94.50 
6641.67 	52.40 
6641.69 	26.20 
6641.71 	0.00 
6641.73 	0.00 
6641.75 	0.00 
6641.77 	0.00 
6641.79 	0.00 
6641.81 	0.00 
6641.83 	0.00 
6641.85 	0.00 
6641.88 	0.00 
6641.90 	0.00 
6641.92 	0.00 
6641.94 	0.00 
6641.96 	0.00 
6641.98 	0.00 
6642.00 	0.00 
6642.02 	0.00 
6642.04 	0.00 
6642.06 	0.00 
6642.08 	0.00 
6642.10 	0.00 
6642.13 	0.00 
6642.15 	0.00 
6642.17 	0.00 
6642.19 	0.00 
6642.21 	0.00 
6642.23 	0.00 
6642.25 	0.00 
6642.27 	34.40 
6642.29 	68.90 
6642.31 	110.90 
6642.33 	153.00 
6642.35 	189.80 
6642.38 	226.50 
6642.40 	252.60 
6642.42 	278.70 
6642.44 	291.60 
6642.46 	304.50 
6642.48 	303.00 
6642.50 	301.60 
6642.52 	285.90 
6642.54 	270.30 
6642.56 	235.90 
6642.58 	201.50 
6642.60 	165.40 
6642.63 	129.20 
6642.65 	89.50 
6642.67 	49.80 
6642.69 	24.90 
6642.71 	0.00 
6642.73 	0.00 
6642.75 	0.00 
6642.77 	0.00 
6642.79 	0.00 
6642.81 	0.00 
6642.83 	0.00 
6642.85 	0.00 
6642.88 	0.00 
6642.90 	0.00 
6642.92 	0.00 
6642.94 	0.00 
6642.96 	0.00 
6642.98 	0.00 
6643.00 	0.00 
6643.02 	0.00 
6643.04 	0.00 
6643.06 	0.00 
6643.08 	0.00 
6643.10 	0.00 
6643.13 	0.00 
6643.15 	0.00 
6643.17 	0.00 
6643.19 	0.00 
6643.21 	0.00 
6643.23 	0.00 
6643.25 	0.00 
6643.27 	32.10 
6643.29 	64.20 
6643.31 	103.90 
6643.33 	143.70 
6643.35 	178.40 
6643.38 	213.10 
6643.40 	237.90 
6643.42 	262.60 
6643.44 	274.90 
6643.46 	287.20 
6643.48 	285.90 
6643.50 	284.60 
6643.52 	269.90 
6643.54 	255.20 
6643.56 	232.50 
6643.58 	209.80 
6643.60 	172.20 
6643.63 	134.70 
6643.65 	93.40 
6643.67 	52.10 
6643.69 	26.00 
6643.71 	0.00 
6643.73 	0.00 
6643.75 	0.00 
6643.77 	0.00 
6643.79 	0.00 
6643.81 	0.00 
6643.83 	0.00 
6643.85 	0.00 
6643.88 	0.00 
6643.90 	0.00 
6643.92 	0.00 
6643.94 	0.00 
6643.96 	0.00 
6643.98 	0.00 
6644.00 	0.00 
6644.02 	0.00 
6644.04 	0.00 
6644.06 	0.00 
6644.08 	0.00 
6644.10 	0.00 
6644.13 	0.00 
6644.15 	0.00 
6644.17 	0.00 
6644.19 	0.00 
6644.21 	0.00 
6644.23 	0.00 
6644.25 	0.00 
6644.27 	32.90 
6644.29 	65.90 
6644.31 	107.20 
6644.33 	148.50 
6644.35 	184.70 
6644.38 	220.90 
6644.40 	246.70 
6644.42 	272.60 
6644.44 	285.40 
6644.46 	298.30 
6644.48 	297.10 
6644.50 	295.80 
6644.52 	280.60 
6644.54 	265.50 
6644.56 	239.60 
6644.58 	213.70 
6644.60 	175.60 
6644.63 	137.40 
6644.65 	95.30 
6644.67 	53.30 
6644.69 	26.70 
6644.71 	0.00 
6644.73 	0.00 
6644.75 	0.00 
6644.77 	0.00 
6644.79 	0.00 
6644.81 	0.00 
6644.83 	0.00 
6644.85 	0.00 
6644.88 	0.00 
6644.90 	0.00 
6644.92 	0.00 
6644.94 	0.00 
6644.96 	0.00 
6644.98 	0.00 
6645.00 	0.00 
6645.02 	0.00 
6645.04 	0.00 
6645.06 	0.00 
6645.08 	0.00 
6645.10 	0.00 
6645.13 	0.00 
6645.15 	0.00 
6645.17 	0.00 
6645.19 	0.00 
6645.21 	0.00 
6645.23 	0.00 
6645.25 	0.00 
6645.27 	33.10 
6645.29 	66.20 
6645.31 	108.20 
6645.33 	150.30 
6645.35 	187.20 
6645.38 	224.10 
6645.40 	250.40 
6645.42 	276.80 
6645.44 	290.00 
6645.46 	303.20 
6645.48 	302.10 
6645.50 	300.90 
6645.52 	285.60 
6645.54 	270.20 
6645.56 	237.40 
6645.58 	204.50 
6645.60 	168.10 
6645.63 	131.70 
6645.65 	91.50 
6645.67 	51.30 
6645.69 	25.70 
6645.71 	0.00 
6645.73 	0.00 
6645.75 	0.00 
6645.77 	0.00 
6645.79 	0.00 
6645.81 	0.00 
6645.83 	0.00 
6645.85 	0.00 
6645.88 	0.00 
6645.90 	0.00 
6645.92 	0.00 
6645.94 	0.00 
6645.96 	0.00 
6645.98 	0.00 
6646.00 	0.00 
6646.02 	0.00 
6646.04 	0.00 
6646.06 	0.00 
6646.08 	0.00 
6646.10 	0.00 
6646.13 	0.00 
6646.15 	0.00 
6646.17 	0.00 
6646.19 	0.00 
6646.21 	0.00 
6646.23 	0.00 
6646.25 	0.00 
6646.27 	31.20 
6646.29 	62.50 
6646.31 	102.60 
6646.33 	142.80 
6646.35 	178.20 
6646.38 	213.50 
6646.40 	238.80 
6646.42 	264.10 
6646.44 	276.80 
6646.46 	289.60 
6646.48 	288.60 
6646.50 	287.60 
6646.52 	273.00 
6646.54 	258.40 
6646.56 	228.40 
6646.58 	198.50 
6646.60 	163.30 
6646.63 	128.00 
6646.65 	89.10 
6646.67 	50.10 
6646.69 	25.10 
6646.71 	0.00 
6646.73 	0.00 
6646.75 	0.00 
6646.77 	0.00 
6646.79 	0.00 
6646.81 	0.00 
6646.83 	0.00 
6646.85 	0.00 
6646.88 	0.00 
6646.90 	0.00 
6646.92 	0.00 
6646.94 	0.00 
6646.96 	0.00 
6646.98 	0.00 
6647.00 	0.00 
6647.02 	0.00 
6647.04 	0.00 
6647.06 	0.00 
6647.08 	0.00 
6647.10 	0.00 
6647.13 	0.00 
6647.15 	0.00 
6647.17 	0.00 
6647.19 	0.00 
6647.21 	0.00 
6647.23 	0.00 
6647.25 	0.00 
6647.27 	29.90 
6647.29 	59.80 
6647.31 	98.70 
6647.33 	137.70 
6647.35 	172.00 
6647.38 	206.30 
6647.40 	230.90 
6647.42 	255.50 
6647.44 	267.90 
6647.46 	280.40 
6647.48 	279.50 
6647.50 	278.70 
6647.52 	264.60 
6647.54 	250.50 
6647.56 	226.40 
6647.58 	202.20 
6647.60 	166.40 
6647.63 	130.60 
6647.65 	91.00 
6647.67 	51.40 
6647.69 	25.70 
6647.71 	0.00 
6647.73 	0.00 
6647.75 	0.00 
6647.77 	0.00 
6647.79 	0.00 
6647.81 	0.00 
6647.83 	0.00 
6647.85 	0.00 
6647.88 	0.00 
6647.90 	0.00 
6647.92 	0.00 
6647.94 	0.00 
6647.96 	0.00 
6647.98 	0.00 
6648.00 	0.00 
6648.02 	0.00 
6648.04 	0.00 
6648.06 	0.00 
6648.08 	0.00 
6648.10 	0.00 
6648.13 	0.00 
6648.15 	0.00 
6648.17 	0.00 
6648.19 	0.00 
6648.21 	0.00 
6648.23 	0.00 
6648.25 	0.00 
6648.27 	30.00 
6648.29 	60.00 
6648.31 	99.60 
6648.33 	139.30 
6648.35 	174.20 
6648.38 	209.20 
6648.40 	234.30 
6648.42 	259.40 
6648.44 	272.20 
6648.46 	284.90 
6648.48 	284.10 
6648.50 	283.40 
6648.52 	269.20 
6648.54 	255.00 
6648.56 	227.00 
6648.58 	199.00 
6648.60 	163.90 
6648.63 	128.80 
6648.65 	89.80 
6648.67 	50.90 
6648.69 	25.50 
6648.71 	0.00 
6648.73 	0.00 
6648.75 	0.00 
6648.77 	0.00 
6648.79 	0.00 
6648.81 	0.00 
6648.83 	0.00 
6648.85 	0.00 
6648.88 	0.00 
6648.90 	0.00 
6648.92 	0.00 
6648.94 	0.00 
6648.96 	0.00 
6648.98 	0.00 
6649.00 	0.00 
6649.02 	0.00 
6649.04 	0.00 
6649.06 	0.00 
6649.08 	0.00 
6649.10 	0.00 
6649.13 	0.00 
6649.15 	0.00 
6649.17 	0.00 
6649.19 	0.00 
6649.21 	0.00 
6649.23 	0.00 
6649.25 	0.00 
6649.27 	29.10 
6649.29 	58.20 
6649.31 	97.20 
6649.33 	136.10 
6649.35 	170.50 
6649.38 	204.90 
6649.40 	229.70 
6649.42 	254.50 
6649.44 	267.10 
6649.46 	279.70 
6649.48 	279.00 
6649.50 	278.40 
6649.52 	264.50 
6649.54 	250.70 
6649.56 	235.10 
6649.58 	219.40 
6649.60 	180.80 
6649.63 	142.20 
6649.65 	99.40 
6649.67 	56.60 
6649.69 	28.30 
6649.71 	0.00 
6649.73 	0.00 
6649.75 	0.00 
6649.77 	0.00 
6649.79 	0.00 
6649.81 	0.00 
6649.83 	0.00 
6649.85 	0.00 
6649.88 	0.00 
6649.90 	0.00 
6649.92 	0.00 
6649.94 	0.00 
6649.96 	0.00 
6649.98 	0.00 
6650.00 	0.00 
6650.02 	0.00 
6650.04 	0.00 
6650.06 	0.00 
6650.08 	0.00 
6650.10 	0.00 
6650.13 	0.00 
6650.15 	0.00 
6650.17 	0.00 
6650.19 	0.00 
6650.21 	0.00 
6650.23 	0.00 
6650.25 	0.00 
6650.27 	31.60 
6650.29 	63.30 
6650.31 	106.10 
6650.33 	149.00 
6650.35 	186.90 
6650.38 	224.80 
6650.40 	252.20 
6650.42 	279.60 
6650.44 	293.60 
6650.46 	307.60 
6650.48 	307.00 
6650.50 	306.40 
6650.52 	291.30 
6650.54 	276.10 
6650.56 	241.70 
6650.58 	207.30 
6650.60 	170.90 
6650.63 	134.60 
6650.65 	94.20 
6650.67 	53.80 
6650.69 	26.90 
6650.71 	0.00 
6650.73 	0.00 
6650.75 	0.00 
6650.77 	0.00 
6650.79 	0.00 
6650.81 	0.00 
6650.83 	0.00 
6650.85 	0.00 
6650.88 	0.00 
6650.90 	0.00 
6650.92 	0.00 
6650.94 	0.00 
6650.96 	0.00 
6650.98 	0.00 
6651.00 	0.00 
6651.02 	0.00 
6651.04 	0.00 
6651.06 	0.00 
6651.08 	0.00 
6651.10 	0.00 
6651.13 	0.00 
6651.15 	0.00 
6651.17 	0.00 
6651.19 	0.00 
6651.21 	0.00 
6651.23 	0.00 
6651.25 	0.00 
6651.27 	29.50 
6651.29 	59.00 
6651.31 	99.40 
6651.33 	139.80 
6651.35 	175.60 
6651.38 	211.40 
6651.40 	237.30 
6651.42 	263.30 
6651.44 	276.60 
6651.46 	289.90 
6651.48 	289.40 
6651.50 	289.00 
6651.52 	274.80 
6651.54 	260.60 
6651.56 	234.90 
6651.58 	209.10 
6651.60 	172.50 
6651.63 	136.00 
6651.65 	95.40 
6651.67 	54.70 
6651.69 	27.40 
6651.71 	0.00 
6651.73 	0.00 
6651.75 	0.00 
6651.77 	0.00 
6651.79 	0.00 
6651.81 	0.00 
6651.83 	0.00 
6651.85 	0.00 
6651.88 	0.00 
6651.90 	0.00 
6651.92 	0.00 
6651.94 	0.00 
6651.96 	0.00 
6651.98 	0.00 
6652.00 	0.00 
6652.02 	0.00 
6652.04 	0.00 
6652.06 	0.00 
6652.08 	0.00 
6652.10 	0.00 
6652.13 	0.00 
6652.15 	0.00 
6652.17 	0.00 
6652.19 	0.00 
6652.21 	0.00 
6652.23 	0.00 
6652.25 	0.00 
6652.27 	29.30 
6652.29 	58.60 
6652.31 	99.30 
6652.33 	140.00 
6652.35 	176.10 
6652.38 	212.20 
6652.40 	238.40 
6652.42 	264.60 
6652.44 	278.10 
6652.46 	291.60 
6652.48 	291.30 
6652.50 	290.90 
6652.52 	276.70 
6652.54 	262.60 
6652.56 	237.00 
6652.58 	211.40 
6652.60 	174.60 
6652.63 	137.80 
6652.65 	96.80 
6652.67 	55.80 
6652.69 	27.90 
6652.71 	0.00 
6652.73 	0.00 
6652.75 	0.00 
6652.77 	0.00 
6652.79 	0.00 
6652.81 	0.00 
6652.83 	0.00 
6652.85 	0.00 
6652.88 	0.00 
6652.90 	0.00 
6652.92 	0.00 
6652.94 	0.00 
6652.96 	0.00 
6652.98 	0.00 
6653.00 	0.00 
6653.02 	0.00 
6653.04 	0.00 
6653.06 	0.00 
6653.08 	0.00 
6653.10 	0.00 
6653.13 	0.00 
6653.15 	0.00 
6653.17 	0.00 
6653.19 	0.00 
6653.21 	0.00 
6653.23 	0.00 
6653.25 	0.00 
6653.27 	29.20 
6653.29 	58.50 
6653.31 	99.50 
6653.33 	140.50 
6653.35 	177.10 
6653.38 	213.60 
6653.40 	240.10 
6653.42 	266.60 
6653.44 	280.40 
6653.46 	294.10 
6653.48 	293.90 
6653.50 	293.60 
6653.52 	279.40 
6653.54 	265.20 
6653.56 	242.80 
6653.58 	220.40 
6653.60 	182.20 
6653.63 	144.00 
6653.65 	101.30 
6653.67 	58.60 
6653.69 	29.30 
6653.71 	0.00 
6653.73 	0.00 
6653.75 	0.00 
6653.77 	0.00 
6653.79 	0.00 
6653.81 	0.00 
6653.83 	0.00 
6653.85 	0.00 
6653.88 	0.00 
6653.90 	0.00 
6653.92 	0.00 
6653.94 	0.00 
6653.96 	0.00 
6653.98 	0.00 
6654.00 	0.00 
6654.02 	0.00 
6654.04 	0.00 
6654.06 	0.00 
6654.08 	0.00 
6654.10 	0.00 
6654.13 	0.00 
6654.15 	0.00 
6654.17 	0.00 
6654.19 	0.00 
6654.21 	0.00 
6654.23 	0.00 
6654.25 	0.00 
6654.27 	30.10 
6654.29 	60.10 
6654.31 	102.80 
6654.33 	145.50 
6654.35 	183.50 
6654.38 	221.60 
6654.40 	249.30 
6654.42 	277.00 
6654.44 	291.40 
6654.46 	305.80 
6654.48 	305.60 
6654.50 	305.50 
6654.52 	290.90 
6654.54 	276.20 
6654.56 	247.00 
6654.58 	217.70 
6654.60 	180.10 
6654.63 	142.50 
6654.65 	100.40 
6654.67 	58.40 
6654.69 	29.20 
6654.71 	0.00 
6654.73 	0.00 
6654.75 	0.00 
6654.77 	0.00 
6654.79 	0.00 
6654.81 	0.00 
6654.83 	0.00 
6654.85 	0.00 
6654.88 	0.00 
6654.90 	0.00 
6654.92 	0.00 
6654.94 	0.00 
6654.96 	0.00 
6654.98 	0.00 
6655.00 	0.00 
6655.02 	0.00 
6655.04 	0.00 
6655.06 	0.00 
6655.08 	0.00 
6655.10 	0.00 
6655.13 	0.00 
6655.15 	0.00 
6655.17 	0.00 
6655.19 	0.00 
6655.21 	0.00 
6655.23 	0.00 
6655.25 	0.00 
6655.27 	29.30 
6655.29 	58.60 
6655.31 	100.60 
6655.33 	142.70 
6655.35 	180.20 
6655.38 	217.80 
6655.40 	245.20 
6655.42 	272.60 
6655.44 	286.90 
6655.46 	301.20 
6655.48 	301.20 
6655.50 	301.20 
6655.52 	286.80 
6655.54 	272.50 
6655.56 	244.10 
6655.58 	215.60 
6655.60 	178.50 
6655.63 	141.40 
6655.65 	99.90 
6655.67 	58.30 
6655.69 	29.20 
6655.71 	0.00 
6655.73 	0.00 
6655.75 	0.00 
6655.77 	0.00 
6655.79 	0.00 
6655.81 	0.00 
6655.83 	0.00 
6655.85 	0.00 
6655.88 	0.00 
6655.90 	0.00 
6655.92 	0.00 
6655.94 	0.00 
6655.96 	0.00 
6655.98 	0.00 
6656.00 	0.00 
6656.02 	0.00 
6656.04 	0.00 
6656.06 	0.00 
6656.08 	0.00 
6656.10 	0.00 
6656.13 	0.00 
6656.15 	0.00 
6656.17 	0.00 
6656.19 	0.00 
6656.21 	0.00 
6656.23 	0.00 
6656.25 	0.00 
6656.27 	28.60 
6656.29 	57.20 
6656.31 	98.70 
6656.33 	140.30 
6656.35 	177.50 
6656.38 	214.70 
6656.40 	241.80 
6656.42 	269.00 
6656.44 	283.20 
6656.46 	297.50 
6656.48 	297.60 
6656.50 	297.70 
6656.52 	283.60 
6656.54 	269.60 
6656.56 	245.20 
6656.58 	220.70 
6656.60 	182.90 
6656.63 	145.10 
6656.65 	102.70 
6656.67 	60.20 
6656.69 	30.10 
6656.71 	0.00 
6656.73 	0.00 
6656.75 	0.00 
6656.77 	0.00 
6656.79 	0.00 
6656.81 	0.00 
6656.83 	0.00 
6656.85 	0.00 
6656.88 	0.00 
6656.90 	0.00 
6656.92 	0.00 
6656.94 	0.00 
6656.96 	0.00 
6656.98 	0.00 
6657.00 	0.00 
6657.02 	0.00 
6657.04 	0.00 
6657.06 	0.00 
6657.08 	0.00 
6657.10 	0.00 
6657.13 	0.00 
6657.15 	0.00 
6657.17 	0.00 
6657.19 	0.00 
6657.21 	0.00 
6657.23 	0.00 
6657.25 	0.00 
6657.27 	28.90 
6657.29 	57.80 
6657.31 	100.20 
6657.33 	142.60 
6657.35 	180.70 
6657.38 	218.70 
6657.40 	246.60 
6657.42 	274.40 
6657.44 	289.00 
6657.46 	303.70 
6657.48 	303.90 
6657.50 	304.10 
6657.52 	289.90 
6657.54 	275.70 
6657.56 	249.50 
6657.58 	223.40 
6657.60 	185.30 
6657.63 	147.20 
6657.65 	104.40 
6657.67 	61.50 
6657.69 	30.80 
6657.71 	0.00 
6657.73 	0.00 
6657.75 	0.00 
6657.77 	0.00 
6657.79 	0.00 
6657.81 	0.00 
6657.83 	0.00 
6657.85 	0.00 
6657.88 	0.00 
6657.90 	0.00 
6657.92 	0.00 
6657.94 	0.00 
6657.96 	0.00 
6657.98 	0.00 
6658.00 	0.00 
6658.02 	0.00 
6658.04 	0.00 
6658.06 	0.00 
6658.08 	0.00 
6658.10 	0.00 
6658.13 	0.00 
6658.15 	0.00 
6658.17 	0.00 
6658.19 	0.00 
6658.21 	0.00 
6658.23 	0.00 
6658.25 	0.00 
6658.27 	28.80 
6658.29 	57.70 
6658.31 	100.50 
6658.33 	143.40 
6658.35 	181.80 
6658.38 	220.30 
6658.40 	248.50 
6658.42 	276.70 
6658.44 	291.60 
6658.46 	306.50 
6658.48 	306.80 
6658.50 	307.20 
6658.52 	292.90 
6658.54 	278.60 
6658.56 	250.50 
6658.58 	222.30 
6658.60 	184.50 
6658.63 	146.80 
6658.65 	104.30 
6658.67 	61.80 
6658.69 	30.90 
6658.71 	0.00 
6658.73 	0.00 
6658.75 	0.00 
6658.77 	0.00 
6658.79 	0.00 
6658.81 	0.00 
6658.83 	0.00 
6658.85 	0.00 
6658.88 	0.00 
6658.90 	0.00 
6658.92 	0.00 
6658.94 	0.00 
6658.96 	0.00 
6658.98 	0.00 
6659.00 	0.00 
6659.02 	0.00 
6659.04 	0.00 
6659.06 	0.00 
6659.08 	0.00 
6659.10 	0.00 
6659.13 	0.00 
6659.15 	0.00 
6659.17 	0.00 
6659.19 	0.00 
6659.21 	0.00 
6659.23 	0.00 
6659.25 	0.00 
6659.27 	28.30 
6659.29 	56.60 
6659.31 	99.10 
6659.33 	141.60 
6659.35 	179.90 
6659.38 	218.20 
6659.40 	246.20 
6659.42 	274.30 
6659.44 	289.20 
6659.46 	304.10 
6659.48 	304.60 
6659.50 	305.00 
6659.52 	291.00 
6659.54 	276.90 
6659.56 	248.80 
6659.58 	220.70 
6659.60 	183.40 
6659.63 	146.10 
6659.65 	103.90 
6659.67 	61.90 
6659.69 	30.90 
6659.71 	0.00 
6659.73 	0.00 
6659.75 	0.00 
6659.77 	0.00 
6659.79 	0.00 
6659.81 	0.00 
6659.83 	0.00 
6659.85 	0.00 
6659.88 	0.00 
6659.90 	0.00 
6659.92 	0.00 
6659.94 	0.00 
6659.96 	0.00 
6659.98 	0.00 
6660.00 	0.00 
6660.02 	0.00 
6660.04 	0.00 
6660.06 	0.00 
6660.08 	0.00 
6660.10 	0.00 
6660.13 	0.00 
6660.15 	0.00 
6660.17 	0.00 
6660.19 	0.00 
6660.21 	0.00 
6660.23 	0.00 
6660.25 	0.00 
6660.27 	27.70 
6660.29 	55.50 
6660.31 	97.60 
6660.33 	139.60 
6660.35 	177.60 
6660.38 	215.50 
6660.40 	243.40 
6660.42 	271.20 
6660.44 	286.10 
6660.46 	301.00 
6660.48 	301.50 
6660.50 	302.10 
6660.52 	288.30 
6660.54 	274.50 
6660.56 	243.70 
6660.58 	212.80 
6660.60 	177.00 
6660.63 	141.20 
6660.65 	100.70 
6660.67 	60.20 
6660.69 	30.10 
6660.71 	0.00 
6660.73 	0.00 
6660.75 	0.00 
6660.77 	0.00 
6660.79 	0.00 
6660.81 	0.00 
6660.83 	0.00 
6660.85 	0.00 
6660.88 	0.00 
6660.90 	0.00 
6660.92 	0.00 
6660.94 	0.00 
6660.96 	0.00 
6660.98 	0.00 
6661.00 	0.00 
6661.02 	0.00 
6661.04 	0.00 
6661.06 	0.00 
6661.08 	0.00 
6661.10 	0.00 
6661.13 	0.00 
6661.15 	0.00 
6661.17 	0.00 
6661.19 	0.00 
6661.21 	0.00 
6661.23 	0.00 
6661.25 	0.00 
6661.27 	26.40 
6661.29 	52.80 
6661.31 	93.30 
6661.33 	133.80 
6661.35 	170.30 
6661.38 	206.90 
6661.40 	233.80 
6661.42 	260.70 
6661.44 	275.10 
6661.46 	289.50 
6661.48 	290.10 
6661.50 	290.80 
6661.52 	277.60 
6661.54 	264.50 
6661.56 	237.50 
6661.58 	210.60 
6661.60 	175.30 
6661.63 	140.10 
6661.65 	100.10 
6661.67 	60.10 
6661.69 	30.10 
6661.71 	0.00 
6661.73 	0.00 
6661.75 	0.00 
6661.77 	0.00 
6661.79 	0.00 
6661.81 	0.00 
6661.83 	0.00 
6661.85 	0.00 
6661.88 	0.00 
6661.90 	0.00 
6661.92 	0.00 
6661.94 	0.00 
6661.96 	0.00 
6661.98 	0.00 
6662.00 	0.00 
6662.02 	0.00 
6662.04 	0.00 
6662.06 	0.00 
6662.08 	0.00 
6662.10 	0.00 
6662.13 	0.00 
6662.15 	0.00 
6662.17 	0.00 
6662.19 	0.00 
6662.21 	0.00 
6662.23 	0.00 
6662.25 	0.00 
6662.27 	25.80 
6662.29 	51.60 
6662.31 	91.50 
6662.33 	131.50 
6662.35 	167.60 
6662.38 	203.70 
6662.40 	230.30 
6662.42 	257.00 
6662.44 	271.30 
6662.46 	285.60 
6662.48 	286.30 
6662.50 	287.10 
6662.52 	274.20 
6662.54 	261.40 
6662.56 	241.80 
6662.58 	222.30 
6662.60 	185.30 
6662.63 	148.20 
6662.65 	106.10 
6662.67 	64.10 
6662.69 	32.10 
6662.71 	0.00 
6662.73 	0.00 
6662.75 	0.00 
6662.77 	0.00 
6662.79 	0.00 
6662.81 	0.00 
6662.83 	0.00 
6662.85 	0.00 
6662.88 	0.00 
6662.90 	0.00 
6662.92 	0.00 
6662.94 	0.00 
6662.96 	0.00 
6662.98 	0.00 
6663.00 	0.00 
6663.02 	0.00 
6663.04 	0.00 
6663.06 	0.00 
6663.08 	0.00 
6663.10 	0.00 
6663.13 	0.00 
6663.15 	0.00 
6663.17 	0.00 
6663.19 	0.00 
6663.21 	0.00 
6663.23 	0.00 
6663.25 	0.00 
6663.27 	26.90 
6663.29 	53.80 
6663.31 	95.90 
6663.33 	137.90 
6663.35 	176.00 
6663.38 	214.00 
6663.40 	242.10 
6663.42 	270.30 
6663.44 	285.40 
6663.46 	300.60 
6663.48 	301.50 
6663.50 	302.40 
6663.52 	289.00 
6663.54 	275.50 
6663.56 	247.40 
6663.58 	219.30 
6663.60 	182.90 
6663.63 	146.50 
6663.65 	105.20 
6663.67 	63.80 
6663.69 	31.90 
6663.71 	0.00 
6663.73 	0.00 
6663.75 	0.00 
6663.77 	0.00 
6663.79 	0.00 
6663.81 	0.00 
6663.83 	0.00 
6663.85 	0.00 
6663.88 	0.00 
6663.90 	0.00 
6663.92 	0.00 
6663.94 	0.00 
6663.96 	0.00 
6663.98 	0.00 
6664.00 	0.00 
6664.02 	0.00 
6664.04 	0.00 
6664.06 	0.00 
6664.08 	0.00 
6664.10 	0.00 
6664.13 	0.00 
6664.15 	0.00 
6664.17 	0.00 
6664.19 	0.00 
6664.21 	0.00 
6664.23 	0.00 
6664.25 	0.00 
6664.27 	26.20 
6664.29 	52.50 
6664.31 	93.80 
6664.33 	135.20 
6664.35 	172.70 
6664.38 	210.10 
6664.40 	237.90 
6664.42 	265.60 
6664.44 	280.60 
6664.46 	295.70 
6664.48 	296.70 
6664.50 	297.60 
6664.52 	284.60 
6664.54 	271.50 
6664.56 	244.70 
6664.58 	217.90 
6664.60 	181.90 
6664.63 	145.90 
6664.65 	105.00 
6664.67 	64.00 
6664.69 	32.00 
6664.71 	0.00 
6664.73 	0.00 
6664.75 	0.00 
6664.77 	0.00 
6664.79 	0.00 
6664.81 	0.00 
6664.83 	0.00 
6664.85 	0.00 
6664.88 	0.00 
6664.90 	0.00 
6664.92 	0.00 
6664.94 	0.00 
6664.96 	0.00 
6664.98 	0.00 
6665.00 	0.00 
6665.02 	0.00 
6665.04 	0.00 
6665.06 	0.00 
6665.08 	0.00 
6665.10 	0.00 
6665.13 	0.00 
6665.15 	0.00 
6665.17 	0.00 
6665.19 	0.00 
6665.21 	0.00 
6665.23 	0.00 
6665.25 	0.00 
6665.27 	25.80 
6665.29 	51.50 
6665.31 	92.50 
6665.33 	133.40 
6665.35 	170.60 
6665.38 	207.80 
6665.40 	235.40 
6665.42 	262.90 
6665.44 	277.90 
6665.46 	292.90 
6665.48 	293.90 
6665.50 	295.10 
6665.52 	282.20 
6665.54 	269.30 
6665.56 	241.40 
6665.58 	213.40 
6665.60 	178.40 
6665.63 	143.30 
6665.65 	103.40 
6665.67 	63.40 
6665.69 	31.70 
6665.71 	0.00 
6665.73 	0.00 
6665.75 	0.00 
6665.77 	0.00 
6665.79 	0.00 
6665.81 	0.00 
6665.83 	0.00 
6665.85 	0.00 
6665.88 	0.00 
6665.90 	0.00 
6665.92 	0.00 
6665.94 	0.00 
6665.96 	0.00 
6665.98 	0.00 