1 
 0.007763822
 0.007763822
 0.007763822
 0.007763822
 0.007767503
 0.007767503
 0.007767503
 0.007767503
 0.007767503
 0.007771184
 0.007771184
 0.007771184
 0.007771184
 0.007771184
 0.007771184
 0.007774865
 0.007774865
 0.007774865
 0.007774865
 0.007774865
 0.007778547
 0.007778547
 0.007778547
 0.007778547
 0.007778547
 0.007778547
 0.007782228
 0.007782228
 0.007782228
 0.007782228
 0.007782228
 0.007785909
 0.007785909
 0.007785909
 0.007785909
 0.007785909
 0.007789591
 0.007789591
 0.007789591
 0.007789591
 0.007789591
 0.007789591
 0.007793272
 0.007793272
 0.007793272
 0.007793272
 0.007793272
 0.007796953
 0.007796953
 0.007796953
 0.007796953
 0.007796953
 0.007800634
 0.007800634
 0.007800634
 0.007800634
 0.007800634
 0.007800634
 0.007804316
 0.007804316
 0.007804316
 0.007804316
 0.007804316
 0.007807997
 0.007807997
 0.007807997
 0.007807997
 0.007807997
 0.007811678
 0.007811678
 0.007811678
 0.007811678
 0.007811678
 0.00781536
 0.00781536
 0.00781536
 0.00781536
 0.00781536
 0.00781536
 0.007819041
 0.007819041
 0.007819041
 0.007819041
 0.007819041
 0.007822722
 0.007822722
 0.007822722
 0.007822722
 0.007822722
 0.007826403
 0.007826403
 0.007826403
 0.007826403
 0.007826403
 0.007830085
 0.007830085
 0.007830085
 0.007830085
 0.007830085
 0.007833766
 0.007833766
 0.007833766
 0.007833766
 0.007833766
 0.007837447
 0.007837447
 0.007837447
 0.007837447
 0.007837447
 0.007837447
 0.007841129
 0.007841129
 0.007841129
 0.007841129
 0.007841129
 0.00784481
 0.00784481
 0.00784481
 0.00784481
 0.00784481
 0.007848491
 0.007848491
 0.007848491
 0.007848491
 0.007848491
 0.007852172
 0.007852172
 0.007852172
 0.007852172
 0.007852172
 0.007855854
 0.007855854
 0.007855854
 0.007855854
 0.007855854
 0.007859535
 0.007859535
 0.007859535
 0.007859535
 0.007859535
 0.007863216
 0.007863216
 0.007863216
 0.007863216
 0.007863216
 0.007866897
 0.007866897
 0.007866897
 0.007866897
 0.007866897
 0.007870579
 0.007870579
 0.007870579
 0.007870579
 0.007870579
 0.00787426
 0.00787426
 0.00787426
 0.00787426
 0.00787426
 0.007877941
 0.007877941
 0.007877941
 0.007877941
 0.007877941
 0.007881623
 0.007881623
 0.007881623
 0.007881623
 0.007881623
 0.007885304
 0.007885304
 0.007885304
 0.007885304
 0.007885304
 0.007888985
 0.007888985
 0.007888985
 0.007888985
 0.007888985
 0.007892666
 0.007892666
 0.007892666
 0.007892666
 0.007892666
 0.007896348
 0.007896348
 0.007896348
 0.007896348
 0.007896348
 0.007900029
 0.007900029
 0.007900029
 0.007900029
 0.007900029
 0.00790371
 0.00790371
 0.00790371
 0.00790371
 0.00790371
 0.007907392
 0.007907392
 0.007907392
 0.007907392
 0.007911073
 0.007911073
 0.007911073
 0.007911073
 0.007911073
 0.007914754
 0.007914754
 0.007914754
 0.007914754
 0.007914754
 0.007918435
 0.007918435
 0.007918435
 0.007918435
 0.007918435
 0.007922117
 0.007922117
 0.007922117
 0.007922117
 0.007922117
 0.007925798
 0.007925798
 0.007925798
 0.007925798
 0.007925798
 0.007929479
 0.007929479
 0.007929479
 0.007929479
 0.007933161
 0.007933161
 0.007933161
 0.007933161
 0.007933161
 0.007936842
 0.007936842
 0.007936842
 0.007936842
 0.007936842
 0.007940523
 0.007940523
 0.007940523
 0.007940523
 0.007940523
 0.007944204
 0.007944204
 0.007944204
 0.007944204
 0.007947886
 0.007947886
 0.007947886
 0.007947886
 0.007947886
 0.007951567
 0.007951567
 0.007951567
 0.007951567
 0.007951567
 0.007955248
 0.007955248
 0.007955248
 0.007955248
 0.007955248
 0.00795893
 0.00795893
 0.00795893
 0.00795893
 0.007962611
 0.007962611
 0.007962611
 0.007962611
 0.007962611
 0.007966292
 0.007966292
 0.007966292
 0.007966292
 0.007966292
 0.007969973
 0.007969973
 0.007969973
 0.007969973
 0.007973655
 0.007973655
 0.007973655
 0.007973655
 0.007973655
 0.007977336
 0.007977336
 0.007977336
 0.007977336
 0.007977336
 0.007981017
 0.007981017
 0.007981017
 0.007981017
 0.007984698
 0.007984698
 0.007984698
 0.007984698
 0.007984698
 0.00798838
 0.00798838
 0.00798838
 0.00798838
 0.00798838
 0.007992061
 0.007992061
 0.007992061
 0.007992061
 0.007995742
 0.007995742
 0.007995742
 0.007995742
 0.007995742
 0.007999424
 0.007999424
 0.007999424
 0.007999424
 0.008003105
 0.008003105
 0.008003105
 0.008003105
 0.008003105
 0.008006786
 0.008006786
 0.008006786
 0.008006786
 0.008010467
 0.008010467
 0.008010467
 0.008010467
 0.008010467
 0.008014149
 0.008014149
 0.008014149
 0.008014149
 0.008014149
 0.00801783
 0.00801783
 0.00801783
 0.00801783
 0.008021511
 0.008021511
 0.008021511
 0.008021511
 0.008021511
 0.008025193
 0.008025193
 0.008025193
 0.008025193
 0.008028874
 0.008028874
 0.008028874
 0.008028874
 0.008028874
 0.008032555
 0.008032555
 0.008032555
 0.008032555
 0.008036236
 0.008036236
 0.008036236
 0.008036236
 0.008036236
 0.008039918
 0.008039918
 0.008039918
 0.008039918
 0.008043599
 0.008043599
 0.008043599
 0.008043599
 0.00804728
 0.00804728
 0.00804728
 0.00804728
 0.00804728
 0.008050962
 0.008050962
 0.008050962
 0.008050962
 0.008054643
 0.008054643
 0.008054643
 0.008054643
 0.008054643
 0.008058324
 0.008058324
 0.008058324
 0.008058324
 0.008062005
 0.008062005
 0.008062005
 0.008062005
 0.008062005
 0.008065687
 0.008065687
 0.008065687
 0.008065687
 0.008069368
 0.008069368
 0.008069368
 0.008069368
 0.008073049
 0.008073049
 0.008073049
 0.008073049
 0.008073049
 0.008076731
 0.008076731
 0.008076731
 0.008076731
 0.008080412
 0.008080412
 0.008080412
 0.008080412
 0.008084093
 0.008084093
 0.008084093
 0.008084093
 0.008084093
 0.008087774
 0.008087774
 0.008087774
 0.008087774
 0.008091456
 0.008091456
 0.008091456
 0.008091456
 0.008095137
 0.008095137
 0.008095137
 0.008095137
 0.008095137
 0.008098818
 0.008098818
 0.008098818
 0.008098818
 0.008102499
 0.008102499
 0.008102499
 0.008102499
 0.008106181
 0.008106181
 0.008106181
 0.008106181
 0.008106181
 0.008109862
 0.008109862
 0.008109862
 0.008109862
 0.008113543
 0.008113543
 0.008113543
 0.008113543
 0.008117225
 0.008117225
 0.008117225
 0.008117225
 0.008120906
 0.008120906
 0.008120906
 0.008120906
 0.008120906
 0.008124587
 0.008124587
 0.008124587
 0.008124587
 0.008128268
 0.008128268
 0.008128268
 0.008128268
 0.00813195
 0.00813195
 0.00813195
 0.00813195
 0.008135631
 0.008135631
 0.008135631
 0.008135631
 0.008135631
 0.008139312
 0.008139312
 0.008139312
 0.008139312
 0.008142994
 0.008142994
 0.008142994
 0.008142994
 0.008146675
 0.008146675
 0.008146675
 0.008146675
 0.008150356
 0.008150356
 0.008150356
 0.008150356
 0.008154037
 0.008154037
 0.008154037
 0.008154037
 0.008154037
 0.008157719
 0.008157719
 0.008157719
 0.008157719
 0.0081614
 0.0081614
 0.0081614
 0.0081614
 0.008165081
 0.008165081
 0.008165081
 0.008165081
 0.008168763
 0.008168763
 0.008168763
 0.008168763
 0.008172444
 0.008172444
 0.008172444
 0.008172444
 0.008176125
 0.008176125
 0.008176125
 0.008176125
 0.008176125
 0.008179806
 0.008179806
 0.008179806
 0.008179806
 0.008183488
 0.008183488
 0.008183488
 0.008183488
 0.008187169
 0.008187169
 0.008187169
 0.008187169
 0.00819085
 0.00819085
 0.00819085
 0.00819085
 0.008194532
 0.008194532
 0.008194532
 0.008194532
 0.008198213
 0.008198213
 0.008198213
 0.008198213
 0.008201894
 0.008201894
 0.008201894
 0.008201894
 0.008205575
 0.008205575
 0.008205575
 0.008205575
 0.008209257
 0.008209257
 0.008209257
 0.008209257
 0.008212938
 0.008212938
 0.008212938
 0.008212938
 0.008216619
 0.008216619
 0.008216619
 0.008216619
 0.0082203
 0.0082203
 0.0082203
 0.0082203
 0.008223982
 0.008223982
 0.008223982
 0.008223982
 0.008227663
 0.008227663
 0.008227663
 0.008227663
 0.008231344
 0.008231344
 0.008231344
 0.008231344
 0.008231344
 0.008235026
 0.008235026
 0.008235026
 0.008235026
 0.008238707
 0.008238707
 0.008238707
 0.008238707
 0.008242388
 0.008242388
 0.008242388
 0.008246069
 0.008246069
 0.008246069
 0.008246069
 0.008249751
 0.008249751
 0.008249751
 0.008253432
 0.008253432
 0.008257113
 0.008257113
 0.008257113
 0.008260795
 0.008260795
 0.008264476
 0.008264476
 0.008268157
 0.008268157
 0.008271838
 0.008271838
 0.00827552
 0.008279201
 0.008279201
 0.008282882
 0.008282882
 0.008286564
 0.008290245
 0.008290245
 0.008293926
 0.008297607
 0.008297607
 0.008301289
 0.00830497
 0.00830497
 0.008308651
 0.008312332
 0.008316014
 0.008319695
 0.008319695
 0.008323376
 0.008327058
 0.008330739
 0.00833442
 0.008338101
 0.008338101
 0.008341783
 0.008345464
 0.008349145
 0.008352827
 0.008356508
 0.008360189
 0.00836387
 0.008367552
 0.008371233
 0.008374914
 0.008378596
 0.008382277
 0.008385958
 0.008389639
 0.008393321
 0.008397002
 0.008404365
 0.008408046
 0.008411727
 0.008415408
 0.00841909
 0.008422771
 0.008426452
 0.008433815
 0.008437496
 0.008441177
 0.008444859
 0.008452221
 0.008455902
 0.008459584
 0.008463265
 0.008470628
 0.008474309
 0.00847799
 0.008485353
 0.008489034
 0.008492715
 0.008500078
 0.008503759
 0.008511122
 0.008514803
 0.008518484
 0.008525847
 0.008529528
 0.008536891
 0.008540572
 0.008547934
 0.008551616
 0.008558978
 0.00856266
 0.008570022
 0.008573703
 0.008581066
 0.008588429
 0.00859211
 0.008599472
 0.008603154
 0.008610516
 0.008617879
 0.00862156
 0.008628923
 0.008636285
 0.008639967
 0.008647329
 0.008654692
 0.008658373
 0.008665735
 0.008673098
 0.008680461
 0.008684142
 0.008691504
 0.008698867
 0.00870623
 0.008713592
 0.008717273
 0.008724636
 0.008731999
 0.008739361
 0.008746724
 0.008754086
 0.008761449
 0.00876513
 0.008772493
 0.008779855
 0.008787218
 0.00879458
 0.008801943
 0.008809305
 0.008816668
 0.008824031
 0.008831393
 0.008838756
 0.008846118
 0.008853481
 0.008860843
 0.008868206
 0.008875568
 0.008882931
 0.008893975
 0.008901337
 0.0089087
 0.008916063
 0.008923425
 0.008930788
 0.00893815
 0.008949194
 0.008956557
 0.008963919
 0.008971282
 0.008978644
 0.008989688
 0.008997051
 0.009004413
 0.009011776
 0.00902282
 0.009030182
 0.009037545
 0.009044907
 0.009055951
 0.009063314
 0.009070676
 0.00908172
 0.009089083
 0.009100127
 0.009107489
 0.009114852
 0.009125896
 0.009133258
 0.009144302
 0.009151665
 0.009159027
 0.009170071
 0.009177434
 0.009188477
 0.00919584
 0.009206884
 0.009214246
 0.00922529
 0.009232653
 0.009243697
 0.009251059
 0.009262103
 0.009269466
 0.009280509
 0.009291553
 0.009298916
 0.00930996
 0.009317322
 0.009328366
 0.00933941
 0.009346772
 0.009357816
 0.00936886
 0.009376223
 0.009387267
 0.00939831
 0.009405673
 0.009416717
 0.009427761
 0.009438804
 0.009446167
 0.009457211
 0.009468255
 0.009479299
 0.009486661
 0.009497705
 0.009508749
 0.009519793
 0.009530837
 0.009538199
 0.009549243
 0.009560287
 0.009571331
 0.009582374
 0.009593418
 0.009600781
 0.009611825
 0.009622869
 0.009633912
 0.009644956
 0.009656
 0.009667044
 0.009678088
 0.009689132
 0.009700175
 0.009711219
 0.009722263
 0.009733307
 0.009744351
 0.009755395
 0.009766438
 0.009777482
 0.009788526
 0.00979957
 0.009810614
 0.009821658
 0.009832702
 0.009843745
 0.009854789
 0.009865833
 0.009876877
 0.009891602
 0.009902646
 0.00991369
 0.009924734
 0.009935777
 0.009946821
 0.009957865
 0.00997259
 0.009983634
 0.009994678
 0.010005722
 0.010016766
 0.010031491
 0.010042535
 0.010053578
 0.010064622
 0.010075666
 0.010090391
 0.010101435
 0.010112479
 0.010127204
 0.010138248
 0.010149292
 0.010160336
 0.010175061
 0.010186105
 0.010197148
 0.010211873
 0.010222917
 0.010233961
 0.010248686
 0.01025973
 0.010274455
 0.010285499
 0.010296543
 0.010311268
 0.010322312
 0.010337037
 0.010348081
 0.010359125
 0.01037385
 0.010384894
 0.010399619
 0.010410663
 0.010425388
 0.010436432
 0.010451157
 0.010462201
 0.010476926
 0.01048797
 0.010502695
 0.010513739
 0.010528464
 0.010539508
 0.010554233
 0.010565276
 0.010580002
 0.010594727
 0.010605771
 0.010620496
 0.01063154
 0.010646265
 0.010657308
 0.010672034
 0.010686759
 0.010697803
 0.010712528
 0.010727253
 0.010738297
 0.010753022
 0.010767747
 0.010778791
 0.010793516
 0.010808241
 0.010819285
 0.01083401
 0.010848735
 0.010859779
 0.010874504
 0.010889229
 0.010903954
 0.010914998
 0.010929723
 0.010944448
 0.010959174
 0.010970217
 0.010984943
 0.010999668
 0.011014393
 0.011025437
 0.011040162
 0.011054887
 0.011069612
 0.011084337
 0.011095381
 0.011110106
 0.011124831
 0.011139556
 0.011154281
 0.011169007
 0.011183732
 0.011194776
 0.011209501
 0.011224226
 0.011238951
 0.011253676
 0.011268401
 0.011283126
 0.011297851
 0.011312577
 0.01132362
 0.011338345
 0.011353071
 0.011367796
 0.011382521
 0.011397246
 0.011411971
 0.011426696
 0.011441421
 0.011456146
 0.011470872
 0.011485597
 0.011500322
 0.011515047
 0.011529772
 0.011544497
 0.011559222
 0.011573947
 0.011588673
 0.011603398
 0.011618123
 0.011632848
 0.011647573
 0.011662298
 0.011677023
 0.011691748
 0.011710155
 0.01172488
 0.011739605
 0.01175433
 0.011769055
 0.01178378
 0.011798506
 0.011813231
 0.011827956
 0.011842681
 0.011861087
 0.011875813
 0.011890538
 0.011905263
 0.011919988
 0.011934713
 0.011949438
 0.011967845
 0.01198257
 0.011997295
 0.01201202
 0.012026745
 0.01204147
 0.012059877
 0.012074602
 0.012089327
 0.012104052
 0.012118777
 0.012137183
 0.012151909
 0.012166634
 0.012181359
 0.012199765
 0.01221449
 0.012229215
 0.012243941
 0.012262347
 0.012277072
 0.012291797
 0.012306522
 0.012324929
 0.012339654
 0.012354379
 0.012369104
 0.012387511
 0.012402236
 0.012416961
 0.012435367
 0.012450092
 0.012464817
 0.012483224
 0.012497949
 0.012512674
 0.012531081
 0.012545806
 0.012560531
 0.012578937
 0.012593662
 0.012608387
 0.012626794
 0.012641519
 0.012656244
 0.01267465
 0.012689376
 0.012704101
 0.012722507
 0.012737232
 0.012755639
 0.012770364
 0.012785089
 0.012803495
 0.01281822
 0.012836627
 0.012851352
 0.012866077
 0.012884484
 0.012899209
 0.012917615
 0.01293234
 0.012950747
 0.012965472
 0.012980197
 0.012998603
 0.013013328
 0.013031735
 0.01304646
 0.013064866
 0.013079591
 0.013097998
 0.013112723
 0.013127448
 0.013145854
 0.01316058
 0.013178986
 0.013193711
 0.013212118
 0.013226843
 0.013245249
 0.013259974
 0.013278381
 0.013293106
 0.013311512
 0.013326237
 0.013344644
 0.013359369
 0.013377775
 0.0133925
 0.013410907
 0.013425632
 0.013444038
 0.013458763
 0.01347717
 0.013495576
 0.013510301
 0.013528708
 0.013543433
 0.013561839
 0.013576564
 0.013594971
 0.013609696
 0.013628102
 0.013646509
 0.013661234
 0.01367964
 0.013694365
 0.013712772
 0.013727497
 0.013745903
 0.01376431
 0.013779035
 0.013797441
 0.013812166
 0.013830573
 0.013845298
 0.013863704
 0.013882111
 0.013896836
 0.013915242
 0.013929967
 0.013948374
 0.01396678
 0.013981505
 0.013999912
 0.014014637
 0.014033043
 0.01405145
 0.014066175
 0.014084581
 0.014102988
 0.014117713
 0.014136119
 0.014150844
 0.014169251
 0.014187657
 0.014202382
 0.014220789
 0.014239195
 0.01425392
 0.014272326
 0.014290733
 0.014305458
 0.014323864
 0.014338589
 0.014356996
 0.014375402
 0.014390127
 0.014408534
 0.01442694
 0.014441665
 0.014460072
 0.014478478
 0.014493203
 0.01451161
 0.014530016
 0.014544741
 0.014563148
 0.014581554
 0.014596279
 0.014614686
 0.014633092
 0.014647817
 0.014666224
 0.01468463
 0.014699355
 0.014717761
 0.014736168
 0.014750893
 0.014769299
 0.014787706
 0.014802431
 0.014820837
 0.014839244
 0.01485765
 0.014872375
 0.014890782
 0.014909188
 0.014923913
 0.01494232
 0.014960726
 0.014975451
 0.014993858
 0.015012264
 0.015026989
 0.015045395
 0.015063802
 0.015082208
 0.015096933
 0.01511534
 0.015133746
 0.015148471
 0.015166878
 0.015185284
 0.015200009
 0.015218416
 0.015236822
 0.015255228
 0.015269954
 0.01528836
 0.015306766
 0.015321492
 0.015339898
 0.015358304
 0.015373029
 0.015391436
 0.015409842
 0.015428249
 0.015442974
 0.01546138
 0.015479787
 0.015494512
 0.015512918
 0.015531325
 0.01554605
 0.015564456
 0.015582862
 0.015601269
 0.015615994
 0.0156344
 0.015652807
 0.015667532
 0.015685938
 0.015704345
 0.015722751
 0.015737476
 0.015755883
 0.015774289
 0.015789014
 0.015807421
 0.015825827
 0.015840552
 0.015858959
 0.015877365
 0.015895771
 0.015910496
 0.015928903
 0.015947309
 0.015962034
 0.015980441
 0.015998847
 0.016013572
 0.016031979
 0.016050385
 0.016068792
 0.016083517
 0.016101923
 0.016120329
 0.016135055
 0.016153461
 0.016171867
 0.016186593
 0.016204999
 0.016223405
 0.01623813
 0.016256537
 0.016274943
 0.016289668
 0.016308075
 0.016326481
 0.016344888
 0.016359613
 0.016378019
 0.016396426
 0.016411151
 0.016429557
 0.016447964
 0.016462689
 0.016481095
 0.016499501
 0.016514227
 0.016532633
 0.016551039
 0.016565765
 0.016584171
 0.016602577
 0.016617302
 0.016635709
 0.016654115
 0.01666884
 0.016687247
 0.016705653
 0.016720378
 0.016738785
 0.01675351
 0.016771916
 0.016790323
 0.016805048
 0.016823454
 0.016841861
 0.016856586
 0.016874992
 0.016893399
 0.016908124
 0.01692653
 0.016941255
 0.016959662
 0.016978068
 0.016992793
 0.0170112
 0.017029606
 0.017044331
 0.017062737
 0.017077463
 0.017095869
 0.017114275
 0.017129
 0.017147407
 0.017162132
 0.017180538
 0.017198945
 0.01721367
 0.017232076
 0.017246801
 0.017265208
 0.017283614
 0.017298339
 0.017316746
 0.017331471
 0.017349877
 0.017364602
 0.017383009
 0.017401415
 0.01741614
 0.017434547
 0.017449272
 0.017467678
 0.017482403
 0.01750081
 0.017519216
 0.017533941
 0.017552348
 0.017567073
 0.017585479
 0.017600204
 0.017618611
 0.017633336
 0.017651742
 0.017666468
 0.017684874
 0.017699599
 0.017718005
 0.017732731
 0.017751137
 0.017765862
 0.017784269
 0.017798994
 0.0178174
 0.017832125
 0.017850532
 0.017865257
 0.017883663
 0.017898388
 0.017916795
 0.01793152
 0.017949926
 0.017964651
 0.017983058
 0.017997783
 0.018016189
 0.018030914
 0.018049321
 0.018064046
 0.018078771
 0.018097177
 0.018111903
 0.018130309
 0.018145034
 0.01816344
 0.018178166
 0.018192891
 0.018211297
 0.018226022
 0.018244429
 0.018259154
 0.018273879
 0.018292285
 0.01830701
 0.018325417
 0.018340142
 0.018354867
 0.018373273
 0.018387999
 0.018406405
 0.01842113
 0.018435855
 0.018454262
 0.018468987
 0.018483712
 0.018502118
 0.018516843
 0.018531569
 0.018549975
 0.0185647
 0.018579425
 0.018597832
 0.018612557
 0.018627282
 0.018645688
 0.018660413
 0.018675139
 0.018689864
 0.01870827
 0.018722995
 0.01873772
 0.018756127
 0.018770852
 0.018785577
 0.018800302
 0.018818708
 0.018833434
 0.018848159
 0.018862884
 0.01888129
 0.018896015
 0.01891074
 0.018925466
 0.018943872
 0.018958597
 0.018973322
 0.018988047
 0.019002773
 0.019021179
 0.019035904
 0.019050629
 0.019065354
 0.019080079
 0.019094805
 0.019113211
 0.019127936
 0.019142661
 0.019157386
 0.019172111
 0.019186837
 0.019205243
 0.019219968
 0.019234693
 0.019249418
 0.019264143
 0.019278869
 0.019293594
 0.019308319
 0.019323044
 0.01934145
 0.019356175
 0.019370901
 0.019385626
 0.019400351
 0.019415076
 0.019429801
 0.019444526
 0.019459251
 0.019473976
 0.019488702
 0.019503427
 0.019518152
 0.019532877
 0.019547602
 0.019562327
 0.019577052
 0.019591777
 0.019606503
 0.019621228
 0.019635953
 0.019650678
 0.019665403
 0.019680128
 0.019694853
 0.019709578
 0.019724304
 0.019739029
 0.019753754
 0.019768479
 0.019783204
 0.019794248
 0.019808973
 0.019823698
 0.019838423
 0.019853148
 0.019867874
 0.019882599
 0.019897324
 0.019912049
 0.019923093
 0.019937818
 0.019952543
 0.019967268
 0.019981993
 0.019996718
 0.020007762
 0.020022487
 0.020037212
 0.020051938
 0.020066663
 0.020077707
 0.020092432
 0.020107157
 0.020121882
 0.020132926
 0.020147651
 0.020162376
 0.020177101
 0.020188145
 0.02020287
 0.020217595
 0.02023232
 0.020243364
 0.020258089
 0.020272814
 0.020283858
 0.020298583
 0.020313309
 0.020324352
 0.020339078
 0.020353803
 0.020364846
 0.020379572
 0.020390615
 0.020405341
 0.020420066
 0.02043111
 0.020445835
 0.020456879
 0.020471604
 0.020486329
 0.020497373
 0.020512098
 0.020523142
 0.020537867
 0.020548911
 0.020563636
 0.02057468
 0.020589405
 0.020600448
 0.020615174
 0.020626217
 0.020640943
 0.020651986
 0.020666712
 0.020677755
 0.020692481
 0.020703524
 0.020718249
 0.020729293
 0.020744018
 0.020755062
 0.020766106
 0.020780831
 0.020791875
 0.0208066
 0.020817644
 0.020828688
 0.020843413
 0.020854457
 0.020865501
 0.020880226
 0.02089127
 0.020902314
 0.020917039
 0.020928082
 0.020939126
 0.020953851
 0.020964895
 0.020975939
 0.020986983
 0.021001708
 0.021012752
 0.021023796
 0.02103484
 0.021049565
 0.021060609
 0.021071652
 0.021082696
 0.02109374
 0.021108465
 0.021119509
 0.021130553
 0.021141597
 0.021152641
 0.021163684
 0.021174728
 0.021189453
 0.021200497
 0.021211541
 0.021222585
 0.021233629
 0.021244673
 0.021255716
 0.02126676
 0.021277804
 0.021288848
 0.021299892
 0.021310936
 0.02132198
 0.021333023
 0.021344067
 0.021355111
 0.021366155
 0.021377199
 0.021388243
 0.021399286
 0.02141033
 0.021421374
 0.021432418
 0.021443462
 0.021454506
 0.02146555
 0.021476593
 0.021487637
 0.021495
 0.021506044
 0.021517087
 0.021528131
 0.021539175
 0.021550219
 0.021557582
 0.021568625
 0.021579669
 0.021590713
 0.021601757
 0.021609119
 0.021620163
 0.021631207
 0.021642251
 0.021649614
 0.021660657
 0.021671701
 0.021679064
 0.021690108
 0.021701151
 0.021708514
 0.021719558
 0.021730602
 0.021737964
 0.021749008
 0.021760052
 0.021767415
 0.021778458
 0.021785821
 0.021796865
 0.021807909
 0.021815271
 0.021826315
 0.021833678
 0.021844721
 0.021852084
 0.021863128
 0.02187049
 0.021881534
 0.021888897
 0.021899941
 0.021907303
 0.021918347
 0.02192571
 0.021936753
 0.021944116
 0.021951479
 0.021962522
 0.021969885
 0.021980929
 0.021988291
 0.021995654
 0.022006698
 0.02201406
 0.022021423
 0.022032467
 0.022039829
 0.022047192
 0.022054554
 0.022065598
 0.022072961
 0.022080323
 0.022087686
 0.02209873
 0.022106092
 0.022113455
 0.022120818
 0.02212818
 0.022139224
 0.022146586
 0.022153949
 0.022161312
 0.022168674
 0.022176037
 0.022183399
 0.022194443
 0.022201806
 0.022209168
 0.022216531
 0.022223893
 0.022231256
 0.022238619
 0.022245981
 0.022253344
 0.022260706
 0.022268069
 0.022275431
 0.022282794
 0.022290156
 0.022297519
 0.022304882
 0.022312244
 0.022315925
 0.022323288
 0.022330651
 0.022338013
 0.022345376
 0.022352738
 0.022360101
 0.022363782
 0.022371145
 0.022378507
 0.02238587
 0.022393232
 0.022396914
 0.022404276
 0.022411639
 0.022419001
 0.022422683
 0.022430045
 0.022437408
 0.022441089
 0.022448452
 0.022455814
 0.022459495
 0.022466858
 0.022474221
 0.022477902
 0.022485264
 0.022488946
 0.022496308
 0.022503671
 0.022507352
 0.022514715
 0.022518396
 0.022525758
 0.02252944
 0.022536802
 0.022540484
 0.022547846
 0.022551527
 0.02255889
 0.022562571
 0.022566253
 0.022573615
 0.022577296
 0.022584659
 0.02258834
 0.022592021
 0.022599384
 0.022603065
 0.022606747
 0.022614109
 0.02261779
 0.022621472
 0.022625153
 0.022632516
 0.022636197
 0.022639878
 0.022643559
 0.022647241
 0.022654603
 0.022658285
 0.022661966
 0.022665647
 0.022669328
 0.02267301
 0.022680372
 0.022684054
 0.022687735
 0.022691416
 0.022695097
 0.022698779
 0.02270246
 0.022706141
 0.022709822
 0.022713504
 0.022717185
 0.022720866
 0.022724548
 0.022728229
 0.02273191
 0.022735591
 0.022735591
 0.022739273
 0.022742954
 0.022746635
 0.022750317
 0.022753998
 0.022757679
 0.022757679
 0.02276136
 0.022765042
 0.022768723
 0.022768723
 0.022772404
 0.022776086
 0.022779767
 0.022779767
 0.022783448
 0.022787129
 0.022787129
 0.022790811
 0.022794492
 0.022794492
 0.022798173
 0.022798173
 0.022801855
 0.022801855
 0.022805536
 0.022809217
 0.022809217
 0.022812898
 0.022812898
 0.02281658
 0.02281658
 0.02281658
 0.022820261
 0.022820261
 0.022823942
 0.022823942
 0.022823942
 0.022827623
 0.022827623
 0.022827623
 0.022831305
 0.022831305
 0.022831305
 0.022834986
 0.022834986
 0.022834986
 0.022834986
 0.022838667
 0.022838667
 0.022838667
 0.022838667
 0.022838667
 0.022838667
 0.022842349
 0.022842349
 0.022842349
 0.022842349
 0.022842349
 0.022842349
 0.022842349
 0.022842349
 0.022842349
 0.022842349
 0.022842349
 0.022842349
 0.022842349
 0.022842349
 0.022842349
 0.022842349
 0.022842349
 0.022842349
 0.022842349
 0.022842349
 0.022842349
 0.022842349
 0.022842349
 0.022842349
 0.022842349
 0.022842349
 0.022842349
 0.022842349
 0.022838667
 0.022838667
 0.022838667
 0.022838667
 0.022838667
 0.022838667
 0.022838667
 0.022838667
 0.022838667
 0.022838667
 0.022838667
 0.022838667
 0.022838667
 0.022838667
 0.022834986
 0.022834986
 0.022834986
 0.022834986
 0.022834986
 0.022834986
 0.022834986
 0.022834986
 0.022834986
 0.022831305
 0.022831305
 0.022831305
 0.022831305
 0.022831305
 0.022831305
 0.022831305
 0.022831305
 0.022827623
 0.022827623
 0.022827623
 0.022827623
 0.022827623
 0.022827623
 0.022827623
 0.022823942
 0.022823942
 0.022823942
 0.022823942
 0.022823942
 0.022823942
 0.022820261
 0.022820261
 0.022820261
 0.022820261
 0.022820261
 0.022820261
 0.02281658
 0.02281658
 0.02281658
 0.02281658
 0.02281658
 0.022812898
 0.022812898
 0.022812898
 0.022812898
 0.022812898
 0.022809217
 0.022809217
 0.022809217
 0.022809217
 0.022809217
 0.022805536
 0.022805536
 0.022805536
 0.022805536
 0.022801855
 0.022801855
 0.022801855
 0.022801855
 0.022798173
 0.022798173
 0.022798173
 0.022798173
 0.022794492
 0.022794492
 0.022794492
 0.022794492
 0.022790811
 0.022790811
 0.022790811
 0.022790811
 0.022787129
 0.022787129
 0.022787129
 0.022783448
 0.022783448
 0.022783448
 0.022783448
 0.022779767
 0.022779767
 0.022779767
 0.022776086
 0.022776086
 0.022776086
 0.022776086
 0.022772404
 0.022772404
 0.022772404
 0.022768723
 0.022768723
 0.022768723
 0.022765042
 0.022765042
 0.022765042
 0.02276136
 0.02276136
 0.02276136
 0.022757679
 0.022757679
 0.022757679
 0.022753998
 0.022753998
 0.022753998
 0.022750317
 0.022750317
 0.022750317
 0.022746635
 0.022746635
 0.022742954
 0.022742954
 0.022742954
 0.022739273
 0.022739273
 0.022739273
 0.022735591
 0.022735591
 0.02273191
 0.02273191
 0.02273191
 0.022728229
 0.022728229
 0.022724548
 0.022724548
 0.022724548
 0.022720866
 0.022720866
 0.022717185
 0.022717185
 0.022717185
 0.022713504
 0.022713504
 0.022709822
 0.022709822
 0.022709822
 0.022706141
 0.022706141
 0.02270246
 0.02270246
 0.022698779
 0.022698779
 0.022698779
 0.022695097
 0.022695097
 0.022691416
 0.022691416
 0.022687735
 0.022687735
 0.022684054
 0.022684054
 0.022680372
 0.022680372
 0.022680372
 0.022676691
 0.022676691
 0.02267301
 0.02267301
 0.022669328
 0.022669328
 0.022665647
 0.022665647
 0.022661966
 0.022661966
 0.022658285
 0.022658285
 0.022654603
 0.022654603
 0.022650922
 0.022650922
 0.022647241
 0.022647241
 0.022643559
 0.022643559
 0.022639878
 0.022639878
 0.022636197
 0.022636197
 0.022632516
 0.022632516
 0.022628834
 0.022628834
 0.022625153
 0.022621472
 0.022621472
 0.02261779
 0.02261779
 0.022614109
 0.022614109
 0.022610428
 0.022610428
 0.022606747
 0.022606747
 0.022603065
 0.022599384
 0.022599384
 0.022595703
 0.022595703
 0.022592021
 0.022592021
 0.02258834
 0.022584659
 0.022584659
 0.022580978
 0.022580978
 0.022577296
 0.022577296
 0.022573615
 0.022569934
 0.022569934
 0.022566253
 0.022566253
 0.022562571
 0.02255889
 0.02255889
 0.022555209
 0.022555209
 0.022551527
 0.022547846
 0.022547846
 0.022544165
 0.022540484
 0.022540484
 0.022536802
 0.022536802
 0.022533121
 0.02252944
 0.02252944
 0.022525758
 0.022522077
 0.022522077
 0.022518396
 0.022518396
 0.022514715
 0.022511033
 0.022511033
 0.022507352
 0.022503671
 0.022503671
 0.022499989
 0.022496308
 0.022496308
 0.022492627
 0.022488946
 0.022488946
 0.022485264
 0.022481583
 0.022481583
 0.022477902
 0.022474221
 0.022474221
 0.022470539
 0.022466858
 0.022466858
 0.022463177
 0.022459495
 0.022455814
 0.022455814
 0.022452133
 0.022448452
 0.022448452
 0.02244477
 0.022441089
 0.022441089
 0.022437408
 0.022433726
 0.022430045
 0.022430045
 0.022426364
 0.022422683
 0.022422683
 0.022419001
 0.02241532
 0.022411639
 0.022411639
 0.022407957
 0.022404276
 0.022400595
 0.022400595
 0.022396914
 0.022393232
 0.022389551
 0.022389551
 0.02238587
 0.022382188
 0.022382188
 0.022378507
 0.022374826
 0.022371145
 0.022367463
 0.022367463
 0.022363782
 0.022360101
 0.02235642
 0.02235642
 0.022352738
 0.022349057
 0.022345376
 0.022345376
 0.022341694
 0.022338013
 0.022334332
 0.022330651
 0.022330651
 0.022326969
 0.022323288
 0.022319607
 0.022315925
 0.022315925
 0.022312244
 0.022308563
 0.022304882
 0.0223012
 0.0223012
 0.022297519
 0.022293838
 0.022290156
 0.022286475
 0.022286475
 0.022282794
 0.022279113
 0.022275431
 0.02227175
 0.022268069
 0.022268069
 0.022264387
 0.022260706
 0.022257025
 0.022253344
 0.022249662
 0.022249662
 0.022245981
 0.0222423
 0.022238619
 0.022234937
 0.022231256
 0.022231256
 0.022227575
 0.022223893
 0.022220212
 0.022216531
 0.02221285
 0.022209168
 0.022209168
 0.022205487
 0.022201806
 0.022198124
 0.022194443
 0.022190762
 0.022187081
 0.022183399
 0.022183399
 0.022179718
 0.022176037
 0.022172355
 0.022168674
 0.022164993
 0.022161312
 0.02215763
 0.022153949
 0.022153949
 0.022150268
 0.022146586
 0.022142905
 0.022139224
 0.022135543
 0.022131861
 0.02212818
 0.022124499
 0.022120818
 0.022120818
 0.022117136
 0.022113455
 0.022109774
 0.022106092
 0.022102411
 0.02209873
 0.022095049
 0.022091367
 0.022087686
 0.022084005
 0.022080323
 0.022076642
 0.022072961
 0.022072961
 0.02206928
 0.022065598
 0.022061917
 0.022058236
 0.022054554
 0.022050873
 0.022047192
 0.022043511
 0.022039829
 0.022036148
 0.022032467
 0.022028786
 0.022025104
 0.022021423
 0.022017742
 0.02201406
 0.022010379
 0.022006698
 0.022003017
 0.021999335
 0.021995654
 0.021991973
 0.021988291
 0.02198461
 0.021980929
 0.021980929
 0.021977248
 0.021973566
 0.021969885
 0.021966204
 0.021962522
 0.021958841
 0.02195516
 0.021951479
 0.021947797
 0.021944116
 0.021940435
 0.021936753
 0.021933072
 0.021929391
 0.02192571
 0.021922028
 0.021918347
 0.021914666
 0.021907303
 0.021903622
 0.021899941
 0.021896259
 0.021892578
 0.021888897
 0.021885216
 0.021881534
 0.021877853
 0.021874172
 0.02187049
 0.021866809
 0.021863128
 0.021859447
 0.021855765
 0.021852084
 0.021848403
 0.021844721
 0.02184104
 0.021837359
 0.021833678
 0.021829996
 0.021826315
 0.021822634
 0.021818952
 0.021815271
 0.021807909
 0.021804227
 0.021800546
 0.021796865
 0.021793184
 0.021789502
 0.021785821
 0.02178214
 0.021778458
 0.021774777
 0.021771096
 0.021767415
 0.021763733
 0.021760052
 0.021752689
 0.021749008
 0.021745327
 0.021741646
 0.021737964
 0.021734283
 0.021730602
 0.02172692
 0.021723239
 0.021719558
 0.021715877
 0.021708514
 0.021704833
 0.021701151
 0.02169747
 0.021693789
 0.021690108
 0.021686426
 0.021682745
 0.021679064
 0.021675383
 0.02166802
 0.021664339
 0.021660657
 0.021656976
 0.021653295
 0.021649614
 0.021645932
 0.021642251
 0.021634888
 0.021631207
 0.021627526
 0.021623845
 0.021620163
 0.021616482
 0.021612801
 0.021609119
 0.021601757
 0.021598076
 0.021594394
 0.021590713
 0.021587032
 0.021583351
 0.021579669
 0.021572307
 0.021568625
 0.021564944
 0.021561263
 0.021557582
 0.0215539
 0.021546538
 0.021542856
 0.021539175
 0.021535494
 0.021531813
 0.021528131
 0.021520769
 0.021517087
 0.021513406
 0.021509725
 0.021506044
 0.021502362
 0.021495
 0.021491318
 0.021487637
 0.021483956
 0.021480275
 0.021476593
 0.021469231
 0.02146555
 0.021461868
 0.021458187
 0.021454506
 0.021447143
 0.021443462
 0.021439781
 0.021436099
 0.021432418
 0.021425055
 0.021421374
 0.021417693
 0.021414012
 0.02141033
 0.021402968
 0.021399286
 0.021395605
 0.021391924
 0.021388243
 0.02138088
 0.021377199
 0.021373517
 0.021369836
 0.021366155
 0.021358792
 0.021355111
 0.02135143
 0.021347749
 0.021340386
 0.021336705
 0.021333023
 0.021329342
 0.021325661
 0.021318298
 0.021314617
 0.021310936
 0.021307254
 0.021299892
 0.021296211
 0.021292529
 0.021288848
 0.021281485
 0.021277804
 0.021274123
 0.021270442
 0.021263079
 0.021259398
 0.021255716
 0.021252035
 0.021244673
 0.021240991
 0.02123731
 0.021233629
 0.021226266
 0.021222585
 0.021218904
 0.021215222
 0.02120786
 0.021204179
 0.021200497
 0.021196816
 0.021189453
 0.021185772
 0.021182091
 0.02117841
 0.021171047
 0.021167366
 0.021163684
 0.021156322
 0.021152641
 0.021148959
 0.021145278
 0.021137916
 0.021134234
 0.021130553
 0.02112319
 0.021119509
 0.021115828
 0.021112147
 0.021104784
 0.021101103
 0.021097421
 0.021090059
 0.021086378
 0.021082696
 0.021079015
 0.021071652
 0.021067971
 0.02106429
 0.021056927
 0.021053246
 0.021049565
 0.021042202
 0.021038521
 0.02103484
 0.021031158
 0.021023796
 0.021020115
 0.021016433
 0.021009071
 0.021005389
 0.021001708
 0.020994346
 0.020990664
 0.020986983
 0.02097962
 0.020975939
 0.020972258
 0.020964895
 0.020961214
 0.020957533
 0.02095017
 0.020946489
 0.020942808
 0.020935445
 0.020931764
 0.020928082
 0.02092072
 0.020917039
 0.020913357
 0.020905995
 0.020902314
 0.020898632
 0.02089127
 0.020887588
 0.020883907
 0.020876545
 0.020872863
 0.020869182
 0.020861819
 0.020858138
 0.020854457
 0.020847094
 0.020843413
 0.020839732
 0.020832369
 0.020828688
 0.020825007
 0.020817644
 0.020813963
 0.0208066
 0.020802919
 0.020799238
 0.020791875
 0.020788194
 0.020784513
 0.02077715
 0.020773469
 0.020769787
 0.020762425
 0.020758744
 0.020751381
 0.0207477
 0.020744018
 0.020736656
 0.020732975
 0.020729293
 0.020721931
 0.020718249
 0.020710887
 0.020707206
 0.020703524
 0.020696162
 0.020692481
 0.020685118
 0.020681437
 0.020677755
 0.020670393
 0.020666712
 0.02066303
 0.020655668
 0.020651986
 0.020644624
 0.020640943
 0.020637261
 0.020629899
 0.020626217
 0.020618855
 0.020615174
 0.020611492
 0.02060413
 0.020600448
 0.020593086
 0.020589405
 0.020585723
 0.020578361
 0.02057468
 0.020567317
 0.020563636
 0.020559954
 0.020552592
 0.020548911
 0.020541548
 0.020537867
 0.020530504
 0.020526823
 0.020523142
 0.020515779
 0.020512098
 0.020504735
 0.020501054
 0.020497373
 0.02049001
 0.020486329
 0.020478966
 0.020475285
 0.020467922
 0.020464241
 0.02046056
 0.020453197
 0.020449516
 0.020442153
 0.020438472
 0.02043111
 0.020427428
 0.020423747
 0.020416384
 0.020412703
 0.020405341
 0.020401659
 0.020394297
 0.020390615
 0.020383253
 0.020379572
 0.02037589
 0.020368528
 0.020364846
 0.020357484
 0.020353803
 0.02034644
 0.020342759
 0.020335396
 0.020331715
 0.020328034
 0.020320671
 0.02031699
 0.020309627
 0.020305946
 0.020298583
 0.020294902
 0.02028754
 0.020283858
 0.020276496
 0.020272814
 0.020269133
 0.020261771
 0.020258089
 0.020250727
 0.020247046
 0.020239683
 0.020236002
 0.020228639
 0.020224958
 0.020217595
 0.020213914
 0.020206551
 0.02020287
 0.020195508
 0.020191826
 0.020188145
 0.020180782
 0.020177101
 0.020169739
 0.020166057
 0.020158695
 0.020155013
 0.020147651
 0.02014397
 0.020136607
 0.020132926
 0.020125563
 0.020121882
 0.020114519
 0.020110838
 0.020103476
 0.020099794
 0.020092432
 0.02008875
 0.020081388
 0.020077707
 0.020070344
 0.020066663
 0.0200593
 0.020055619
 0.020048256
 0.020044575
 0.020037212
 0.020033531
 0.020026169
 0.020022487
 0.020015125
 0.020011444
 0.020004081
 0.0200004
 0.019993037
 0.019989356
 0.019981993
 0.019978312
 0.019970949
 0.019967268
 0.019959906
 0.019956224
 0.019948862
 0.01994518
 0.019937818
 0.019934137
 0.019926774
 0.019923093
 0.01991573
 0.019912049
 0.019904686
 0.019901005
 0.019893643
 0.019889961
 0.019882599
 0.019878917
 0.019871555
 0.019867874
 0.019860511
 0.01985683
 0.019849467
 0.019845786
 0.019838423
 0.019834742
 0.019827379
 0.019823698
 0.019816336
 0.019812654
 0.019805292
 0.019797929
 0.019794248
 0.019786885
 0.019783204
 0.019775842
 0.01977216
 0.019764798
 0.019761116
 0.019753754
 0.019750073
 0.01974271
 0.019739029
 0.019731666
 0.019727985
 0.019720622
 0.019716941
 0.019709578
 0.019702216
 0.019698535
 0.019691172
 0.019687491
 0.019680128
 0.019676447
 0.019669084
 0.019665403
 0.019658041
 0.019654359
 0.019646997
 0.019643315
 0.019635953
 0.01962859
 0.019624909
 0.019617546
 0.019613865
 0.019606503
 0.019602821
 0.019595459
 0.019591777
 0.019584415
 0.019580734
 0.019573371
 0.019566009
 0.019562327
 0.019554965
 0.019551283
 0.019543921
 0.01954024
 0.019532877
 0.019529196
 0.019521833
 0.019518152
 0.019510789
 0.019503427
 0.019499745
 0.019492383
 0.019488702
 0.019481339
 0.019477658
 0.019470295
 0.019466614
 0.019459251
 0.019451889
 0.019448208
 0.019440845
 0.019437164
 0.019429801
 0.01942612
 0.019418757
 0.019411395
 0.019407713
 0.019400351
 0.01939667
 0.019389307
 0.019385626
 0.019378263
 0.019370901
 0.019367219
 0.019359857
 0.019356175
 0.019348813
 0.019345132
 0.019337769
 0.019334088
 0.019326725
 0.019319363
 0.019315681
 0.019308319
 0.019304638
 0.019297275
 0.019293594
 0.019286231
 0.019278869
 0.019275187
 0.019267825
 0.019264143
 0.019256781
 0.019249418
 0.019245737
 0.019238375
 0.019234693
 0.019227331
 0.019223649
 0.019216287
 0.019208924
 0.019205243
 0.01919788
 0.019194199
 0.019186837
 0.019183155
 0.019175793
 0.01916843
 0.019164749
 0.019157386
 0.019153705
 0.019146342
 0.01913898
 0.019135299
 0.019127936
 0.019124255
 0.019116892
 0.019113211
 0.019105848
 0.019098486
 0.019094805
 0.019087442
 0.019083761
 0.019076398
 0.019069036
 0.019065354
 0.019057992
 0.01905431
 0.019046948
 0.019043267
 0.019035904
 0.019028541
 0.01902486
 0.019017498
 0.019013816
 0.019006454
 0.018999091
 0.01899541
 0.018988047
 0.018984366
 0.018977004
 0.018969641
 0.01896596
 0.018958597
 0.018954916
 0.018947553
 0.018940191
 0.018936509
 0.018929147
 0.018925466
 0.018918103
 0.01891074
 0.018907059
 0.018899697
 0.018896015
 0.018888653
 0.01888129
 0.018877609
 0.018870246
 0.018866565
 0.018859203
 0.01885184
 0.018848159
 0.018840796
 0.018837115
 0.018829752
 0.01882239
 0.018818708
 0.018811346
 0.018807665
 0.018800302
 0.01879294
 0.018789258
 0.018781896
 0.018778214
 0.018770852
 0.018763489
 0.018759808
 0.018752445
 0.018748764
 0.018741402
 0.018734039
 0.018730358
 0.018722995
 0.018719314
 0.018711951
 0.018704589
 0.018700907
 0.018693545
 0.018689864
 0.018682501
 0.018675139
 0.018671457
 0.018664095
 0.018660413
 0.018653051
 0.018645688
 0.018642007
 0.018634644
 0.018630963
 0.018623601
 0.018616238
 0.018612557
 0.018605194
 0.018597832
 0.01859415
 0.018586788
 0.018583106
 0.018575744
 0.018568381
 0.0185647
 0.018557338
 0.018553656
 0.018546294
 0.018538931
 0.01853525
 0.018527887
 0.018524206
 0.018516843
 0.018509481
 0.0185058
 0.018498437
 0.018494756
 0.018487393
 0.018480031
 0.018476349
 0.018468987
 0.018461624
 0.018457943
 0.01845058
 0.018446899
 0.018439537
 0.018432174
 0.018428493
 0.01842113
 0.018417449
 0.018410086
 0.018402724
 0.018399042
 0.01839168
 0.018384317
 0.018380636
 0.018373273
 0.018369592
 0.01836223
 0.018354867
 0.018351186
 0.018343823
 0.018340142
 0.018332779
 0.018325417
 0.018321736
 0.018314373
 0.018310692
 0.018303329
 0.018295967
 0.018292285
 0.018284923
 0.01827756
 0.018273879
 0.018266516
 0.018262835
 0.018255472
 0.01824811
 0.018244429
 0.018237066
 0.018233385
 0.018226022
 0.01821866
 0.018214978
 0.018207616
 0.018200253
 0.018196572
 0.018189209
 0.018185528
 0.018178166
 0.018170803
 0.018167122
 0.018159759
 0.018156078
 0.018148715
 0.018141353
 0.018137671
 0.018130309
 0.018122946
 0.018119265
 0.018111903
 0.018108221
 0.018100859
 0.018093496
 0.018089815
 0.018082452
 0.018078771
 0.018071408
 0.018064046
 0.018060365
 0.018053002
 0.018045639
 0.018041958
 0.018034596
 0.018030914
 0.018023552
 0.018016189
 0.018012508
 0.018005145
 0.018001464
 0.017994102
 0.017986739
 0.017983058
 0.017975695
 0.017968333
 0.017964651
 0.017957289
 0.017953607
 0.017946245
 0.017938882
 0.017935201
 0.017927838
 0.017924157
 0.017916795
 0.017909432
 0.017905751
 0.017898388
 0.017894707
 0.017887344
 0.017879982
 0.017876301
 0.017868938
 0.017861575
 0.017857894
 0.017850532
 0.01784685
 0.017839488
 0.017832125
 0.017828444
 0.017821081
 0.0178174
 0.017810037
 0.017802675
 0.017798994
 0.017791631
 0.01778795
 0.017780587
 0.017773225
 0.017769543
 0.017762181
 0.017754818
 0.017751137
 0.017743774
 0.017740093
 0.017732731
 0.017725368
 0.017721687
 0.017714324
 0.017710643
 0.01770328
 0.017695918
 0.017692236
 0.017684874
 0.017681193
 0.01767383
 0.017666468
 0.017662786
 0.017655424
 0.017651742
 0.01764438
 0.017637017
 0.017633336
 0.017625973
 0.017622292
 0.01761493
 0.017607567
 0.017603886
 0.017596523
 0.017592842
 0.017585479
 0.017578117
 0.017574435
 0.017567073
 0.017563392
 0.017556029
 0.017548667
 0.017544985
 0.017537623
 0.017533941
 0.017526579
 0.017519216
 0.017515535
 0.017508172
 0.017504491
 0.017497129
 0.017489766
 0.017486085
 0.017478722
 0.017475041
 0.017467678
 0.017460316
 0.017456635
 0.017449272
 0.017445591
 0.017438228
 0.017430866
 0.017427184
 0.017419822
 0.01741614
 0.017408778
 0.017401415
 0.017397734
 0.017390371
 0.01738669
 0.017379328
 0.017371965
 0.017368284
 0.017360921
 0.01735724
 0.017349877
 0.017342515
 0.017338834
 0.017331471
 0.01732779
 0.017320427
 0.017313065
 0.017309383
 0.017302021
 0.017298339
 0.017290977
 0.017287296
 0.017279933
 0.01727257
 0.017268889
 0.017261527
 0.017257845
 0.017250483
 0.01724312
 0.017239439
 0.017232076
 0.017228395
 0.017221033
 0.017217351
 0.017209989
 0.017202626
 0.017198945
 0.017191582
 0.017187901
 0.017180538
 0.017173176
 0.017169495
 0.017162132
 0.017158451
 0.017151088
 0.017147407
 0.017140044
 0.017132682
 0.017129
 0.017121638
 0.017117957
 0.017110594
 0.017103232
 0.01709955
 0.017092188
 0.017088506
 0.017081144
 0.017077463
 0.0170701
 0.017062737
 0.017059056
 0.017051694
 0.017048012
 0.01704065
 0.017036968
 0.017029606
 0.017022243
 0.017018562
 0.0170112
 0.017007518
 0.017000156
 0.016996474
 0.016989112
 0.016985431
 0.016978068
 0.016970705
 0.016967024
 0.016959662
 0.01695598
 0.016948618
 0.016944936
 0.016937574
 0.016930211
 0.01692653
 0.016919167
 0.016915486
 0.016908124
 0.016904442
 0.01689708
 0.016893399
 0.016886036
 0.016878673
 0.016874992
 0.01686763
 0.016863948
 0.016856586
 0.016852904
 0.016845542
 0.016841861
 0.016834498
 0.016827135
 0.016823454
 0.016816092
 0.01681241
 0.016805048
 0.016801366
 0.016794004
 0.016790323
 0.01678296
 0.016775598
 0.016771916
 0.016764554
 0.016760872
 0.01675351
 0.016749829
 0.016742466
 0.016738785
 0.016731422
 0.016727741
 0.016720378
 0.016713016
 0.016709334
 0.016701972
 0.016698291
 0.016690928
 0.016687247
 0.016679884
 0.016676203
 0.01666884
 0.016665159
 0.016657797
 0.016654115
 0.016646753
 0.01663939
 0.016635709
 0.016628346
 0.016624665
 0.016617302
 0.016613621
 0.016606259
 0.016602577
 0.016595215
 0.016591533
 0.016584171
 0.01658049
 0.016573127
 0.016569446
 0.016562083
 0.016558402
 0.016551039
 0.016543677
 0.016539996
 0.016532633
 0.016528952
 0.016521589
 0.016517908
 0.016510545
 0.016506864
 0.016499501
 0.01649582
 0.016488458
 0.016484776
 0.016477414
 0.016473732
 0.01646637
 0.016462689
 0.016455326
 0.016451645
 0.016444282
 0.016440601
 0.016433238
 0.016429557
 0.016422195
 0.016418513
 0.016411151
 0.016407469
 0.016400107
 0.016396426
 0.016389063
 0.016385382
 0.016378019
 0.016374338
 0.016366975
 0.016363294
 0.016355931
 0.01635225
 0.016344888
 0.016341206
 0.016333844
 0.016330163
 0.0163228
 0.016319119
 0.016311756
 0.016308075
 0.016300712
 0.016297031
 0.016289668
 0.016285987
 0.016278625
 0.016274943
 0.016267581
 0.016263899
 0.016256537
 0.016252856
 0.016245493
 0.016241812
 0.016234449
 0.016230768
 0.016223405
 0.016219724
 0.016212362
 0.01620868
 0.016201318
 0.016197636
 0.016190274
 0.016186593
 0.016182911
 0.016175549
 0.016171867
 0.016164505
 0.016160824
 0.016153461
 0.01614978
 0.016142417
 0.016138736
 0.016131373
 0.016127692
 0.016120329
 0.016116648
 0.016109286
 0.016105604
 0.016098242
 0.016094561
 0.016090879
 0.016083517
 0.016079835
 0.016072473
 0.016068792
 0.016061429
 0.016057748
 0.016050385
 0.016046704
 0.016039341
 0.01603566
 0.016031979
 0.016024616
 0.016020935
 0.016013572
 0.016009891
 0.016002529
 0.015998847
 0.015991485
 0.015987803
 0.015984122
 0.01597676
 0.015973078
 0.015965716
 0.015962034
 0.015954672
 0.015950991
 0.015943628
 0.015939947
 0.015936265
 0.015928903
 0.015925222
 0.015917859
 0.015914178
 0.015906815
 0.015903134
 0.015899453
 0.01589209
 0.015888409
 0.015881046
 0.015877365
 0.015870002
 0.015866321
 0.01586264
 0.015855277
 0.015851596
 0.015844233
 0.015840552
 0.01583319
 0.015829508
 0.015825827
 0.015818464
 0.015814783
 0.015807421
 0.015803739
 0.015800058
 0.015792695
 0.015789014
 0.015781652
 0.01577797
 0.015774289
 0.015766927
 0.015763245
 0.015755883
 0.015752201
 0.01574852
 0.015741158
 0.015737476
 0.015730114
 0.015726432
 0.015722751
 0.015715389
 0.015711707
 0.015704345
 0.015700663
 0.015696982
 0.01568962
 0.015685938
 0.015678576
 0.015674894
 0.015671213
 0.015663851
 0.015660169
 0.015652807
 0.015649126
 0.015645444
 0.015638082
 0.0156344
 0.015630719
 0.015623357
 0.015619675
 0.015612313
 0.015608631
 0.01560495
 0.015597588
 0.015593906
 0.015590225
 0.015582862
 0.015579181
 0.015571819
 0.015568137
 0.015564456
 0.015557094
 0.015553412
 0.015549731
 0.015542368
 0.015538687
 0.015535006
 0.015527643
 0.015523962
 0.015520281
 0.015512918
 0.015509237
 0.015501874
 0.015498193
 0.015494512
 0.015487149
 0.015483468
 0.015479787
 0.015472424
 0.015468743
 0.015465061
 0.015457699
 0.015454018
 0.015450336
 0.015442974
 0.015439293
 0.015435611
 0.015428249
 0.015424567
 0.015420886
 0.015413524
 0.015409842
 0.015406161
 0.015398798
 0.015395117
 0.015391436
 0.015384073
 0.015380392
 0.015376711
 0.015369348
 0.015365667
 0.015361986
 0.015354623
 0.015350942
 0.01534726
 0.015343579
 0.015336217
 0.015332535
 0.015328854
 0.015321492
 0.01531781
 0.015314129
 0.015306766
 0.015303085
 0.015299404
 0.015292041
 0.01528836
 0.015284679
 0.015280997
 0.015273635
 0.015269954
 0.015266272
 0.01525891
 0.015255228
 0.015251547
 0.015247866
 0.015240503
 0.015236822
 0.015233141
 0.015225778
 0.015222097
 0.015218416
 0.015214734
 0.015207372
 0.015203691
 0.015200009
 0.015192647
 0.015188965
 0.015185284
 0.015181603
 0.01517424
 0.015170559
 0.015166878
 0.015163196
 0.015155834
 0.015152153
 0.015148471
 0.01514479
 0.015137427
 0.015133746
 0.015130065
 0.015122702
 0.015119021
 0.01511534
 0.015111659
 0.015104296
 0.015100615
 0.015096933
 0.015093252
 0.01508589
 0.015082208
 0.015078527
 0.015074846
 0.015071164
 0.015063802
 0.015060121
 0.015056439
 0.015052758
 0.015045395
 0.015041714
 0.015038033
 0.015034352
 0.015026989
 0.015023308
 0.015019626
 0.015015945
 0.015012264
 0.015004901
 0.01500122
 0.014997539
 0.014993858
 0.014986495
 0.014982814
 0.014979132
 0.014975451
 0.01497177
 0.014964407
 0.014960726
 0.014957045
 0.014953363
 0.014949682
 0.01494232
 0.014938638
 0.014934957
 0.014931276
 0.014927594
 0.014920232
 0.014916551
 0.014912869
 0.014909188
 0.014905507
 0.014898144
 0.014894463
 0.014890782
 0.0148871
 0.014883419
 0.014876057
 0.014872375
 0.014868694
 0.014865013
 0.014861331
 0.01485765
 0.014850288
 0.014846606
 0.014842925
 0.014839244
 0.014835562
 0.014831881
 0.014824519
 0.014820837
 0.014817156
 0.014813475
 0.014809793
 0.014806112
 0.01479875
 0.014795068
 0.014791387
 0.014787706
 0.014784024
 0.014780343
 0.014776662
 0.014769299
 0.014765618
 0.014761937
 0.014758256
 0.014754574
 0.014750893
 0.014747212
 0.014739849
 0.014736168
 0.014732487
 0.014728805
 0.014725124
 0.014721443
 0.014717761
 0.01471408
 0.014706718
 0.014703036
 0.014699355
 0.014695674
 0.014691992
 0.014688311
 0.01468463
 0.014680949
 0.014677267
 0.014669905
 0.014666224
 0.014662542
 0.014658861
 0.01465518
 0.014651498
 0.014647817
 0.014644136
 0.014640455
 0.014633092
 0.014629411
 0.014625729
 0.014622048
 0.014618367
 0.014614686
 0.014611004
 0.014607323
 0.014603642
 0.01459996
 0.014596279
 0.014592598
 0.014585235
 0.014581554
 0.014577873
 0.014574191
 0.01457051
 0.014566829
 0.014563148
 0.014559466
 0.014555785
 0.014552104
 0.014548423
 0.014544741
 0.01454106
 0.014537379
 0.014533697
 0.014530016
 0.014522654
 0.014518972
 0.014515291
 0.01451161
 0.014507928
 0.014504247
 0.014500566
 0.014496885
 0.014493203
 0.014489522
 0.014485841
 0.014482159
 0.014478478
 0.014474797
 0.014471116
 0.014467434
 0.014463753
 0.014460072
 0.01445639
 0.014452709
 0.014449028
 0.014445347
 0.014441665
 0.014437984
 0.014434303
 0.014430622
 0.01442694
 0.014423259
 0.014419578
 0.014415896
 0.014412215
 0.014408534
 0.014404853
 0.014401171
 0.01439749
 0.014393809
 0.014390127
 0.014386446
 0.014382765
 0.014379084
 0.014375402
 0.014371721
 0.01436804
 0.014364358
 0.014360677
 0.014356996
 0.014353315
 0.014349633
 0.014345952
 0.014342271
 0.014338589
 0.014334908
 0.014331227
 0.014327546
 0.014323864
 0.014320183
 0.014316502
 0.014312821
 0.014309139
 0.014305458
 0.014301777
 0.014298095
 0.014294414
 0.014290733
 0.014287052
 0.01428337
 0.014279689
 0.014276008
 0.014272326
 0.014268645
 0.014268645
 0.014264964
 0.014261283
 0.014257601
 0.01425392
 0.014250239
 0.014246557
 0.014242876
 0.014239195
 0.014235514
 0.014231832
 0.014228151
 0.01422447
 0.014220789
 0.014217107
 0.014213426
 0.014209745
 0.014206063
 0.014202382
 0.014198701
 0.01419502
 0.014191338
 0.014187657
 0.014183976
 0.014180294
 0.014176613
 0.014172932
 0.014169251
 0.014165569
 0.014161888
 0.014158207
 0.014154525
 0.014150844
 0.014147163
 0.014143482
 0.0141398
 0.014136119
 0.014132438
 0.014128756
 0.014125075
 0.014121394
 0.014117713
 0.014114031
 0.01411035
 0.014106669
 0.014102988
 0.014099306
 0.014095625
 0.014091944
 0.014088262
 0.014084581
 0.014077219
 0.014073537
 0.014069856
 0.014066175
 0.014062493
 0.014058812
 0.014055131
 0.01405145
 0.014047768
 0.014044087
 0.014040406
 0.014036724
 0.014033043
 0.014029362
 0.014025681
 0.014021999
 0.014018318
 0.014014637
 0.014010955
 0.014007274
 0.014003593
 0.013999912
 0.01399623
 0.013992549
 0.013988868
 0.013985187
 0.013981505
 0.013977824
 0.013974143
 0.013970461
 0.01396678
 0.013963099
 0.013959418
 0.013955736
 0.013952055
 0.013948374
 0.013944692
 0.013941011
 0.01393733
 0.013933649
 0.013926286
 0.013922605
 0.013918923
 0.013915242
 0.013911561
 0.01390788
 0.013904198
 0.013900517
 0.013896836
 0.013893154
 0.013889473
 0.013885792
 0.013882111
 0.013878429
 0.013874748
 0.013871067
 0.013867386
 0.013863704
 0.013860023
 0.013856342
 0.01385266
 0.013848979
 0.013845298
 0.013841617
 0.013834254
 0.013830573
 0.013826891
 0.01382321
 0.013819529
 0.013815848
 0.013812166
 0.013808485
 0.013804804
 0.013801122
 0.013797441
 0.01379376
 0.013790079
 0.013786397
 0.013782716
 0.013779035
 0.013775354
 0.013771672
 0.013767991
 0.01376431
 0.013756947
 0.013753266
 0.013749585
 0.013745903
 0.013742222
 0.013738541
 0.013734859
 0.013731178
 0.013727497
 0.013723816
 0.013720134
 0.013716453
 0.013712772
 0.01370909
 0.013705409
 0.013701728
 0.013698047
 0.013690684
 0.013687003
 0.013683321
 0.01367964
 0.013675959
 0.013672278
 0.013668596
 0.013664915
 0.013661234
 0.013657553
 0.013653871
 0.01365019
 0.013646509
 0.013642827
 0.013639146
 0.013635465
 0.013628102
 0.013624421
 0.01362074
 0.013617058
 0.013613377
 0.013609696
 0.013606015
 0.013602333
 0.013598652
 0.013594971
 0.013591289
 0.013587608
 0.013583927
 0.013580246
 0.013572883
 0.013569202
 0.01356552
 0.013561839
 0.013558158
 0.013554477
 0.013550795
 0.013547114
 0.013543433
 0.013539752
 0.01353607
 0.013532389
 0.013528708
 0.013521345
 0.013517664
 0.013513983
 0.013510301
 0.01350662
 0.013502939
 0.013499257
 0.013495576
 0.013491895
 0.013488214
 0.013484532
 0.013480851
 0.01347717
 0.013469807
 0.013466126
 0.013462445
 0.013458763
 0.013455082
 0.013451401
 0.013447719
 0.013444038
 0.013440357
 0.013436676
 0.013432994
 0.013429313
 0.013421951
 0.013418269
 0.013414588
 0.013410907
 0.013407225
 0.013403544
 0.013399863
 0.013396182
 0.0133925
 0.013388819
 0.013385138
 0.013381456
 0.013374094
 0.013370413
 0.013366731
 0.01336305
 0.013359369
 0.013355687
 0.013352006
 0.013348325
 0.013344644
 0.013340962
 0.013337281
 0.013329919
 0.013326237
 0.013322556
 0.013318875
 0.013315193
 0.013311512
 0.013307831
 0.01330415
 0.013300468
 0.013296787
 0.013293106
 0.013285743
 0.013282062
 0.013278381
 0.013274699
 0.013271018
 0.013267337
 0.013263655
 0.013259974
 0.013256293
 0.013252612
 0.01324893
 0.013241568
 0.013237886
 0.013234205
 0.013230524
 0.013226843
 0.013223161
 0.01321948
 0.013215799
 0.013212118
 0.013208436
 0.013201074
 0.013197392
 0.013193711
 0.01319003
 0.013186349
 0.013182667
 0.013178986
 0.013175305
 0.013171623
 0.013167942
 0.013164261
 0.013156898
 0.013153217
 0.013149536
 0.013145854
 0.013142173
 0.013138492
 0.013134811
 0.013131129
 0.013127448
 0.013123767
 0.013116404
 0.013112723
 0.013109042
 0.01310536
 0.013101679
 0.013097998
 0.013094317
 0.013090635
 0.013086954
 0.013083273
 0.01307591
 0.013072229
 0.013068548
 0.013064866
 0.013061185
 0.013057504
 0.013053822
 0.013050141
 0.01304646
 0.013042779
 0.013035416
 0.013031735
 0.013028053
 0.013024372
 0.013020691
 0.01301701
 0.013013328
 0.013009647
 0.013005966
 0.012998603
 0.012994922
 0.012991241
 0.012987559
 0.012983878
 0.012980197
 0.012976516
 0.012972834
 0.012969153
 0.012965472
 0.012958109
 0.012954428
 0.012950747
 0.012947065
 0.012943384
 0.012939703
 0.012936021
 0.01293234
 0.012928659
 0.012921296
 0.012917615
 0.012913934
 0.012910252
 0.012906571
 0.01290289
 0.012899209
 0.012895527
 0.012891846
 0.012888165
 0.012880802
 0.012877121
 0.01287344
 0.012869758
 0.012866077
 0.012862396
 0.012858715
 0.012855033
 0.012851352
 0.012843989
 0.012840308
 0.012836627
 0.012832946
 0.012829264
 0.012825583
 0.012821902
 0.01281822
 0.012814539
 0.012810858
 0.012803495
 0.012799814
 0.012796133
 0.012792451
 0.01278877
 0.012785089
 0.012781408
 0.012777726
 0.012774045
 0.012766683
 0.012763001
 0.01275932
 0.012755639
 0.012751957
 0.012748276
 0.012744595
 0.012740914
 0.012737232
 0.01272987
 0.012726188
 0.012722507
 0.012718826
 0.012715145
 0.012711463
 0.012707782
 0.012704101
 0.012700419
 0.012696738
 0.012689376
 0.012685694
 0.012682013
 0.012678332
 0.01267465
 0.012670969
 0.012667288
 0.012663607
 0.012659925
 0.012652563
 0.012648882
 0.0126452
 0.012641519
 0.012637838
 0.012634156
 0.012630475
 0.012626794
 0.012623113
 0.012619431
 0.012612069
 0.012608387
 0.012604706
 0.012601025
 0.012597344
 0.012593662
 0.012589981
 0.0125863
 0.012582618
 0.012575256
 0.012571575
 0.012567893
 0.012564212
 0.012560531
 0.012556849
 0.012553168
 0.012549487
 0.012545806
 0.012542124
 0.012534762
 0.012531081
 0.012527399
 0.012523718
 0.012520037
 0.012516355
 0.012512674
 0.012508993
 0.012505312
 0.012497949
 0.012494268
 0.012490586
 0.012486905
 0.012483224
 0.012479543
 0.012475861
 0.01247218
 0.012468499
 0.012464817
 0.012457455
 0.012453774
 0.012450092
 0.012446411
 0.01244273
 0.012439048
 0.012435367
 0.012431686
 0.012428005
 0.012424323
 0.012416961
 0.01241328
 0.012409598
 0.012405917
 0.012402236
 0.012398554
 0.012394873
 0.012391192
 0.012387511
 0.012380148
 0.012376467
 0.012372785
 0.012369104
 0.012365423
 0.012361742
 0.01235806
 0.012354379
 0.012350698
 0.012347016
 0.012339654
 0.012335973
 0.012332291
 0.01232861
 0.012324929
 0.012321248
 0.012317566
 0.012313885
 0.012310204
 0.012306522
 0.012302841
 0.012295479
 0.012291797
 0.012288116
 0.012284435
 0.012280753
 0.012277072
 0.012273391
 0.01226971
 0.012266028
 0.012262347
 0.012254984
 0.012251303
 0.012247622
 0.012243941
 0.012240259
 0.012236578
 0.012232897
 0.012229215
 0.012225534
 0.012221853
 0.012218172
 0.012210809
 0.012207128
 0.012203447
 0.012199765
 0.012196084
 0.012192403
 0.012188721
 0.01218504
 0.012181359
 0.012177678
 0.010624177
 0.010624177
 0.010624177
 0.010624177
 0.010620496
 0.010620496
 0.010620496
 0.010620496
 0.010620496
 0.010616814
 0.010616814
 0.010616814
 0.010616814
 0.010613133
 0.010613133
 0.010613133
 0.010613133
 0.010609452
 0.010609452
 0.010609452
 0.010609452
 0.010609452
 0.010605771
 0.010605771
 0.010605771
 0.010605771
 0.010602089
 0.010602089
 0.010602089
 0.010602089
 0.010598408
 0.010598408
 0.010598408
 0.010598408
 0.010598408
 0.010594727
 0.010594727
 0.010594727
 0.010594727
 0.010591045
 0.010591045
 0.010591045
 0.010591045
 0.010587364
 0.010587364
 0.010587364
 0.010587364
 0.010583683
 0.010583683
 0.010583683
 0.010583683
 0.010583683
 0.010580002
 0.010580002
 0.010580002
 0.010580002
 0.01057632
 0.01057632
 0.01057632
 0.01057632
 0.010572639
 0.010572639
 0.010572639
 0.010572639
 0.010572639
 0.010568958
 0.010568958
 0.010568958
 0.010568958
 0.010565276
 0.010565276
 0.010565276
 0.010565276
 0.010561595
 0.010561595
 0.010561595
 0.010561595
 0.010557914
 0.010557914
 0.010557914
 0.010557914
 0.010557914
 0.010554233
 0.010554233
 0.010554233
 0.010554233
 0.010550551
 0.010550551
 0.010550551
 0.010550551
 0.01054687
 0.01054687
 0.01054687
 0.01054687
 0.010543189
 0.010543189
 0.010543189
 0.010543189
 0.010543189
 0.010539508
 0.010539508
 0.010539508
 0.010539508
 0.010535826
 0.010535826
 0.010535826
 0.010535826
 0.010532145
 0.010532145
 0.010532145
 0.010532145
 0.010528464
 0.010528464
 0.010528464
 0.010528464
 0.010528464
 0.010524782
 0.010524782
 0.010524782
 0.010524782
 0.010521101
 0.010521101
 0.010521101
 0.010521101
 0.01051742
 0.01051742
 0.01051742
 0.01051742
 0.010513739
 0.010513739
 0.010513739
 0.010513739
 0.010513739
 0.010510057
 0.010510057
 0.010510057
 0.010510057
 0.010506376
 0.010506376
 0.010506376
 0.010506376
 0.010502695
 0.010502695
 0.010502695
 0.010502695
 0.010502695
 0.010499013
 0.010499013
 0.010499013
 0.010499013
 0.010495332
 0.010495332
 0.010495332
 0.010495332
 0.010491651
 0.010491651
 0.010491651
 0.010491651
 0.01048797
 0.01048797
 0.01048797
 0.01048797
 0.01048797
 0.010484288
 0.010484288
 0.010484288
 0.010484288
 0.010480607
 0.010480607
 0.010480607
 0.010480607
 0.010476926
 0.010476926
 0.010476926
 0.010476926
 0.010476926
 0.010473244
 0.010473244
 0.010473244
 0.010473244
 0.010469563
 0.010469563
 0.010469563
 0.010469563
 0.010465882
 0.010465882
 0.010465882
 0.010465882
 0.010465882
 0.010462201
 0.010462201
 0.010462201
 0.010462201
 0.010458519
 0.010458519
 0.010458519
 0.010458519
 0.010454838
 0.010454838
 0.010454838
 0.010454838
 0.010454838
 0.010451157
 0.010451157
 0.010451157
 0.010451157
 0.010447475
 0.010447475
 0.010447475
 0.010447475
 0.010443794
 0.010443794
 0.010443794
 0.010443794
 0.010443794
 0.010440113
 0.010440113
 0.010440113
 0.010440113
 0.010436432
 0.010436432
 0.010436432
 0.010436432
 0.01043275
 0.01043275
 0.01043275
 0.01043275
 0.01043275
 0.010429069
 0.010429069
 0.010429069
 0.010429069
 0.010425388
 0.010425388
 0.010425388
 0.010425388
 0.010425388
 0.010421707
 0.010421707
 0.010421707
 0.010421707
 0.010418025
 0.010418025
 0.010418025
 0.010418025
 0.010418025
 0.010414344
 0.010414344
 0.010414344
 0.010414344
 0.010410663
 0.010410663
 0.010410663
 0.010410663
 0.010410663
 0.010406981
 0.010406981
 0.010406981
 0.010406981
 0.0104033
 0.0104033
 0.0104033
 0.0104033
 0.0104033
 0.010399619
 0.010399619
 0.010399619
 0.010399619
 0.010395938
 0.010395938
 0.010395938
 0.010395938
 0.010395938
 0.010392256
 0.010392256
 0.010392256
 0.010392256
 0.010388575
 0.010388575
 0.010388575
 0.010388575
 0.010388575
 0.010384894
 0.010384894
 0.010384894
 0.010384894
 0.010381212
 0.010381212
 0.010381212
 0.010381212
 0.010381212
 0.010377531
 0.010377531
 0.010377531
 0.010377531
 0.010377531
 0.01037385
 0.01037385
 0.01037385
 0.01037385
 0.010370169
 0.010370169
 0.010370169
 0.010370169
 0.010370169
 0.010366487
 0.010366487
 0.010366487
 0.010366487
 0.010366487
 0.010362806
 0.010362806
 0.010362806
 0.010362806
 0.010359125
 0.010359125
 0.010359125
 0.010359125
 0.010359125
 0.010355443
 0.010355443
 0.010355443
 0.010355443
 0.010355443
 0.010351762
 0.010351762
 0.010351762
 0.010351762
 0.010351762
 0.010348081
 0.010348081
 0.010348081
 0.010348081
 0.0103444
 0.0103444
 0.0103444
 0.0103444
 0.0103444
 0.010340718
 0.010340718
 0.010340718
 0.010340718
 0.010340718
 0.010337037
 0.010337037
 0.010337037
 0.010337037
 0.010337037
 0.010333356
 0.010333356
 0.010333356
 0.010333356
 0.010333356
 0.010329674
 0.010329674
 0.010329674
 0.010329674
 0.010329674
 0.010325993
 0.010325993
 0.010325993
 0.010325993
 0.010325993
 0.010322312
 0.010322312
 0.010322312
 0.010322312
 0.010322312
 0.010318631
 0.010318631
 0.010318631
 0.010318631
 0.010318631
 0.010314949
 0.010314949
 0.010314949
 0.010314949
 0.010314949
 0.010311268
 0.010311268
 0.010311268
 0.010311268
 0.010311268
 0.010307587
 0.010307587
 0.010307587
 0.010307587
 0.010307587
 0.010303906
 0.010303906
 0.010303906
 0.010303906
 0.010303906
 0.010300224
 0.010300224
 0.010300224
 0.010300224
 0.010300224
 0.010300224
 0.010296543
 0.010296543
 0.010296543
 0.010296543
 0.010296543
 0.010292862
 0.010292862
 0.010292862
 0.010292862
 0.010292862
 0.01028918
 0.01028918
 0.01028918
 0.01028918
 0.01028918
 0.010285499
 0.010285499
 0.010285499
 0.010285499
 0.010285499
 0.010285499
 0.010281818
 0.010281818
 0.010281818
 0.010281818
 0.010281818
 0.010278137
 0.010278137
 0.010278137
 0.010278137
 0.010278137
 0.010278137
 0.010274455
 0.010274455
 0.010274455
 0.010274455
 0.010274455
 0.010270774
 0.010270774
 0.010270774
 0.010270774
 0.010270774
 0.010270774
 0.010267093
 0.010267093
 0.010267093
 0.010267093
 0.010267093
 0.010267093
 0.010263411
 0.010263411
 0.010263411
 0.010263411
 0.010263411
 0.01025973
 0.01025973
 0.01025973
 0.01025973
 0.01025973
 0.01025973
 0.010256049
 0.010256049
 0.010256049
 0.010256049
 0.010256049
 0.010256049
 0.010252368
 0.010252368
 0.010252368
 0.010252368
 0.010252368
 0.010252368
 0.010248686
 0.010248686
 0.010248686
 0.010248686
 0.010248686
 0.010248686
 0.010245005
 0.010245005
 0.010245005
 0.010245005
 0.010245005
 0.010245005
 0.010241324
 0.010241324
 0.010241324
 0.010241324
 0.010241324
 0.010241324
 0.010237642
 0.010237642
 0.010237642
 0.010237642
 0.010237642
 0.010237642
 0.010237642
 0.010233961
 0.010233961
 0.010233961
 0.010233961
 0.010233961
 0.010233961
 0.01023028
 0.01023028
 0.01023028
 0.01023028
 0.01023028
 0.01023028
 0.01023028
 0.010226599
 0.010226599
 0.010226599
 0.010226599
 0.010226599
 0.010226599
 0.010222917
 0.010222917
 0.010222917
 0.010222917
 0.010222917
 0.010222917
 0.010222917
 0.010219236
 0.010219236
 0.010219236
 0.010219236
 0.010219236
 0.010219236
 0.010219236
 0.010215555
 0.010215555
 0.010215555
 0.010215555
 0.010215555
 0.010215555
 0.010215555
 0.010211873
 0.010211873
 0.010211873
 0.010211873
 0.010211873
 0.010211873
 0.010211873
 0.010208192
 0.010208192
 0.010208192
 0.010208192
 0.010208192
 0.010208192
 0.010208192
 0.010204511
 0.010204511
 0.010204511
 0.010204511
 0.010204511
 0.010204511
 0.010204511
 0.010204511
 0.01020083
 0.01020083
 0.01020083
 0.01020083
 0.01020083
 0.01020083
 0.01020083
 0.01020083
 0.010197148
 0.010197148
 0.010197148
 0.010197148
 0.010197148
 0.010197148
 0.010197148
 0.010193467
 0.010193467
 0.010193467
 0.010193467
 0.010193467
 0.010193467
 0.010193467
 0.010193467
 0.010193467
 0.010189786
 0.010189786
 0.010189786
 0.010189786
 0.010189786
 0.010189786
 0.010189786
 0.010189786
 0.010186105
 0.010186105
 0.010186105
 0.010186105
 0.010186105
 0.010186105
 0.010186105
 0.010186105
 0.010186105
 0.010182423
 0.010182423
 0.010182423
 0.010182423
 0.010182423
 0.010182423
 0.010182423
 0.010182423
 0.010182423
 0.010178742
 0.010178742
 0.010178742
 0.010178742
 0.010178742
 0.010178742
 0.010178742
 0.010178742
 0.010178742
 0.010175061
 0.010175061
 0.010175061
 0.010175061
 0.010175061
 0.010175061
 0.010175061
 0.010175061
 0.010175061
 0.010175061
 0.010171379
 0.010171379
 0.010171379
 0.010171379
 0.010171379
 0.010171379
 0.010171379
 0.010171379
 0.010171379
 0.010171379
 0.010171379
 0.010167698
 0.010167698
 0.010167698
 0.010167698
 0.010167698
 0.010167698
 0.010167698
 0.010167698
 0.010167698
 0.010167698
 0.010167698
 0.010164017
 0.010164017
 0.010164017
 0.010164017
 0.010164017
 0.010164017
 0.010164017
 0.010164017
 0.010164017
 0.010164017
 0.010164017
 0.010164017
 0.010160336
 0.010160336
 0.010160336
 0.010160336
 0.010160336
 0.010160336
 0.010160336
 0.010160336
 0.010160336
 0.010160336
 0.010160336
 0.010160336
 0.010160336
 0.010156654
 0.010156654
 0.010156654
 0.010156654
 0.010156654
 0.010156654
 0.010156654
 0.010156654
 0.010156654
 0.010156654
 0.010156654
 0.010156654
 0.010156654
 0.010156654
 0.010152973
 0.010152973
 0.010152973
 0.010152973
 0.010152973
 0.010152973
 0.010152973
 0.010152973
 0.010152973
 0.010152973
 0.010152973
 0.010152973
 0.010152973
 0.010152973
 0.010152973
 0.010152973
 0.010152973
 0.010149292
 0.010149292
 0.010149292
 0.010149292
 0.010149292
 0.010149292
 0.010149292
 0.010149292
 0.010149292
 0.010149292
 0.010149292
 0.010149292
 0.010149292
 0.010149292
 0.010149292
 0.010149292
 0.010149292
 0.010149292
 0.010149292
 0.010149292
 0.01014561
 0.01014561
 0.01014561
 0.01014561
 0.01014561
 0.01014561
 0.01014561
 0.01014561
 0.01014561
 0.01014561
 0.01014561
 0.01014561
 0.01014561
 0.01014561
 0.01014561
 0.01014561
 0.01014561
 0.01014561
 0.01014561
 0.01014561
 0.01014561
 0.01014561
 0.01014561
 0.01014561
 0.01014561
 0.01014561
 0.01014561
 0.01014561
 0.01014561
 0.010141929
 0.010141929
 0.010141929
 0.010141929
 0.010141929
 0.010141929
 0.010141929
 0.010141929
 0.010141929
 0.010141929
 0.010141929
 0.010141929
 0.010141929
 0.010141929
 0.010141929
 0.010141929
 0.010141929
 0.010141929
 0.010141929
 0.010141929
 0.010141929
 0.010141929
 0.010141929
 0.010141929
 0.010141929
 0.010141929
 0.010141929
 0.010141929
 0.010141929
 0.010141929
 0.010141929
 0.010141929
 0.010141929
 0.010141929
 0.010141929
 0.010141929
 0.010141929
 0.010141929
 0.010141929
 0.010141929
 0.010141929
 0.010141929
 0.010141929
 0.010141929
 0.010141929
 0.010141929
 0.010141929
 0.010141929
 0.010141929
 0.010141929
 0.010141929
 0.010141929
 0.010141929
 0.010141929
 0.010141929
 0.010141929
 0.010141929
 0.010141929
 0.010141929
 0.010141929
 0.010141929
 0.010141929
 0.010141929
 0.010141929
 0.010141929
 0.010141929
 0.010141929
 0.010141929
 0.010141929
 0.010141929
 0.010141929
 0.010141929
 0.010141929
 0.010141929
 0.010141929
 0.010141929
 0.010141929
 0.010141929
 0.010141929
 0.010141929
 0.010141929
 0.010141929
 0.01014561
 0.01014561
 0.01014561
 0.01014561
 0.01014561
 0.01014561
 0.01014561
 0.01014561
 0.01014561
 0.01014561
 0.01014561
 0.01014561
 0.01014561
 0.01014561
 0.01014561
 0.01014561
 0.01014561
 0.01014561
 0.01014561
 0.01014561
 0.01014561
 0.01014561
 0.01014561
 0.01014561
 0.01014561
 0.01014561
 0.01014561
 0.01014561
 0.01014561
 0.01014561
 0.01014561
 0.01014561
 0.01014561
 0.010149292
 0.010149292
 0.010149292
 0.010149292
 0.010149292
 0.010149292
 0.010149292
 0.010149292
 0.010149292
 0.010149292
 0.010149292
 0.010149292
 0.010149292
 0.010149292
 0.010149292
 0.010149292
 0.010149292
 0.010149292
 0.010149292
 0.010149292
 0.010149292
 0.010149292
 0.010152973
 0.010152973
 0.010152973
 0.010152973
 0.010152973
 0.010152973
 0.010152973
 0.010152973
 0.010152973
 0.010152973
 0.010152973
 0.010152973
 0.010152973
 0.010152973
 0.010152973
 0.010152973
 0.010152973
 0.010152973
 0.010152973
 0.010156654
 0.010156654
 0.010156654
 0.010156654
 0.010156654
 0.010156654
 0.010156654
 0.010156654
 0.010156654
 0.010156654
 0.010156654
 0.010156654
 0.010156654
 0.010156654
 0.010156654
 0.010156654
 0.010160336
 0.010160336
 0.010160336
 0.010160336
 0.010160336
 0.010160336
 0.010160336
 0.010160336
 0.010160336
 0.010160336
 0.010160336
 0.010160336
 0.010160336
 0.010160336
 0.010164017
 0.010164017
 0.010164017
 0.010164017
 0.010164017
 0.010164017
 0.010164017
 0.010164017
 0.010164017
 0.010164017
 0.010164017
 0.010164017
 0.010164017
 0.010167698
 0.010167698
 0.010167698
 0.010167698
 0.010167698
 0.010167698
 0.010167698
 0.010167698
 0.010167698
 0.010167698
 0.010167698
 0.010167698
 0.010167698
 0.010171379
 0.010171379
 0.010171379
 0.010171379
 0.010171379
 0.010171379
 0.010171379
 0.010171379
 0.010171379
 0.010171379
 0.010171379
 0.010175061
 0.010175061
 0.010175061
 0.010175061
 0.010175061
 0.010175061
 0.010175061
 0.010175061
 0.010175061
 0.010175061
 0.010175061
 0.010178742
 0.010178742
 0.010178742
 0.010178742
 0.010178742
 0.010178742
 0.010178742
 0.010178742
 0.010178742
 0.010178742
 0.010178742
 0.010182423
 0.010182423
 0.010182423
 0.010182423
 0.010182423
 0.010182423
 0.010182423
 0.010182423
 0.010182423
 0.010182423
 0.010186105
 0.010186105
 0.010186105
 0.010186105
 0.010186105
 0.010186105
 0.010186105
 0.010186105
 0.010186105
 0.010189786
 0.010189786
 0.010189786
 0.010189786
 0.010189786
 0.010189786
 0.010189786
 0.010189786
 0.010189786
 0.010189786
 0.010193467
 0.010193467
 0.010193467
 0.010193467
 0.010193467
 0.010193467
 0.010193467
 0.010193467
 0.010197148
 0.010197148
 0.010197148
 0.010197148
 0.010197148
 0.010197148
 0.010197148
 0.010197148
 0.010197148
 0.01020083
 0.01020083
 0.01020083
 0.01020083
 0.01020083
 0.01020083
 0.01020083
 0.01020083
 0.01020083
 0.010204511
 0.010204511
 0.010204511
 0.010204511
 0.010204511
 0.010204511
 0.010204511
 0.010204511
 0.010208192
 0.010208192
 0.010208192
 0.010208192
 0.010208192
 0.010208192
 0.010208192
 0.010208192
 0.010211873
 0.010211873
 0.010211873
 0.010211873
 0.010211873
 0.010211873
 0.010211873
 0.010211873
 0.010215555
 0.010215555
 0.010215555
 0.010215555
 0.010215555
 0.010215555
 0.010215555
 0.010219236
 0.010219236
 0.010219236
 0.010219236
 0.010219236
 0.010219236
 0.010219236
 0.010219236
 0.010222917
 0.010222917
 0.010222917
 0.010222917
 0.010222917
 0.010222917
 0.010222917
 0.010226599
 0.010226599
 0.010226599
 0.010226599
 0.010226599
 0.010226599
 0.010226599
 0.01023028
 0.01023028
 0.01023028
 0.01023028
 0.01023028
 0.01023028
 0.01023028
 0.010233961
 0.010233961
 0.010233961
 0.010233961
 0.010233961
 0.010233961
 0.010233961
 0.010237642
 0.010237642
 0.010237642
 0.010237642
 0.010237642
 0.010237642
 0.010237642
 0.010241324
 0.010241324
 0.010241324
 0.010241324
 0.010241324
 0.010241324
 0.010241324
 0.010245005
 0.010245005
 0.010245005
 0.010245005
 0.010245005
 0.010245005
 0.010245005
 0.010248686
 0.010248686
 0.010248686
 0.010248686
 0.010248686
 0.010248686
 0.010252368
 0.010252368
 0.010252368
 0.010252368
 0.010252368
 0.010252368
 0.010252368
 0.010256049
 0.010256049
 0.010256049
 0.010256049
 0.010256049
 0.010256049
 0.01025973
 0.01025973
 0.01025973
 0.01025973
 0.01025973
 0.01025973
 0.010263411
 0.010263411
 0.010263411
 0.010263411
 0.010263411
 0.010263411
 0.010267093
 0.010267093
 0.010267093
 0.010267093
 0.010267093
 0.010267093
 0.010267093
 0.010270774
 0.010270774
 0.010270774
 0.010270774
 0.010270774
 0.010270774
 0.010274455
 0.010274455
 0.010274455
 0.010274455
 0.010274455
 0.010274455
 0.010278137
 0.010278137
 0.010278137
 0.010278137
 0.010278137
 0.010281818
 0.010281818
 0.010281818
 0.010281818
 0.010281818
 0.010281818
 0.010285499
 0.010285499
 0.010285499
 0.010285499
 0.010285499
 0.010285499
 0.01028918
 0.01028918
 0.01028918
 0.01028918
 0.01028918
 0.01028918
 0.010292862
 0.010292862
 0.010292862
 0.010292862
 0.010292862
 0.010296543
 0.010296543
 0.010296543
 0.010296543
 0.010296543
 0.010296543
 0.010300224
 0.010300224
 0.010300224
 0.010300224
 0.010300224
 0.010300224
 0.010303906
 0.010303906
 0.010303906
 0.010303906
 0.010303906
 0.010307587
 0.010307587
 0.010307587
 0.010307587
 0.010307587
 0.010307587
 0.010311268
 0.010311268
 0.010311268
 0.010311268
 0.010311268
 0.010314949
 0.010314949
 0.010314949
 0.010314949
 0.010314949
 0.010318631
 0.010318631
 0.010318631
 0.010318631
 0.010318631
 0.010318631
 0.010322312
 0.010322312
 0.010322312
 0.010322312
 0.010322312
 0.010325993
 0.010325993
 0.010325993
 0.010325993
 0.010325993
 0.010329674
 0.010329674
 0.010329674
 0.010329674
 0.010329674
 0.010329674
 0.010333356
 0.010333356
 0.010333356
 0.010333356
 0.010333356
 0.010337037
 0.010337037
 0.010337037
 0.010337037
 0.010337037
 0.010340718
 0.010340718
 0.010340718
 0.010340718
 0.010340718
 0.0103444
 0.0103444
 0.0103444
 0.0103444
 0.0103444
 0.010348081
 0.010348081
 0.010348081
 0.010348081
 0.010348081
 0.010351762
 0.010351762
 0.010351762
 0.010351762
 0.010351762
 0.010355443
 0.010355443
 0.010355443
 0.010355443
 0.010355443
 0.010359125
 0.010359125
 0.010359125
 0.010359125
 0.010359125
 0.010362806
 0.010362806
 0.010362806
 0.010362806
 0.010362806
 0.010366487
 0.010366487
 0.010366487
 0.010366487
 0.010366487
 0.010370169
 0.010370169
 0.010370169
 0.010370169
 0.010370169
 0.01037385
 0.01037385
 0.01037385
 0.01037385
 0.01037385
 0.010377531
 0.010377531
 0.010377531
 0.010377531
 0.010381212
 0.010381212
 0.010381212
 0.010381212
 0.010381212
 0.010384894
 0.010384894
 0.010384894
 0.010384894
 0.010384894
 0.010388575
 0.010388575
 0.010388575
 0.010388575
 0.010388575
 0.010392256
 0.010392256
 0.010392256
 0.010392256
 0.010392256
 0.010395938
 0.010395938
 0.010395938
 0.010395938
 0.010399619
 0.010399619
 0.010399619
 0.010399619
 0.010399619
 0.0104033
 0.0104033
 0.0104033
 0.0104033
 0.0104033
 0.010406981
 0.010406981
 0.010406981
 0.010406981
 0.010410663
 0.010410663
 0.010410663
 0.010410663
 0.010410663
 0.010414344
 0.010414344
 0.010414344
 0.010414344
 0.010418025
 0.010418025
 0.010418025
 0.010418025
 0.010418025
 0.010421707
 0.010421707
 0.010421707
 0.010421707
 0.010425388
 0.010425388
 0.010425388
 0.010425388
 0.010425388
 0.010429069
 0.010429069
 0.010429069
 0.010429069
 0.010429069
 0.01043275
 0.01043275
 0.01043275
 0.01043275
 0.010436432
 0.010436432
 0.010436432
 0.010436432
 0.010436432
 0.010440113
 0.010440113
 0.010440113
 0.010440113
 0.010443794
 0.010443794
 0.010443794
 0.010443794
 0.010447475
 0.010447475
 0.010447475
 0.010447475
 0.010447475
 0.010451157
 0.010451157
 0.010451157
 0.010451157
 0.010454838
 0.010454838
 0.010454838
 0.010454838
 0.010454838
 0.010458519
 0.010458519
 0.010458519
 0.010458519
 0.010462201
 0.010462201
 0.010462201
 0.010462201
 0.010465882
 0.010465882
 0.010465882
 0.010465882
 0.010465882
 0.010469563
 0.010469563
 0.010469563
 0.010469563
 0.010473244
 0.010473244
 0.010473244
 0.010473244
 0.010476926
 0.010476926
 0.010476926
 0.010476926
 0.010476926
 0.010480607
 0.010480607
 0.010480607
 0.010480607
 0.010484288
 0.010484288
 0.010484288
 0.010484288
 0.01048797
 0.01048797
 0.01048797
 0.01048797
 0.01048797
 0.010491651
 0.010491651
 0.010491651
 0.010491651
 0.010495332
 0.010495332
 0.010495332
 0.010495332
 0.010499013
 0.010499013
 0.010499013
 0.010499013
 0.010502695
 0.010502695
 0.010502695
 0.010502695
 0.010502695
 0.010506376
 0.010506376
 0.010506376
 0.010506376
 0.010510057
 0.010510057
 0.010510057
 0.010510057
 0.010513739
 0.010513739
 0.010513739
 0.010513739
 0.01051742
 0.01051742
 0.01051742
 0.01051742
 0.010521101
 0.010521101
 0.010521101
 0.010521101
 0.010521101
 0.010524782
 0.010524782
 0.010524782
 0.010524782
 0.010528464
 0.010528464
 0.010528464
 0.010528464
 0.010532145
 0.010532145
 0.010532145
 0.010532145
 0.010535826
 0.010535826
 0.010535826
 0.010535826
 0.010539508
 0.010539508
 0.010539508
 0.010539508
 0.010543189
 0.010543189
 0.010543189
 0.010543189
 0.010543189
 0.01054687
 0.01054687
 0.01054687
 0.01054687
 0.010550551
 0.010550551
 0.010550551
 0.010550551
 0.010554233
 0.010554233
 0.010554233
 0.010554233
 0.010557914
 0.010557914
 0.010557914
 0.010557914
 0.010561595
 0.010561595
 0.010561595
 0.010561595
 0.010565276
 0.010565276
 0.010565276
 0.010565276
 0.010568958
 0.010568958
 0.010568958
 0.010568958
 0.010572639
 0.010572639
 0.010572639
 0.010572639
 0.01057632
 0.01057632
 0.01057632
 0.01057632
 0.010580002
 0.010580002
 0.010580002
 0.010580002
 0.010583683
 0.010583683
 0.010583683
 0.010583683
 0.010587364
 0.010587364
 0.010587364
 0.010587364
 0.010591045
 0.010591045
 0.010591045
 0.010591045
 0.010594727
 0.010594727
 0.010594727
 0.010594727
 0.010598408
 0.010598408
 0.010598408
 0.010598408
 0.010598408
 0.010602089
 0.010602089
 0.010602089
 0.010602089
 0.010605771
 0.010605771
 0.010605771
 0.010605771
 0.010609452
 0.010609452
 0.010609452
 0.010609452
 0.010613133
 0.010613133
 0.010613133
 0.010613133
 0.010616814
 0.010616814
 0.010616814
 0.010616814
 0.010620496
 0.010620496
 0.010620496
 0.010620496
 0.010624177
 0.010624177
 0.010624177
 0.010624177
 0.010627858
 0.010627858
 0.010627858
 0.01063154
 0.01063154
 0.01063154
 0.01063154
 0.010635221
 0.010635221
 0.010635221
 0.010635221
 0.010638902
 0.010638902
 0.010638902
 0.010638902
 0.010642583
 0.010642583
 0.010642583
 0.010642583
 0.010646265
 0.010646265
 0.010646265
 0.010646265
 0.010649946
 0.010649946
 0.010649946
 0.010649946
 0.010653627
 0.010653627
 0.010653627
 0.010653627
 0.010657308
 0.010657308
 0.010657308
 0.010657308
 0.01066099
 0.01066099
 0.01066099
 0.01066099
 0.010664671
 0.010664671
 0.010664671
 0.010664671
 0.010668352
 0.010668352
 0.010668352
 0.010668352
 0.010672034
 0.010672034
 0.010672034
 0.010672034
 0.010675715
 0.010675715
 0.010675715
 0.010675715
 0.010679396
 0.010679396
 0.010679396
 0.010679396
 0.010683077
 0.010683077
 0.010683077
 0.010683077
 0.010686759
 0.010686759
 0.010686759
 0.010686759
 0.01069044
 0.01069044
 0.01069044
 0.01069044
 0.010694121
 0.010694121
 0.010694121
 0.010694121
 0.010697803
 0.010697803
 0.010697803
 0.010701484
 0.010701484
 0.010701484
 0.010701484
 0.010705165
 0.010705165
 0.010705165
 0.010705165
 0.010708846
 0.010708846
 0.010708846
 0.010708846
 0.010712528
 0.010712528
 0.010712528
 0.010712528
 0.010716209
 0.010716209
 0.010716209
 0.010716209
 0.01071989
 0.01071989
 0.01071989
 0.01071989
 0.010723572
 0.010723572
 0.010723572
 0.010723572
 0.010727253
 0.010727253
 0.010727253
 0.010727253
 0.010730934
 0.010730934
 0.010730934
 0.010730934
 0.010734615
 0.010734615
 0.010734615
 0.010734615
 0.010738297
 0.010738297
 0.010738297
 0.010738297
 0.010741978
 0.010741978
 0.010741978
 0.010741978
 0.010745659
 0.010745659
 0.010745659
 0.010749341
 0.010749341
 0.010749341
 0.010749341
 0.010753022
 0.010753022
 0.010753022
 0.010753022
 0.010756703
 0.010756703
 0.010756703
 0.010756703
 0.010760384
 0.010760384
 0.010760384
 0.010760384
 0.010764066
 0.010764066
 0.010764066
 0.010764066
 0.010767747
 0.010767747
 0.010767747
 0.010767747
 0.010771428
 0.010771428
 0.010771428
 0.010771428
 0.010775109
 0.010775109
 0.010775109
 0.010775109
 0.010778791
 0.010778791
 0.010778791
 0.010778791
 0.010782472
 0.010782472
 0.010782472
 0.010782472
 0.010786153
 0.010786153
 0.010786153
 0.010786153
 0.010789835
 0.010789835
 0.010789835
 0.010793516
 0.010793516
 0.010793516
 0.010793516
 0.010797197
 0.010797197
 0.010797197
 0.010797197
 0.010800878
 0.010800878
 0.010800878
 0.010800878
 0.01080456
 0.01080456
 0.01080456
 0.01080456
 0.010808241
 0.010808241
 0.010808241
 0.010808241
 0.010811922
 0.010811922
 0.010811922
 0.010811922
 0.010815604
 0.010815604
 0.010815604
 0.010815604
 0.010819285
 0.010819285
 0.010819285
 0.010819285
 0.010822966
 0.010822966
 0.010822966
 0.010822966
 0.010826647
 0.010826647
 0.010826647
 0.010826647
 0.010830329
 0.010830329
 0.010830329
 0.010830329
 0.01083401
 0.01083401
 0.01083401
 0.01083401
 0.010837691
 0.010837691
 0.010837691
 0.010837691
 0.010841373
 0.010841373
 0.010841373
 0.010841373
 0.010845054
 0.010845054
 0.010845054
 0.010845054
 0.010848735
 0.010848735
 0.010848735
 0.010848735
 0.010852416
 0.010852416
 0.010852416
 0.010852416
 0.010856098
 0.010856098
 0.010856098
 0.010856098
 0.010859779
 0.010859779
 0.010859779
 0.01086346
 0.01086346
 0.01086346
 0.01086346
 0.010867142
 0.010867142
 0.010867142
 0.010867142
 0.010870823
 0.010870823
 0.010870823
 0.010870823
 0.010874504
 0.010874504
 0.010874504
 0.010874504
 0.010878185
 0.010878185
 0.010878185
 0.010878185
 0.010881867
 0.010881867
 0.010881867
 0.010881867
 0.010885548
 0.010885548
 0.010885548
 0.010885548
 0.010889229
 0.010889229
 0.010889229
 0.010889229
 0.010889229
 0.01089291
 0.01089291
 0.01089291
 0.01089291
 0.010896592
 0.010896592
 0.010896592
 0.010896592
 0.010900273
 0.010900273
 0.010900273
 0.010900273
 0.010903954
 0.010903954
 0.010903954
 0.010903954
 0.010907636
 0.010907636
 0.010907636
 0.010907636
 0.010911317
 0.010911317
 0.010911317
 0.010911317
 0.010914998
 0.010914998
 0.010914998
 0.010914998
 0.010918679
 0.010918679
 0.010918679
 0.010918679
 0.010922361
 0.010922361
 0.010922361
 0.010922361
 0.010926042
 0.010926042
 0.010926042
 0.010926042
 0.010929723
 0.010929723
 0.010929723
 0.010929723
 0.010933405
 0.010933405
 0.010933405
 0.010933405
 0.010937086
 0.010937086
 0.010937086
 0.010937086
 0.010940767
 0.010940767
 0.010940767
 0.010940767
 0.010944448
 0.010944448
 0.010944448
 0.010944448
 0.010944448
 0.01094813
 0.01094813
 0.01094813
 0.01094813
 0.010951811
 0.010951811
 0.010951811
 0.010951811
 0.010955492
 0.010955492
 0.010955492
 0.010955492
 0.010959174
 0.010959174
 0.010959174
 0.010959174
 0.010962855
 0.010962855
 0.010962855
 0.010962855
 0.010966536
 0.010966536
 0.010966536
 0.010966536
 0.010966536
 0.010970217
 0.010970217
 0.010970217
 0.010970217
 0.010973899
 0.010973899
 0.010973899
 0.010973899
 0.01097758
 0.01097758
 0.01097758
 0.01097758
 0.010981261
 0.010981261
 0.010981261
 0.010981261
 0.010984943
 0.010984943
 0.010984943
 0.010984943
 0.010984943
 0.010988624
 0.010988624
 0.010988624
 0.010988624
 0.010992305
 0.010992305
 0.010992305
 0.010992305
 0.010995986
 0.010995986
 0.010995986
 0.010995986
 0.010999668
 0.010999668
 0.010999668
 0.010999668
 0.010999668
 0.011003349
 0.011003349
 0.011003349
 0.011003349
 0.01100703
 0.01100703
 0.01100703
 0.01100703
 0.011010711
 0.011010711
 0.011010711
 0.011010711
 0.011010711
 0.011014393
 0.011014393
 0.011014393
 0.011014393
 0.011018074
 0.011018074
 0.011018074
 0.011018074
 0.011021755
 0.011021755
 0.011021755
 0.011021755
 0.011021755
 0.011025437
 0.011025437
 0.011025437
 0.011025437
 0.011029118
 0.011029118
 0.011029118
 0.011029118
 0.011032799
 0.011032799
 0.011032799
 0.011032799
 0.011032799
 0.01103648
 0.01103648
 0.01103648
 0.01103648
 0.011040162
 0.011040162
 0.011040162
 0.011040162
 0.011040162
 0.011043843
 0.011043843
 0.011043843
 0.011043843
 0.011047524
 0.011047524
 0.011047524
 0.011047524
 0.011051206
 0.011051206
 0.011051206
 0.011051206
 0.011051206
 0.011054887
 0.011054887
 0.011054887
 0.011054887
 0.011058568
 0.011058568
 0.011058568
 0.011058568
 0.011058568
 0.011062249
 0.011062249
 0.011062249
 0.011062249
 0.011062249
 0.011065931
 0.011065931
 0.011065931
 0.011065931
 0.011069612
 0.011069612
 0.011069612
 0.011069612
 0.011069612
 0.011073293
 0.011073293
 0.011073293
 0.011073293
 0.011076975
 0.011076975
 0.011076975
 0.011076975
 0.011076975
 0.011080656
 0.011080656
 0.011080656
 0.011080656
 0.011084337
 0.011084337
 0.011084337
 0.011084337
 0.011084337
 0.011088018
 0.011088018
 0.011088018
 0.011088018
 0.011088018
 0.0110917
 0.0110917
 0.0110917
 0.0110917
 0.011095381
 0.011095381
 0.011095381
 0.011095381
 0.011095381
 0.011099062
 0.011099062
 0.011099062
 0.011099062
 0.011099062
 0.011102743
 0.011102743
 0.011102743
 0.011102743
 0.011102743
 0.011106425
 0.011106425
 0.011106425
 0.011106425
 0.011106425
 0.011110106
 0.011110106
 0.011110106
 0.011110106
 0.011113787
 0.011113787
 0.011113787
 0.011113787
 0.011113787
 0.011117469
 0.011117469
 0.011117469
 0.011117469
 0.011117469
 0.01112115
 0.01112115
 0.01112115
 0.01112115
 0.01112115
 0.011124831
 0.011124831
 0.011124831
 0.011124831
 0.011124831
 0.011128512
 0.011128512
 0.011128512
 0.011128512
 0.011128512
 0.011132194
 0.011132194
 0.011132194
 0.011132194
 0.011132194
 0.011135875
 0.011135875
 0.011135875
 0.011135875
 0.011135875
 0.011139556
 0.011139556
 0.011139556
 0.011139556
 0.011139556
 0.011143238
 0.011143238
 0.011143238
 0.011143238
 0.011143238
 0.011146919
 0.011146919
 0.011146919
 0.011146919
 0.011146919
 0.0111506
 0.0111506
 0.0111506
 0.0111506
 0.0111506
 0.011154281
 0.011154281
 0.011154281
 0.011154281
 0.011154281
 0.011157963
 0.011157963
 0.011157963
 0.011157963
 0.011157963
 0.011157963
 0.011161644
 0.011161644
 0.011161644
 0.011161644
 0.011161644
 0.011165325
 0.011165325
 0.011165325
 0.011165325
 0.011165325
 0.011169007
 0.011169007
 0.011169007
 0.011169007
 0.011169007
 0.011169007
 0.011172688
 0.011172688
 0.011172688
 0.011172688
 0.011172688
 0.011176369
 0.011176369
 0.011176369
 0.011176369
 0.011176369
 0.01118005
 0.01118005
 0.01118005
 0.01118005
 0.01118005
 0.01118005
 0.011183732
 0.011183732
 0.011183732
 0.011183732
 0.011183732
 0.011187413
 0.011187413
 0.011187413
 0.011187413
 0.011187413
 0.011187413
 0.011191094
 0.011191094
 0.011191094
 0.011191094
 0.011191094
 0.011191094
 0.011194776
 0.011194776
 0.011194776
 0.011194776
 0.011194776
 0.011198457
 0.011198457
 0.011198457
 0.011198457
 0.011198457
 0.011198457
 0.011202138
 0.011202138
 0.011202138
 0.011202138
 0.011202138
 0.011202138
 0.011205819
 0.011205819
 0.011205819
 0.011205819
 0.011205819
 0.011205819
 0.011209501
 0.011209501
 0.011209501
 0.011209501
 0.011209501
 0.011213182
 0.011213182
 0.011213182
 0.011213182
 0.011213182
 0.011213182
 0.011216863
 0.011216863
 0.011216863
 0.011216863
 0.011216863
 0.011216863
 0.011220544
 0.011220544
 0.011220544
 0.011220544
 0.011220544
 0.011220544
 0.011220544
 0.011224226
 0.011224226
 0.011224226
 0.011224226
 0.011224226
 0.011224226
 0.011227907
 0.011227907
 0.011227907
 0.011227907
 0.011227907
 0.011227907
 0.011231588
 0.011231588
 0.011231588
 0.011231588
 0.011231588
 0.011231588
 0.01123527
 0.01123527
 0.01123527
 0.01123527
 0.01123527
 0.01123527
 0.01123527
 0.011238951
 0.011238951
 0.011238951
 0.011238951
 0.011238951
 0.011238951
 0.011242632
 0.011242632
 0.011242632
 0.011242632
 0.011242632
 0.011242632
 0.011242632
 0.011246313
 0.011246313
 0.011246313
 0.011246313
 0.011246313
 0.011246313
 0.011246313
 0.011249995
 0.011249995
 0.011249995
 0.011249995
 0.011249995
 0.011249995
 0.011249995
 0.011253676
 0.011253676
 0.011253676
 0.011253676
 0.011253676
 0.011253676
 0.011253676
 0.011257357
 0.011257357
 0.011257357
 0.011257357
 0.011257357
 0.011257357
 0.011257357
 0.011261039
 0.011261039
 0.011261039
 0.011261039
 0.011261039
 0.011261039
 0.011261039
 0.01126472
 0.01126472
 0.01126472
 0.01126472
 0.01126472
 0.01126472
 0.01126472
 0.011268401
 0.011268401
 0.011268401
 0.011268401
 0.011268401
 0.011268401
 0.011268401
 0.011268401
 0.011272082
 0.011272082
 0.011272082
 0.011272082
 0.011272082
 0.011272082
 0.011272082
 0.011275764
 0.011275764
 0.011275764
 0.011275764
 0.011275764
 0.011275764
 0.011275764
 0.011275764
 0.011279445
 0.011279445
 0.011279445
 0.011279445
 0.011279445
 0.011279445
 0.011279445
 0.011279445
 0.011283126
 0.011283126
 0.011283126
 0.011283126
 0.011283126
 0.011283126
 0.011283126
 0.011283126
 0.011286808
 0.011286808
 0.011286808
 0.011286808
 0.011286808
 0.011286808
 0.011286808
 0.011286808
 0.011286808
 0.011290489
 0.011290489
 0.011290489
 0.011290489
 0.011290489
 0.011290489
 0.011290489
 0.011290489
 0.011290489
 0.01129417
 0.01129417
 0.01129417
 0.01129417
 0.01129417
 0.01129417
 0.01129417
 0.01129417
 0.011297851
 0.011297851
 0.011297851
 0.011297851
 0.011297851
 0.011297851
 0.011297851
 0.011297851
 0.011297851
 0.011297851
 0.011301533
 0.011301533
 0.011301533
 0.011301533
 0.011301533
 0.011301533
 0.011301533
 0.011301533
 0.011301533
 0.011305214
 0.011305214
 0.011305214
 0.011305214
 0.011305214
 0.011305214
 0.011305214
 0.011305214
 0.011305214
 0.011305214
 0.011308895
 0.011308895
 0.011308895
 0.011308895
 0.011308895
 0.011308895
 0.011308895
 0.011308895
 0.011308895
 0.011308895
 0.011308895
 0.011312577
 0.011312577
 0.011312577
 0.011312577
 0.011312577
 0.011312577
 0.011312577
 0.011312577
 0.011312577
 0.011312577
 0.011312577
 0.011316258
 0.011316258
 0.011316258
 0.011316258
 0.011316258
 0.011316258
 0.011316258
 0.011316258
 0.011316258
 0.011316258
 0.011316258
 0.011319939
 0.011319939
 0.011319939
 0.011319939
 0.011319939
 0.011319939
 0.011319939
 0.011319939
 0.011319939
 0.011319939
 0.011319939
 0.011319939
 0.011319939
 0.01132362
 0.01132362
 0.01132362
 0.01132362
 0.01132362
 0.01132362
 0.01132362
 0.01132362
 0.01132362
 0.01132362
 0.01132362
 0.01132362
 0.01132362
 0.011327302
 0.011327302
 0.011327302
 0.011327302
 0.011327302
 0.011327302
 0.011327302
 0.011327302
 0.011327302
 0.011327302
 0.011327302
 0.011327302
 0.011327302
 0.011327302
 0.011330983
 0.011330983
 0.011330983
 0.011330983
 0.011330983
 0.011330983
 0.011330983
 0.011330983
 0.011330983
 0.011330983
 0.011330983
 0.011330983
 0.011330983
 0.011330983
 0.011330983
 0.011330983
 0.011334664
 0.011334664
 0.011334664
 0.011334664
 0.011334664
 0.011334664
 0.011334664
 0.011334664
 0.011334664
 0.011334664
 0.011334664
 0.011334664
 0.011334664
 0.011334664
 0.011334664
 0.011334664
 0.011334664
 0.011334664
 0.011334664
 0.011338345
 0.011338345
 0.011338345
 0.011338345
 0.011338345
 0.011338345
 0.011338345
 0.011338345
 0.011338345
 0.011338345
 0.011338345
 0.011338345
 0.011338345
 0.011338345
 0.011338345
 0.011338345
 0.011338345
 0.011338345
 0.011338345
 0.011338345
 0.011338345
 0.011338345
 0.011342027
 0.011342027
 0.011342027
 0.011342027
 0.011342027
 0.011342027
 0.011342027
 0.011342027
 0.011342027
 0.011342027
 0.011342027
 0.011342027
 0.011342027
 0.011342027
 0.011342027
 0.011342027
 0.011342027
 0.011342027
 0.011342027
 0.011342027
 0.011342027
 0.011342027
 0.011342027
 0.011342027
 0.011342027
 0.011342027
 0.011342027
 0.011342027
 0.011342027
 0.011342027
 0.011342027
 0.011342027
 0.011342027
 0.011345708
 0.011345708
 0.011345708
 0.011345708
 0.011345708
 0.011345708
 0.011345708
 0.011345708
 0.011345708
 0.011345708
 0.011345708
 0.011345708
 0.011345708
 0.011345708
 0.011345708
 0.011345708
 0.011345708
 0.011345708
 0.011345708
 0.011345708
 0.011345708
 0.011345708
 0.011345708
 0.011345708
 0.011345708
 0.011345708
 0.011345708
 0.011345708
 0.011345708
 0.011345708
 0.011345708
 0.011345708
 0.011345708
 0.011345708
 0.011345708
 0.011345708
 0.011345708
 0.011345708
 0.011345708
 0.011345708
 0.011345708
 0.011345708
 0.011345708
 0.011345708
 0.011345708
 0.011345708
 0.011345708
 0.011345708
 0.011345708
 0.011345708
 0.011345708
 0.011345708
 0.011345708
 0.011345708
 0.011345708
 0.011345708
 0.011345708
 0.011345708
 0.011345708
 0.011345708
 0.011345708
 0.011345708
 0.011345708
 0.011345708
 0.011345708
 0.011345708
 0.011345708
 0.011345708
 0.011345708
 0.011345708
 0.011345708
 0.011345708
 0.011345708
 0.011345708
 0.011342027
 0.011342027
 0.011342027
 0.011342027
 0.011342027
 0.011342027
 0.011342027
 0.011342027
 0.011342027
 0.011342027
 0.011342027
 0.011342027
 0.011342027
 0.011342027
 0.011342027
 0.011342027
 0.011342027
 0.011342027
 0.011342027
 0.011342027
 0.011342027
 0.011342027
 0.011342027
 0.011338345
 0.011338345
 0.011338345
 0.011338345
 0.011338345
 0.011338345
 0.011338345
 0.011338345
 0.011338345
 0.011338345
 0.011338345
 0.011338345
 0.011338345
 0.011338345
 0.011338345
 0.011338345
 0.011334664
 0.011334664
 0.011334664
 0.011334664
 0.011334664
 0.011334664
 0.011334664
 0.011334664
 0.011334664
 0.011334664
 0.011334664
 0.011334664
 0.011334664
 0.011330983
 0.011330983
 0.011330983
 0.011330983
 0.011330983
 0.011330983
 0.011330983
 0.011330983
 0.011330983
 0.011330983
 0.011330983
 0.011327302
 0.011327302
 0.011327302
 0.011327302
 0.011327302
 0.011327302
 0.011327302
 0.011327302
 0.011327302
 0.011327302
 0.01132362
 0.01132362
 0.01132362
 0.01132362
 0.01132362
 0.01132362
 0.01132362
 0.01132362
 0.01132362
 0.011319939
 0.011319939
 0.011319939
 0.011319939
 0.011319939
 0.011319939
 0.011319939
 0.011319939
 0.011319939
 0.011316258
 0.011316258
 0.011316258
 0.011316258
 0.011316258
 0.011316258
 0.011316258
 0.011316258
 0.011312577
 0.011312577
 0.011312577
 0.011312577
 0.011312577
 0.011312577
 0.011312577
 0.011308895
 0.011308895
 0.011308895
 0.011308895
 0.011308895
 0.011308895
 0.011308895
 0.011308895
 0.011305214
 0.011305214
 0.011305214
 0.011305214
 0.011305214
 0.011305214
 0.011305214
 0.011301533
 0.011301533
 0.011301533
 0.011301533
 0.011301533
 0.011301533
 0.011297851
 0.011297851
 0.011297851
 0.011297851
 0.011297851
 0.011297851
 0.011297851
 0.01129417
 0.01129417
 0.01129417
 0.01129417
 0.01129417
 0.01129417
 0.011290489
 0.011290489
 0.011290489
 0.011290489
 0.011290489
 0.011290489
 0.011286808
 0.011286808
 0.011286808
 0.011286808
 0.011286808
 0.011286808
 0.011283126
 0.011283126
 0.011283126
 0.011283126
 0.011283126
 0.011283126
 0.011279445
 0.011279445
 0.011279445
 0.011279445
 0.011279445
 0.011275764
 0.011275764
 0.011275764
 0.011275764
 0.011275764
 0.011275764
 0.011272082
 0.011272082
 0.011272082
 0.011272082
 0.011272082
 0.011268401
 0.011268401
 0.011268401
 0.011268401
 0.011268401
 0.01126472
 0.01126472
 0.01126472
 0.01126472
 0.01126472
 0.011261039
 0.011261039
 0.011261039
 0.011261039
 0.011261039
 0.011257357
 0.011257357
 0.011257357
 0.011257357
 0.011257357
 0.011253676
 0.011253676
 0.011253676
 0.011253676
 0.011253676
 0.011249995
 0.011249995
 0.011249995
 0.011249995
 0.011249995
 0.011246313
 0.011246313
 0.011246313
 0.011246313
 0.011242632
 0.011242632
 0.011242632
 0.011242632
 0.011242632
 0.011238951
 0.011238951
 0.011238951
 0.011238951
 0.011238951
 0.01123527
 0.01123527
 0.01123527
 0.01123527
 0.011231588
 0.011231588
 0.011231588
 0.011231588
 0.011227907
 0.011227907
 0.011227907
 0.011227907
 0.011227907
 0.011224226
 0.011224226
 0.011224226
 0.011224226
 0.011220544
 0.011220544
 0.011220544
 0.011220544
 0.011216863
 0.011216863
 0.011216863
 0.011216863
 0.011213182
 0.011213182
 0.011213182
 0.011213182
 0.011213182
 0.011209501
 0.011209501
 0.011209501
 0.011209501
 0.011205819
 0.011205819
 0.011205819
 0.011205819
 0.011202138
 0.011202138
 0.011202138
 0.011202138
 0.011198457
 0.011198457
 0.011198457
 0.011198457
 0.011194776
 0.011194776
 0.011194776
 0.011194776
 0.011191094
 0.011191094
 0.011191094
 0.011187413
 0.011187413
 0.011187413
 0.011187413
 0.011183732
 0.011183732
 0.011183732
 0.011183732
 0.01118005
 0.01118005
 0.01118005
 0.01118005
 0.011176369
 0.011176369
 0.011176369
 0.011176369
 0.011172688
 0.011172688
 0.011172688
 0.011169007
 0.011169007
 0.011169007
 0.011169007
 0.011165325
 0.011165325
 0.011165325
 0.011165325
 0.011161644
 0.011161644
 0.011161644
 0.011157963
 0.011157963
 0.011157963
 0.011157963
 0.011154281
 0.011154281
 0.011154281
 0.0111506
 0.0111506
 0.0111506
 0.0111506
 0.011146919
 0.011146919
 0.011146919
 0.011143238
 0.011143238
 0.011143238
 0.011143238
 0.011139556
 0.011139556
 0.011139556
 0.011135875
 0.011135875
 0.011135875
 0.011135875
 0.011132194
 0.011132194
 0.011132194
 0.011128512
 0.011128512
 0.011128512
 0.011124831
 0.011124831
 0.011124831
 0.011124831
 0.01112115
 0.01112115
 0.01112115
 0.011117469
 0.011117469
 0.011117469
 0.011117469
 0.011113787
 0.011113787
 0.011113787
 0.011110106
 0.011110106
 0.011110106
 0.011106425
 0.011106425
 0.011106425
 0.011102743
 0.011102743
 0.011102743
 0.011102743
 0.011099062
 0.011099062
 0.011099062
 0.011095381
 0.011095381
 0.011095381
 0.0110917
 0.0110917
 0.0110917
 0.011088018
 0.011088018
 0.011088018
 0.011084337
 0.011084337
 0.011084337
 0.011084337
 0.011080656
 0.011080656
 0.011080656
 0.011076975
 0.011076975
 0.011076975
 0.011073293
 0.011073293
 0.011073293
 0.011069612
 0.011069612
 0.011069612
 0.011065931
 0.011065931
 0.011065931
 0.011062249
 0.011062249
 0.011062249
 0.011058568
 0.011058568
 0.011058568
 0.011054887
 0.011054887
 0.011054887
 0.011051206
 0.011051206
 0.011051206
 0.011047524
 0.011047524
 0.011047524
 0.011047524
 0.011043843
 0.011043843
 0.011043843
 0.011040162
 0.011040162
 0.011040162
 0.01103648
 0.01103648
 0.01103648
 0.011032799
 0.011032799
 0.011032799
 0.011029118
 0.011029118
 0.011025437
 0.011025437
 0.011025437
 0.011021755
 0.011021755
 0.011021755
 0.011018074
 0.011018074
 0.011018074
 0.011014393
 0.011014393
 0.011014393
 0.011010711
 0.011010711
 0.011010711
 0.01100703
 0.01100703
 0.01100703
 0.011003349
 0.011003349
 0.011003349
 0.010999668
 0.010999668
 0.010999668
 0.010995986
 0.010995986
 0.010995986
 0.010992305
 0.010992305
 0.010992305
 0.010988624
 0.010988624
 0.010984943
 0.010984943
 0.010984943
 0.010981261
 0.010981261
 0.010981261
 0.01097758
 0.01097758
 0.01097758
 0.010973899
 0.010973899
 0.010973899
 0.010970217
 0.010970217
 0.010970217
 0.010966536
 0.010966536
 0.010962855
 0.010962855
 0.010962855
 0.010959174
 0.010959174
 0.010959174
 0.010955492
 0.010955492
 0.010955492
 0.010951811
 0.010951811
 0.010951811
 0.01094813
 0.01094813
 0.010944448
 0.010944448
 0.010944448
 0.010940767
 0.010940767
 0.010940767
 0.010937086
 0.010937086
 0.010937086
 0.010933405
 0.010933405
 0.010929723
 0.010929723
 0.010929723
 0.010926042
 0.010926042
 0.010926042
 0.010922361
 0.010922361
 0.010918679
 0.010918679
 0.010918679
 0.010914998
 0.010914998
 0.010914998
 0.010911317
 0.010911317
 0.010911317
 0.010907636
 0.010907636
 0.010903954
 0.010903954
 0.010903954
 0.010900273
 0.010900273
 0.010900273
 0.010896592
 0.010896592
 0.01089291
 0.01089291
 0.01089291
 0.010889229
 0.010889229
 0.010889229
 0.010885548
 0.010885548
 0.010881867
 0.010881867
 0.010881867
 0.010878185
 0.010878185
 0.010878185
 0.010874504
 0.010874504
 0.010870823
 0.010870823
 0.010870823
 0.010867142
 0.010867142
 0.010867142
 0.01086346
 0.01086346
 0.010859779
 0.010859779
 0.010859779
 0.010856098
 0.010856098
 0.010852416
 0.010852416
 0.010852416
 0.010848735
 0.010848735
 0.010848735
 0.010845054
 0.010845054
 0.010841373
 0.010841373
 0.010841373
 0.010837691
 0.010837691
 0.010837691
 0.01083401
 0.01083401
 0.010830329
 0.010830329
 0.010830329
 0.010826647
 0.010826647
 0.010822966
 0.010822966
 0.010822966
 0.010819285
 0.010819285
 0.010819285
 0.010815604
 0.010815604
 0.010811922
 0.010811922
 0.010811922
 0.010808241
 0.010808241
 0.01080456
 0.01080456
 0.01080456
 0.010800878
 0.010800878
 0.010797197
 0.010797197
 0.010797197
 0.010793516
 0.010793516
 0.010793516
 0.010789835
 0.010789835
 0.010786153
 0.010786153
 0.010786153
 0.010782472
 0.010782472
 0.010778791
 0.010778791
 0.010778791
 0.010775109
 0.010775109
 0.010771428
 0.010771428
 0.010771428
 0.010767747
 0.010767747
 0.010764066
 0.010764066
 0.010764066
 0.010760384
 0.010760384
 0.010756703
 0.010756703
 0.010756703
 0.010753022
 0.010753022
 0.010753022
 0.010749341
 0.010749341
 0.010745659
 0.010745659
 0.010745659
 0.010741978
 0.010741978
 0.010738297
 0.010738297
 0.010738297
 0.010734615
 0.010734615
 0.010730934
 0.010730934
 0.010730934
 0.010727253
 0.010727253
 0.010723572
 0.010723572
 0.010723572
 0.01071989
 0.01071989
 0.010716209
 0.010716209
 0.010716209
 0.010712528
 0.010712528
 0.010708846
 0.010708846
 0.010708846
 0.010705165
 0.010705165
 0.010701484
 0.010701484
 0.010701484
 0.010697803
 0.010697803
 0.010694121
 0.010694121
 0.010694121
 0.01069044
 0.01069044
 0.010686759
 0.010686759
 0.010686759
 0.010683077
 0.010683077
 0.010679396
 0.010679396
 0.010679396
 0.010675715
 0.010675715
 0.010672034
 0.010672034
 0.010672034
 0.010668352
 0.010668352
 0.010664671
 0.010664671
 0.010664671
 0.01066099
 0.01066099
 0.010657308
 0.010657308
 0.010657308
 0.010653627
 0.010653627
 0.010649946
 0.010649946
 0.010649946
 0.010646265
 0.010646265
 0.010642583
 0.010642583
 0.010642583
 0.010638902
 0.010638902
 0.010635221
 0.010635221
 0.010635221
 0.01063154
 0.01063154
 0.010627858
 0.010627858
 0.010627858
 0.010624177
 0.010624177
 0.010620496
 0.010620496
 0.010620496
 0.010616814
 0.010616814
 0.010613133
 0.010613133
 0.010613133
 0.010609452
 0.010609452
 0.010605771
 0.010605771
 0.010605771
 0.010602089
 0.010602089
 0.010598408
 0.010598408
 0.010598408
 0.010594727
 0.010594727
 0.010591045
 0.010591045
 0.010591045
 0.010587364
 0.010587364
 0.010583683
 0.010583683
 0.010583683
 0.010580002
 0.010580002
 0.01057632
 0.01057632
 0.01057632
 0.010572639
 0.010572639
 0.010568958
 0.010568958
 0.010568958
 0.010565276
 0.010565276
 0.010561595
 0.010561595
 0.010561595
 0.010557914
 0.010557914
 0.010554233
 0.010554233
 0.010554233
 0.010550551
 0.010550551
 0.01054687
 0.01054687
 0.01054687
 0.010543189
 0.010543189
 0.010539508
 0.010539508
 0.010539508
 0.010535826
 0.010535826
 0.010532145
 0.010532145
 0.010532145
 0.010528464
 0.010528464
 0.010524782
 0.010524782
 0.010524782
 0.010521101
 0.010521101
 0.01051742
 0.01051742
 0.01051742
 0.010513739
 0.010513739
 0.010510057
 0.010510057
 0.010510057
 0.010506376
 0.010506376
 0.010502695
 0.010502695
 0.010502695
 0.010499013
 0.010499013
 0.010495332
 0.010495332
 0.010495332
 0.010491651
 0.010491651
 0.01048797
 0.01048797
 0.01048797
 0.010484288
 0.010484288
 0.010480607
 0.010480607
 0.010480607
 0.010476926
 0.010476926
 0.010473244
 0.010473244
 0.010473244
 0.010469563
 0.010469563
 0.010469563
 0.010465882
 0.010465882
 0.010462201
 0.010462201
 0.010462201
 0.010458519
 0.010458519
 0.010454838
 0.010454838
 0.010454838
 0.010451157
 0.010451157
 0.010447475
 0.010447475
 0.010447475
 0.010443794
 0.010443794
 0.010440113
 0.010440113
 0.010440113
 0.010436432
 0.010436432
 0.01043275
 0.01043275
 0.01043275
 0.010429069
 0.010429069
 0.010429069
 0.010425388
 0.010425388
 0.010421707
 0.010421707
 0.010421707
 0.010418025
 0.010418025
 0.010414344
 0.010414344
 0.010414344
 0.010410663
 0.010410663
 0.010406981
 0.010406981
 0.010406981
 0.0104033
 0.0104033
 0.0104033
 0.010399619
 0.010399619
 0.010395938
 0.010395938
 0.010395938
 0.010392256
 0.010392256
 0.010388575
 0.010388575
 0.010388575
 0.010384894
 0.010384894
 0.010384894
 0.010381212
 0.010381212
 0.010377531
 0.010377531
 0.010377531
 0.01037385
 0.01037385
 0.01037385
 0.010370169
 0.010370169
 0.010366487
 0.010366487
 0.010366487
 0.010362806
 0.010362806
 0.010359125
 0.010359125
 0.010359125
 0.010355443
 0.010355443
 0.010355443
 0.010351762
 0.010351762
 0.010348081
 0.010348081
 0.010348081
 0.0103444
 0.0103444
 0.0103444
 0.010340718
 0.010340718
 0.010337037
 0.010337037
 0.010337037
 0.010333356
 0.010333356
 0.010333356
 0.010329674
 0.010329674
 0.010325993
 0.010325993
 0.010325993
 0.010322312
 0.010322312
 0.010322312
 0.010318631
 0.010318631
 0.010314949
 0.010314949
 0.010314949
 0.010311268
 0.010311268
 0.010311268
 0.010307587
 0.010307587
 0.010307587
 0.010303906
 0.010303906
 0.010300224
 0.010300224
 0.010300224
 0.010296543
 0.010296543
 0.010296543
 0.010292862
 0.010292862
 0.01028918
 0.01028918
 0.01028918
 0.010285499
 0.010285499
 0.010285499
 0.010281818
 0.010281818
 0.010281818
 0.010278137
 0.010278137
 0.010274455
 0.010274455
 0.010274455
 0.010270774
 0.010270774
 0.010270774
 0.010267093
 0.010267093
 0.010267093
 0.010263411
 0.010263411
 0.010263411
 0.01025973
 0.01025973
 0.010256049
 0.010256049
 0.010256049
 0.010252368
 0.010252368
 0.010252368
 0.010248686
 0.010248686
 0.010248686
 0.010245005
 0.010245005
 0.010245005
 0.010241324
 0.010241324
 0.010241324
 0.010237642
 0.010237642
 0.010233961
 0.010233961
 0.010233961
 0.01023028
 0.01023028
 0.01023028
 0.010226599
 0.010226599
 0.010226599
 0.010222917
 0.010222917
 0.010222917
 0.010219236
 0.010219236
 0.010219236
 0.010215555
 0.010215555
 0.010215555
 0.010211873
 0.010211873
 0.010211873
 0.010208192
 0.010208192
 0.010208192
 0.010204511
 0.010204511
 0.010204511
 0.01020083
 0.01020083
 0.01020083
 0.010197148
 0.010197148
 0.010193467
 0.010193467
 0.010193467
 0.010189786
 0.010189786
 0.010189786
 0.010186105
 0.010186105
 0.010186105
 0.010182423
 0.010182423
 0.010182423
 0.010178742
 0.010178742
 0.010178742
 0.010178742
 0.010175061
 0.010175061
 0.010175061
 0.010171379
 0.010171379
 0.010171379
 0.010167698
 0.010167698
 0.010167698
 0.010164017
 0.010164017
 0.010164017
 0.010160336
 0.010160336
 0.010160336
 0.010156654
 0.010156654
 0.010156654
 0.010152973
 0.010152973
 0.010152973
 0.010149292
 0.010149292
 0.010149292
 0.01014561
 0.01014561
 0.01014561
 0.010141929
 0.010141929
 0.010141929
 0.010141929
 0.010138248
 0.010138248
 0.010138248
 0.010134567
 0.010134567
 0.010134567
 0.010130885
 0.010130885
 0.010130885
 0.010127204
 0.010127204
 0.010127204
 0.010123523
 0.010123523
 0.010123523
 0.010123523
 0.010119841
 0.010119841
 0.010119841
 0.01011616
 0.01011616
 0.01011616
 0.010112479
 0.010112479
 0.010112479
 0.010108798
 0.010108798
 0.010108798
 0.010108798
 0.010105116
 0.010105116
 0.010105116
 0.010101435
 0.010101435
 0.010101435
 0.010101435
 0.010097754
 0.010097754
 0.010097754
 0.010094073
 0.010094073
 0.010094073
 0.010090391
 0.010090391
 0.010090391
 0.010090391
 0.01008671
 0.01008671
 0.01008671
 0.010083029
 0.010083029
 0.010083029
 0.010083029
 0.010079347
 0.010079347
 0.010079347
 0.010075666
 0.010075666
 0.010075666
 0.010075666
 0.010071985
 0.010071985
 0.010071985
 0.010068304
 0.010068304
 0.010068304
 0.010068304
 0.010064622
 0.010064622
 0.010064622
 0.010060941
 0.010060941
 0.010060941
 0.010060941
 0.01005726
 0.01005726
 0.01005726
 0.01005726
 0.010053578
 0.010053578
 0.010053578
 0.010049897
 0.010049897
 0.010049897
 0.010049897
 0.010046216
 0.010046216
 0.010046216
 0.010046216
 0.010042535
 0.010042535
 0.010042535
 0.010042535
 0.010038853
 0.010038853
 0.010038853
 0.010038853
 0.010035172
 0.010035172
 0.010035172
 0.010031491
 0.010031491
 0.010031491
 0.010031491
 0.010027809
 0.010027809
 0.010027809
 0.010027809
 0.010024128
 0.010024128
 0.010024128
 0.010024128
 0.010020447
 0.010020447
 0.010020447
 0.010020447
 0.010016766
 0.010016766
 0.010016766
 0.010016766
 0.010013084
 0.010013084
 0.010013084
 0.010013084
 0.010013084
 0.010009403
 0.010009403
 0.010009403
 0.010009403
 0.010005722
 0.010005722
 0.010005722
 0.010005722
 0.01000204
 0.01000204
 0.01000204
 0.01000204
 0.009998359
 0.009998359
 0.009998359
 0.009998359
 0.009998359
 0.009994678
 0.009994678
 0.009994678
 0.009994678
 0.009990997
 0.009990997
 0.009990997
 0.009990997
 0.009987315
 0.009987315
 0.009987315
 0.009987315
 0.009987315
 0.009983634
 0.009983634
 0.009983634
 0.009983634
 0.009983634
 0.009979953
 0.009979953
 0.009979953
 0.009979953
 0.009976272
 0.009976272
 0.009976272
 0.009976272
 0.009976272
 0.00997259
 0.00997259
 0.00997259
 0.00997259
 0.00997259
 0.009968909
 0.009968909
 0.009968909
 0.009968909
 0.009968909
 0.009965228
 0.009965228
 0.009965228
 0.009965228
 0.009965228
 0.009961546
 0.009961546
 0.009961546
 0.009961546
 0.009961546
 0.009957865
 0.009957865
 0.009957865
 0.009957865
 0.009957865
 0.009954184
 0.009954184
 0.009954184
 0.009954184
 0.009954184
 0.009950503
 0.009950503
 0.009950503
 0.009950503
 0.009950503
 0.009950503
 0.009946821
 0.009946821
 0.009946821
 0.009946821
 0.009946821
 0.00994314
 0.00994314
 0.00994314
 0.00994314
 0.00994314
 0.00994314
 0.009939459
 0.009939459
 0.009939459
 0.009939459
 0.009939459
 0.009939459
 0.009935777
 0.009935777
 0.009935777
 0.009935777
 0.009935777
 0.009935777
 0.009932096
 0.009932096
 0.009932096
 0.009932096
 0.009932096
 0.009932096
 0.009928415
 0.009928415
 0.009928415
 0.009928415
 0.009928415
 0.009928415
 0.009928415
 0.009924734
 0.009924734
 0.009924734
 0.009924734
 0.009924734
 0.009924734
 0.009921052
 0.009921052
 0.009921052
 0.009921052
 0.009921052
 0.009921052
 0.009921052
 0.009917371
 0.009917371
 0.009917371
 0.009917371
 0.009917371
 0.009917371
 0.009917371
 0.009917371
 0.00991369
 0.00991369
 0.00991369
 0.00991369
 0.00991369
 0.00991369
 0.00991369
 0.009910008
 0.009910008
 0.009910008
 0.009910008
 0.009910008
 0.009910008
 0.009910008
 0.009910008
 0.009906327
 0.009906327
 0.009906327
 0.009906327
 0.009906327
 0.009906327
 0.009906327
 0.009906327
 0.009906327
 0.009902646
 0.009902646
 0.009902646
 0.009902646
 0.009902646
 0.009902646
 0.009902646
 0.009902646
 0.009902646
 0.009898965
 0.009898965
 0.009898965
 0.009898965
 0.009898965
 0.009898965
 0.009898965
 0.009898965
 0.009898965
 0.009898965
 0.009895283
 0.009895283
 0.009895283
 0.009895283
 0.009895283
 0.009895283
 0.009895283
 0.009895283
 0.009895283
 0.009895283
 0.009895283
 0.009891602
 0.009891602
 0.009891602
 0.009891602
 0.009891602
 0.009891602
 0.009891602
 0.009891602
 0.009891602
 0.009891602
 0.009891602
 0.009891602
 0.009891602
 0.009887921
 0.009887921
 0.009887921
 0.009887921
 0.009887921
 0.009887921
 0.009887921
 0.009887921
 0.009887921
 0.009887921
 0.009887921
 0.009887921
 0.009887921
 0.009887921
 0.009887921
 0.009887921
 0.009884239
 0.009884239
 0.009884239
 0.009884239
 0.009884239
 0.009884239
 0.009884239
 0.009884239
 0.009884239
 0.009884239
 0.009884239
 0.009884239
 0.009884239
 0.009884239
 0.009884239
 0.009884239
 0.009884239
 0.009884239
 0.009884239
 0.009884239
 0.009884239
 0.009884239
 0.009884239
 0.009880558
 0.009880558
 0.009880558
 0.009880558
 0.009880558
 0.009880558
 0.009880558
 0.009880558
 0.009880558
 0.009880558
 0.009880558
 0.009880558
 0.009880558
 0.009880558
 0.009880558
 0.009880558
 0.009880558
 0.009880558
 0.009880558
 0.009880558
 0.009880558
 0.009880558
 0.009880558
 0.009880558
 0.009880558
 0.009880558
 0.009880558
 0.009880558
 0.009880558
 0.009880558
 0.009880558
 0.009880558
 0.009880558
 0.009880558
 0.009880558
 0.009880558
 0.009880558
 0.009880558
 0.009880558
 0.009880558
 0.009884239
 0.009884239
 0.009884239
 0.009884239
 0.009884239
 0.009884239
 0.009884239
 0.009887921
 0.009887921
 0.009887921
 0.009887921
 0.009891602
 0.009891602
 0.009891602
 0.009891602
 0.009895283
 0.009895283
 0.009895283
 0.009895283
 0.009898965
 0.009898965
 0.009898965
 0.009902646
 0.009902646
 0.009906327
 0.009906327
 0.009906327
 0.009910008
 0.009910008
 0.00991369
 0.00991369
 0.00991369
 0.009917371
 0.009917371
 0.009921052
 0.009921052
 0.009924734
 0.009924734
 0.009928415
 0.009928415
 0.009932096
 0.009935777
 0.009935777
 0.009939459
 0.009939459
 0.00994314
 0.009946821
 0.009946821
 0.009950503
 0.009950503
 0.009954184
 0.009957865
 0.009957865
 0.009961546
 0.009965228
 0.009968909
 0.009968909
 0.00997259
 0.009976272
 0.009976272
 0.009979953
 0.009983634
 0.009987315
 0.009990997
 0.009990997
 0.009994678
 0.009998359
 0.01000204
 0.010005722
 0.010005722
 0.010009403
 0.010013084
 0.010016766
 0.010020447
 0.010024128
 0.010027809
 0.010031491
 0.010035172
 0.010038853
 0.010042535
 0.010042535
 0.010046216
 0.010049897
 0.010053578
 0.01005726
 0.010060941
 0.010064622
 0.010068304
 0.010075666
 0.010079347
 0.010083029
 0.01008671
 0.010090391
 0.010094073
 0.010097754
 0.010101435
 0.010105116
 0.010108798
 0.010112479
 0.010119841
 0.010123523
 0.010127204
 0.010130885
 0.010134567
 0.010138248
 0.01014561
 0.010149292
 0.010152973
 0.010156654
 0.010160336
 0.010167698
 0.010171379
 0.010175061
 0.010182423
 0.010186105
 0.010189786
 0.010193467
 0.01020083
 0.010204511
 0.010208192
 0.010215555
 0.010219236
 0.010222917
 0.01023028
 0.010233961
 0.010241324
 0.010245005
 0.010248686
 0.010256049
 0.01025973
 0.010267093
 0.010270774
 0.010274455
 0.010281818
 0.010285499
 0.010292862
 0.010296543
 0.010303906
 0.010307587
 0.010314949
 0.010318631
 0.010325993
 0.010329674
 0.010337037
 0.0103444
 0.010348081
 0.010355443
 0.010359125
 0.010366487
 0.010370169
 0.010377531
 0.010384894
 0.010388575
 0.010395938
 0.0104033
 0.010406981
 0.010414344
 0.010421707
 0.010425388
 0.01043275
 0.010440113
 0.010443794
 0.010451157
 0.010458519
 0.010462201
 0.010469563
 0.010476926
 0.010484288
 0.01048797
 0.010495332
 0.010502695
 0.010510057
 0.01051742
 0.010521101
 0.010528464
 0.010535826
 0.010543189
 0.010550551
 0.010554233
 0.010561595
 0.010568958
 0.01057632
 0.010583683
 0.010591045
 0.010598408
 0.010605771
 0.010609452
 0.010616814
 0.010624177
 0.01063154
 0.010638902
 0.010646265
 0.010653627
 0.01066099
 0.010668352
 0.010675715
 0.010683077
 0.01069044
 0.010697803
 0.010705165
 0.010712528
 0.01071989
 0.010727253
 0.010734615
 0.010741978
 0.010749341
 0.010756703
 0.010764066
 0.010771428
 0.010778791
 0.010786153
 0.010793516
 0.01080456
 0.010811922
 0.010819285
 0.010826647
 0.01083401
 0.010841373
 0.010848735
 0.010859779
 0.010867142
 0.010874504
 0.010881867
 0.010889229
 0.010896592
 0.010907636
 0.010914998
 0.010922361
 0.010929723
 0.010937086
 0.01094813
 0.010955492
 0.010962855
 0.010970217
 0.010981261
 0.010988624
 0.010995986
 0.01100703
 0.011014393
 0.011021755
 0.011029118
 0.011040162
 0.011047524
 0.011054887
 0.011065931
 0.011073293
 0.011080656
 0.0110917
 0.011099062
 0.011106425
 0.011117469
 0.011124831
 0.011135875
 0.011143238
 0.0111506
 0.011161644
 0.011169007
 0.01118005
 0.011187413
 0.011194776
 0.011205819
 0.011213182
 0.011224226
 0.011231588
 0.011242632
 0.011249995
 0.011261039
 0.011268401
 0.011279445
 0.011286808
 0.011297851
 0.011305214
 0.011316258
 0.01132362
 0.011334664
 0.011342027
 0.011353071
 0.011360433
 0.011371477
 0.01137884
 0.011389883
 0.011400927
 0.01140829
 0.011419334
 0.011426696
 0.01143774
 0.011448784
 0.011456146
 0.01146719
 0.011474553
 0.011485597
 0.011496641
 0.011504003
 0.011515047
 0.011526091
 0.011533453
 0.011544497
 0.011555541
 0.011562904
 0.011573947
 0.011584991
 0.011592354
 0.011603398
 0.011614442
 0.011621804
 0.011632848
 0.011643892
 0.011654936
 0.011662298
 0.011673342
 0.011684386
 0.011691748
 0.011702792
 0.011713836
 0.01172488
 0.011735924
 0.011743286
 0.01175433
 0.011765374
 0.011776418
 0.01178378
 0.011794824
 0.011805868
 0.011816912
 0.011827956
 0.011839
 0.011846362
 0.011857406
 0.01186845
 0.011879494
 0.011890538
 0.011901581
 0.011908944
 0.011919988
 0.011931032
 0.011942076
 0.011953119
 0.011964163
 0.011975207
 0.011986251
 0.011997295
 0.012004657
 0.012015701
 0.012026745
 0.012037789
 0.012048833
 0.012059877
 0.01207092
 0.012081964
 0.012093008
 0.012104052
 0.012115096
 0.01212614
 0.012137183
 0.012148227
 0.012159271
 0.012170315
 0.012181359
 0.012192403
 0.012203447
 0.01221449
 0.012225534
 0.012236578
 0.012247622
 0.012258666
 0.01226971
 0.012280753
 0.012291797
 0.012302841
 0.012313885
 0.012324929
 0.012335973
 0.012347016
 0.01235806
 0.012369104
 0.012380148
 0.012391192
 0.012402236
 0.01241328
 0.012428005
 0.012439048
 0.012450092
 0.012461136
 0.01247218
 0.012483224
 0.012494268
 0.012505312
 0.012516355
 0.012531081
 0.012542124
 0.012553168
 0.012564212
 0.012575256
 0.0125863
 0.012597344
 0.012612069
 0.012623113
 0.012634156
 0.0126452
 0.012656244
 0.012667288
 0.012682013
 0.012693057
 0.012704101
 0.012715145
 0.012726188
 0.012737232
 0.012751957
 0.012763001
 0.012774045
 0.012785089
 0.012799814
 0.012810858
 0.012821902
 0.012832946
 0.012843989
 0.012858715
 0.012869758
 0.012880802
 0.012891846
 0.012906571
 0.012917615
 0.012928659
 0.012939703
 0.012954428
 0.012965472
 0.012976516
 0.012987559
 0.013002284
 0.013013328
 0.013024372
 0.013039097
 0.013050141
 0.013061185
 0.01307591
 0.013086954
 0.013097998
 0.013109042
 0.013123767
 0.013134811
 0.013145854
 0.01316058
 0.013171623
 0.013182667
 0.013197392
 0.013208436
 0.01321948
 0.013234205
 0.013245249
 0.013256293
 0.013271018
 0.013282062
 0.013293106
 0.013307831
 0.013318875
 0.0133336
 0.013344644
 0.013355687
 0.013370413
 0.013381456
 0.0133925
 0.013407225
 0.013418269
 0.013432994
 0.013444038
 0.013455082
 0.013469807
 0.013480851
 0.013495576
 0.01350662
 0.013517664
 0.013532389
 0.013543433
 0.013558158
 0.013569202
 0.013580246
 0.013594971
 0.013606015
 0.01362074
 0.013631784
 0.013646509
 0.013657553
 0.013668596
 0.013683321
 0.013694365
 0.01370909
 0.013720134
 0.013734859
 0.013745903
 0.013760628
 0.013771672
 0.013782716
 0.013797441
 0.013808485
 0.01382321
 0.013834254
 0.013848979
 0.013860023
 0.013874748
 0.013885792
 0.013900517
 0.013911561
 0.013926286
 0.01393733
 0.013952055
 0.013963099
 0.013977824
 0.013988868
 0.014003593
 0.014014637
 0.014029362
 0.014040406
 0.014055131
 0.014066175
 0.0140809
 0.014091944
 0.014106669
 0.014117713
 0.014132438
 0.014143482
 0.014158207
 0.014169251
 0.014183976
 0.01419502
 0.014209745
 0.014220789
 0.014235514
 0.014246557
 0.014261283
 0.014272326
 0.014287052
 0.014298095
 0.014312821
 0.014327546
 0.014338589
 0.014353315
 0.014364358
 0.014379084
 0.014390127
 0.014404853
 0.014415896
 0.014430622
 0.014441665
 0.01445639
 0.014471116
 0.014482159
 0.014496885
 0.014507928
 0.014522654
 0.014533697
 0.014548423
 0.014559466
 0.014574191
 0.014588917
 0.01459996
 0.014614686
 0.014625729
 0.014640455
 0.014651498
 0.014666224
 0.014680949
 0.014691992
 0.014706718
 0.014717761
 0.014732487
 0.01474353
 0.014758256
 0.014772981
 0.014784024
 0.01479875
 0.014809793
 0.014824519
 0.014839244
 0.014850288
 0.014865013
 0.014876057
 0.014890782
 0.014901825
 0.014916551
 0.014931276
 0.01494232
 0.014957045
 0.014968089
 0.014982814
 0.014997539
 0.015008583
 0.015023308
 0.015034352
 0.015049077
 0.015063802
 0.015074846
 0.015089571
 0.015100615
 0.01511534
 0.015130065
 0.015141109
 0.015155834
 0.015166878
 0.015181603
 0.015196328
 0.015207372
 0.015222097
 0.015233141
 0.015247866
 0.015262591
 0.015273635
 0.01528836
 0.015299404
 0.015314129
 0.015328854
 0.015339898
 0.015354623
 0.015365667
 0.015380392
 0.015391436
 0.015406161
 0.015420886
 0.01543193
 0.015446655
 0.015457699
 0.015472424
 0.015487149
 0.015498193
 0.015512918
 0.015523962
 0.015538687
 0.015553412
 0.015564456
 0.015579181
 0.015590225
 0.01560495
 0.015619675
 0.015630719
 0.015645444
 0.015656488
 0.015671213
 0.015685938
 0.015696982
 0.015711707
 0.015722751
 0.015737476
 0.015752201
 0.015763245
 0.01577797
 0.015789014
 0.015803739
 0.015818464
 0.015829508
 0.015844233
 0.015855277
 0.015870002
 0.015884728
 0.015895771
 0.015910496
 0.01592154
 0.015936265
 0.015947309
 0.015962034
 0.01597676
 0.015987803
 0.016002529
 0.016013572
 0.016028297
 0.016043023
 0.016054066
 0.016068792
 0.016079835
 0.016094561
 0.016105604
 0.016120329
 0.016135055
 0.016146098
 0.016160824
 0.016171867
 0.016186593
 0.016197636
 0.016212362
 0.016227087
 0.01623813
 0.016252856
 0.016263899
 0.016278625
 0.016289668
 0.016304394
 0.016315437
 0.016330163
 0.016344888
 0.016355931
 0.016370657
 0.0163817
 0.016396426
 0.016407469
 0.016422195
 0.016433238
 0.016447964
 0.016459007
 0.016473732
 0.016488458
 0.016499501
 0.016514227
 0.01652527
 0.016539996
 0.016551039
 0.016565765
 0.016576808
 0.016591533
 0.016602577
 0.016617302
 0.016628346
 0.016643071
 0.016654115
 0.01666884
 0.016679884
 0.016694609
 0.016705653
 0.016720378
 0.016731422
 0.016746147
 0.016757191
 0.016771916
 0.01678296
 0.016797685
 0.016808729
 0.016823454
 0.016834498
 0.016849223
 0.016860267
 0.016874992
 0.016886036
 0.016900761
 0.016911805
 0.01692653
 0.016937574
 0.016952299
 0.016963343
 0.016978068
 0.016989112
 0.017003837
 0.017014881
 0.017025925
 0.01704065
 0.017051694
 0.017066419
 0.017077463
 0.017092188
 0.017103232
 0.017117957
 0.017129
 0.017140044
 0.017154769
 0.017165813
 0.017180538
 0.017191582
 0.017206307
 0.017217351
 0.017228395
 0.01724312
 0.017254164
 0.017268889
 0.017279933
 0.017290977
 0.017305702
 0.017316746
 0.017331471
 0.017342515
 0.017353559
 0.017368284
 0.017379328
 0.017394053
 0.017405097
 0.01741614
 0.017430866
 0.017441909
 0.017452953
 0.017467678
 0.017478722
 0.017493447
 0.017504491
 0.017515535
 0.01753026
 0.017541304
 0.017552348
 0.017567073
 0.017578117
 0.017589161
 0.017603886
 0.01761493
 0.017625973
 0.017640699
 0.017651742
 0.017662786
 0.017677511
 0.017688555
 0.017699599
 0.017710643
 0.017725368
 0.017736412
 0.017747456
 0.017762181
 0.017773225
 0.017784269
 0.017798994
 0.017810037
 0.017821081
 0.017832125
 0.01784685
 0.017857894
 0.017868938
 0.017879982
 0.017894707
 0.017905751
 0.017916795
 0.017927838
 0.017942564
 0.017953607
 0.017964651
 0.017975695
 0.017986739
 0.018001464
 0.018012508
 0.018023552
 0.018034596
 0.018049321
 0.018060365
 0.018071408
 0.018082452
 0.018093496
 0.01810454
 0.018119265
 0.018130309
 0.018141353
 0.018152397
 0.01816344
 0.018174484
 0.018189209
 0.018200253
 0.018211297
 0.018222341
 0.018233385
 0.018244429
 0.018255472
 0.018270198
 0.018281241
 0.018292285
 0.018303329
 0.018314373
 0.018325417
 0.018336461
 0.018347505
 0.018358548
 0.018373273
 0.018384317
 0.018395361
 0.018406405
 0.018417449
 0.018428493
 0.018439537
 0.01845058
 0.018461624
 0.018472668
 0.018483712
 0.018494756
 0.0185058
 0.018516843
 0.018527887
 0.018538931
 0.018549975
 0.018561019
 0.018572063
 0.018583106
 0.01859415
 0.018605194
 0.018616238
 0.018627282
 0.018638326
 0.01864937
 0.018660413
 0.018671457
 0.018682501
 0.018693545
 0.018704589
 0.018715633
 0.018726676
 0.01873772
 0.018748764
 0.018759808
 0.018770852
 0.018781896
 0.018789258
 0.018800302
 0.018811346
 0.01882239
 0.018833434
 0.018844477
 0.018855521
 0.018866565
 0.018877609
 0.018884972
 0.018896015
 0.018907059
 0.018918103
 0.018929147
 0.018940191
 0.018947553
 0.018958597
 0.018969641
 0.018980685
 0.018991729
 0.019002773
 0.019010135
 0.019021179
 0.019032223
 0.019043267
 0.019050629
 0.019061673
 0.019072717
 0.019083761
 0.019094805
 0.019102167
 0.019113211
 0.019124255
 0.019131617
 0.019142661
 0.019153705
 0.019164749
 0.019172111
 0.019183155
 0.019194199
 0.019201562
 0.019212606
 0.019223649
 0.019231012
 0.019242056
 0.0192531
 0.019260462
 0.019271506
 0.01928255
 0.019289912
 0.019300956
 0.019312
 0.019319363
 0.019330407
 0.019337769
 0.019348813
 0.019359857
 0.019367219
 0.019378263
 0.019385626
 0.01939667
 0.019407713
 0.019415076
 0.01942612
 0.019433482
 0.019444526
 0.019451889
 0.019462933
 0.019470295
 0.019481339
 0.019488702
 0.019499745
 0.019507108
 0.019518152
 0.019525514
 0.019536558
 0.019543921
 0.019554965
 0.019562327
 0.019573371
 0.019580734
 0.019591777
 0.01959914
 0.019606503
 0.019617546
 0.019624909
 0.019635953
 0.019643315
 0.019650678
 0.019661722
 0.019669084
 0.019680128
 0.019687491
 0.019694853
 0.019705897
 0.01971326
 0.019720622
 0.019731666
 0.019739029
 0.019746391
 0.019757435
 0.019764798
 0.01977216
 0.019779523
 0.019790567
 0.019797929
 0.019805292
 0.019816336
 0.019823698
 0.019831061
 0.019838423
 0.019849467
 0.01985683
 0.019864192
 0.019871555
 0.019878917
 0.019889961
 0.019897324
 0.019904686
 0.019912049
 0.019919411
 0.019926774
 0.019937818
 0.01994518
 0.019952543
 0.019959906
 0.019967268
 0.019974631
 0.019981993
 0.019993037
 0.0200004
 0.020007762
 0.020015125
 0.020022487
 0.02002985
 0.020037212
 0.020044575
 0.020051938
 0.0200593
 0.020066663
 0.020074025
 0.020081388
 0.02008875
 0.020096113
 0.020103476
 0.020110838
 0.020118201
 0.020125563
 0.020132926
 0.020140288
 0.020147651
 0.020155013
 0.020162376
 0.020169739
 0.020177101
 0.020180782
 0.020188145
 0.020195508
 0.02020287
 0.020210233
 0.020217595
 0.020224958
 0.02023232
 0.020236002
 0.020243364
 0.020250727
 0.020258089
 0.020265452
 0.020269133
 0.020276496
 0.020283858
 0.020291221
 0.020298583
 0.020302265
 0.020309627
 0.02031699
 0.020324352
 0.020328034
 0.020335396
 0.020342759
 0.02034644
 0.020353803
 0.020361165
 0.020364846
 0.020372209
 0.020379572
 0.020383253
 0.020390615
 0.020397978
 0.020401659
 0.020409022
 0.020416384
 0.020420066
 0.020427428
 0.02043111
 0.020438472
 0.020442153
 0.020449516
 0.020456879
 0.02046056
 0.020467922
 0.020471604
 0.020478966
 0.020482647
 0.02049001
 0.020493691
 0.020501054
 0.020504735
 0.020512098
 0.020515779
 0.02051946
 0.020526823
 0.020530504
 0.020537867
 0.020541548
 0.020545229
 0.020552592
 0.020556273
 0.020563636
 0.020567317
 0.020570998
 0.020578361
 0.020582042
 0.020585723
 0.020593086
 0.020596767
 0.020600448
 0.02060413
 0.020611492
 0.020615174
 0.020618855
 0.020626217
 0.020629899
 0.02063358
 0.020637261
 0.020640943
 0.020648305
 0.020651986
 0.020655668
 0.020659349
 0.02066303
 0.020666712
 0.020674074
 0.020677755
 0.020681437
 0.020685118
 0.020688799
 0.020692481
 0.020696162
 0.020699843
 0.020703524
 0.020707206
 0.020710887
 0.020718249
 0.020721931
 0.020725612
 0.020729293
 0.020732975
 0.020736656
 0.020740337
 0.020744018
 0.020744018
 0.0207477
 0.020751381
 0.020755062
 0.020758744
 0.020762425
 0.020766106
 0.020769787
 0.020773469
 0.02077715
 0.020780831
 0.020780831
 0.020784513
 0.020788194
 0.020791875
 0.020795556
 0.020795556
 0.020799238
 0.020802919
 0.0208066
 0.020810281
 0.020810281
 0.020813963
 0.020817644
 0.020817644
 0.020821325
 0.020825007
 0.020828688
 0.020828688
 0.020832369
 0.02083605
 0.02083605
 0.020839732
 0.020839732
 0.020843413
 0.020847094
 0.020847094
 0.020850776
 0.020850776
 0.020854457
 0.020858138
 0.020858138
 0.020861819
 0.020861819
 0.020865501
 0.020865501
 0.020869182
 0.020869182
 0.020872863
 0.020872863
 0.020872863
 0.020876545
 0.020876545
 0.020880226
 0.020880226
 0.020880226
 0.020883907
 0.020883907
 0.020887588
 0.020887588
 0.020887588
 0.02089127
 0.02089127
 0.02089127
 0.02089127
 0.020894951
 0.020894951
 0.020894951
 0.020894951
 0.020898632
 0.020898632
 0.020898632
 0.020898632
 0.020902314
 0.020902314
 0.020902314
 0.020902314
 0.020902314
 0.020902314
 0.020902314
 0.020905995
 0.020905995
 0.020905995
 0.020905995
 0.020905995
 0.020905995
 0.020905995
 0.020905995
 0.020905995
 0.020905995
 0.020905995
 0.020905995
 0.020905995
 0.020905995
 0.020905995
 0.020905995
 0.020905995
 0.020905995
 0.020905995
 0.020905995
 0.020905995
 0.020905995
 0.020905995
 0.020905995
 0.020905995
 0.020905995
 0.020902314
 0.020902314
 0.020902314
 0.020902314
 0.020902314
 0.020902314
 0.020902314
 0.020902314
 0.020902314
 0.020902314
 0.020902314
 0.020898632
 0.020898632
 0.020898632
 0.020898632
 0.020898632
 0.020898632
 0.020898632
 0.020898632
 0.020898632
 0.020894951
 0.020894951
 0.020894951
 0.020894951
 0.020894951
 0.020894951
 0.02089127
 0.02089127
 0.02089127
 0.02089127
 0.02089127
 0.02089127
 0.020887588
 0.020887588
 0.020887588
 0.020887588
 0.020887588
 0.020883907
 0.020883907
 0.020883907
 0.020883907
 0.020883907
 0.020880226
 0.020880226
 0.020880226
 0.020880226
 0.020876545
 0.020876545
 0.020876545
 0.020876545
 0.020872863
 0.020872863
 0.020872863
 0.020872863
 0.020869182
 0.020869182
 0.020869182
 0.020869182
 0.020865501
 0.020865501
 0.020865501
 0.020861819
 0.020861819
 0.020861819
 0.020861819
 0.020858138
 0.020858138
 0.020858138
 0.020854457
 0.020854457
 0.020854457
 0.020850776
 0.020850776
 0.020850776
 0.020847094
 0.020847094
 0.020847094
 0.020843413
 0.020843413
 0.020843413
 0.020839732
 0.020839732
 0.020839732
 0.02083605
 0.02083605
 0.020832369
 0.020832369
 0.020832369
 0.020828688
 0.020828688
 0.020828688
 0.020825007
 0.020825007
 0.020821325
 0.020821325
 0.020821325
 0.020817644
 0.020817644
 0.020813963
 0.020813963
 0.020810281
 0.020810281
 0.020810281
 0.0208066
 0.0208066
 0.020802919
 0.020802919
 0.020799238
 0.020799238
 0.020795556
 0.020795556
 0.020795556
 0.020791875
 0.020791875
 0.020788194
 0.020788194
 0.020784513
 0.020784513
 0.020780831
 0.020780831
 0.02077715
 0.02077715
 0.020773469
 0.020773469
 0.020769787
 0.020769787
 0.020766106
 0.020766106
 0.020762425
 0.020762425
 0.020758744
 0.020758744
 0.020755062
 0.020751381
 0.020751381
 0.0207477
 0.0207477
 0.020744018
 0.020744018
 0.020740337
 0.020740337
 0.020736656
 0.020736656
 0.020732975
 0.020729293
 0.020729293
 0.020725612
 0.020725612
 0.020721931
 0.020718249
 0.020718249
 0.020714568
 0.020714568
 0.020710887
 0.020707206
 0.020707206
 0.020703524
 0.020703524
 0.020699843
 0.020696162
 0.020696162
 0.020692481
 0.020692481
 0.020688799
 0.020685118
 0.020685118
 0.020681437
 0.020677755
 0.020677755
 0.020674074
 0.020670393
 0.020670393
 0.020666712
 0.02066303
 0.02066303
 0.020659349
 0.020655668
 0.020655668
 0.020651986
 0.020648305
 0.020648305
 0.020644624
 0.020640943
 0.020640943
 0.020637261
 0.02063358
 0.020629899
 0.020629899
 0.020626217
 0.020622536
 0.020622536
 0.020618855
 0.020615174
 0.020611492
 0.020611492
 0.020607811
 0.02060413
 0.02060413
 0.020600448
 0.020596767
 0.020593086
 0.020593086
 0.020589405
 0.020585723
 0.020582042
 0.020582042
 0.020578361
 0.02057468
 0.020570998
 0.020567317
 0.020567317
 0.020563636
 0.020559954
 0.020556273
 0.020556273
 0.020552592
 0.020548911
 0.020545229
 0.020541548
 0.020541548
 0.020537867
 0.020534185
 0.020530504
 0.020526823
 0.020526823
 0.020523142
 0.02051946
 0.020515779
 0.020512098
 0.020508416
 0.020508416
 0.020504735
 0.020501054
 0.020497373
 0.020493691
 0.02049001
 0.020486329
 0.020486329
 0.020482647
 0.020478966
 0.020475285
 0.020471604
 0.020467922
 0.020464241
 0.020464241
 0.02046056
 0.020456879
 0.020453197
 0.020449516
 0.020445835
 0.020442153
 0.020438472
 0.020434791
 0.020434791
 0.02043111
 0.020427428
 0.020423747
 0.020420066
 0.020416384
 0.020412703
 0.020409022
 0.020405341
 0.020401659
 0.020397978
 0.020394297
 0.020394297
 0.020390615
 0.020386934
 0.020383253
 0.020379572
 0.02037589
 0.020372209
 0.020368528
 0.020364846
 0.020361165
 0.020357484
 0.020353803
 0.020350121
 0.02034644
 0.020342759
 0.020339078
 0.020335396
 0.020331715
 0.020328034
 0.020324352
 0.020320671
 0.02031699
 0.020313309
 0.020309627
 0.020305946
 0.020302265
 0.020298583
 0.020294902
 0.020291221
 0.02028754
 0.020283858
 0.020280177
 0.020276496
 0.020272814
 0.020269133
 0.020265452
 0.020261771
 0.020258089
 0.020254408
 0.020250727
 0.020247046
 0.020243364
 0.020239683
 0.020236002
 0.02023232
 0.020228639
 0.020224958
 0.020221277
 0.020217595
 0.020213914
 0.020206551
 0.02020287
 0.020199189
 0.020195508
 0.020191826
 0.020188145
 0.020184464
 0.020180782
 0.020177101
 0.02017342
 0.020169739
 0.020166057
 0.020162376
 0.020155013
 0.020151332
 0.020147651
 0.02014397
 0.020140288
 0.020136607
 0.020132926
 0.020129245
 0.020125563
 0.020118201
 0.020114519
 0.020110838
 0.020107157
 0.020103476
 0.020099794
 0.020096113
 0.020092432
 0.020085069
 0.020081388
 0.020077707
 0.020074025
 0.020070344
 0.020066663
 0.020062981
 0.020055619
 0.020051938
 0.020048256
 0.020044575
 0.020040894
 0.020037212
 0.02002985
 0.020026169
 0.020022487
 0.020018806
 0.020015125
 0.020011444
 0.020004081
 0.0200004
 0.019996718
 0.019993037
 0.019989356
 0.019981993
 0.019978312
 0.019974631
 0.019970949
 0.019967268
 0.019959906
 0.019956224
 0.019952543
 0.019948862
 0.01994518
 0.019937818
 0.019934137
 0.019930455
 0.019926774
 0.019919411
 0.01991573
 0.019912049
 0.019908368
 0.019901005
 0.019897324
 0.019893643
 0.019889961
 0.01988628
 0.019878917
 0.019875236
 0.019871555
 0.019867874
 0.019860511
 0.01985683
 0.019853148
 0.019845786
 0.019842105
 0.019838423
 0.019834742
 0.019827379
 0.019823698
 0.019820017
 0.019816336
 0.019808973
 0.019805292
 0.01980161
 0.019794248
 0.019790567
 0.019786885
 0.019783204
 0.019775842
 0.01977216
 0.019768479
 0.019761116
 0.019757435
 0.019753754
 0.019746391
 0.01974271
 0.019739029
 0.019735347
 0.019727985
 0.019724304
 0.019720622
 0.01971326
 0.019709578
 0.019705897
 0.019698535
 0.019694853
 0.019691172
 0.01968381
 0.019680128
 0.019676447
 0.019669084
 0.019665403
 0.019661722
 0.019654359
 0.019650678
 0.019646997
 0.019639634
 0.019635953
 0.01962859
 0.019624909
 0.019621228
 0.019613865
 0.019610184
 0.019606503
 0.01959914
 0.019595459
 0.019591777
 0.019584415
 0.019580734
 0.019573371
 0.01956969
 0.019566009
 0.019558646
 0.019554965
 0.019551283
 0.019543921
 0.01954024
 0.019532877
 0.019529196
 0.019525514
 0.019518152
 0.019514471
 0.019507108
 0.019503427
 0.019499745
 0.019492383
 0.019488702
 0.019481339
 0.019477658
 0.019470295
 0.019466614
 0.019462933
 0.01945557
 0.019451889
 0.019444526
 0.019440845
 0.019437164
 0.019429801
 0.01942612
 0.019418757
 0.019415076
 0.019407713
 0.019404032
 0.01939667
 0.019392988
 0.019389307
 0.019381944
 0.019378263
 0.019370901
 0.019367219
 0.019359857
 0.019356175
 0.019348813
 0.019345132
 0.019337769
 0.019334088
 0.019330407
 0.019323044
 0.019319363
 0.019312
 0.019308319
 0.019300956
 0.019297275
 0.019289912
 0.019286231
 0.019278869
 0.019275187
 0.019267825
 0.019264143
 0.019256781
 0.0192531
 0.019245737
 0.019242056
 0.019234693
 0.019231012
 0.019223649
 0.019219968
 0.019212606
 0.019208924
 0.019201562
 0.01919788
 0.019190518
 0.019186837
 0.019179474
 0.019175793
 0.01916843
 0.019164749
 0.019157386
 0.019153705
 0.019146342
 0.019142661
 0.019135299
 0.019131617
 0.019124255
 0.019120574
 0.019113211
 0.01910953
 0.019102167
 0.019098486
 0.019091123
 0.019083761
 0.019080079
 0.019072717
 0.019069036
 0.019061673
 0.019057992
 0.019050629
 0.019046948
 0.019039585
 0.019035904
 0.019028541
 0.019021179
 0.019017498
 0.019010135
 0.019006454
 0.018999091
 0.01899541
 0.018988047
 0.018984366
 0.018977004
 0.018969641
 0.01896596
 0.018958597
 0.018954916
 0.018947553
 0.018943872
 0.018936509
 0.018929147
 0.018925466
 0.018918103
 0.018914422
 0.018907059
 0.018899697
 0.018896015
 0.018888653
 0.018884972
 0.018877609
 0.018870246
 0.018866565
 0.018859203
 0.018855521
 0.018848159
 0.018840796
 0.018837115
 0.018829752
 0.018826071
 0.018818708
 0.018811346
 0.018807665
 0.018800302
 0.018796621
 0.018789258
 0.018781896
 0.018778214
 0.018770852
 0.018767171
 0.018759808
 0.018752445
 0.018748764
 0.018741402
 0.018734039
 0.018730358
 0.018722995
 0.018719314
 0.018711951
 0.018704589
 0.018700907
 0.018693545
 0.018686182
 0.018682501
 0.018675139
 0.018667776
 0.018664095
 0.018656732
 0.018653051
 0.018645688
 0.018638326
 0.018634644
 0.018627282
 0.018619919
 0.018616238
 0.018608875
 0.018601513
 0.018597832
 0.018590469
 0.018583106
 0.018579425
 0.018572063
 0.0185647
 0.018561019
 0.018553656
 0.018546294
 0.018542612
 0.01853525
 0.018527887
 0.018524206
 0.018516843
 0.018509481
 0.0185058
 0.018498437
 0.018491074
 0.018487393
 0.018480031
 0.018472668
 0.018468987
 0.018461624
 0.018454262
 0.01845058
 0.018443218
 0.018435855
 0.018432174
 0.018424811
 0.018417449
 0.018413768
 0.018406405
 0.018399042
 0.01839168
 0.018387999
 0.018380636
 0.018373273
 0.018369592
 0.01836223
 0.018354867
 0.018351186
 0.018343823
 0.018336461
 0.018329098
 0.018325417
 0.018318054
 0.018310692
 0.01830701
 0.018299648
 0.018292285
 0.018288604
 0.018281241
 0.018273879
 0.018266516
 0.018262835
 0.018255472
 0.01824811
 0.018244429
 0.018237066
 0.018229704
 0.018222341
 0.01821866
 0.018211297
 0.018203935
 0.018196572
 0.018192891
 0.018185528
 0.018178166
 0.018174484
 0.018167122
 0.018159759
 0.018152397
 0.018148715
 0.018141353
 0.01813399
 0.018126628
 0.018122946
 0.018115584
 0.018108221
 0.01810454
 0.018097177
 0.018089815
 0.018082452
 0.018078771
 0.018071408
 0.018064046
 0.018056683
 0.018053002
 0.018045639
 0.018038277
 0.018030914
 0.018027233
 0.01801987
 0.018012508
 0.018005145
 0.018001464
 0.017994102
 0.017986739
 0.017979376
 0.017975695
 0.017968333
 0.01796097
 0.017953607
 0.017949926
 0.017942564
 0.017935201
 0.017927838
 0.017920476
 0.017916795
 0.017909432
 0.01790207
 0.017894707
 0.017891026
 0.017883663
 0.017876301
 0.017868938
 0.017865257
 0.017857894
 0.017850532
 0.017843169
 0.017839488
 0.017832125
 0.017824763
 0.0178174
 0.017810037
 0.017806356
 0.017798994
 0.017791631
 0.017784269
 0.017780587
 0.017773225
 0.017765862
 0.0177585
 0.017751137
 0.017747456
 0.017740093
 0.017732731
 0.017725368
 0.017721687
 0.017714324
 0.017706962
 0.017699599
 0.017692236
 0.017688555
 0.017681193
 0.01767383
 0.017666468
 0.017659105
 0.017655424
 0.017648061
 0.017640699
 0.017633336
 0.017625973
 0.017622292
 0.01761493
 0.017607567
 0.017600204
 0.017592842
 0.017589161
 0.017581798
 0.017574435
 0.017567073
 0.01755971
 0.017556029
 0.017548667
 0.017541304
 0.017533941
 0.017526579
 0.017522898
 0.017515535
 0.017508172
 0.01750081
 0.017493447
 0.017489766
 0.017482403
 0.017475041
 0.017467678
 0.017460316
 0.017456635
 0.017449272
 0.017441909
 0.017434547
 0.017427184
 0.017423503
 0.01741614
 0.017408778
 0.017401415
 0.017394053
 0.017390371
 0.017383009
 0.017375646
 0.017368284
 0.017360921
 0.017353559
 0.017349877
 0.017342515
 0.017335152
 0.01732779
 0.017320427
 0.017316746
 0.017309383
 0.017302021
 0.017294658
 0.017287296
 0.017279933
 0.017276252
 0.017268889
 0.017261527
 0.017254164
 0.017246801
 0.01724312
 0.017235758
 0.017228395
 0.017221033
 0.01721367
 0.017206307
 0.017202626
 0.017195264
 0.017187901
 0.017180538
 0.017173176
 0.017169495
 0.017162132
 0.017154769
 0.017147407
 0.017140044
 0.017132682
 0.017129
 0.017121638
 0.017114275
 0.017106913
 0.01709955
 0.017092188
 0.017088506
 0.017081144
 0.017073781
 0.017066419
 0.017059056
 0.017051694
 0.017048012
 0.01704065
 0.017033287
 0.017025925
 0.017018562
 0.0170112
 0.017007518
 0.017000156
 0.016992793
 0.016985431
 0.016978068
 0.016970705
 0.016967024
 0.016959662
 0.016952299
 0.016944936
 0.016937574
 0.016930211
 0.01692653
 0.016919167
 0.016911805
 0.016904442
 0.01689708
 0.016889717
 0.016886036
 0.016878673
 0.016871311
 0.016863948
 0.016856586
 0.016849223
 0.016845542
 0.016838179
 0.016830817
 0.016823454
 0.016816092
 0.016808729
 0.016805048
 0.016797685
 0.016790323
 0.01678296
 0.016775598
 0.016768235
 0.016764554
 0.016757191
 0.016749829
 0.016742466
 0.016735103
 0.016727741
 0.01672406
 0.016716697
 0.016709334
 0.016701972
 0.016694609
 0.016687247
 0.016683565
 0.016676203
 0.01666884
 0.016661478
 0.016654115
 0.016646753
 0.016643071
 0.016635709
 0.016628346
 0.016620984
 0.016613621
 0.016606259
 0.016602577
 0.016595215
 0.016587852
 0.01658049
 0.016573127
 0.016565765
 0.016558402
 0.016554721
 0.016547358
 0.016539996
 0.016532633
 0.01652527
 0.016517908
 0.016514227
 0.016506864
 0.016499501
 0.016492139
 0.016484776
 0.016477414
 0.016473732
 0.01646637
 0.016459007
 0.016451645
 0.016444282
 0.01643692
 0.016433238
 0.016425876
 0.016418513
 0.016411151
 0.016403788
 0.016396426
 0.016392744
 0.016385382
 0.016378019
 0.016370657
 0.016363294
 0.016355931
 0.01635225
 0.016344888
 0.016337525
 0.016330163
 0.0163228
 0.016315437
 0.016311756
 0.016304394
 0.016297031
 0.016289668
 0.016282306
 0.016274943
 0.016271262
 0.016263899
 0.016256537
 0.016249174
 0.016241812
 0.016234449
 0.016230768
 0.016223405
 0.016216043
 0.01620868
 0.016201318
 0.016193955
 0.016190274
 0.016182911
 0.016175549
 0.016168186
 0.016160824
 0.016157142
 0.01614978
 0.016142417
 0.016135055
 0.016127692
 0.016120329
 0.016116648
 0.016109286
 0.016101923
 0.016094561
 0.016087198
 0.016079835
 0.016076154
 0.016068792
 0.016061429
 0.016054066
 0.016046704
 0.016043023
 0.01603566
 0.016028297
 0.016020935
 0.016013572
 0.01600621
 0.016002529
 0.015995166
 0.015987803
 0.015980441
 0.015973078
 0.015969397
 0.015962034
 0.015954672
 0.015947309
 0.015939947
 0.015932584
 0.015928903
 0.01592154
 0.015914178
 0.015906815
 0.015899453
 0.015895771
 0.015888409
 0.015881046
 0.015873684
 0.015866321
 0.01586264
 0.015855277
 0.015847915
 0.015840552
 0.01583319
 0.015829508
 0.015822146
 0.015814783
 0.015807421
 0.015800058
 0.015796377
 0.015789014
 0.015781652
 0.015774289
 0.015766927
 0.015759564
 0.015755883
 0.01574852
 0.015741158
 0.015733795
 0.015726432
 0.015722751
 0.015715389
 0.015708026
 0.015700663
 0.015696982
 0.01568962
 0.015682257
 0.015674894
 0.015667532
 0.015663851
 0.015656488
 0.015649126
 0.015641763
 0.0156344
 0.015630719
 0.015623357
 0.015615994
 0.015608631
 0.015601269
 0.015597588
 0.015590225
 0.015582862
 0.0155755
 0.015571819
 0.015564456
 0.015557094
 0.015549731
 0.015542368
 0.015538687
 0.015531325
 0.015523962
 0.015516599
 0.015512918
 0.015505556
 0.015498193
 0.01549083
 0.015483468
 0.015479787
 0.015472424
 0.015465061
 0.015457699
 0.015454018
 0.015446655
 0.015439293
 0.01543193
 0.015424567
 0.015420886
 0.015413524
 0.015406161
 0.015398798
 0.015395117
 0.015387755
 0.015380392
 0.015373029
 0.015369348
 0.015361986
 0.015354623
 0.01534726
 0.015343579
 0.015336217
 0.015328854
 0.015321492
 0.01531781
 0.015310448
 0.015303085
 0.015295723
 0.015292041
 0.015284679
 0.015277316
 0.015269954
 0.015266272
 0.01525891
 0.015251547
 0.015244185
 0.015240503
 0.015233141
 0.015225778
 0.015218416
 0.015214734
 0.015207372
 0.015200009
 0.015192647
 0.015188965
 0.015181603
 0.01517424
 0.015166878
 0.015163196
 0.015155834
 0.015148471
 0.01514479
 0.015137427
 0.015130065
 0.015122702
 0.015119021
 0.015111659
 0.015104296
 0.015096933
 0.015093252
 0.01508589
 0.015078527
 0.015074846
 0.015067483
 0.015060121
 0.015052758
 0.015049077
 0.015041714
 0.015034352
 0.01503067
 0.015023308
 0.015015945
 0.015008583
 0.015004901
 0.014997539
 0.014990176
 0.014986495
 0.014979132
 0.01497177
 0.014964407
 0.014960726
 0.014953363
 0.014946001
 0.01494232
 0.014934957
 0.014927594
 0.014923913
 0.014916551
 0.014909188
 0.014905507
 0.014898144
 0.014890782
 0.014883419
 0.014879738
 0.014872375
 0.014865013
 0.014861331
 0.014853969
 0.014846606
 0.014842925
 0.014835562
 0.0148282
 0.014824519
 0.014817156
 0.014809793
 0.014806112
 0.01479875
 0.014791387
 0.014787706
 0.014780343
 0.014772981
 0.014769299
 0.014761937
 0.014754574
 0.014750893
 0.01474353
 0.014736168
 0.014732487
 0.014725124
 0.014717761
 0.01471408
 0.014706718
 0.014699355
 0.014695674
 0.014688311
 0.014680949
 0.014677267
 0.014669905
 0.014662542
 0.014658861
 0.014651498
 0.014647817
 0.014640455
 0.014633092
 0.014629411
 0.014622048
 0.014614686
 0.014611004
 0.014603642
 0.014596279
 0.014592598
 0.014585235
 0.014581554
 0.014574191
 0.014566829
 0.014563148
 0.014555785
 0.014548423
 0.014544741
 0.014537379
 0.014533697
 0.014526335
 0.014518972
 0.014515291
 0.014507928
 0.014500566
 0.014496885
 0.014489522
 0.014485841
 0.014478478
 0.014471116
 0.014467434
 0.014460072
 0.01445639
 0.014449028
 0.014441665
 0.014437984
 0.014430622
 0.01442694
 0.014419578
 0.014415896
 0.014408534
 0.014401171
 0.01439749
 0.014390127
 0.014386446
 0.014379084
 0.014371721
 0.01436804
 0.014360677
 0.014356996
 0.014349633
 0.014342271
 0.014338589
 0.014331227
 0.014327546
 0.014320183
 0.014312821
 0.014309139
 0.014301777
 0.014298095
 0.014290733
 0.01428337
 0.014279689
 0.014272326
 0.014264964
 0.014261283
 0.01425392
 0.014246557
 0.014242876
 0.014235514
 0.014228151
 0.01422447
 0.014217107
 0.014209745
 0.014206063
 0.014198701
 0.014191338
 0.014187657
 0.014180294
 0.014172932
 0.014169251
 0.014161888
 0.014154525
 0.014150844
 0.014143482
 0.014136119
 0.014128756
 0.014125075
 0.014117713
 0.01411035
 0.014106669
 0.014099306
 0.014091944
 0.014084581
 0.0140809
 0.014073537
 0.014066175
 0.014058812
 0.014055131
 0.014047768
 0.014040406
 0.014033043
 0.014029362
 0.014021999
 0.014014637
 0.014007274
 0.013999912
 0.01399623
 0.013988868
 0.013981505
 0.013974143
 0.013970461
 0.013963099
 0.013955736
 0.013948374
 0.013941011
 0.01393733
 0.013929967
 0.013922605
 0.013915242
 0.01390788
 0.013900517
 0.013896836
 0.013889473
 0.013882111
 0.013874748
 0.013867386
 0.013860023
 0.013856342
 0.013848979
 0.013841617
 0.013834254
 0.013826891
 0.013819529
 0.013812166
 0.013808485
 0.013801122
 0.01379376
 0.013786397
 0.013779035
 0.013771672
 0.01376431
 0.013756947
 0.013753266
 0.013745903
 0.013738541
 0.013731178
 0.013723816
 0.013716453
 0.01370909
 0.013701728
 0.013694365
 0.013690684
 0.013683321
 0.013675959
 0.013668596
 0.013661234
 0.013653871
 0.013646509
 0.013639146
 0.013631784
 0.013624421
 0.013617058
 0.013609696
 0.013602333
 0.013594971
 0.013587608
 0.013583927
 0.013576564
 0.013569202
 0.013561839
 0.013554477
 0.013547114
 0.013539752
 0.013532389
 0.013525026
 0.013517664
 0.013510301
 0.013502939
 0.013495576
 0.013488214
 0.013480851
 0.013473488
 0.013466126
 0.013458763
 0.013451401
 0.013444038
 0.013436676
 0.013429313
 0.013421951
 0.013414588
 0.013407225
 0.013399863
 0.0133925
 0.013385138
 0.013377775
 0.013370413
 0.01336305
 0.013355687
 0.013348325
 0.013340962
 0.0133336
 0.013326237
 0.013315193
 0.013307831
 0.013300468
 0.013293106
 0.013285743
 0.013278381
 0.013271018
 0.013263655
 0.013256293
 0.01324893
 0.013241568
 0.013234205
 0.013226843
 0.01321948
 0.013212118
 0.013204755
 0.013193711
 0.013186349
 0.013178986
 0.013171623
 0.013164261
 0.013156898
 0.013149536
 0.013142173
 0.013134811
 0.013127448
 0.013116404
 0.013109042
 0.013101679
 0.013094317
 0.013086954
 0.013079591
 0.013072229
 0.013064866
 0.013057504
 0.01304646
 0.013039097
 0.013031735
 0.013024372
 0.01301701
 0.013009647
 0.013002284
 0.012991241
 0.012983878
 0.012976516
 0.012969153
 0.01296179
 0.012954428
 0.012947065
 0.012936021
 0.012928659
 0.012921296
 0.012913934
 0.012906571
 0.012899209
 0.012888165
 0.012880802
 0.01287344
 0.012866077
 0.012858715
 0.012851352
 0.012840308
 0.012832946
 0.012825583
 0.01281822
 0.012810858
 0.012799814
 0.012792451
 0.012785089
 0.012777726
 0.012770364
 0.01275932
 0.012751957
 0.012744595
 0.012737232
 0.01272987
 0.012718826
 0.012711463
 0.012704101
 0.012696738
 0.012685694
 0.012678332
 0.012670969
 0.012663607
 0.012656244
 0.0126452
 0.012637838
 0.012630475
 0.012623113
 0.012612069
 0.012604706
 0.012597344
 0.012589981
 0.012578937
 0.012571575
 0.012564212
 0.012556849
 0.012545806
 0.012538443
 0.012531081
 0.012523718
 0.012512674
 0.012505312
 0.012497949
 0.012490586
 0.012479543
 0.01247218
 0.012464817
 0.012457455
 0.012446411
 0.012439048
 0.012431686
 0.012420642
 0.01241328
 0.012405917
 0.012398554
 0.012387511
 0.012380148
 0.012372785
 0.012361742
 0.012354379
 0.012347016
 0.012339654
 0.01232861
 0.012321248
 0.012313885
 0.012302841
 0.012295479
 0.012288116
 0.012277072
 0.01226971
 0.012262347
 0.012251303
 0.012243941
 0.012236578
 0.012229215
 0.012218172
 0.012210809
 0.012203447
 0.012192403
 0.01218504
 0.012177678
 0.012166634
 0.012159271
 0.012151909
 0.012140865
 0.012133502
 0.01212614
 0.012115096
 0.012107733
 0.012100371
 0.012089327
 0.012081964
 0.012074602
 0.012063558
 0.012056195
 0.012045151
 0.012037789
 0.012030426
 0.012019382
 0.01201202
 0.012004657
 0.011993613
 0.011986251
 0.011978888
 0.011967845
 0.011960482
 0.011949438
 0.011942076
 0.011934713
 0.011923669
 0.011916307
 0.011908944
 0.0118979
 0.011890538
 0.011883175
 0.011872131
 0.011864769
 0.011853725
 0.011846362
 0.011839
 0.011827956
 0.011820593
 0.011809549
 0.011802187
 0.011794824
 0.01178378
 0.011776418
 0.011765374
 0.011758012
 0.011750649
 0.011739605
 0.011732243
 0.011721199
 0.011713836
 0.011706474
 0.01169543
 0.011688067
 0.011677023
 0.011669661
 0.011662298
 0.011651254
 0.011643892
 0.011632848
 0.011625485
 0.011618123
 0.011607079
 0.011599716
 0.011588673
 0.01158131
 0.011570266
 0.011562904
 0.011555541
 0.011544497
 0.011537135
 0.011526091
 0.011518728
 0.011511366
 0.011500322
 0.011492959
 0.011481915
 0.011474553
 0.011463509
 0.011456146
 0.011445103
 0.01143774
 0.011430378
 0.011419334
 0.011411971
 0.011400927
 0.011393565
 0.011382521
 0.011375158
 0.011364114
 0.011356752
 0.011349389
 0.011338345
 0.011330983
 0.011319939
 0.011312577
 0.011301533
 0.01129417
 0.011283126
 0.011275764
 0.011268401
 0.011257357
 0.011249995
 0.011238951
 0.011231588
 0.011220544
 0.011213182
 0.011202138
 0.011194776
 0.011183732
 0.011176369
 0.011165325
 0.011157963
 0.0111506
 0.011139556
 0.011132194
 0.01112115
 0.011113787
 0.011102743
 0.011095381
 0.011084337
 0.011076975
 0.011065931
 0.011058568
 0.011047524
 0.011040162
 0.011029118
 0.011021755
 0.011010711
 0.011003349
 0.010992305
 0.010984943
 0.010973899
 0.010966536
 0.010959174
 0.01094813
 0.010940767
 0.010929723
 0.010922361
 0.010911317
 0.010903954
 0.01089291
 0.010885548
 0.010874504
 0.010867142
 0.010856098
 0.010848735
 0.010837691
 0.010830329
 0.010819285
 0.010811922
 0.010800878
 0.010793516
 0.010782472
 0.010775109
 0.010764066
 0.010756703
 0.010745659
 0.010738297
 0.010727253
 0.01071989
 0.010708846
 0.010701484
 0.01069044
 0.010683077
 0.010672034
 0.010664671
 0.010653627
 0.010646265
 0.010635221
 0.010627858
 0.010616814
 0.010609452
 0.010598408
 0.010591045
 0.010580002
 0.010572639
 0.010561595
 0.010554233
 0.010543189
 0.010535826
 0.010524782
 0.01051742
 0.010506376
 0.010499013
 0.01048797
 0.010480607
 0.010469563
 0.010462201
 0.010451157
 0.010443794
 0.01043275
 0.010421707
 0.010414344
 0.0104033
 0.010395938
 0.010384894
 0.010377531
 0.010366487
 0.010359125
 0.010348081
 0.010340718
 0.010329674
 0.010322312
 0.010311268
 0.010303906
 0.010292862
 0.010285499
 0.010274455
 0.010267093
 0.010256049
 0.010248686
 0.010237642
 0.01023028
 0.010219236
 0.010211873
 0.01020083
 0.010193467
 0.010182423
 0.010175061
 0.010164017
 0.010152973
 0.01014561
 0.010134567
 0.010127204
 0.01011616
 0.010108798
 0.010097754
 0.010090391
 0.010079347
 0.010071985
 0.010060941
 0.010053578
 0.010042535
 0.010035172
 0.010024128
 0.010016766
 0.010005722
 0.009998359
 0.009987315
 0.009979953
 0.009968909
 0.009961546
 0.009950503
 0.009939459
 0.009932096
 0.009921052
 0.00991369
 0.009902646
 0.009895283
 0.009884239
 0.009876877
 0.009865833
 0.009858471
 0.009847427
 0.009840064
 0.00982902
 0.009821658
 0.009810614
 0.009803251
 0.009792207
 0.009784845
 0.009773801
 0.009766438
 0.009755395
 0.009748032
 0.009736988
 0.009725944
 0.009718582
 0.009707538
 0.009700175
 0.009689132
 0.009681769
 0.009670725
 0.009663363
 0.009652319
 0.009644956
 0.009633912
 0.00962655
 0.009615506
 0.009608143
 0.0095971
 0.009589737
 0.009578693
 0.009571331
 0.009560287
 0.009552924
 0.00954188
 0.009534518
 0.009523474
 0.009516111
 0.009505068
 0.009497705
 0.009486661
 0.009479299
 0.009468255
 0.009457211
 0.009449848
 0.009438804
 0.009431442
 0.009420398
 0.009413036
 0.009401992
 0.009394629
 0.009383585
 0.009376223
 0.009365179
 0.009357816
 0.009346772
 0.00933941
 0.009328366
 0.009321003
 0.00930996
 0.009302597
 0.009291553
 0.009284191
 0.009273147
 0.009265784
 0.00925474
 0.009247378
 0.009236334
 0.009228971
 0.009217928
 0.009210565
 0.009199521
 0.009192159
 0.009181115
 0.009173752
 0.009162708
 0.009155346
 0.009144302
 0.009136939
 0.009125896
 0.009118533
 0.009107489
 0.009100127
 0.009089083
 0.00908172
 0.009070676
 0.009063314
 0.00905227
 0.009044907
 0.009033864
 0.009026501
 0.009015457
 0.009008095
 0.008997051
 0.008989688
 0.008978644
 0.008971282
 0.008960238
 0.008952875
 0.008941832
 0.008934469
 0.008923425
 0.008916063
 0.008905019
 0.008897656
 0.008890294
 0.00887925
 0.008871887
 0.008860843
 0.008853481
 0.008842437
 0.008835074
 0.008824031
 0.008816668
 0.008805624
 0.008798262
 0.008787218
 0.008779855
 0.008768811
 0.008761449
 0.008750405
 0.008743042
 0.008731999
 0.008724636
 0.008713592
 0.00870623
 0.008698867
 0.008687823
 0.008680461
 0.008669417
 0.008662054
 0.00865101
 0.008643648
 0.008632604
 0.008625241
 0.008614198
 0.008606835
 0.008599472
 0.008588429
 0.008581066
 0.008570022
 0.00856266
 0.008551616
 0.008544253
 0.008533209
 0.008525847
 0.008514803
 0.00850744
 0.008500078
 0.008489034
 0.008481671
 0.008470628
 0.008463265
 0.008452221
 0.008444859
 0.008433815
 0.008426452
 0.00841909
 0.008408046
 0.008400683
 0.008389639
 0.008382277
 0.008371233
 0.00836387
 0.008356508
 0.008345464
 0.008338101
 0.008327058
 0.008319695
 0.008308651
 0.008301289
 0.008293926
 0.008282882
 0.00827552
 0.008264476
 0.008257113
 0.008249751
 0.008238707
 0.008231344
 0.0082203
 0.008212938
 0.008201894
 0.008194532
 0.008187169
 0.008176125
 0.008168763
 0.008157719
 0.008150356
 0.008142994
 0.00813195
 0.008124587
 0.008113543
 0.008106181
 0.008098818
 0.008087774
 0.008080412
 0.008069368
 0.008062005
 0.008054643
 0.008043599
 0.008036236
 0.008028874
 0.00801783
 0.008010467
 0.007999424
 0.007992061
 0.007984698
 0.007973655
 0.007966292
 0.00795893
 0.007947886
 0.007940523
 0.007929479
 0.007922117
 0.007914754
 0.00790371
 0.007896348
 0.007888985
 0.007877941
 0.007870579
 0.007859535
 0.007852172
 0.00784481
 0.007833766
 0.007826403
 0.007819041
 0.007807997
 0.007800634
 0.007793272
 0.007782228
 0.007774865
 0.007767503
 0.007756459
 0.007749097
 0.007741734
 0.00773069
 0.007723328
 0.007715965
 0.007704921
 0.007697559
 0.007690196
 0.007679152
 0.00767179
 0.007664427
 0.007653383
 0.007646021
 0.007638658
 0.007627614
 0.007620252
 0.007612889
 0.007601845
 0.007594483
 0.00758712
 0.007579758
 0.007568714
 0.007561351
 0.007553989
 0.007542945
 0.007535582
 0.00752822
 0.007517176
 0.007509813
 0.007502451
 0.007495088
 0.007484044
 0.007476682
 0.007469319
 0.007458275
 0.007450913
 0.00744355
 0.007436188
 0.007425144
 0.007417781
 0.007410419
 0.007399375
 0.007392012
 0.00738465
 0.007377287
 0.007366243
 0.007358881
 0.007351518
 0.007344156
 0.007333112
 0.007325749
 0.007318387
 0.007311024
 0.00729998
 0.007292618
 0.007285255
 0.007277893
 0.007266849
 0.007259486
 0.007252124
 0.007244761
 0.007233717
 0.007226355
 0.007218992
 0.007211629
 0.007204267
 0.007193223
 0.007185861
 0.007178498
 0.007171135
 0.007160092
 0.007152729
 0.007145366
 0.007138004
 0.007130641
 0.007119597
 0.007112235
 0.007104872
 0.00709751
 0.007090147
 0.007079103
 0.007071741
 0.007064378
 0.007057016
 0.007049653
 0.007038609
 0.007031247
 0.007023884
 0.007016522
 0.007009159
 0.007001796
 0.006990753
 0.00698339
 0.006976027
 0.006968665
 0.006961302
 0.00695394
 0.006942896
 0.006935533
 0.006928171
 0.006920808
 0.006913446
 0.006906083
 0.006895039
 0.006887677
 0.006880314
 0.006872952
 0.006865589
 0.006858227
 0.006850864
 0.00683982
 0.006832458
 0.006825095
 0.006817732
 0.00681037
 0.006803007
 0.006795645
 0.006788282
 0.006777238
 0.006769876
 0.006762513
 0.006755151
 0.006747788
 0.006740426
 0.006733063
 0.0067257
 0.006718338
 0.006710975
 0.006699931
 0.006692569
 0.006685206
 0.006677844
 0.006670481
 0.006663119
 0.006655756
 0.006648393
 0.006641031
 0.006633668
 0.006626306
 0.006618943
 0.006611581
 0.006600537
 0.006593174
 0.006585812
 0.006578449
 0.006571087
 0.006563724
 0.006556361
 0.006548999
 0.006541636
 0.006534274
 0.006526911
 0.006519549
 0.006512186
 0.006504824
 0.006497461
 0.006490098
 0.006482736
 0.006475373
 0.006468011
 0.006460648
 0.006453286
 0.006445923
 0.00643856
 0.006431198
 0.006423835
 0.006416473
 0.00640911
 0.006401748
 0.006394385
 0.006387023
 0.00637966
 0.006372297
 0.006364935
 0.006357572
 0.00635021
 0.006342847
 0.006335485
 0.006328122
 0.006320759
 0.006313397
 0.006306034
 0.006298672
 0.006291309
 0.006283947
 0.006276584
 0.006269222
 0.006261859
 0.006254496
 0.006250815
 0.006243453
 0.00623609
 0.006228727
 0.006221365
 0.006214002
 0.00620664
 0.006199277
 0.006191915
 0.006184552
 0.00617719
 0.006169827
 0.006162464
 0.006158783
 0.006151421
 0.006144058
 0.006136695
 0.006129333
 0.00612197
 0.006114608
 0.006107245
 0.006099883
 0.006096201
 0.006088839
 0.006081476
 0.006074114
 0.006066751
 0.006059389
 0.006052026
 0.006048345
 0.006040982
 0.00603362
 0.006026257
 0.006018894
 0.006011532
 0.006004169
 0.006000488
 0.005993125
 0.005985763
 0.0059784
 0.005971038
 0.005963675
 0.005959994
 0.005952631
 0.005945269
 0.005937906
 0.005930544
 0.005926862
 0.0059195
 0.005912137
 0.005904775
 0.005897412
 0.005893731
 0.005886368
 0.005879006
 0.005871643
 0.005867962
 0.005860599
 0.005853237
 0.005845874
 0.005838512
 0.00583483
 0.005827468
 0.005820105
 0.005812743
 0.005809061
 0.005801699
 0.005794336
 0.005786974
 0.005783292
 0.00577593
 0.005768567
 0.005764886
 0.005757523
 0.005750161
 0.005742798
 0.005739117
 0.005731755
 0.005724392
 0.005720711
 0.005713348
 0.005705986
 0.005698623
 0.005694942
 0.005687579
 0.005680217
 0.005676535
 0.005669173
 0.00566181
 0.005658129
 0.005650766
 0.005643404
 0.005639722
 0.00563236
 0.005624997
 0.005621316
 0.005613954
 0.005606591
 0.00560291
 0.005595547
 0.005591866
 0.005584503
 0.005577141
 0.005573459
 0.005566097
 0.005558734
 0.005555053
 0.00554769
 0.005544009
 0.005536647
 0.005529284
 0.005525603
 0.00551824
 0.005514559
 0.005507196
 0.005499834
 0.005496153
 0.00548879
 0.005485109
 0.005477746
 0.005474065
 0.005466702
 0.00545934
 0.005455658
 0.005448296
 0.005444615
 0.005437252
 0.005433571
 0.005426208
 0.005422527
 0.005415164
 0.005411483
 0.005404121
 0.005400439
 0.005393077
 0.005385714
 0.005382033
 0.00537467
 0.005370989
 0.005363626
 0.005359945
 0.005352583
 0.005348901
 0.00534522
 0.005337857
 0.005334176
 0.005326814
 0.005323132
 0.00531577
 0.005312088
 0.005304726
 0.005301045
 0.005293682
 0.005290001
 0.005282638
 0.005278957
 0.005275276
 0.005267913
 0.005264232
 0.005256869
 0.005253188
 0.005245825
 0.005242144
 0.005238463
 0.0052311
 0.005227419
 0.005220056
 0.005216375
 0.005212694
 0.005205331
 0.00520165
 0.005194287
 0.005190606
 0.005186925
 0.005179562
 0.005175881
 0.0051722
 0.005164837
 0.005161156
 0.005157475
 0.005150112
 0.005146431
 0.005139068
 0.005135387
 0.005131706
 0.005124343
 0.005120662
 0.005116981
 0.005113299
 0.005105937
 0.005102255
 0.005098574
 0.005091212
 0.00508753
 0.005083849
 0.005076486
 0.005072805
 0.005069124
 0.005065443
 0.00505808
 0.005054399
 0.005050718
 0.005047036
 0.005039674
 0.005035992
 0.005032311
 0.00502863
 0.005021267
 0.005017586
 0.005013905
 0.005010223
 0.005002861
 0.00499918
 0.004995498
 0.004991817
 0.004988136
 0.004980773
 0.004977092
 0.004973411
 0.004969729
 0.004966048
 0.004958686
 0.004955004
 0.004951323
 0.004947642
 0.00494396
 0.004940279
 0.004932917
 0.004929235
 0.004925554
 0.004921873
 0.004918191
 0.00491451
 0.004907148
 0.004903466
 0.004899785
 0.004896104
 0.004892422
 0.004888741
 0.00488506
 0.004881379
 0.004877697
 0.004870335
 0.004866653
 0.004862972
 0.004859291
 0.00485561
 0.004851928
 0.004848247
 0.004844566
 0.004840885
 0.004837203
 0.004833522
 0.004829841
 0.004826159
 0.004822478
 0.004818797
 0.004815116
 0.004811434
 0.004807753
 0.00480039
 0.004796709
 0.004793028
 0.004789347
 0.004785665
 0.004781984
 0.004778303
 0.004774621
 0.004774621
 0.00477094
 0.004767259
 0.004763578
 0.004759896
 0.004756215
 0.004752534
 0.004748852
 0.004745171
 0.00474149
 0.004737809
 0.004734127
 0.004730446
 0.004726765
 0.004723084
 0.004719402
 0.004715721
 0.00471204
 0.00471204
 0.004708358
 0.004704677
 0.004700996
 0.004697315
 0.004693633
 0.004689952
 0.004686271
 0.004686271
 0.004682589
 0.004678908
 0.004675227
 0.004671546
 0.004667864
 0.004664183
 0.004664183
 0.004660502
 0.00465682
 0.004653139
 0.004649458
 0.004645777
 0.004645777
 0.004642095
 0.004638414
 0.004634733
 0.004634733
 0.004631051
 0.00462737
 0.004623689
 0.004620008
 0.004620008
 0.004616326
 0.004612645
 0.004608964
 0.004608964
 0.004605283
 0.004601601
 0.00459792
 0.00459792
 0.004594239
 0.004590557
 0.004590557
 0.004586876
 0.004583195
 0.004579514
 0.004579514
 0.004575832
 0.004572151
 0.004572151
 0.00456847
 0.004564788
 0.004564788
 0.004561107
 0.004557426
 0.004557426
 0.004553745
 0.004550063
 0.004550063
 0.004546382
 0.004546382
 0.004542701
 0.004539019
 0.004539019
 0.004535338
 0.004535338
 0.004531657
 0.004527976
 0.004527976
 0.004524294
 0.004524294
 0.004520613
 0.004516932
 0.004516932
 0.004513251
 0.004513251
 0.004509569
 0.004509569
 0.004505888
 0.004505888
 0.004502207
 0.004502207
 0.004498525
 0.004498525
 0.004494844
 0.004494844
 0.004491163
 0.004491163
 0.004487482
 0.004487482
 0.0044838
 0.0044838
 0.004480119
 0.004480119
 0.004476438
 0.004476438
 0.004472756
 0.004472756
 0.004472756
 0.004469075
 0.004469075
 0.004465394
 0.004465394
 0.004461713
 0.004461713
 0.004461713
 0.004458031
 0.004458031
 0.00445435
 0.00445435
 0.00445435
 0.004450669
 0.004450669
 0.004450669
 0.004446987
 0.004446987
 0.004446987
 0.004443306
 0.004443306
 0.004443306
 0.004439625
 0.004439625
 0.004439625
 0.004435944
 0.004435944
 0.004435944
 0.004432262
 0.004432262
 0.004432262
 0.004432262
 0.004428581
 0.004428581
 0.004428581
 0.004428581
 0.0044249
 0.0044249
 0.0044249
 0.0044249
 0.004421218
 0.004421218
 0.004421218
 0.004421218
 0.004421218
 0.004417537
 0.004417537
 0.004417537
 0.004417537
 0.004417537
 0.004417537
 0.004413856
 0.004413856
 0.004413856
 0.004413856
 0.004413856
 0.004413856
 0.004410175
 0.004410175
 0.004410175
 0.004410175
 0.004410175
 0.004410175
 0.004410175
 0.004410175
 0.004410175
 0.004410175
 0.004406493
 0.004406493
 0.004406493
 0.004406493
 0.004406493
 0.004406493
 0.004406493
 0.004406493
 0.004406493
 0.004406493
 0.004406493
 0.004406493
 0.004406493
 0.004406493
 0.004406493
 0.004406493
 0.004406493
 0.004406493
 0.004406493
 0.004406493
 0.004406493
 0.004406493
 0.004406493
 0.004406493
 0.004410175
 0.004410175
 0.004410175
 0.004410175
 0.004410175
 0.004410175
 0.004410175
 0.004410175
 0.004413856
 0.004413856
 0.004413856
 0.004413856
 0.004413856
 0.004417537
 0.004417537
 0.004417537
 0.004417537
 0.004417537
 0.004421218
 0.004421218
 0.004421218
 0.004421218
 0.0044249
 0.0044249
 0.0044249
 0.004428581
 0.004428581
 0.004428581
 0.004432262
 0.004432262
 0.004432262
 0.004435944
 0.004435944
 0.004435944
 0.004439625
 0.004439625
 0.004443306
 0.004443306
 0.004443306
 0.004446987
 0.004446987
 0.004450669
 0.004450669
 0.00445435
 0.00445435
 0.00445435
 0.004458031
 0.004458031
 0.004461713
 0.004461713
 0.004465394
 0.004465394
 0.004469075
 0.004472756
 0.004472756
 0.004476438
 0.004476438
 0.004480119
 0.004480119
 0.0044838
 0.004487482
 0.004487482
 0.004491163
 0.004491163
 0.004494844
 0.004498525
 0.004498525
 0.004502207
 0.004505888
 0.004505888
 0.004509569
 0.004513251
 0.004513251
 0.004516932
 0.004520613
 0.004520613
 0.004524294
 0.004527976
 0.004531657
 0.004531657
 0.004535338
 0.004539019
 0.004542701
 0.004542701
 0.004546382
 0.004550063
 0.004553745
 0.004553745
 0.004557426
 0.004561107
 0.004564788
 0.00456847
 0.004572151
 0.004572151
 0.004575832
 0.004579514
 0.004583195
 0.004586876
 0.004590557
 0.004594239
 0.00459792
 0.00459792
 0.004601601
 0.004605283
 0.004608964
 0.004612645
 0.004616326
 0.004620008
 0.004623689
 0.00462737
 0.004631051
 0.004634733
 0.004638414
 0.004642095
 0.004645777
 0.004649458
 0.004653139
 0.00465682
 0.004660502
 0.004664183
 0.004667864
 0.004671546
 0.004675227
 0.004678908
 0.004682589
 0.004689952
 0.004693633
 0.004697315
 0.004700996
 0.004704677
 0.004708358
 0.00471204
 0.004715721
 0.004719402
 0.004726765
 0.004730446
 0.004734127
 0.004737809
 0.00474149
 0.004745171
 0.004752534
 0.004756215
 0.004759896
 0.004763578
 0.004767259
 0.004774621
 0.004778303
 0.004781984
 0.004785665
 0.004793028
 0.004796709
 0.00480039
 0.004804072
 0.004811434
 0.004815116
 0.004818797
 0.004826159
 0.004829841
 0.004833522
 0.004840885
 0.004844566
 0.004848247
 0.00485561
 0.004859291
 0.004862972
 0.004870335
 0.004874016
 0.004877697
 0.00488506
 0.004888741
 0.004892422
 0.004899785
 0.004903466
 0.004910829
 0.00491451
 0.004921873
 0.004925554
 0.004929235
 0.004936598
 0.004940279
 0.004947642
 0.004951323
 0.004958686
 0.004962367
 0.004969729
 0.004973411
 0.004980773
 0.004984454
 0.004991817
 0.004995498
 0.005002861
 0.005006542
 0.005013905
 0.005017586
 0.005024949
 0.00502863
 0.005035992
 0.005043355
 0.005047036
 0.005054399
 0.00505808
 0.005065443
 0.005072805
 0.005076486
 0.005083849
 0.00508753
 0.005094893
 0.005102255
 0.005105937
 0.005113299
 0.005120662
 0.005124343
 0.005131706
 0.005139068
 0.00514275
 0.005150112
 0.005157475
 0.005161156
 0.005168519
 0.005175881
 0.005179562
 0.005186925
 0.005194287
 0.00520165
 0.005205331
 0.005212694
 0.005220056
 0.005223738
 0.0052311
 0.005238463
 0.005245825
 0.005253188
 0.005256869
 0.005264232
 0.005271594
 0.005278957
 0.00528632
 0.005290001
 0.005297363
 0.005304726
 0.005312088
 0.005319451
 0.005323132
 0.005330495
 0.005337857
 0.00534522
 0.005352583
 0.005359945
 0.005367308
 0.005370989
 0.005378352
 0.005385714
 0.005393077
 0.005400439
 0.005407802
 0.005415164
 0.005422527
 0.005429889
 0.005437252
 0.005444615
 0.005451977
 0.005455658
 0.005463021
 0.005470384
 0.005477746
 0.005485109
 0.005492471
 0.005499834
 0.005507196
 0.005514559
 0.005521922
 0.005529284
 0.005536647
 0.005544009
 0.005551372
 0.005558734
 0.005566097
 0.005573459
 0.005580822
 0.005588185
 0.005595547
 0.00560291
 0.005613954
 0.005621316
 0.005628679
 0.005636041
 0.005643404
 0.005650766
 0.005658129
 0.005665491
 0.005672854
 0.005680217
 0.005687579
 0.005698623
 0.005705986
 0.005713348
 0.005720711
 0.005728073
 0.005735436
 0.005742798
 0.005750161
 0.005761205
 0.005768567
 0.00577593
 0.005783292
 0.005790655
 0.005798018
 0.005809061
 0.005816424
 0.005823787
 0.005831149
 0.005838512
 0.005849556
 0.005856918
 0.005864281
 0.005871643
 0.005882687
 0.00589005
 0.005897412
 0.005904775
 0.005915819
 0.005923181
 0.005930544
 0.005937906
 0.00594895
 0.005956313
 0.005963675
 0.005971038
 0.005982082
 0.005989444
 0.005996807
 0.006007851
 0.006015213
 0.006022576
 0.006029938
 0.006040982
 0.006048345
 0.006055707
 0.006066751
 0.006074114
 0.006081476
 0.00609252
 0.006099883
 0.006107245
 0.006118289
 0.006125652
 0.006136695
 0.006144058
 0.006151421
 0.006162464
 0.006169827
 0.00617719
 0.006188233
 0.006195596
 0.00620664
 0.006214002
 0.006225046
 0.006232409
 0.006239771
 0.006250815
 0.006258178
 0.006269222
 0.006276584
 0.006287628
 0.006294991
 0.006302353
 0.006313397
 0.006320759
 0.006331803
 0.006339166
 0.00635021
 0.006357572
 0.006368616
 0.006375979
 0.006387023
 0.006394385
 0.006405429
 0.006412792
 0.006423835
 0.006431198
 0.006442242
 0.006449604
 0.006460648
 0.006468011
 0.006479055
 0.006486417
 0.006497461
 0.006504824
 0.006515867
 0.00652323
 0.006534274
 0.006545318
 0.00655268
 0.006563724
 0.006571087
 0.00658213
 0.006589493
 0.006600537
 0.006611581
 0.006618943
 0.006629987
 0.00663735
 0.006648393
 0.006659437
 0.0066668
 0.006677844
 0.006685206
 0.00669625
 0.006707294
 0.006714657
 0.0067257
 0.006733063
 0.006744107
 0.006755151
 0.006762513
 0.006773557
 0.006784601
 0.006791963
 0.006803007
 0.006814051
 0.006821414
 0.006832458
 0.006843501
 0.006850864
 0.006861908
 0.006872952
 0.006880314
 0.006891358
 0.006902402
 0.006909764
 0.006920808
 0.006931852
 0.006942896
 0.006950259
 0.006961302
 0.006972346
 0.006979709
 0.006990753
 0.007001796
 0.00701284
 0.007020203
 0.007031247
 0.007042291
 0.007053334
 0.007060697
 0.007071741
 0.007082785
 0.007093828
 0.007101191
 0.007112235
 0.007123279
 0.007134323
 0.007141685
 0.007152729
 0.007163773
 0.007174817
 0.007185861
 0.007193223
 0.007204267
 0.007215311
 0.007226355
 0.007233717
 0.007244761
 0.007255805
 0.007266849
 0.007277893
 0.007288936
 0.007296299
 0.007307343
 0.007318387
 0.00732943
 0.007340474
 0.007347837
 0.007358881
 0.007369925
 0.007380968
 0.007392012
 0.007403056
 0.0074141
 0.007421462
 0.007432506
 0.00744355
 0.007454594
 0.007465638
 0.007476682
 0.007487726
 0.007495088
 0.007506132
 0.007517176
 0.00752822
 0.007539263
 0.007550307
 0.007561351
 0.007572395
 0.007583439
 0.007590801
 0.007601845
 0.007612889
 0.007623933
 0.007634977
 0.007646021
 0.007657064
 0.007668108
 0.007679152
 0.007690196
 0.00770124
 0.007708602
 0.007719646
 0.00773069
 0.007741734
 0.007752778
 0.007763822
 0.007774865
 0.007785909
 0.007796953
 0.007807997
 0.007819041
 0.007830085
 0.007841129
 0.007852172
 0.007863216
 0.00787426
 0.007885304
 0.007896348
 0.00790371
 0.007914754
 0.007925798
 0.007936842
 0.007947886
 0.00795893
 0.007969973
 0.007981017
 0.007992061
 0.008003105
 0.008014149
 0.008025193
 0.008036236
 0.00804728
 0.008058324
 0.008069368
 0.008080412
 0.008091456
 0.008102499
 0.008113543
 0.008124587
 0.008135631
 0.008146675
 0.008157719
 0.008168763
 0.008179806
 0.00819085
 0.008201894
 0.008212938
 0.008223982
 0.008238707
 0.008249751
 0.008260795
 0.008271838
 0.008282882
 0.008293926
 0.00830497
 0.008316014
 0.008327058
 0.008338101
 0.008349145
 0.008360189
 0.008371233
 0.008382277
 0.008393321
 0.008404365
 0.008415408
 0.008426452
 0.008437496
 0.00844854
 0.008459584
 0.008474309
 0.008485353
 0.008496397
 0.00850744
 0.008518484
 0.008529528
 0.008540572
 0.008551616
 0.00856266
 0.008573703
 0.008584747
 0.008595791
 0.008606835
 0.00862156
 0.008632604
 0.008643648
 0.008654692
 0.008665735
 0.008676779
 0.008687823
 0.008698867
 0.008709911
 0.008720955
 0.00873568
 0.008746724
 0.008757767
 0.008768811
 0.008779855
 0.008790899
 0.008801943
 0.008812987
 0.008824031
 0.008835074
 0.0088498
 0.008860843
 0.008871887
 0.008882931
 0.008893975
 0.008905019
 0.008916063
 0.008927106
 0.008941832
 0.008952875
 0.008963919
 0.008974963
 0.008986007
 0.008997051
 0.009008095
 0.009019138
 0.009033864
 0.009044907
 0.009055951
 0.009066995
 0.009078039
 0.009089083
 0.009100127
 0.009114852
 0.009125896
 0.009136939
 0.009147983
 0.009159027
 0.009170071
 0.009181115
 0.00919584
 0.009206884
 0.009217928
 0.009228971
 0.009240015
 0.009251059
 0.009262103
 0.009276828
 0.009287872
 0.009298916
 0.00930996
 0.009321003
 0.009332047
 0.009346772
 0.009357816
 0.00936886
 0.009379904
 0.009390948
 0.009401992
 0.009416717
 0.009427761
 0.009438804
 0.009449848
 0.009460892
 0.009471936
 0.009486661
 0.009497705
 0.009508749
 0.009519793
 0.009530837
 0.00954188
 0.009556605
 0.009567649
 0.009578693
 0.009589737
 0.009600781
 0.009611825
 0.00962655
 0.009637594
 0.009648638
 0.009659681
 0.009670725
 0.009681769
 0.009696494
 0.009707538
 0.009718582
 0.009729626
 0.00974067
 0.009751713
 0.009766438
 0.009777482
 0.009788526
 0.00979957
 0.009810614
 0.009821658
 0.009836383
 0.009847427
 0.009858471
 0.009869514
 0.009880558
 0.009895283
 0.009906327
 0.009917371
 0.009928415
 0.009939459
 0.009950503
 0.009965228
 0.009976272
 0.009987315
 0.009998359
 0.010009403
 0.010024128
 0.010035172
 0.010046216
 0.01005726
 0.010068304
 0.010079347
 0.010094073
 0.010105116
 0.01011616
 0.010127204
 0.010138248
 0.010149292
 0.010164017
 0.010175061
 0.010186105
 0.010197148
 0.010208192
 0.010222917
 0.010233961
 0.010245005
 0.010256049
 0.010267093
 0.010278137
 0.010292862
 0.010303906
 0.010314949
 0.010325993
 0.010337037
 0.010348081
 0.010362806
 0.01037385
 0.010384894
 0.010395938
 0.010406981
 0.010418025
 0.01043275
 0.010443794
 0.010454838
 0.010465882
 0.010476926
 0.01048797
 0.010502695
 0.010513739
 0.010524782
 0.010535826
 0.01054687
 0.010557914
 0.010572639
 0.010583683
 0.010594727
 0.010605771
 0.010616814
 0.010627858
 0.010642583
 0.010653627
 0.010664671
 0.010675715
 0.010686759
 0.010697803
 0.010712528
 0.010723572
 0.010734615
 0.010745659
 0.010756703
 0.010767747
 0.010782472
 0.010793516
 0.01080456
 0.010815604
 0.010826647
 0.010837691
 0.010848735
 0.01086346
 0.010874504
 0.010885548
 0.010896592
 0.010907636
 0.010918679
 0.010929723
 0.010944448
 0.010955492
 0.010966536
 0.01097758
 0.010988624
 0.010999668
 0.011010711
 0.011025437
 0.01103648
 0.011047524
 0.011058568
 0.011069612
 0.011080656
 0.0110917
 0.011102743
 0.011117469
 0.011128512
 0.011139556
 0.0111506
 0.011161644
 0.011172688
 0.011183732
 0.011194776
 0.011209501
 0.011220544
 0.011231588
 0.011242632
 0.011253676
 0.01126472
 0.011275764
 0.011286808
 0.011297851
 0.011308895
 0.01132362
 0.011334664
 0.011345708
 0.011356752
 0.011367796
 0.01137884
 0.011389883
 0.011400927
 0.011411971
 0.011423015
 0.01143774
 0.011448784
 0.011459828
 0.011470872
 0.011481915
 0.011492959
 0.011504003
 0.011515047
 0.011526091
 0.011537135
 0.011548178
 0.011559222
 0.011570266
 0.011584991
 0.011596035
 0.011607079
 0.011618123
 0.011629167
 0.011640211
 0.011651254
 0.011662298
 0.011673342
 0.011684386
 0.01169543
 0.011706474
 0.011717517
 0.011728561
 0.011739605
 0.011750649
 0.011761693
 0.011772737
 0.01178378
 0.011794824
 0.011805868
 0.011820593
 0.011831637
 0.011842681
 0.011853725
 0.011864769
 0.011875813
 0.011886856
 0.0118979
 0.011908944
 0.011919988
 0.011931032
 0.011942076
 0.011953119
 0.011964163
 0.011975207
 0.011986251
 0.011997295
 0.012008339
 0.012019382
 0.012030426
 0.01204147
 0.012052514
 0.012063558
 0.012074602
 0.012085646
 0.012096689
 0.012107733
 0.012118777
 0.012129821
 0.012140865
 0.012148227
 0.012159271
 0.012170315
 0.012181359
 0.012192403
 0.012203447
 0.01221449
 0.012225534
 0.012236578
 0.012247622
 0.012258666
 0.01226971
 0.012280753
 0.012291797
 0.012302841
 0.012313885
 0.012324929
 0.012335973
 0.012343335
 0.012354379
 0.012365423
 0.012376467
 0.012387511
 0.012398554
 0.012409598
 0.012420642
 0.012431686
 0.01244273
 0.012453774
 0.012461136
 0.01247218
 0.012483224
 0.012494268
 0.012505312
 0.012516355
 0.012527399
 0.012538443
 0.012549487
 0.012556849
 0.012567893
 0.012578937
 0.012589981
 0.012601025
 0.012612069
 0.012623113
 0.012630475
 0.012641519
 0.012652563
 0.012663607
 0.01267465
 0.012685694
 0.012696738
 0.012704101
 0.012715145
 0.012726188
 0.012737232
 0.012748276
 0.012755639
 0.012766683
 0.012777726
 0.01278877
 0.012799814
 0.012810858
 0.01281822
 0.012829264
 0.012840308
 0.012851352
 0.012858715
 0.012869758
 0.012880802
 0.012891846
 0.01290289
 0.012910252
 0.012921296
 0.01293234
 0.012943384
 0.012950747
 0.01296179
 0.012972834
 0.012983878
 0.012991241
 0.013002284
 0.013013328
 0.013024372
 0.013031735
 0.013042779
 0.013053822
 0.013064866
 0.013072229
 0.013083273
 0.013094317
 0.013101679
 0.013112723
 0.013123767
 0.013134811
 0.013142173
 0.013153217
 0.013164261
 0.013171623
 0.013182667
 0.013193711
 0.013201074
 0.013212118
 0.013223161
 0.013230524
 0.013241568
 0.013252612
 0.013259974
 0.013271018
 0.013282062
 0.013289424
 0.013300468
 0.013311512
 0.013318875
 0.013329919
 0.013337281
 0.013348325
 0.013359369
 0.013366731
 0.013377775
 0.013385138
 0.013396182
 0.013407225
 0.013414588
 0.013425632
 0.013432994
 0.013444038
 0.013455082
 0.013462445
 0.013473488
 0.013480851
 0.013491895
 0.013499257
 0.013510301
 0.013521345
 0.013528708
 0.013539752
 0.013547114
 0.013558158
 0.01356552
 0.013576564
 0.013583927
 0.013594971
 0.013602333
 0.013613377
 0.01362074
 0.013631784
 0.013639146
 0.01365019
 0.013657553
 0.013668596
 0.013675959
 0.013687003
 0.013694365
 0.013705409
 0.013712772
 0.013723816
 0.013731178
 0.013742222
 0.013749585
 0.013756947
 0.013767991
 0.013775354
 0.013786397
 0.01379376
 0.013804804
 0.013812166
 0.013819529
 0.013830573
 0.013837935
 0.013848979
 0.013856342
 0.013867386
 0.013874748
 0.013882111
 0.013893154
 0.013900517
 0.01390788
 0.013918923
 0.013926286
 0.01393733
 0.013944692
 0.013952055
 0.013963099
 0.013970461
 0.013977824
 0.013988868
 0.01399623
 0.014003593
 0.014014637
 0.014021999
 0.014029362
 0.014036724
 0.014047768
 0.014055131
 0.014062493
 0.014073537
 0.0140809
 0.014088262
 0.014095625
 0.014106669
 0.014114031
 0.014121394
 0.014128756
 0.0141398
 0.014147163
 0.014154525
 0.014161888
 0.014172932
 0.014180294
 0.014187657
 0.01419502
 0.014206063
 0.014213426
 0.014220789
 0.014228151
 0.014235514
 0.014246557
 0.01425392
 0.014261283
 0.014268645
 0.014276008
 0.01428337
 0.014294414
 0.014301777
 0.014309139
 0.014316502
 0.014323864
 0.014331227
 0.014338589
 0.014345952
 0.014356996
 0.014364358
 0.014371721
 0.014379084
 0.014386446
 0.014393809
 0.014401171
 0.014408534
 0.014415896
 0.014423259
 0.014430622
 0.014441665
 0.014449028
 0.01445639
 0.014463753
 0.014471116
 0.014478478
 0.014485841
 0.014493203
 0.014500566
 0.014507928
 0.014515291
 0.014522654
 0.014530016
 0.014537379
 0.014544741
 0.014552104
 0.014559466
 0.014566829
 0.014574191
 0.014581554
 0.014588917
 0.014592598
 0.01459996
 0.014607323
 0.014614686
 0.014622048
 0.014629411
 0.014636773
 0.014644136
 0.014651498
 0.014658861
 0.014666224
 0.014673586
 0.014677267
 0.01468463
 0.014691992
 0.014699355
 0.014706718
 0.01471408
 0.014721443
 0.014725124
 0.014732487
 0.014739849
 0.014747212
 0.014754574
 0.014758256
 0.014765618
 0.014772981
 0.014780343
 0.014787706
 0.014791387
 0.01479875
 0.014806112
 0.014813475
 0.014820837
 0.014824519
 0.014831881
 0.014839244
 0.014842925
 0.014850288
 0.01485765
 0.014865013
 0.014868694
 0.014876057
 0.014883419
 0.0148871
 0.014894463
 0.014901825
 0.014905507
 0.014912869
 0.014920232
 0.014923913
 0.014931276
 0.014938638
 0.01494232
 0.014949682
 0.014957045
 0.014960726
 0.014968089
 0.01497177
 0.014979132
 0.014986495
 0.014990176
 0.014997539
 0.01500122
 0.015008583
 0.015015945
 0.015019626
 0.015026989
 0.01503067
 0.015038033
 0.015041714
 0.015049077
 0.015052758
 0.015060121
 0.015063802
 0.015071164
 0.015074846
 0.015082208
 0.01508589
 0.015093252
 0.015096933
 0.015104296
 0.015107977
 0.01511534
 0.015119021
 0.015122702
 0.015130065
 0.015133746
 0.015141109
 0.01514479
 0.015152153
 0.015155834
 0.015159515
 0.015166878
 0.015170559
 0.01517424
 0.015181603
 0.015185284
 0.015188965
 0.015196328
 0.015200009
 0.015203691
 0.015211053
 0.015214734
 0.015218416
 0.015225778
 0.015229459
 0.015233141
 0.015240503
 0.015244185
 0.015247866
 0.015251547
 0.01525891
 0.015262591
 0.015266272
 0.015269954
 0.015277316
 0.015280997
 0.015284679
 0.01528836
 0.015292041
 0.015299404
 0.015303085
 0.015306766
 0.015310448
 0.015314129
 0.01531781
 0.015325173
 0.015328854
 0.015332535
 0.015336217
 0.015339898
 0.015343579
 0.01534726
 0.015350942
 0.015354623
 0.015361986
 0.015365667
 0.015369348
 0.015373029
 0.015376711
 0.015380392
 0.015384073
 0.015387755
 0.015391436
 0.015395117
 0.015398798
 0.01540248
 0.015406161
 0.015409842
 0.015413524
 0.015417205
 0.015420886
 0.015424567
 0.015428249
 0.01543193
 0.015435611
 0.015439293
 0.015442974
 0.015446655
 0.015446655
 0.015450336
 0.015454018
 0.015457699
 0.01546138
 0.015465061
 0.015468743
 0.015472424
 0.015472424
 0.015476105
 0.015479787
 0.015483468
 0.015487149
 0.01549083
 0.01549083
 0.015494512
 0.015498193
 0.015501874
 0.015501874
 0.015505556
 0.015509237
 0.015512918
 0.015512918
 0.015516599
 0.015520281
 0.015523962
 0.015523962
 0.015527643
 0.015531325
 0.015531325
 0.015535006
 0.015538687
 0.015538687
 0.015542368
 0.01554605
 0.01554605
 0.015549731
 0.015553412
 0.015553412
 0.015557094
 0.015557094
 0.015560775
 0.015564456
 0.015564456
 0.015568137
 0.015568137
 0.015571819
 0.015571819
 0.0155755
 0.015579181
 0.015579181
 0.015582862
 0.015582862
 0.015586544
 0.015586544
 0.015590225
 0.015590225
 0.015590225
 0.015593906
 0.015593906
 0.015597588
 0.015597588
 0.015601269
 0.015601269
 0.015601269
 0.01560495
 0.01560495
 0.015608631
 0.015608631
 0.015608631
 0.015612313
 0.015612313
 0.015612313
 0.015615994
 0.015615994
 0.015615994
 0.015619675
 0.015619675
 0.015619675
 0.015623357
 0.015623357
 0.015623357
 0.015623357
 0.015627038
 0.015627038
 0.015627038
 0.015627038
 0.015627038
 0.015630719
 0.015630719
 0.015630719
 0.015630719
 0.015630719
 0.0156344
 0.0156344
 0.0156344
 0.0156344
 0.0156344
 0.0156344
 0.0156344
 0.0156344
 0.015638082
 0.015638082
 0.015638082
 0.015638082
 0.015638082
 0.015638082
 0.015638082
 0.015638082
 0.015638082
 0.015638082
 0.015638082
 0.015638082
 0.015638082
 0.015638082
 0.015638082
 0.015638082
 0.015638082
 0.015638082
 0.015638082
 0.015638082
 0.015638082
 0.015638082
 0.015638082
 0.015638082
 0.0156344
 0.0156344
 0.0156344
 0.0156344
 0.0156344
 0.0156344
 0.0156344
 0.0156344
 0.0156344
 0.015630719
 0.015630719
 0.015630719
 0.015630719
 0.015630719
 0.015630719
 0.015630719
 0.015627038
 0.015627038
 0.015627038
 0.015627038
 0.015627038
 0.015623357
 0.015623357
 0.015623357
 0.015623357
 0.015623357
 0.015619675
 0.015619675
 0.015619675
 0.015619675
 0.015615994
 0.015615994
 0.015615994
 0.015615994
 0.015612313
 0.015612313
 0.015612313
 0.015612313
 0.015608631
 0.015608631
 0.015608631
 0.01560495
 0.01560495
 0.01560495
 0.015601269
 0.015601269
 0.015601269
 0.015597588
 0.015597588
 0.015597588
 0.015593906
 0.015593906
 0.015593906
 0.015590225
 0.015590225
 0.015586544
 0.015586544
 0.015586544
 0.015582862
 0.015582862
 0.015579181
 0.015579181
 0.015579181
 0.0155755
 0.0155755
 0.015571819
 0.015571819
 0.015568137
 0.015568137
 0.015564456
 0.015564456
 0.015564456
 0.015560775
 0.015560775
 0.015557094
 0.015557094
 0.015553412
 0.015553412
 0.015549731
 0.015549731
 0.01554605
 0.01554605
 0.015542368
 0.015538687
 0.015538687
 0.015535006
 0.015535006
 0.015531325
 0.015531325
 0.015527643
 0.015527643
 0.015523962
 0.015520281
 0.015520281
 0.015516599
 0.015516599
 0.015512918
 0.015509237
 0.015509237
 0.015505556
 0.015505556
 0.015501874
 0.015498193
 0.015498193
 0.015494512
 0.01549083
 0.01549083
 0.015487149
 0.015487149
 0.015483468
 0.015479787
 0.015479787
 0.015476105
 0.015472424
 0.015468743
 0.015468743
 0.015465061
 0.01546138
 0.01546138
 0.015457699
 0.015454018
 0.015454018
 0.015450336
 0.015446655
 0.015442974
 0.015442974
 0.015439293
 0.015435611
 0.01543193
 0.01543193
 0.015428249
 0.015424567
 0.015420886
 0.015417205
 0.015417205
 0.015413524
 0.015409842
 0.015406161
 0.015406161
 0.01540248
 0.015398798
 0.015395117
 0.015391436
 0.015387755
 0.015387755
 0.015384073
 0.015380392
 0.015376711
 0.015373029
 0.015369348
 0.015365667
 0.015365667
 0.015361986
 0.015358304
 0.015354623
 0.015350942
 0.01534726
 0.015343579
 0.015339898
 0.015339898
 0.015336217
 0.015332535
 0.015328854
 0.015325173
 0.015321492
 0.01531781
 0.015314129
 0.015310448
 0.015306766
 0.015303085
 0.015299404
 0.015295723
 0.015292041
 0.01528836
 0.015284679
 0.015284679
 0.015280997
 0.015277316
 0.015273635
 0.015269954
 0.015266272
 0.015262591
 0.01525891
 0.015255228
 0.015251547
 0.015247866
 0.015244185
 0.015236822
 0.015233141
 0.015229459
 0.015225778
 0.015222097
 0.015218416
 0.015214734
 0.015211053
 0.015207372
 0.015203691
 0.015200009
 0.015196328
 0.015192647
 0.015188965
 0.015185284
 0.015181603
 0.01517424
 0.015170559
 0.015166878
 0.015163196
 0.015159515
 0.015155834
 0.015152153
 0.015148471
 0.01514479
 0.015137427
 0.015133746
 0.015130065
 0.015126384
 0.015122702
 0.015119021
 0.01511534
 0.015107977
 0.015104296
 0.015100615
 0.015096933
 0.015093252
 0.015089571
 0.015082208
 0.015078527
 0.015074846
 0.015071164
 0.015067483
 0.015060121
 0.015056439
 0.015052758
 0.015049077
 0.015045395
 0.015038033
 0.015034352
 0.01503067
 0.015026989
 0.015019626
 0.015015945
 0.015012264
 0.015008583
 0.01500122
 0.014997539
 0.014993858
 0.014990176
 0.014982814
 0.014979132
 0.014975451
 0.014968089
 0.014964407
 0.014960726
 0.014957045
 0.014949682
 0.014946001
 0.01494232
 0.014934957
 0.014931276
 0.014927594
 0.014920232
 0.014916551
 0.014912869
 0.014905507
 0.014901825
 0.014898144
 0.014890782
 0.0148871
 0.014883419
 0.014876057
 0.014872375
 0.014868694
 0.014861331
 0.01485765
 0.014850288
 0.014846606
 0.014842925
 0.014835562
 0.014831881
 0.0148282
 0.014820837
 0.014817156
 0.014809793
 0.014806112
 0.01479875
 0.014795068
 0.014791387
 0.014784024
 0.014780343
 0.014772981
 0.014769299
 0.014765618
 0.014758256
 0.014754574
 0.014747212
 0.01474353
 0.014736168
 0.014732487
 0.014725124
 0.014721443
 0.01471408
 0.014710399
 0.014703036
 0.014699355
 0.014695674
 0.014688311
 0.01468463
 0.014677267
 0.014673586
 0.014666224
 0.014662542
 0.01465518
 0.014651498
 0.014644136
 0.014640455
 0.014633092
 0.014625729
 0.014622048
 0.014614686
 0.014611004
 0.014603642
 0.01459996
 0.014592598
 0.014588917
 0.014581554
 0.014577873
 0.01457051
 0.014563148
 0.014559466
 0.014552104
 0.014548423
 0.01454106
 0.014537379
 0.014530016
 0.014522654
 0.014518972
 0.01451161
 0.014507928
 0.014500566
 0.014496885
 0.014489522
 0.014482159
 0.014478478
 0.014471116
 0.014463753
 0.014460072
 0.014452709
 0.014449028
 0.014441665
 0.014434303
 0.014430622
 0.014423259
 0.014415896
 0.014412215
 0.014404853
 0.014401171
 0.014393809
 0.014386446
 0.014382765
 0.014375402
 0.01436804
 0.014364358
 0.014356996
 0.014349633
 0.014345952
 0.014338589
 0.014331227
 0.014327546
 0.014320183
 0.014312821
 0.014305458
 0.014301777
 0.014294414
 0.014287052
 0.01428337
 0.014276008
 0.014268645
 0.014264964
 0.014257601
 0.014250239
 0.014242876
 0.014239195
 0.014231832
 0.01422447
 0.014217107
 0.014213426
 0.014206063
 0.014198701
 0.014191338
 0.014187657
 0.014180294
 0.014172932
 0.014165569
 0.014161888
 0.014154525
 0.014147163
 0.0141398
 0.014136119
 0.014128756
 0.014121394
 0.014114031
 0.01411035
 0.014102988
 0.014095625
 0.014088262
 0.0140809
 0.014077219
 0.014069856
 0.014062493
 0.014055131
 0.014047768
 0.014044087
 0.014036724
 0.014029362
 0.014021999
 0.014014637
 0.014007274
 0.014003593
 0.01399623
 0.013988868
 0.013981505
 0.013974143
 0.013970461
 0.013963099
 0.013955736
 0.013948374
 0.013941011
 0.013933649
 0.013926286
 0.013922605
 0.013915242
 0.01390788
 0.013900517
 0.013893154
 0.013885792
 0.013878429
 0.013874748
 0.013867386
 0.013860023
 0.01385266
 0.013845298
 0.013837935
 0.013830573
 0.01382321
 0.013815848
 0.013812166
 0.013804804
 0.013797441
 0.013790079
 0.013782716
 0.013775354
 0.013767991
 0.013760628
 0.013753266
 0.013745903
 0.013742222
 0.013734859
 0.013727497
 0.013720134
 0.013712772
 0.013705409
 0.013698047
 0.013690684
 0.013683321
 0.013675959
 0.013668596
 0.013661234
 0.013653871
 0.013646509
 0.013639146
 0.013635465
 0.013628102
 0.01362074
 0.013613377
 0.013606015
 0.013598652
 0.013591289
 0.013583927
 0.013576564
 0.013569202
 0.013561839
 0.013554477
 0.013547114
 0.013539752
 0.013532389
 0.013525026
 0.013517664
 0.013510301
 0.013502939
 0.013495576
 0.013488214
 0.013480851
 0.013473488
 0.013466126
 0.013458763
 0.013451401
 0.013444038
 0.013436676
 0.013429313
 0.013421951
 0.013414588
 0.013407225
 0.013399863
 0.0133925
 0.013385138
 0.013377775
 0.013370413
 0.01336305
 0.013355687
 0.013348325
 0.013340962
 0.0133336
 0.013326237
 0.013318875
 0.013311512
 0.01330415
 0.013296787
 0.013289424
 0.013282062
 0.013271018
 0.013263655
 0.013256293
 0.01324893
 0.013241568
 0.013234205
 0.013226843
 0.01321948
 0.013212118
 0.013204755
 0.013197392
 0.01319003
 0.013182667
 0.013175305
 0.013167942
 0.01316058
 0.013149536
 0.013142173
 0.013134811
 0.013127448
 0.013120085
 0.013112723
 0.01310536
 0.013097998
 0.013090635
 0.013083273
 0.01307591
 0.013068548
 0.013057504
 0.013050141
 0.013042779
 0.013035416
 0.013028053
 0.013020691
 0.013013328
 0.013005966
 0.012998603
 0.012991241
 0.012980197
 0.012972834
 0.012965472
 0.012958109
 0.012950747
 0.012943384
 0.012936021
 0.012928659
 0.012917615
 0.012910252
 0.01290289
 0.012895527
 0.012888165
 0.012880802
 0.01287344
 0.012866077
 0.012855033
 0.012847671
 0.012840308
 0.012832946
 0.012825583
 0.01281822
 0.012810858
 0.012799814
 0.012792451
 0.012785089
 0.012777726
 0.012770364
 0.012763001
 0.012755639
 0.012744595
 0.012737232
 0.01272987
 0.012722507
 0.012715145
 0.012707782
 0.012696738
 0.012689376
 0.012682013
 0.01267465
 0.012667288
 0.012659925
 0.012652563
 0.012641519
 0.012634156
 0.012626794
 0.012619431
 0.012612069
 0.012601025
 0.012593662
 0.0125863
 0.012578937
 0.012571575
 0.012564212
 0.012553168
 0.012545806
 0.012538443
 0.012531081
 0.012523718
 0.012512674
 0.012505312
 0.012497949
 0.012490586
 0.012483224
 0.012475861
 0.012464817
 0.012457455
 0.012450092
 0.01244273
 0.012435367
 0.012424323
 0.012416961
 0.012409598
 0.012402236
 0.012394873
 0.012383829
 0.012376467
 0.012369104
 0.012361742
 0.012354379
 0.012343335
 0.012335973
 0.01232861
 0.012321248
 0.012313885
 0.012302841
 0.012295479
 0.012288116
 0.012280753
 0.01226971
 0.012262347
 0.012254984
 0.012247622
 0.012240259
 0.012229215
 0.012221853
 0.01221449
 0.012207128
 0.012196084
 0.012188721
 0.012181359
 0.012173996
 0.012166634
 0.01215559
 0.012148227
 0.012140865
 0.012133502
 0.012122458
 0.012115096
 0.012107733
 0.012100371
 0.012093008
 0.012081964
 0.012074602
 0.012067239
 0.012059877
 0.012048833
 0.01204147
 0.012034108
 0.012026745
 0.012015701
 0.012008339
 0.012000976
 0.011993613
 0.01198257
 0.011975207
 0.011967845
 0.011960482
 0.011953119
 0.011942076
 0.011934713
 0.01192735
 0.011919988
 0.011908944
 0.011901581
 0.011894219
 0.011886856
 0.011875813
 0.01186845
 0.011861087
 0.011853725
 0.011842681
 0.011835318
 0.011827956
 0.011820593
 0.011809549
 0.011802187
 0.011794824
 0.011787462
 0.011776418
 0.011769055
 0.011761693
 0.01175433
 0.011743286
 0.011735924
 0.011728561
 0.011721199
 0.011710155
 0.011702792
 0.01169543
 0.011688067
 0.011677023
 0.011669661
 0.011662298
 0.011654936
 0.011643892
 0.011636529
 0.011629167
 0.011621804
 0.01161076
 0.011603398
 0.011596035
 0.011584991
 0.011577629
 0.011570266
 0.011562904
 0.01155186
 0.011544497
 0.011537135
 0.011529772
 0.011518728
 0.011511366
 0.011504003
 0.011496641
 0.011485597
 0.011478234
 0.011470872
 0.011463509
 0.011452465
 0.011445103
 0.01143774
 0.011430378
 0.011419334
 0.011411971
 0.011404609
 0.011397246
 0.011386202
 0.01137884
 0.011371477
 0.011360433
 0.011353071
 0.011345708
 0.011338345
 0.011327302
 0.011319939
 0.011312577
 0.011305214
 0.01129417
 0.011286808
 0.011279445
 0.011272082
 0.011261039
 0.011253676
 0.011246313
 0.011238951
 0.011227907
 0.011220544
 0.011213182
 0.011205819
 0.011194776
 0.011187413
 0.01118005
 0.011172688
 0.011161644
 0.011154281
 0.011146919
 0.011135875
 0.011128512
 0.01112115
 0.011113787
 0.011102743
 0.011095381
 0.011088018
 0.011080656
 0.011069612
 0.011062249
 0.011054887
 0.011047524
 0.01103648
 0.011029118
 0.011021755
 0.011014393
 0.011003349
 0.010995986
 0.010988624
 0.010981261
 0.010970217
 0.010962855
 0.010955492
 0.01094813
 0.010937086
 0.010929723
 0.010922361
 0.010914998
 0.010903954
 0.010896592
 0.010889229
 0.010881867
 0.010870823
 0.01086346
 0.010856098
 0.010848735
 0.010837691
 0.010830329
 0.010822966
 0.010815604
 0.01080456
 0.010797197
 0.010789835
 0.010782472
 0.010775109
 0.010764066
 0.010756703
 0.010749341
 0.010741978
 0.010730934
 0.010723572
 0.010716209
 0.010708846
 0.010697803
 0.01069044
 0.010683077
 0.010675715
 0.010664671
 0.010657308
 0.010649946
 0.010642583
 0.010635221
 0.010624177
 0.010616814
 0.010609452
 0.010602089
 0.010591045
 0.010583683
 0.01057632
 0.010568958
 0.010561595
 0.010550551
 0.010543189
 0.010535826
 0.010528464
 0.01051742
 0.010510057
 0.010502695
 0.010495332
 0.01048797
 0.010476926
 0.010469563
 0.010462201
 0.010454838
 0.010443794
 0.010436432
 0.010429069
 0.010421707
 0.010414344
 0.0104033
 0.010395938
 0.010388575
 0.010381212
 0.01037385
 0.010362806
 0.010355443
 0.010348081
 0.010340718
 0.010333356
 0.010322312
 0.010314949
 0.010307587
 0.010300224
 0.010292862
 0.010281818
 0.010274455
 0.010267093
 0.01025973
 0.010252368
 0.010245005
 0.010233961
 0.010226599
 0.010219236
 0.010211873
 0.010204511
 0.010193467
 0.010186105
 0.010178742
 0.010171379
 0.010164017
 0.010156654
 0.01014561
 0.010138248
 0.010130885
 0.010123523
 0.01011616
 0.010105116
 0.010097754
 0.010090391
 0.010083029
 0.010075666
 0.010068304
 0.010060941
 0.010049897
 0.010042535
 0.010035172
 0.010027809
 0.010020447
 0.010013084
 0.01000204
 0.009994678
 0.009987315
 0.009979953
 0.00997259
 0.009965228
 0.009957865
 0.009946821
 0.009939459
 0.009932096
 0.009924734
 0.009917371
 0.009910008
 0.009902646
 0.009891602
 0.009884239
 0.009876877
 0.009869514
 0.009862152
 0.009854789
 0.009847427
 0.009840064
 0.00982902
 0.009821658
 0.009814295
 0.009806933
 0.00979957
 0.009792207
 0.009784845
 0.009777482
 0.009766438
 0.009759076
 0.009751713
 0.009744351
 0.009736988
 0.009729626
 0.009722263
 0.009714901
 0.009707538
 0.009700175
 0.009689132
 0.009681769
 0.009674406
 0.009667044
 0.009659681
 0.009652319
 0.009644956
 0.009637594
 0.009630231
 0.009622869
 0.009615506
 0.009608143
 0.0095971
 0.009589737
 0.009582374
 0.009575012
 0.009567649
 0.009560287
 0.009552924
 0.009545562
 0.009538199
 0.009530837
 0.009523474
 0.009516111
 0.009508749
 0.009501386
 0.009494024
 0.009486661
 0.009475617
 0.009468255
 0.009460892
 0.00945353
 0.009446167
 0.009438804
 0.009431442
 0.009424079
 0.009416717
 0.009409354
 0.009401992
 0.009394629
 0.009387267
 0.009379904
 0.009372541
 0.009365179
 0.009357816
 0.009350454
 0.009343091
 0.009335729
 0.009328366
 0.009321003
 0.009313641
 0.009306278
 0.009298916
 0.009291553
 0.009284191
 0.009276828
 0.009269466
 0.009262103
 0.00925474
 0.009247378
 0.009240015
 0.009232653
 0.00922529
 0.009217928
 0.009210565
 0.009203203
 0.00919584
 0.009188477
 0.009181115
 0.009173752
 0.00916639
 0.009159027
 0.009151665
 0.009144302
 0.009136939
 0.009129577
 0.009122214
 0.009118533
 0.00911117
 0.009103808
 0.009096445
 0.009089083
 0.00908172
 0.009074358
 0.009066995
 0.009059633
 0.00905227
 0.009044907
 0.009037545
 0.009030182
 0.00902282
 0.009015457
 0.009011776
 0.009004413
 0.008997051
 0.008989688
 0.008982326
 0.008974963
 0.008967601
 0.008960238
 0.008952875
 0.008945513
 0.008941832
 0.008934469
 0.008927106
 0.008919744
 0.008912381
 0.008905019
 0.008897656
 0.008890294
 0.008882931
 0.00887925
 0.008871887
 0.008864525
 0.008857162
 0.0088498
 0.008842437
 0.008835074
 0.008831393
 0.008824031
 0.008816668
 0.008809305
 0.008801943
 0.00879458
 0.008787218
 0.008783536
 0.008776174
 0.008768811
 0.008761449
 0.008754086
 0.008750405
 0.008743042
 0.00873568
 0.008728317
 0.008720955
 0.008713592
 0.008709911
 0.008702548
 0.008695186
 0.008687823
 0.008680461
 0.008676779
 0.008669417
 0.008662054
 0.008654692
 0.008647329
 0.008643648
 0.008636285
 0.008628923
 0.00862156
 0.008617879
 0.008610516
 0.008603154
 0.008595791
 0.00859211
 0.008584747
 0.008577385
 0.008570022
 0.008566341
 0.008558978
 0.008551616
 0.008544253
 0.008540572
 0.008533209
 0.008525847
 0.008518484
 0.008514803
 0.00850744
 0.008500078
 0.008492715
 0.008489034
 0.008481671
 0.008474309
 0.008470628
 0.008463265
 0.008455902
 0.008452221
 0.008444859
 0.008437496
 0.008430133
 0.008426452
 0.00841909
 0.008411727
 0.008408046
 0.008400683
 0.008393321
 0.008389639
 0.008382277
 0.008374914
 0.008371233
 0.00836387
 0.008356508
 0.008352827
 0.008345464
 0.008341783
 0.00833442
 0.008327058
 0.008323376
 0.008316014
 0.008308651
 0.00830497
 0.008297607
 0.008293926
 0.008286564
 0.008279201
 0.00827552
 0.008268157
 0.008260795
 0.008257113
 0.008249751
 0.008246069
 0.008238707
 0.008235026
 0.008227663
 0.0082203
 0.008216619
 0.008209257
 0.008205575
 0.008198213
 0.008194532
 0.008187169
 0.008179806
 0.008176125
 0.008168763
 0.008165081
 0.008157719
 0.008154037
 0.008146675
 0.008142994
 0.008135631
 0.00813195
 0.008124587
 0.008117225
 0.008113543
 0.008106181
 0.008102499
 0.008095137
 0.008091456
 0.008084093
 0.008080412
 0.008073049
 0.008069368
 0.008062005
 0.008058324
 0.008054643
 0.00804728
 0.008043599
 0.008036236
 0.008032555
 0.008025193
 0.008021511
 0.008014149
 0.008010467
 0.008003105
 0.007999424
 0.007992061
 0.00798838
 0.007984698
 0.007977336
 0.007973655
 0.007966292
 0.007962611
 0.00795893
 0.007951567
 0.007947886
 0.007940523
 0.007936842
 0.007929479
 0.007925798
 0.007922117
 0.007914754
 0.007911073
 0.007907392
 0.007900029
 0.007896348
 0.007888985
 0.007885304
 0.007881623
 0.00787426
 0.007870579
 0.007866897
 0.007859535
 0.007855854
 0.007852172
 0.00784481
 0.007841129
 0.007837447
 0.007830085
 0.007826403
 0.007822722
 0.00781536
 0.007811678
 0.007807997
 0.007800634
 0.007796953
 0.007793272
 0.007789591
 0.007782228
 0.007778547
 0.007774865
 0.007767503
 0.007763822
 0.00776014
 0.007756459
 0.007749097
 0.007745415
 0.007741734
 0.007738053
 0.00773069
 0.007727009
 0.007723328
 0.007719646
 0.007712284
 0.007708602
 0.007704921
 0.00770124
 0.007697559
 0.007690196
 0.007686515
 0.007682833
 0.007679152
 0.007675471
 0.007668108
 0.007664427
 0.007660746
 0.007657064
 0.007653383
 0.007649702
 0.007642339
 0.007638658
 0.007634977
 0.007631296
 0.007627614
 0.007623933
 0.007620252
 0.007612889
 0.007609208
 0.007605527
 0.007601845
 0.007598164
 0.007594483
 0.007590801
 0.00758712
 0.007583439
 0.007576076
 0.007572395
 0.007568714
 0.007565032
 0.007561351
 0.00755767
 0.007553989
 0.007550307
 0.007546626
 0.007542945
 0.007539263
 0.007535582
 0.007531901
 0.00752822
 0.007524538
 0.007520857
 0.007513495
 0.007509813
 0.007506132
 0.007502451
 0.007498769
 0.007495088
 0.007491407
 0.007487726
 0.007484044
 0.007480363
 0.007476682
 0.007473
 0.007473
 0.007469319
 0.007465638
 0.007461957
 0.007458275
 0.007454594
 0.007450913
 0.007447231
 0.00744355
 0.007439869
 0.007436188
 0.007432506
 0.007428825
 0.007425144
 0.007421462
 0.007417781
 0.007417781
 0.0074141
 0.007410419
 0.007406737
 0.007403056
 0.007399375
 0.007395694
 0.007392012
 0.007392012
 0.007388331
 0.00738465
 0.007380968
 0.007377287
 0.007373606
 0.007369925
 0.007369925
 0.007366243
 0.007362562
 0.007358881
 0.007355199
 0.007351518
 0.007351518
 0.007347837
 0.007344156
 0.007340474
 0.007340474
 0.007336793
 0.007333112
 0.00732943
 0.007325749
 0.007325749
 0.007322068
 0.007318387
 0.007314705
 0.007314705
 0.007311024
 0.007307343
 0.007303662
 0.007303662
 0.00729998
 0.007296299
 0.007296299
 0.007292618
 0.007288936
 0.007288936
 0.007285255
 0.007281574
 0.007277893
 0.007277893
 0.007274211
 0.00727053
 0.00727053
 0.007266849
 0.007266849
 0.007263167
 0.007259486
 0.007259486
 0.007255805
 0.007252124
 0.007252124
 0.007248442
 0.007248442
 0.007244761
 0.00724108
 0.00724108
 0.007237398
 0.007237398
 0.007233717
 0.007230036
 0.007230036
 0.007226355
 0.007226355
 0.007222673
 0.007222673
 0.007218992
 0.007218992
 0.007215311
 0.007211629
 0.007211629
 0.007207948
 0.007207948
 0.007204267
 0.007204267
 0.007200586
 0.007200586
 0.007196904
 0.007196904
 0.007193223
 0.007193223
 0.007193223
 0.007189542
 0.007189542
 0.007185861
 0.007185861
 0.007182179
 0.007182179
 0.007178498
 0.007178498
 0.007178498
 0.007174817
 0.007174817
 0.007171135
 0.007171135
 0.007171135
 0.007167454
 0.007167454
 0.007163773
 0.007163773
 0.007163773
 0.007160092
 0.007160092
 0.007160092
 0.00715641
 0.00715641
 0.00715641
 0.007152729
 0.007152729
 0.007152729
 0.007149048
 0.007149048
 0.007149048
 0.007145366
 0.007145366
 0.007145366
 0.007145366
 0.007141685
 0.007141685
 0.007141685
 0.007141685
 0.007138004
 0.007138004
 0.007138004
 0.007138004
 0.007134323
 0.007134323
 0.007134323
 0.007134323
 0.007134323
 0.007130641
 0.007130641
 0.007130641
 0.007130641
 0.007130641
 0.00712696
 0.00712696
 0.00712696
 0.00712696
 0.00712696
 0.00712696
 0.00712696
 0.007123279
 0.007123279
 0.007123279
 0.007123279
 0.007123279
 0.007123279
 0.007123279
 0.007123279
 0.007123279
 0.007119597
 0.007119597
 0.007119597
 0.007119597
 0.007119597
 0.007119597
 0.007119597
 0.007119597
 0.007119597
 0.007119597
 0.007119597
 0.007119597
 0.007119597
 0.007119597
 0.007119597
 0.007119597
 0.007119597
 0.007119597
 0.007119597
 0.007119597
 0.007119597
 0.007119597
 0.007119597
 0.007119597
 0.007119597
 0.007119597
 0.007119597
 0.007119597
 0.007119597
 0.007119597
 0.007119597
 0.007119597
 0.007119597
 0.007119597
 0.007119597
 0.007119597
 0.007119597
 0.007119597
 0.007119597
 0.007119597
 0.007119597
 0.007119597
 0.007119597
 0.007119597
 0.007119597
 0.007119597
 0.007119597
 0.007119597
 0.007119597
 0.007119597
 0.007119597
 0.007119597
 0.007119597
 0.007119597
 0.007119597
 0.007119597
 0.007119597
 0.007119597
 0.007119597
 0.007119597
 0.007119597
 0.007119597
 0.007119597
 0.007119597
 0.007119597
 0.007119597
 0.007119597
 0.007119597
 0.007119597
 0.007119597
 0.007119597
 0.007119597
 0.007119597
 0.007119597
 0.007119597
 0.007119597
 0.007119597
 0.007119597
 0.007119597
 0.007119597
 0.007119597
 0.007119597
 0.007119597
 0.007119597
 0.007119597
 0.007119597
 0.007119597
 0.007119597
 0.007119597
 0.007119597
 0.007119597
 0.007119597
 0.007119597
 0.007119597
 0.007119597
 0.007119597
 0.007119597
 0.007119597
 0.007119597
 0.007119597
 0.007119597
 0.007119597
 0.007119597
 0.007119597
 0.007119597
 0.007119597
 0.007119597
 0.007119597
 0.007119597
 0.007119597
 0.007119597
 0.007119597
 0.007119597
 0.007119597
 0.007119597
 0.007119597
 0.007119597
 0.007119597
 0.007119597
 0.007119597
 0.007119597
 0.007119597
 0.007119597
 0.007119597
 0.007119597
 0.007119597
 0.007119597
 0.007119597
 0.007119597
 0.007119597
 0.007123279
 0.007123279
 0.007123279
 0.007123279
 0.007123279
 0.007123279
 0.007123279
 0.007123279
 0.007123279
 0.007123279
 0.007123279
 0.007123279
 0.007123279
 0.007123279
 0.007123279
 0.007123279
 0.007123279
 0.007123279
 0.007123279
 0.007123279
 0.007123279
 0.007123279
 0.007123279
 0.007123279
 0.007123279
 0.007123279
 0.007123279
 0.007123279
 0.007123279
 0.007123279
 0.007123279
 0.007123279
 0.007123279
 0.007123279
 0.007123279
 0.007123279
 0.007123279
 0.007123279
 0.007123279
 0.007123279
 0.007123279
 0.007123279
 0.007123279
 0.007123279
 0.007123279
 0.007123279
 0.007123279
 0.007123279
 0.007123279
 0.007123279
 0.007123279
 0.007123279
 0.007123279
 0.007123279
 0.007123279
 0.007123279
 0.007123279
 0.007123279
 0.007123279
 0.007123279
 0.007123279
 0.007123279
 0.007123279
 0.007123279
 0.007123279
 0.007123279
 0.007123279
 0.007123279
 0.007123279
 0.007123279
 0.007123279
 0.007123279
 0.007123279
 0.007123279
 0.007123279
 0.007123279
 0.007123279
 0.007123279
 0.007123279
 0.007123279
 0.007123279
 0.007123279
 0.007123279
 0.007123279
 0.007123279
 0.00712696
 0.00712696
 0.00712696
 0.00712696
 0.00712696
 0.00712696
 0.00712696
 0.00712696
 0.00712696
 0.00712696
 0.00712696
 0.00712696
 0.00712696
 0.00712696
 0.00712696
 0.00712696
 0.00712696
 0.00712696
 0.00712696
 0.00712696
 0.00712696
 0.00712696
 0.00712696
 0.00712696
 0.00712696
 0.00712696
 0.00712696
 0.00712696
 0.00712696
 0.00712696
 0.00712696
 0.00712696
 0.00712696
 0.00712696
 0.00712696
 0.00712696
 0.00712696
 0.00712696
 0.00712696
 0.00712696
 0.00712696
 0.00712696
 0.00712696
 0.00712696
 0.00712696
 0.00712696
 0.00712696
 0.00712696
 0.00712696
 0.00712696
 0.00712696
 0.00712696
 0.00712696
 0.00712696
 0.00712696
 0.00712696
 0.00712696
 0.00712696
 0.007130641
 0.007130641
 0.007130641
 0.007130641
 0.007130641
 0.007130641
 0.007130641
 0.007130641
 0.007130641
 0.007130641
 0.007130641
 0.007130641
 0.007130641
 0.007130641
 0.007130641
 0.007130641
 0.007130641
 0.007130641
 0.007130641
 0.007130641
 0.007130641
 0.007130641
 0.007130641
 0.007130641
 0.007130641
 0.007130641
 0.007130641
 0.007130641
 0.007130641
 0.007130641
 0.007130641
 0.007130641
 0.007130641
 0.007130641
 0.007130641
 0.007130641
 0.007130641
 0.007130641
 0.007130641
 0.007130641
 0.007130641
 0.007130641
 0.007130641
 0.007130641
 0.007130641
 0.007130641
 0.007130641
 0.007134323
 0.007134323
 0.007134323
 0.007134323
 0.007134323
 0.007134323
 0.007134323
 0.007134323
 0.007134323
 0.007134323
 0.007134323
 0.007134323
 0.007134323
 0.007134323
 0.007134323
 0.007134323
 0.007134323
 0.007134323
 0.007134323
 0.007134323
 0.007134323
 0.007134323
 0.007134323
 0.007134323
 0.007134323
 0.007134323
 0.007134323
 0.007134323
 0.007134323
 0.007134323
 0.007134323
 0.007134323
 0.007134323
 0.007134323
 0.007134323
 0.007134323
 0.007134323
 0.007134323
 0.007134323
 0.007134323
 0.007134323
 0.007138004
 0.007138004
 0.007138004
 0.007138004
 0.007138004
 0.007138004
 0.007138004
 0.007138004
 0.007138004
 0.007138004
 0.007138004
 0.007138004
 0.007138004
 0.007138004
 0.007138004
 0.007138004
 0.007138004
 0.007138004
 0.007138004
 0.007138004
 0.007138004
 0.007138004
 0.007138004
 0.007138004
 0.007138004
 0.007138004
 0.007138004
 0.007138004
 0.007138004
 0.007138004
 0.007138004
 0.007138004
 0.007138004
 0.007138004
 0.007138004
 0.007138004
 0.007141685
 0.007141685
 0.007141685
 0.007141685
 0.007141685
 0.007141685
 0.007141685
 0.007141685
 0.007141685
 0.007141685
 0.007141685
 0.007141685
 0.007141685
 0.007141685
 0.007141685
 0.007141685
 0.007141685
 0.007141685
 0.007141685
 0.007141685
 0.007141685
 0.007141685
 0.007141685
 0.007141685
 0.007141685
 0.007141685
 0.007141685
 0.007141685
 0.007141685
 0.007141685
 0.007141685
 0.007141685
 0.007141685
 0.007145366
 0.007145366
 0.007145366
 0.007145366
 0.007145366
 0.007145366
 0.007145366
 0.007145366
 0.007145366
 0.007145366
 0.007145366
 0.007145366
 0.007145366
 0.007145366
 0.007145366
 0.007145366
 0.007145366
 0.007145366
 0.007145366
 0.007145366
 0.007145366
 0.007145366
 0.007145366
 0.007145366
 0.007145366
 0.007145366
 0.007145366
 0.007145366
 0.007145366
 0.007145366
 0.007149048
 0.007149048
 0.007149048
 0.007149048
 0.007149048
 0.007149048
 0.007149048
 0.007149048
 0.007149048
 0.007149048
 0.007149048
 0.007149048
 0.007149048
 0.007149048
 0.007149048
 0.007149048
 0.007149048
 0.007149048
 0.007149048
 0.007149048
 0.007149048
 0.007149048
 0.007149048
 0.007149048
 0.007149048
 0.007149048
 0.007149048
 0.007149048
 0.007149048
 0.007152729
 0.007152729
 0.007152729
 0.007152729
 0.007152729
 0.007152729
 0.007152729
 0.007152729
 0.007152729
 0.007152729
 0.007152729
 0.007152729
 0.007152729
 0.007152729
 0.007152729
 0.007152729
 0.007152729
 0.007152729
 0.007152729
 0.007152729
 0.007152729
 0.007152729
 0.007152729
 0.007152729
 0.007152729
 0.007152729
 0.00715641
 0.00715641
 0.00715641
 0.00715641
 0.00715641
 0.00715641
 0.00715641
 0.00715641
 0.00715641
 0.00715641
 0.00715641
 0.00715641
 0.00715641
 0.00715641
 0.00715641
 0.00715641
 0.00715641
 0.00715641
 0.00715641
 0.00715641
 0.00715641
 0.00715641
 0.00715641
 0.00715641
 0.00715641
 0.00715641
 0.007160092
 0.007160092
 0.007160092
 0.007160092
 0.007160092
 0.007160092
 0.007160092
 0.007160092
 0.007160092
 0.007160092
 0.007160092
 0.007160092
 0.007160092
 0.007160092
 0.007160092
 0.007160092
 0.007160092
 0.007160092
 0.007160092
 0.007160092
 0.007160092
 0.007160092
 0.007160092
 0.007160092
 0.007163773
 0.007163773
 0.007163773
 0.007163773
 0.007163773
 0.007163773
 0.007163773
 0.007163773
 0.007163773
 0.007163773
 0.007163773
 0.007163773
 0.007163773
 0.007163773
 0.007163773
 0.007163773
 0.007163773
 0.007163773
 0.007163773
 0.007163773
 0.007163773
 0.007163773
 0.007163773
 0.007167454
 0.007167454
 0.007167454
 0.007167454
 0.007167454
 0.007167454
 0.007167454
 0.007167454
 0.007167454
 0.007167454
 0.007167454
 0.007167454
 0.007167454
 0.007167454
 0.007167454
 0.007167454
 0.007167454
 0.007167454
 0.007167454
 0.007167454
 0.007167454
 0.007167454
 0.007171135
 0.007171135
 0.007171135
 0.007171135
 0.007171135
 0.007171135
 0.007171135
 0.007171135
 0.007171135
 0.007171135
 0.007171135
 0.007171135
 0.007171135
 0.007171135
 0.007171135
 0.007171135
 0.007171135
 0.007171135
 0.007171135
 0.007171135
 0.007171135
 0.007174817
 0.007174817
 0.007174817
 0.007174817
 0.007174817
 0.007174817
 0.007174817
 0.007174817
 0.007174817
 0.007174817
 0.007174817
 0.007174817
 0.007174817
 0.007174817
 0.007174817
 0.007174817
 0.007174817
 0.007174817
 0.007174817
 0.007174817
 0.007178498
 0.007178498
 0.007178498
 0.007178498
 0.007178498
 0.007178498
 0.007178498
 0.007178498
 0.007178498
 0.007178498
 0.007178498
 0.007178498
 0.007178498
 0.007178498
 0.007178498
 0.007178498
 0.007178498
 0.007178498
 0.007178498
 0.007178498
 0.007182179
 0.007182179
 0.007182179
 0.007182179
 0.007182179
 0.007182179
 0.007182179
 0.007182179
 0.007182179
 0.007182179
 0.007182179
 0.007182179
 0.007182179
 0.007182179
 0.007182179
 0.007182179
 0.007182179
 0.007182179
 0.007182179
 0.007185861
 0.007185861
 0.007185861
 0.007185861
 0.007185861
 0.007185861
 0.007185861
 0.007185861
 0.007185861
 0.007185861
 0.007185861
 0.007185861
 0.007185861
 0.007185861
 0.007185861
 0.007185861
 0.007185861
 0.007185861
 0.007185861
 0.007189542
 0.007189542
 0.007189542
 0.007189542
 0.007189542
 0.007189542
 0.007189542
 0.007189542
 0.007189542
 0.007189542
 0.007189542
 0.007189542
 0.007189542
 0.007189542
 0.007189542
 0.007189542
 0.007189542
 0.007189542
 0.007193223
 0.007193223
 0.007193223
 0.007193223
 0.007193223
 0.007193223
 0.007193223
 0.007193223
 0.007193223
 0.007193223
 0.007193223
 0.007193223
 0.007193223
 0.007193223
 0.007193223
 0.007193223
 0.007193223
 0.007193223
 0.007196904
 0.007196904
 0.007196904
 0.007196904
 0.007196904
 0.007196904
 0.007196904
 0.007196904
 0.007196904
 0.007196904
 0.007196904
 0.007196904
 0.007196904
 0.007196904
 0.007196904
 0.007196904
 0.007196904
 0.007200586
 0.007200586
 0.007200586
 0.007200586
 0.007200586
 0.007200586
 0.007200586
 0.007200586
 0.007200586
 0.007200586
 0.007200586
 0.007200586
 0.007200586
 0.007200586
 0.007200586
 0.007200586
 0.007204267
 0.007204267
 0.007204267
 0.007204267
 0.007204267
 0.007204267
 0.007204267
 0.007204267
 0.007204267
 0.007204267
 0.007204267
 0.007204267
 0.007204267
 0.007204267
 0.007204267
 0.007204267
 0.007204267
 0.007207948
 0.007207948
 0.007207948
 0.007207948
 0.007207948
 0.007207948
 0.007207948
 0.007207948
 0.007207948
 0.007207948
 0.007207948
 0.007207948
 0.007207948
 0.007207948
 0.007207948
 0.007207948
 0.007211629
 0.007211629
 0.007211629
 0.007211629
 0.007211629
 0.007211629
 0.007211629
 0.007211629
 0.007211629
 0.007211629
 0.007211629
 0.007211629
 0.007211629
 0.007211629
 0.007211629
 0.007215311
 0.007215311
 0.007215311
 0.007215311
 0.007215311
 0.007215311
 0.007215311
 0.007215311
 0.007215311
 0.007215311
 0.007215311
 0.007215311
 0.007215311
 0.007215311
 0.007215311
 0.007215311
 0.007218992
 0.007218992
 0.007218992
 0.007218992
 0.007218992
 0.007218992
 0.007218992
 0.007218992
 0.007218992
 0.007218992
 0.007218992
 0.007218992
 0.007218992
 0.007218992
 0.007218992
 0.007222673
 0.007222673
 0.007222673
 0.007222673
 0.007222673
 0.007222673
 0.007222673
 0.007222673
 0.007222673
 0.007222673
 0.007222673
 0.007222673
 0.007222673
 0.007222673
 0.007226355
 0.007226355
 0.007226355
 0.007226355
 0.007226355
 0.007226355
 0.007226355
 0.007226355
 0.007226355
 0.007226355
 0.007226355
 0.007226355
 0.007226355
 0.007226355
 0.007226355
 0.007230036
 0.007230036
 0.007230036
 0.007230036
 0.007230036
 0.007230036
 0.007230036
 0.007230036
 0.007230036
 0.007230036
 0.007230036
 0.007230036
 0.007230036
 0.007230036
 0.007233717
 0.007233717
 0.007233717
 0.007233717
 0.007233717
 0.007233717
 0.007233717
 0.007233717
 0.007233717
 0.007233717
 0.007233717
 0.007233717
 0.007233717
 0.007233717
 0.007237398
 0.007237398
 0.007237398
 0.007237398
 0.007237398
 0.007237398
 0.007237398
 0.007237398
 0.007237398
 0.007237398
 0.007237398
 0.007237398
 0.007237398
 0.007237398
 0.00724108
 0.00724108
 0.00724108
 0.00724108
 0.00724108
 0.00724108
 0.00724108
 0.00724108
 0.00724108
 0.00724108
 0.00724108
 0.00724108
 0.00724108
 0.007244761
 0.007244761
 0.007244761
 0.007244761
 0.007244761
 0.007244761
 0.007244761
 0.007244761
 0.007244761
 0.007244761
 0.007244761
 0.007244761
 0.007244761
 0.007244761
 0.007248442
 0.007248442
 0.007248442
 0.007248442
 0.007248442
 0.007248442
 0.007248442
 0.007248442
 0.007248442
 0.007248442
 0.007248442
 0.007248442
 0.007248442
 0.007252124
 0.007252124
 0.007252124
 0.007252124
 0.007252124
 0.007252124
 0.007252124
 0.007252124
 0.007252124
 0.007252124
 0.007252124
 0.007252124
 0.007252124
 0.007255805
 0.007255805
 0.007255805
 0.007255805
 0.007255805
 0.007255805
 0.007255805
 0.007255805
 0.007255805
 0.007255805
 0.007255805
 0.007255805
 0.007259486
 0.007259486
 0.007259486
 0.007259486
 0.007259486
 0.007259486
 0.007259486
 0.007259486
 0.007259486
 0.007259486
 0.007259486
 0.007259486
 0.007259486
 0.007263167
 0.007263167
 0.007263167
 0.007263167
 0.007263167
 0.007263167
 0.007263167
 0.007263167
 0.007263167
 0.007263167
 0.007263167
 0.007263167
 0.007266849
 0.007266849
 0.007266849
 0.007266849
 0.007266849
 0.007266849
 0.007266849
 0.007266849
 0.007266849
 0.007266849
 0.007266849
 0.007266849
 0.00727053
 0.00727053
 0.00727053
 0.00727053
 0.00727053
 0.00727053
 0.00727053
 0.00727053
 0.00727053
 0.00727053
 0.00727053
 0.00727053
 0.007274211
 0.007274211
 0.007274211
 0.007274211
 0.007274211
 0.007274211
 0.007274211
 0.007274211
 0.007274211
 0.007274211
 0.007274211
 0.007274211
 0.007277893
 0.007277893
 0.007277893
 0.007277893
 0.007277893
 0.007277893
 0.007277893
 0.007277893
 0.007277893
 0.007277893
 0.007277893
 0.007277893
 0.007281574
 0.007281574
 0.007281574
 0.007281574
 0.007281574
 0.007281574
 0.007281574
 0.007281574
 0.007281574
 0.007281574
 0.007281574
 0.007281574
 0.007285255
 0.007285255
 0.007285255
 0.007285255
 0.007285255
 0.007285255
 0.007285255
 0.007285255
 0.007285255
 0.007285255
 0.007285255
 0.007288936
 0.007288936
 0.007288936
 0.007288936
 0.007288936
 0.007288936
 0.007288936
 0.007288936
 0.007288936
 0.007288936
 0.007288936
 0.007292618
 0.007292618
 0.007292618
 0.007292618
 0.007292618
 0.007292618
 0.007292618
 0.007292618
 0.007292618
 0.007292618
 0.007292618
 0.007292618
 0.007296299
 0.007296299
 0.007296299
 0.007296299
 0.007296299
 0.007296299
 0.007296299
 0.007296299
 0.007296299
 0.007296299
 0.007296299
 0.00729998
 0.00729998
 0.00729998
 0.00729998
 0.00729998
 0.00729998
 0.00729998
 0.00729998
 0.00729998
 0.00729998
 0.00729998
 0.007303662
 0.007303662
 0.007303662
 0.007303662
 0.007303662
 0.007303662
 0.007303662
 0.007303662
 0.007303662
 0.007303662
 0.007307343
 0.007307343
 0.007307343
 0.007307343
 0.007307343
 0.007307343
 0.007307343
 0.007307343
 0.007307343
 0.007307343
 0.007307343
 0.007311024
 0.007311024
 0.007311024
 0.007311024
 0.007311024
 0.007311024
 0.007311024
 0.007311024
 0.007311024
 0.007311024
 0.007311024
 0.007314705
 0.007314705
 0.007314705
 0.007314705
 0.007314705
 0.007314705
 0.007314705
 0.007314705
 0.007314705
 0.007314705
 0.007318387
 0.007318387
 0.007318387
 0.007318387
 0.007318387
 0.007318387
 0.007318387
 0.007318387
 0.007318387
 0.007318387
 0.007322068
 0.007322068
 0.007322068
 0.007322068
 0.007322068
 0.007322068
 0.007322068
 0.007322068
 0.007322068
 0.007322068
 0.007322068
 0.007325749
 0.007325749
 0.007325749
 0.007325749
 0.007325749
 0.007325749
 0.007325749
 0.007325749
 0.007325749
 0.007325749
 0.00732943
 0.00732943
 0.00732943
 0.00732943
 0.00732943
 0.00732943
 0.00732943
 0.00732943
 0.00732943
 0.00732943
 0.007333112
 0.007333112
 0.007333112
 0.007333112
 0.007333112
 0.007333112
 0.007333112
 0.007333112
 0.007333112
 0.007333112
 0.007336793
 0.007336793
 0.007336793
 0.007336793
 0.007336793
 0.007336793
 0.007336793
 0.007336793
 0.007336793
 0.007336793
 0.007340474
 0.007340474
 0.007340474
 0.007340474
 0.007340474
 0.007340474
 0.007340474
 0.007340474
 0.007340474
 0.007340474
 0.007344156
 0.007344156
 0.007344156
 0.007344156
 0.007344156
 0.007344156
 0.007344156
 0.007344156
 0.007344156
 0.007347837
 0.007347837
 0.007347837
 0.007347837
 0.007347837
 0.007347837
 0.007347837
 0.007347837
 0.007347837
 0.007347837
 0.007351518
 0.007351518
 0.007351518
 0.007351518
 0.007351518
 0.007351518
 0.007351518
 0.007351518
 0.007351518
 0.007351518
 0.007355199
 0.007355199
 0.007355199
 0.007355199
 0.007355199
 0.007355199
 0.007355199
 0.007355199
 0.007355199
 0.007358881
 0.007358881
 0.007358881
 0.007358881
 0.007358881
 0.007358881
 0.007358881
 0.007358881
 0.007358881
 0.007358881
 0.007362562
 0.007362562
 0.007362562
 0.007362562
 0.007362562
 0.007362562
 0.007362562
 0.007362562
 0.007362562
 0.007366243
 0.007366243
 0.007366243
 0.007366243
 0.007366243
 0.007366243
 0.007366243
 0.007366243
 0.007366243
 0.007369925
 0.007369925
 0.007369925
 0.007369925
 0.007369925
 0.007369925
 0.007369925
 0.007369925
 0.007369925
 0.007373606
 0.007373606
 0.007373606
 0.007373606
 0.007373606
 0.007373606
 0.007373606
 0.007373606
 0.007373606
 0.007377287
 0.007377287
 0.007377287
 0.007377287
 0.007377287
 0.007377287
 0.007377287
 0.007377287
 0.007377287
 0.007380968
 0.007380968
 0.007380968
 0.007380968
 0.007380968
 0.007380968
 0.007380968
 0.007380968
 0.007380968
 0.00738465
 0.00738465
 0.00738465
 0.00738465
 0.00738465
 0.00738465
 0.00738465
 0.00738465
 0.00738465
 0.007388331
 0.007388331
 0.007388331
 0.007388331
 0.007388331
 0.007388331
 0.007388331
 0.007388331
 0.007388331
 0.007392012
 0.007392012
 0.007392012
 0.007392012
 0.007392012
 0.007392012
 0.007392012
 0.007392012
 0.007392012
 0.007395694
 0.007395694
 0.007395694
 0.007395694
 0.007395694
 0.007395694
 0.007395694
 0.007395694
 0.007399375
 0.007399375
 0.007399375
 0.007399375
 0.007399375
 0.007399375
 0.007399375
 0.007399375
 0.007399375
 0.007403056
 0.007403056
 0.007403056
 0.007403056
 0.007403056
 0.007403056
 0.007403056
 0.007403056
 0.007403056
 0.007406737
 0.007406737
 0.007406737
 0.007406737
 0.007406737
 0.007406737
 0.007406737
 0.007406737
 0.007410419
 0.007410419
 0.007410419
 0.007410419
 0.007410419
 0.007410419
 0.007410419
 0.007410419
 0.007410419
 0.0074141
 0.0074141
 0.0074141
 0.0074141
 0.0074141
 0.0074141
 0.0074141
 0.0074141
 0.007417781
 0.007417781
 0.007417781
 0.007417781
 0.007417781
 0.007417781
 0.007417781
 0.007417781
 0.007421462
 0.007421462
 0.007421462
 0.007421462
 0.007421462
 0.007421462
 0.007421462
 0.007421462
 0.007421462
 0.007425144
 0.007425144
 0.007425144
 0.007425144
 0.007425144
 0.007425144
 0.007425144
 0.007425144
 0.007428825
 0.007428825
 0.007428825
 0.007428825
 0.007428825
 0.007428825
 0.007428825
 0.007428825
 0.007432506
 0.007432506
 0.007432506
 0.007432506
 0.007432506
 0.007432506
 0.007432506
 0.007432506
 0.007436188
 0.007436188
 0.007436188
 0.007436188
 0.007436188
 0.007436188
 0.007436188
 0.007436188
 0.007439869
 0.007439869
 0.007439869
 0.007439869
 0.007439869
 0.007439869
 0.007439869
 0.007439869
 0.00744355
 0.00744355
 0.00744355
 0.00744355
 0.00744355
 0.00744355
 0.00744355
 0.00744355
 0.007447231
 0.007447231
 0.007447231
 0.007447231
 0.007447231
 0.007447231
 0.007447231
 0.007447231
 0.007450913
 0.007450913
 0.007450913
 0.007450913
 0.007450913
 0.007450913
 0.007450913
 0.007450913
 0.007454594
 0.007454594
 0.007454594
 0.007454594
 0.007454594
 0.007454594
 0.007454594
 0.007454594
 0.007458275
 0.007458275
 0.007458275
 0.007458275
 0.007458275
 0.007458275
 0.007458275
 0.007458275
 0.007461957
 0.007461957
 0.007461957
 0.007461957
 0.007461957
 0.007461957
 0.007461957
 0.007465638
 0.007465638
 0.007465638
 0.007465638
 0.007465638
 0.007465638
 0.007465638
 0.007465638
 0.007469319
 0.007469319
 0.007469319
 0.007469319
 0.007469319
 0.007469319
 0.007469319
 0.007469319
 0.007473
 0.007473
 0.007473
 0.007473
 0.007473
 0.007473
 0.007473
 0.007476682
 0.007476682
 0.007476682
 0.007476682
 0.007476682
 0.007476682
 0.007476682
 0.007476682
 0.007480363
 0.007480363
 0.007480363
 0.007480363
 0.007480363
 0.007480363
 0.007480363
 0.007484044
 0.007484044
 0.007484044
 0.007484044
 0.007484044
 0.007484044
 0.007484044
 0.007484044
 0.007487726
 0.007487726
 0.007487726
 0.007487726
 0.007487726
 0.007487726
 0.007487726
 0.007491407
 0.007491407
 0.007491407
 0.007491407
 0.007491407
 0.007491407
 0.007491407
 0.007491407
 0.007495088
 0.007495088
 0.007495088
 0.007495088
 0.007495088
 0.007495088
 0.007495088
 0.007498769
 0.007498769
 0.007498769
 0.007498769
 0.007498769
 0.007498769
 0.007498769
 0.007502451
 0.007502451
 0.007502451
 0.007502451
 0.007502451
 0.007502451
 0.007502451
 0.007502451
 0.007506132
 0.007506132
 0.007506132
 0.007506132
 0.007506132
 0.007506132
 0.007506132
 0.007509813
 0.007509813
 0.007509813
 0.007509813
 0.007509813
 0.007509813
 0.007509813
 0.007513495
 0.007513495
 0.007513495
 0.007513495
 0.007513495
 0.007513495
 0.007513495
 0.007517176
 0.007517176
 0.007517176
 0.007517176
 0.007517176
 0.007517176
 0.007517176
 0.007520857
 0.007520857
 0.007520857
 0.007520857
 0.007520857
 0.007520857
 0.007520857
 0.007524538
 0.007524538
 0.007524538
 0.007524538
 0.007524538
 0.007524538
 0.007524538
 0.00752822
 0.00752822
 0.00752822
 0.00752822
 0.00752822
 0.00752822
 0.00752822
 0.007531901
 0.007531901
 0.007531901
 0.007531901
 0.007531901
 0.007531901
 0.007531901
 0.007535582
 0.007535582
 0.007535582
 0.007535582
 0.007535582
 0.007535582
 0.007535582
 0.007539263
 0.007539263
 0.007539263
 0.007539263
 0.007539263
 0.007539263
 0.007539263
 0.007542945
 0.007542945
 0.007542945
 0.007542945
 0.007542945
 0.007542945
 0.007542945
 0.007546626
 0.007546626
 0.007546626
 0.007546626
 0.007546626
 0.007546626
 0.007546626
 0.007550307
 0.007550307
 0.007550307
 0.007550307
 0.007550307
 0.007550307
 0.007550307
 0.007553989
 0.007553989
 0.007553989
 0.007553989
 0.007553989
 0.007553989
 0.007553989
 0.00755767
 0.00755767
 0.00755767
 0.00755767
 0.00755767
 0.00755767
 0.007561351
 0.007561351
 0.007561351
 0.007561351
 0.007561351
 0.007561351
 0.007561351
 0.007565032
 0.007565032
 0.007565032
 0.007565032
 0.007565032
 0.007565032
 0.007565032
 0.007568714
 0.007568714
 0.007568714
 0.007568714
 0.007568714
 0.007568714
 0.007572395
 0.007572395
 0.007572395
 0.007572395
 0.007572395
 0.007572395
 0.007572395
 0.007576076
 0.007576076
 0.007576076
 0.007576076
 0.007576076
 0.007576076
 0.007576076
 0.007579758
 0.007579758
 0.007579758
 0.007579758
 0.007579758
 0.007579758
 0.007583439
 0.007583439
 0.007583439
 0.007583439
 0.007583439
 0.007583439
 0.007583439
 0.00758712
 0.00758712
 0.00758712
 0.00758712
 0.00758712
 0.00758712
 0.007590801
 0.007590801
 0.007590801
 0.007590801
 0.007590801
 0.007590801
 0.007590801
 0.007594483
 0.007594483
 0.007594483
 0.007594483
 0.007594483
 0.007594483
 0.007598164
 0.007598164
 0.007598164
 0.007598164
 0.007598164
 0.007598164
 0.007598164
 0.007601845
 0.007601845
 0.007601845
 0.007601845
 0.007601845
 0.007601845
 0.007605527
 0.007605527
 0.007605527
 0.007605527
 0.007605527
 0.007605527
 0.007609208
 0.007609208
 0.007609208
 0.007609208
 0.007609208
 0.007609208
 0.007609208
 0.007612889
 0.007612889
 0.007612889
 0.007612889
 0.007612889
 0.007612889
 0.00761657
 0.00761657
 0.00761657
 0.00761657
 0.00761657
 0.00761657
 0.007620252
 0.007620252
 0.007620252
 0.007620252
 0.007620252
 0.007620252
 0.007620252
 0.007623933
 0.007623933
 0.007623933
 0.007623933
 0.007623933
 0.007623933
 0.007627614
 0.007627614
 0.007627614
 0.007627614
 0.007627614
 0.007627614
 0.007631296
 0.007631296
 0.007631296
 0.007631296
 0.007631296
 0.007631296
 0.007634977
 0.007634977
 0.007634977
 0.007634977
 0.007634977
 0.007634977
 0.007634977
 0.007638658
 0.007638658
 0.007638658
 0.007638658
 0.007638658
 0.007638658
 0.007642339
 0.007642339
 0.007642339
 0.007642339
 0.007642339
 0.007642339
 0.007646021
 0.007646021
 0.007646021
 0.007646021
 0.007646021
 0.007646021
 0.007649702
 0.007649702
 0.007649702
 0.007649702
 0.007649702
 0.007649702
 0.007653383
 0.007653383
 0.007653383
 0.007653383
 0.007653383
 0.007653383
 0.007657064
 0.007657064
 0.007657064
 0.007657064
 0.007657064
 0.007657064
 0.007660746
 0.007660746
 0.007660746
 0.007660746
 0.007660746
 0.007660746
 0.007664427
 0.007664427
 0.007664427
 0.007664427
 0.007664427
 0.007664427
 0.007668108
 0.007668108
 0.007668108
 0.007668108
 0.007668108
 0.007668108
 0.00767179
 0.00767179
 0.00767179
 0.00767179
 0.00767179
 0.00767179
 0.007675471
 0.007675471
 0.007675471
 0.007675471
 0.007675471
 0.007675471
 0.007679152
 0.007679152
 0.007679152
 0.007679152
 0.007679152
 0.007679152
 0.007682833
 0.007682833
 0.007682833
 0.007682833
 0.007682833
 0.007682833
 0.007686515
 0.007686515
 0.007686515
 0.007686515
 0.007686515
 0.007686515
 0.007690196
 0.007690196
 0.007690196
 0.007690196
 0.007690196
 0.007693877
 0.007693877
 0.007693877
 0.007693877
 0.007693877
 0.007693877
 0.007697559
 0.007697559
 0.007697559
 0.007697559
 0.007697559
 0.007697559
 0.00770124
 0.00770124
 0.00770124
 0.00770124
 0.00770124
 0.00770124
 0.007704921
 0.007704921
 0.007704921
 0.007704921
 0.007704921
 0.007704921
 0.007708602
 0.007708602
 0.007708602
 0.007708602
 0.007708602
 0.007712284
 0.007712284
 0.007712284
 0.007712284
 0.007712284
 0.007712284
 0.007715965
 0.007715965
 0.007715965
 0.007715965
 0.007715965
 0.007715965
 0.007719646
 0.007719646
 0.007719646
 0.007719646
 0.007719646
 0.007723328
 0.007723328
 0.007723328
 0.007723328
 0.007723328
 0.007723328
 0.007727009
 0.007727009
 0.007727009
 0.007727009
 0.007727009
 0.007727009
 0.00773069
 0.00773069
 0.00773069
 0.00773069
 0.00773069
 0.007734371
 0.007734371
 0.007734371
 0.007734371
 0.007734371
 0.007734371
 0.007738053
 0.007738053
 0.007738053
 0.007738053
 0.007738053
 0.007741734
 0.007741734
 0.007741734
 0.007741734
 0.007741734
 0.007741734
 0.007745415
 0.007745415
 0.007745415
 0.007745415
 0.007745415
 0.007745415
 0.007749097
 0.007749097
 0.007749097
 0.007749097
 0.007749097
 0.007752778
 0.007752778
 0.007752778
 0.007752778
 0.007752778
 0.007752778
 0.007756459
 0.007756459
 0.007756459
 0.007756459
 0.007756459
 0.00776014
 0.00776014
 0.00776014
 0.00776014
 0.00776014
 0.007763822
 0.007763822
 0.007763822
 0.007763822
 0.007763822
 0.007763822
 0.007767503
 0.007767503
 0.007767503
 0.007767503
 0.007767503
 0.007771184
 0.007771184
 0.007771184
 0.007771184
 0.007771184
 0.007771184
 0.007774865
 0.007774865
 0.007774865
 0.007774865
 0.007774865
 0.007778547
 0.007778547
 0.007778547
 0.007778547
 0.007778547
 0.007778547
 0.007782228
 0.007782228
 0.007782228
 0.007782228
 0.007782228
 0.007785909
 0.007785909
 0.007785909
 0.007785909
 0.007785909
 0.007789591
 0.007789591
 0.007789591
 0.007789591
 0.007789591
 0.007789591
 0.007793272
 0.007793272
 0.007793272
 0.007793272
 0.007793272
 0.007796953
 0.007796953
 0.007796953
 0.007796953
 0.007796953
 0.007800634
 0.007800634
 0.007800634
 0.007800634
 0.007800634
 0.007800634
 0.007804316
 0.007804316
 0.007804316
 0.007804316
 0.007804316
 0.007807997
 0.007807997
 0.007807997
 0.007807997
 0.007807997
 0.007811678
 0.007811678
 0.007811678
 0.007811678
 0.007811678
 0.00781536
 0.00781536
 0.00781536
 0.00781536
 0.00781536
 0.00781536
 0.007819041
 0.007819041
 0.007819041
 0.007819041
 0.007819041
 0.007822722
 0.007822722
 0.007822722
 0.007822722
 0.007822722
 0.007826403
 0.007826403
 0.007826403
 0.007826403
 0.007826403
 0.007830085
 0.007830085
 0.007830085
 0.007830085
 0.007830085
 0.007833766
 0.007833766
 0.007833766
 0.007833766
 0.007833766
 0.007837447
 0.007837447
 0.007837447
 0.007837447
 0.007837447
 0.007837447
 0.007841129
 0.007841129
 0.007841129
 0.007841129
 0.007841129
 0.00784481
 0.00784481
 0.00784481
 0.00784481
 0.00784481
 0.007848491
 0.007848491
 0.007848491
 0.007848491
 0.007848491
 0.007852172
 0.007852172
 0.007852172
 0.007852172
 0.007852172
 0.007855854
 0.007855854
 0.007855854
 0.007855854
 0.007855854
 0.007859535
 0.007859535
 0.007859535
 0.007859535
 0.007859535
 0.007863216
 0.007863216
 0.007863216
 0.007863216
 0.007863216
 0.007866897
 0.007866897
 0.007866897
 0.007866897
 0.007866897
 0.007870579
 0.007870579
 0.007870579
 0.007870579
 0.007870579
 0.00787426
 0.00787426
 0.00787426
 0.00787426
 0.00787426
 0.007877941
 0.007877941
 0.007877941
 0.007877941
 0.007877941
 0.007881623
 0.007881623
 0.007881623
 0.007881623
 0.007881623
 0.007885304
 0.007885304
 0.007885304
 0.007885304
 0.007885304
 0.007888985
 0.007888985
 0.007888985
 0.007888985
 0.007888985
 0.007892666
 0.007892666
 0.007892666
 0.007892666
 0.007892666
 0.007896348
 0.007896348
 0.007896348
 0.007896348
 0.007896348
 0.007900029
 0.007900029
 0.007900029
 0.007900029
 0.007900029
 0.00790371
 0.00790371
 0.00790371
 0.00790371
 0.00790371
 0.007907392
 0.007907392
 0.007907392
 0.007907392
 0.007911073
 0.007911073
 0.007911073
 0.007911073
 0.007911073
 0.007914754
 0.007914754
 0.007914754
 0.007914754
 0.007914754
 0.007918435
 0.007918435
 0.007918435
 0.007918435
 0.007918435
 0.007922117
 0.007922117
 0.007922117
 0.007922117
 0.007922117
 0.007925798
 0.007925798
 0.007925798
 0.007925798
 0.007925798
 0.007929479
 0.007929479
 0.007929479
 0.007929479
 0.007933161
 0.007933161
 0.007933161
 0.007933161
 0.007933161
 0.007936842
 0.007936842
 0.007936842
 0.007936842
 0.007936842
 0.007940523
 0.007940523
 0.007940523
 0.007940523
 0.007940523
 0.007944204
 0.007944204
 0.007944204
 0.007944204
 0.007947886
 0.007947886
 0.007947886
 0.007947886
 0.007947886
 0.007951567
 0.007951567
 0.007951567
 0.007951567
 0.007951567
 0.007955248
 0.007955248
 0.007955248
 0.007955248
 0.007955248
 0.00795893
 0.00795893
 0.00795893
 0.00795893
 0.007962611
 0.007962611
 0.007962611
 0.007962611
 0.007962611
 0.007966292
 0.007966292
 0.007966292
 0.007966292
 0.007966292
 0.007969973
 0.007969973
 0.007969973
 0.007969973
 0.007973655
 0.007973655
 0.007973655
 0.007973655
 0.007973655
 0.007977336
 0.007977336
 0.007977336
 0.007977336
 0.007977336
 0.007981017
 0.007981017
 0.007981017
 0.007981017
 0.007984698
 0.007984698
 0.007984698
 0.007984698
 0.007984698
 0.00798838
 0.00798838
 0.00798838
 0.00798838
 0.00798838
 0.007992061
 0.007992061
 0.007992061
 0.007992061
 0.007995742
 0.007995742
 0.007995742
 0.007995742
 0.007995742
 0.007999424
 0.007999424
 0.007999424
 0.007999424
 0.008003105
 0.008003105
 0.008003105
 0.008003105
 0.008003105
 0.008006786
 0.008006786
 0.008006786
 0.008006786
 0.008010467
 0.008010467
 0.008010467
 0.008010467
 0.008010467
 0.008014149
 0.008014149
 0.008014149
 0.008014149
 0.008014149
 0.00801783
 0.00801783
 0.00801783
 0.00801783
 0.008021511
 0.008021511
 0.008021511
 0.008021511
 0.008021511
 0.008025193
 0.008025193
 0.008025193
 0.008025193
 0.008028874
 0.008028874
 0.008028874
 0.008028874
 0.008028874
 0.008032555
 0.008032555
 0.008032555
 0.008032555
 0.008036236
 0.008036236
 0.008036236
 0.008036236
 0.008036236
 0.008039918
 0.008039918
 0.008039918
 0.008039918
 0.008043599
 0.008043599
 0.008043599
 0.008043599
 0.00804728
 0.00804728
 0.00804728
 0.00804728
 0.00804728
 0.008050962
 0.008050962
 0.008050962
 0.008050962
 0.008054643
 0.008054643
 0.008054643
 0.008054643
 0.008054643
 0.008058324
 0.008058324
 0.008058324
 0.008058324
 0.008062005
 0.008062005
 0.008062005
 0.008062005
 0.008062005
 0.008065687
 0.008065687
 0.008065687
 0.008065687
 0.008069368
 0.008069368
 0.008069368
 0.008069368
 0.008073049
 0.008073049
 0.008073049
 0.008073049
 0.008073049
 0.008076731
 0.008076731
 0.008076731
 0.008076731
 0.008080412
 0.008080412
 0.008080412
 0.008080412
 0.008084093
 0.008084093
 0.008084093
 0.008084093
 0.008084093
 0.008087774
 0.008087774
 0.008087774
 0.008087774
 0.008091456
 0.008091456
 0.008091456
 0.008091456
 0.008095137
 0.008095137
 0.008095137
 0.008095137
 0.008095137
 0.008098818
 0.008098818
 0.008098818
 0.008098818
 0.008102499
 0.008102499
 0.008102499
 0.008102499
 0.008106181
 0.008106181
 0.008106181
 0.008106181
 0.008106181
 0.008109862
 0.008109862
 0.008109862
 0.008109862
 0.008113543
 0.008113543
 0.008113543
 0.008113543
 0.008117225
 0.008117225
 0.008117225
 0.008117225
 0.008120906
 0.008120906
 0.008120906
 0.008120906
 0.008120906
 0.008124587
 0.008124587
 0.008124587
 0.008124587
 0.008128268
 0.008128268
 0.008128268
 0.008128268
 0.00813195
 0.00813195
 0.00813195
 0.00813195
 0.008135631
 0.008135631
 0.008135631
 0.008135631
 0.008135631
 0.008139312
 0.008139312
 0.008139312
 0.008139312
 0.008142994
 0.008142994
 0.008142994
 0.008142994
 0.008146675
 0.008146675
 0.008146675
 0.008146675
 0.008150356
 0.008150356
 0.008150356
 0.008150356
 0.008154037
 0.008154037
 0.008154037
 0.008154037
 0.008154037
 0.008157719
 0.008157719
 0.008157719
 0.008157719
 0.0081614
 0.0081614
 0.0081614
 0.0081614
 0.008165081
 0.008165081
 0.008165081
 0.008165081
 0.008168763
 0.008168763
 0.008168763
 0.008168763
 0.008172444
 0.008172444
 0.008172444
 0.008172444
 0.008176125
 0.008176125
 0.008176125
 0.008176125
 0.008176125
 0.008179806
 0.008179806
 0.008179806
 0.008179806
 0.008183488
 0.008183488
 0.008183488
 0.008183488
 0.008187169
 0.008187169
 0.008187169
 0.008187169
 0.00819085
 0.00819085
 0.00819085
 0.00819085
 0.008194532
 0.008194532
 0.008194532
 0.008194532
 0.008198213
 0.008198213
 0.008198213
 0.008198213
 0.008201894
 0.008201894
 0.008201894
 0.008201894
 0.008205575
 0.008205575
 0.008205575
 0.008205575
 0.008209257
 0.008209257
 0.008209257
 0.008209257
 0.008212938
 0.008212938
 0.008212938
 0.008212938
 0.008216619
 0.008216619
 0.008216619
 0.008216619
 0.0082203
 0.0082203
 0.0082203
 0.0082203
 0.008223982
 0.008223982
 0.008223982
 0.008223982
 0.008227663
 0.008227663
 0.008227663
 0.008227663
 0.008231344
 0.008231344
 0.008231344
 0.008231344
 0.008231344
 0.008235026
 0.008235026
 0.008235026
 0.008235026
 0.008238707
 0.008238707
 0.008238707
 0.008238707
 0.008242388
 0.008242388
 0.008242388
 0.008246069
 0.008246069
 0.008246069
 0.008246069
 0.008249751
 0.008249751
 0.008249751
 0.008253432
 0.008253432
 0.008257113
 0.008257113
 0.008257113
 0.008260795
 0.008260795
 0.008264476
 0.008264476
 0.008268157
 0.008268157
 0.008271838
 0.008271838
 0.00827552
 0.008279201
 0.008279201
 0.008282882
 0.008282882
 0.008286564
 0.008290245
 0.008290245
 0.008293926
 0.008297607
 0.008297607
 0.008301289
 0.00830497
 0.00830497
 0.008308651
 0.008312332
 0.008316014
 0.008319695
 0.008319695
 0.008323376
 0.008327058
 0.008330739
 0.00833442
 0.008338101
 0.008338101
 0.008341783
 0.008345464
 0.008349145
 0.008352827
 0.008356508
 0.008360189
 0.00836387
 0.008367552
 0.008371233
 0.008374914
 0.008378596
 0.008382277
 0.008385958
 0.008389639
 0.008393321
 0.008397002
 0.008404365
 0.008408046
 0.008411727
 0.008415408
 0.00841909
 0.008422771
 0.008426452
 0.008433815
 0.008437496
 0.008441177
 0.008444859
 0.008452221
 0.008455902
 0.008459584
 0.008463265
 0.008470628
 0.008474309
 0.00847799
 0.008485353
 0.008489034
 0.008492715
 0.008500078
 0.008503759
 0.008511122
 0.008514803
 0.008518484
 0.008525847
 0.008529528
 0.008536891
 0.008540572
 0.008547934
 0.008551616
 0.008558978
 0.00856266
 0.008570022
 0.008573703
 0.008581066
 0.008588429
 0.00859211
 0.008599472
 0.008603154
 0.008610516
 0.008617879
 0.00862156
 0.008628923
 0.008636285
 0.008639967
 0.008647329
 0.008654692
 0.008658373
 0.008665735
 0.008673098
 0.008680461
 0.008684142
 0.008691504
 0.008698867
 0.00870623
 0.008713592
 0.008717273
 0.008724636
 0.008731999
 0.008739361
 0.008746724
 0.008754086
 0.008761449
 0.00876513
 0.008772493
 0.008779855
 0.008787218
 0.00879458
 0.008801943
 0.008809305
 0.008816668
 0.008824031
 0.008831393
 0.008838756
 0.008846118
 0.008853481
 0.008860843
 0.008868206
 0.008875568
 0.008882931
 0.008893975
 0.008901337
 0.0089087
 0.008916063
 0.008923425
 0.008930788
 0.00893815
 0.008949194
 0.008956557
 0.008963919
 0.008971282
 0.008978644
 0.008989688
 0.008997051
 0.009004413
 0.009011776
 0.00902282
 0.009030182
 0.009037545
 0.009044907
 0.009055951
 0.009063314
 0.009070676
 0.00908172
 0.009089083
 0.009100127
 0.009107489
 0.009114852
 0.009125896
 0.009133258
 0.009144302
 0.009151665
 0.009159027
 0.009170071
 0.009177434
 0.009188477
 0.00919584
 0.009206884
 0.009214246
 0.00922529
 0.009232653
 0.009243697
 0.009251059
 0.009262103
 0.009269466
 0.009280509
 0.009291553
 0.009298916
 0.00930996
 0.009317322
 0.009328366
 0.00933941
 0.009346772
 0.009357816
 0.00936886
 0.009376223
 0.009387267
 0.00939831
 0.009405673
 0.009416717
 0.009427761
 0.009438804
 0.009446167
 0.009457211
 0.009468255
 0.009479299
 0.009486661
 0.009497705
 0.009508749
 0.009519793
 0.009530837
 0.009538199
 0.009549243
 0.009560287
 0.009571331
 0.009582374
 0.009593418
 0.009600781
 0.009611825
 0.009622869
 0.009633912
 0.009644956
 0.009656
 0.009667044
 0.009678088
 0.009689132
 0.009700175
 0.009711219
 0.009722263
 0.009733307
 0.009744351
 0.009755395
 0.009766438
 0.009777482
 0.009788526
 0.00979957
 0.009810614
 0.009821658
 0.009832702
 0.009843745
 0.009854789
 0.009865833
 0.009876877
 0.009891602
 0.009902646
 0.00991369
 0.009924734
 0.009935777
 0.009946821
 0.009957865
 0.00997259
 0.009983634
 0.009994678
 0.010005722
 0.010016766
 0.010031491
 0.010042535
 0.010053578
 0.010064622
 0.010075666
 0.010090391
 0.010101435
 0.010112479
 0.010127204
 0.010138248
 0.010149292
 0.010160336
 0.010175061
 0.010186105
 0.010197148
 0.010211873
 0.010222917
 0.010233961
 0.010248686
 0.01025973
 0.010274455
 0.010285499
 0.010296543
 0.010311268
 0.010322312
 0.010337037
 0.010348081
 0.010359125
 0.01037385
 0.010384894
 0.010399619
 0.010410663
 0.010425388
 0.010436432
 0.010451157
 0.010462201
 0.010476926
 0.01048797
 0.010502695
 0.010513739
 0.010528464
 0.010539508
 0.010554233
 0.010565276
 0.010580002
 0.010594727
 0.010605771
 0.010620496
 0.01063154
 0.010646265
 0.010657308
 0.010672034
 0.010686759
 0.010697803
 0.010712528
 0.010727253
 0.010738297
 0.010753022
 0.010767747
 0.010778791
 0.010793516
 0.010808241
 0.010819285
 0.01083401
 0.010848735
 0.010859779
 0.010874504
 0.010889229
 0.010903954
 0.010914998
 0.010929723
 0.010944448
 0.010959174
 0.010970217
 0.010984943
 0.010999668
 0.011014393
 0.011025437
 0.011040162
 0.011054887
 0.011069612
 0.011084337
 0.011095381
 0.011110106
 0.011124831
 0.011139556
 0.011154281
 0.011169007
 0.011183732
 0.011194776
 0.011209501
 0.011224226
 0.011238951
 0.011253676
 0.011268401
 0.011283126
 0.011297851
 0.011312577
 0.01132362
 0.011338345
 0.011353071
 0.011367796
 0.011382521
 0.011397246
 0.011411971
 0.011426696
 0.011441421
 0.011456146
 0.011470872
 0.011485597
 0.011500322
 0.011515047
 0.011529772
 0.011544497
 0.011559222
 0.011573947
 0.011588673
 0.011603398
 0.011618123
 0.011632848
 0.011647573
 0.011662298
 0.011677023
 0.011691748
 0.011710155
 0.01172488
 0.011739605
 0.01175433
 0.011769055
 0.01178378
 0.011798506
 0.011813231
 0.011827956
 0.011842681
 0.011861087
 0.011875813
 0.011890538
 0.011905263
 0.011919988
 0.011934713
 0.011949438
 0.011967845
 0.01198257
 0.011997295
 0.01201202
 0.012026745
 0.01204147
 0.012059877
 0.012074602
 0.012089327
 0.012104052
 0.012118777
 0.012137183
 0.012151909
 0.012166634
 0.012181359
 0.012199765
 0.01221449
 0.012229215
 0.012243941
 0.012262347
 0.012277072
 0.012291797
 0.012306522
 0.012324929
 0.012339654
 0.012354379
 0.012369104
 0.012387511
 0.012402236
 0.012416961
 0.012435367
 0.012450092
 0.012464817
 0.012483224
 0.012497949
 0.012512674
 0.012531081
 0.012545806
 0.012560531
 0.012578937
 0.012593662
 0.012608387
 0.012626794
 0.012641519
 0.012656244
 0.01267465
 0.012689376
 0.012704101
 0.012722507
 0.012737232
 0.012755639
 0.012770364
 0.012785089
 0.012803495
 0.01281822
 0.012836627
 0.012851352
 0.012866077
 0.012884484
 0.012899209
 0.012917615
 0.01293234
 0.012950747
 0.012965472
 0.012980197
 0.012998603
 0.013013328
 0.013031735
 0.01304646
 0.013064866
 0.013079591
 0.013097998
 0.013112723
 0.013127448
 0.013145854
 0.01316058
 0.013178986
 0.013193711
 0.013212118
 0.013226843
 0.013245249
 0.013259974
 0.013278381
 0.013293106
 0.013311512
 0.013326237
 0.013344644
 0.013359369
 0.013377775
 0.0133925
 0.013410907
 0.013425632
 0.013444038
 0.013458763
 0.01347717
 0.013495576
 0.013510301
 0.013528708
 0.013543433
 0.013561839
 0.013576564
 0.013594971
 0.013609696
 0.013628102
 0.013646509
 0.013661234
 0.01367964
 0.013694365
 0.013712772
 0.013727497
 0.013745903
 0.01376431
 0.013779035
 0.013797441
 0.013812166
 0.013830573
 0.013845298
 0.013863704
 0.013882111
 0.013896836
 0.013915242
 0.013929967
 0.013948374
 0.01396678
 0.013981505
 0.013999912
 0.014014637
 0.014033043
 0.01405145
 0.014066175
 0.014084581
 0.014102988
 0.014117713
 0.014136119
 0.014150844
 0.014169251
 0.014187657
 0.014202382
 0.014220789
 0.014239195
 0.01425392
 0.014272326
 0.014290733
 0.014305458
 0.014323864
 0.014338589
 0.014356996
 0.014375402
 0.014390127
 0.014408534
 0.01442694
 0.014441665
 0.014460072
 0.014478478
 0.014493203
 0.01451161
 0.014530016
 0.014544741
 0.014563148
 0.014581554
 0.014596279
 0.014614686
 0.014633092
 0.014647817
 0.014666224
 0.01468463
 0.014699355
 0.014717761
 0.014736168
 0.014750893
 0.014769299
 0.014787706
 0.014802431
 0.014820837
 0.014839244
 0.01485765
 0.014872375
 0.014890782
 0.014909188
 0.014923913
 0.01494232
 0.014960726
 0.014975451
 0.014993858
 0.015012264
 0.015026989
 0.015045395
 0.015063802
 0.015082208
 0.015096933
 0.01511534
 0.015133746
 0.015148471
 0.015166878
 0.015185284
 0.015200009
 0.015218416
 0.015236822
 0.015255228
 0.015269954
 0.01528836
 0.015306766
 0.015321492
 0.015339898
 0.015358304
 0.015373029
 0.015391436
 0.015409842
 0.015428249
 0.015442974
 0.01546138
 0.015479787
 0.015494512
 0.015512918
 0.015531325
 0.01554605
 0.015564456
 0.015582862
 0.015601269
 0.015615994
 0.0156344
 0.015652807
 0.015667532
 0.015685938
 0.015704345
 0.015722751
 0.015737476
 0.015755883
 0.015774289
 0.015789014
 0.015807421
 0.015825827
 0.015840552
 0.015858959
 0.015877365
 0.015895771
 0.015910496
 0.015928903
 0.015947309
 0.015962034
 0.015980441
 0.015998847
 0.016013572
 0.016031979
 0.016050385
 0.016068792
 0.016083517
 0.016101923
 0.016120329
 0.016135055
 0.016153461
 0.016171867
 0.016186593
 0.016204999
 0.016223405
 0.01623813
 0.016256537
 0.016274943
 0.016289668
 0.016308075
 0.016326481
 0.016344888
 0.016359613
 0.016378019
 0.016396426
 0.016411151
 0.016429557
 0.016447964
 0.016462689
 0.016481095
 0.016499501
 0.016514227
 0.016532633
 0.016551039
 0.016565765
 0.016584171
 0.016602577
 0.016617302
 0.016635709
 0.016654115
 0.01666884
 0.016687247
 0.016705653
 0.016720378
 0.016738785
 0.01675351
 0.016771916
 0.016790323
 0.016805048
 0.016823454
 0.016841861
 0.016856586
 0.016874992
 0.016893399
 0.016908124
 0.01692653
 0.016941255
 0.016959662
 0.016978068
 0.016992793
 0.0170112
 0.017029606
 0.017044331
 0.017062737
 0.017077463
 0.017095869
 0.017114275
 0.017129
 0.017147407
 0.017162132
 0.017180538
 0.017198945
 0.01721367
 0.017232076
 0.017246801
 0.017265208
 0.017283614
 0.017298339
 0.017316746
 0.017331471
 0.017349877
 0.017364602
 0.017383009
 0.017401415
 0.01741614
 0.017434547
 0.017449272
 0.017467678
 0.017482403
 0.01750081
 0.017519216
 0.017533941
 0.017552348
 0.017567073
 0.017585479
 0.017600204
 0.017618611
 0.017633336
 0.017651742
 0.017666468
 0.017684874
 0.017699599
 0.017718005
 0.017732731
 0.017751137
 0.017765862
 0.017784269
 0.017798994
 0.0178174
 0.017832125
 0.017850532
 0.017865257
 0.017883663
 0.017898388
 0.017916795
 0.01793152
 0.017949926
 0.017964651
 0.017983058
 0.017997783
 0.018016189
 0.018030914
 0.018049321
 0.018064046
 0.018078771
 0.018097177
 0.018111903
 0.018130309
 0.018145034
 0.01816344
 0.018178166
 0.018192891
 0.018211297
 0.018226022
 0.018244429
 0.018259154
 0.018273879
 0.018292285
 0.01830701
 0.018325417
 0.018340142
 0.018354867
 0.018373273
 0.018387999
 0.018406405
 0.01842113
 0.018435855
 0.018454262
 0.018468987
 0.018483712
 0.018502118
 0.018516843
 0.018531569
 0.018549975
 0.0185647
 0.018579425
 0.018597832
 0.018612557
 0.018627282
 0.018645688
 0.018660413
 0.018675139
 0.018689864
 0.01870827
 0.018722995
 0.01873772
 0.018756127
 0.018770852
 0.018785577
 0.018800302
 0.018818708
 0.018833434
 0.018848159
 0.018862884
 0.01888129
 0.018896015
 0.01891074
 0.018925466
 0.018943872
 0.018958597
 0.018973322
 0.018988047
 0.019002773
 0.019021179
 0.019035904
 0.019050629
 0.019065354
 0.019080079
 0.019094805
 0.019113211
 0.019127936
 0.019142661
 0.019157386
 0.019172111
 0.019186837
 0.019205243
 0.019219968
 0.019234693
 0.019249418
 0.019264143
 0.019278869
 0.019293594
 0.019308319
 0.019323044
 0.01934145
 0.019356175
 0.019370901
 0.019385626
 0.019400351
 0.019415076
 0.019429801
 0.019444526
 0.019459251
 0.019473976
 0.019488702
 0.019503427
 0.019518152
 0.019532877
 0.019547602
 0.019562327
 0.019577052
 0.019591777
 0.019606503
 0.019621228
 0.019635953
 0.019650678
 0.019665403
 0.019680128
 0.019694853
 0.019709578
 0.019724304
 0.019739029
 0.019753754
 0.019768479
 0.019783204
 0.019794248
 0.019808973
 0.019823698
 0.019838423
 0.019853148
 0.019867874
 0.019882599
 0.019897324
 0.019912049
 0.019923093
 0.019937818
 0.019952543
 0.019967268
 0.019981993
 0.019996718
 0.020007762
 0.020022487
 0.020037212
 0.020051938
 0.020066663
 0.020077707
 0.020092432
 0.020107157
 0.020121882
 0.020132926
 0.020147651
 0.020162376
 0.020177101
 0.020188145
 0.02020287
 0.020217595
 0.02023232
 0.020243364
 0.020258089
 0.020272814
 0.020283858
 0.020298583
 0.020313309
 0.020324352
 0.020339078
 0.020353803
 0.020364846
 0.020379572
 0.020390615
 0.020405341
 0.020420066
 0.02043111
 0.020445835
 0.020456879
 0.020471604
 0.020486329
 0.020497373
 0.020512098
 0.020523142
 0.020537867
 0.020548911
 0.020563636
 0.02057468
 0.020589405
 0.020600448
 0.020615174
 0.020626217
 0.020640943
 0.020651986
 0.020666712
 0.020677755
 0.020692481
 0.020703524
 0.020718249
 0.020729293
 0.020744018
 0.020755062
 0.020766106
 0.020780831
 0.020791875
 0.0208066
 0.020817644
 0.020828688
 0.020843413
 0.020854457
 0.020865501
 0.020880226
 0.02089127
 0.020902314
 0.020917039
 0.020928082
 0.020939126
 0.020953851
 0.020964895
 0.020975939
 0.020986983
 0.021001708
 0.021012752
 0.021023796
 0.02103484
 0.021049565
 0.021060609
 0.021071652
 0.021082696
 0.02109374
 0.021108465
 0.021119509
 0.021130553
 0.021141597
 0.021152641
 0.021163684
 0.021174728
 0.021189453
 0.021200497
 0.021211541
 0.021222585
 0.021233629
 0.021244673
 0.021255716
 0.02126676
 0.021277804
 0.021288848
 0.021299892
 0.021310936
 0.02132198
 0.021333023
 0.021344067
 0.021355111
 0.021366155
 0.021377199
 0.021388243
 0.021399286
 0.02141033
 0.021421374
 0.021432418
 0.021443462
 0.021454506
 0.02146555
 0.021476593
 0.021487637
 0.021495
 0.021506044
 0.021517087
 0.021528131
 0.021539175
 0.021550219
 0.021557582
 0.021568625
 0.021579669
 0.021590713
 0.021601757
 0.021609119
 0.021620163
 0.021631207
 0.021642251
 0.021649614
 0.021660657
 0.021671701
 0.021679064
 0.021690108
 0.021701151
 0.021708514
 0.021719558
 0.021730602
 0.021737964
 0.021749008
 0.021760052
 0.021767415
 0.021778458
 0.021785821
 0.021796865
 0.021807909
 0.021815271
 0.021826315
 0.021833678
 0.021844721
 0.021852084
 0.021863128
 0.02187049
 0.021881534
 0.021888897
 0.021899941
 0.021907303
 0.021918347
 0.02192571
 0.021936753
 0.021944116
 0.021951479
 0.021962522
 0.021969885
 0.021980929
 0.021988291
 0.021995654
 0.022006698
 0.02201406
 0.022021423
 0.022032467
 0.022039829
 0.022047192
 0.022054554
 0.022065598
 0.022072961
 0.022080323
 0.022087686
 0.02209873
 0.022106092
 0.022113455
 0.022120818
 0.02212818
 0.022139224
 0.022146586
 0.022153949
 0.022161312
 0.022168674
 0.022176037
 0.022183399
 0.022194443
 0.022201806
 0.022209168
 0.022216531
 0.022223893
 0.022231256
 0.022238619
 0.022245981
 0.022253344
 0.022260706
 0.022268069
 0.022275431
 0.022282794
 0.022290156
 0.022297519
 0.022304882
 0.022312244
 0.022315925
 0.022323288
 0.022330651
 0.022338013
 0.022345376
 0.022352738
 0.022360101
 0.022363782
 0.022371145
 0.022378507
 0.02238587
 0.022393232
 0.022396914
 0.022404276
 0.022411639
 0.022419001
 0.022422683
 0.022430045
 0.022437408
 0.022441089
 0.022448452
 0.022455814
 0.022459495
 0.022466858
 0.022474221
 0.022477902
 0.022485264
 0.022488946
 0.022496308
 0.022503671
 0.022507352
 0.022514715
 0.022518396
 0.022525758
 0.02252944
 0.022536802
 0.022540484
 0.022547846
 0.022551527
 0.02255889
 0.022562571
 0.022566253
 0.022573615
 0.022577296
 0.022584659
 0.02258834
 0.022592021
 0.022599384
 0.022603065
 0.022606747
 0.022614109
 0.02261779
 0.022621472
 0.022625153
 0.022632516
 0.022636197
 0.022639878
 0.022643559
 0.022647241
 0.022654603
 0.022658285
 0.022661966
 0.022665647
 0.022669328
 0.02267301
 0.022680372
 0.022684054
 0.022687735
 0.022691416
 0.022695097
 0.022698779
 0.02270246
 0.022706141
 0.022709822
 0.022713504
 0.022717185
 0.022720866
 0.022724548
 0.022728229
 0.02273191
 0.022735591
 0.022735591
 0.022739273
 0.022742954
 0.022746635
 0.022750317
 0.022753998
 0.022757679
 0.022757679
 0.02276136
 0.022765042
 0.022768723
 0.022768723
 0.022772404
 0.022776086
 0.022779767
 0.022779767
 0.022783448
 0.022787129
 0.022787129
 0.022790811
 0.022794492
 0.022794492
 0.022798173
 0.022798173
 0.022801855
 0.022801855
 0.022805536
 0.022809217
 0.022809217
 0.022812898
 0.022812898
 0.02281658
 0.02281658
 0.02281658
 0.022820261
 0.022820261
 0.022823942
 0.022823942
 0.022823942
 0.022827623
 0.022827623
 0.022827623
 0.022831305
 0.022831305
 0.022831305
 0.022834986
 0.022834986
 0.022834986
 0.022834986
 0.022838667
 0.022838667
 0.022838667
 0.022838667
 0.022838667
 0.022838667
 0.022842349
 0.022842349
 0.022842349
 0.022842349
 0.022842349
 0.022842349
 0.022842349
 0.022842349
 0.022842349
 0.022842349
 0.022842349
 0.022842349
 0.022842349
 0.022842349
 0.022842349
 0.022842349
 0.022842349
 0.022842349
 0.022842349
 0.022842349
 0.022842349
 0.022842349
 0.022842349
 0.022842349
 0.022842349
 0.022842349
 0.022842349
 0.022842349
 0.022838667
 0.022838667
 0.022838667
 0.022838667
 0.022838667
 0.022838667
 0.022838667
 0.022838667
 0.022838667
 0.022838667
 0.022838667
 0.022838667
 0.022838667
 0.022838667
 0.022834986
 0.022834986
 0.022834986
 0.022834986
 0.022834986
 0.022834986
 0.022834986
 0.022834986
 0.022834986
 0.022831305
 0.022831305
 0.022831305
 0.022831305
 0.022831305
 0.022831305
 0.022831305
 0.022831305
 0.022827623
 0.022827623
 0.022827623
 0.022827623
 0.022827623
 0.022827623
 0.022827623
 0.022823942
 0.022823942
 0.022823942
 0.022823942
 0.022823942
 0.022823942
 0.022820261
 0.022820261
 0.022820261
 0.022820261
 0.022820261
 0.022820261
 0.02281658
 0.02281658
 0.02281658
 0.02281658
 0.02281658
 0.022812898
 0.022812898
 0.022812898
 0.022812898
 0.022812898
 0.022809217
 0.022809217
 0.022809217
 0.022809217
 0.022809217
 0.022805536
 0.022805536
 0.022805536
 0.022805536
 0.022801855
 0.022801855
 0.022801855
 0.022801855
 0.022798173
 0.022798173
 0.022798173
 0.022798173
 0.022794492
 0.022794492
 0.022794492
 0.022794492
 0.022790811
 0.022790811
 0.022790811
 0.022790811
 0.022787129
 0.022787129
 0.022787129
 0.022783448
 0.022783448
 0.022783448
 0.022783448
 0.022779767
 0.022779767
 0.022779767
 0.022776086
 0.022776086
 0.022776086
 0.022776086
 0.022772404
 0.022772404
 0.022772404
 0.022768723
 0.022768723
 0.022768723
 0.022765042
 0.022765042
 0.022765042
 0.02276136
 0.02276136
 0.02276136
 0.022757679
 0.022757679
 0.022757679
 0.022753998
 0.022753998
 0.022753998
 0.022750317
 0.022750317
 0.022750317
 0.022746635
 0.022746635
 0.022742954
 0.022742954
 0.022742954
 0.022739273
 0.022739273
 0.022739273
 0.022735591
 0.022735591
 0.02273191
 0.02273191
 0.02273191
 0.022728229
 0.022728229
 0.022724548
 0.022724548
 0.022724548
 0.022720866
 0.022720866
 0.022717185
 0.022717185
 0.022717185
 0.022713504
 0.022713504
 0.022709822
 0.022709822
 0.022709822
 0.022706141
 0.022706141
 0.02270246
 0.02270246
 0.022698779
 0.022698779
 0.022698779
 0.022695097
 0.022695097
 0.022691416
 0.022691416
 0.022687735
 0.022687735
 0.022684054
 0.022684054
 0.022680372
 0.022680372
 0.022680372
 0.022676691
 0.022676691
 0.02267301
 0.02267301
 0.022669328
 0.022669328
 0.022665647
 0.022665647
 0.022661966
 0.022661966
 0.022658285
 0.022658285
 0.022654603
 0.022654603
 0.022650922
 0.022650922
 0.022647241
 0.022647241
 0.022643559
 0.022643559
 0.022639878
 0.022639878
 0.022636197
 0.022636197
 0.022632516
 0.022632516
 0.022628834
 0.022628834
 0.022625153
 0.022621472
 0.022621472
 0.02261779
 0.02261779
 0.022614109
 0.022614109
 0.022610428
 0.022610428
 0.022606747
 0.022606747
 0.022603065
 0.022599384
 0.022599384
 0.022595703
 0.022595703
 0.022592021
 0.022592021
 0.02258834
 0.022584659
 0.022584659
 0.022580978
 0.022580978
 0.022577296
 0.022577296
 0.022573615
 0.022569934
 0.022569934
 0.022566253
 0.022566253
 0.022562571
 0.02255889
 0.02255889
 0.022555209
 0.022555209
 0.022551527
 0.022547846
 0.022547846
 0.022544165
 0.022540484
 0.022540484
 0.022536802
 0.022536802
 0.022533121
 0.02252944
 0.02252944
 0.022525758
 0.022522077
 0.022522077
 0.022518396
 0.022518396
 0.022514715
 0.022511033
 0.022511033
 0.022507352
 0.022503671
 0.022503671
 0.022499989
 0.022496308
 0.022496308
 0.022492627
 0.022488946
 0.022488946
 0.022485264
 0.022481583
 0.022481583
 0.022477902
 0.022474221
 0.022474221
 0.022470539
 0.022466858
 0.022466858
 0.022463177
 0.022459495
 0.022455814
 0.022455814
 0.022452133
 0.022448452
 0.022448452
 0.02244477
 0.022441089
 0.022441089
 0.022437408
 0.022433726
 0.022430045
 0.022430045
 0.022426364
 0.022422683
 0.022422683
 0.022419001
 0.02241532
 0.022411639
 0.022411639
 0.022407957
 0.022404276
 0.022400595
 0.022400595
 0.022396914
 0.022393232
 0.022389551
 0.022389551
 0.02238587
 0.022382188
 0.022382188
 0.022378507
 0.022374826
 0.022371145
 0.022367463
 0.022367463
 0.022363782
 0.022360101
 0.02235642
 0.02235642
 0.022352738
 0.022349057
 0.022345376
 0.022345376
 0.022341694
 0.022338013
 0.022334332
 0.022330651
 0.022330651
 0.022326969
 0.022323288
 0.022319607
 0.022315925
 0.022315925
 0.022312244
 0.022308563
 0.022304882
 0.0223012
 0.0223012
 0.022297519
 0.022293838
 0.022290156
 0.022286475
 0.022286475
 0.022282794
 0.022279113
 0.022275431
 0.02227175
 0.022268069
 0.022268069
 0.022264387
 0.022260706
 0.022257025
 0.022253344
 0.022249662
 0.022249662
 0.022245981
 0.0222423
 0.022238619
 0.022234937
 0.022231256
 0.022231256
 0.022227575
 0.022223893
 0.022220212
 0.022216531
 0.02221285
 0.022209168
 0.022209168
 0.022205487
 0.022201806
 0.022198124
 0.022194443
 0.022190762
 0.022187081
 0.022183399
 0.022183399
 0.022179718
 0.022176037
 0.022172355
 0.022168674
 0.022164993
 0.022161312
 0.02215763
 0.022153949
 0.022153949
 0.022150268
 0.022146586
 0.022142905
 0.022139224
 0.022135543
 0.022131861
 0.02212818
 0.022124499
 0.022120818
 0.022120818
 0.022117136
 0.022113455
 0.022109774
 0.022106092
 0.022102411
 0.02209873
 0.022095049
 0.022091367
 0.022087686
 0.022084005
 0.022080323
 0.022076642
 0.022072961
 0.022072961
 0.02206928
 0.022065598
 0.022061917
 0.022058236
 0.022054554
 0.022050873
 0.022047192
 0.022043511
 0.022039829
 0.022036148
 0.022032467
 0.022028786
 0.022025104
 0.022021423
 0.022017742
 0.02201406
 0.022010379
 0.022006698
 0.022003017
 0.021999335
 0.021995654
 0.021991973
 0.021988291
 0.02198461
 0.021980929
 0.021980929
 0.021977248
 0.021973566
 0.021969885
 0.021966204
 0.021962522
 0.021958841
 0.02195516
 0.021951479
 0.021947797
 0.021944116
 0.021940435
 0.021936753
 0.021933072
 0.021929391
 0.02192571
 0.021922028
 0.021918347
 0.021914666
 0.021907303
 0.021903622
 0.021899941
 0.021896259
 0.021892578
 0.021888897
 0.021885216
 0.021881534
 0.021877853
 0.021874172
 0.02187049
 0.021866809
 0.021863128
 0.021859447
 0.021855765
 0.021852084
 0.021848403
 0.021844721
 0.02184104
 0.021837359
 0.021833678
 0.021829996
 0.021826315
 0.021822634
 0.021818952
 0.021815271
 0.021807909
 0.021804227
 0.021800546
 0.021796865
 0.021793184
 0.021789502
 0.021785821
 0.02178214
 0.021778458
 0.021774777
 0.021771096
 0.021767415
 0.021763733
 0.021760052
 0.021752689
 0.021749008
 0.021745327
 0.021741646
 0.021737964
 0.021734283
 0.021730602
 0.02172692
 0.021723239
 0.021719558
 0.021715877
 0.021708514
 0.021704833
 0.021701151
 0.02169747
 0.021693789
 0.021690108
 0.021686426
 0.021682745
 0.021679064
 0.021675383
 0.02166802
 0.021664339
 0.021660657
 0.021656976
 0.021653295
 0.021649614
 0.021645932
 0.021642251
 0.021634888
 0.021631207
 0.021627526
 0.021623845
 0.021620163
 0.021616482
 0.021612801
 0.021609119
 0.021601757
 0.021598076
 0.021594394
 0.021590713
 0.021587032
 0.021583351
 0.021579669
 0.021572307
 0.021568625
 0.021564944
 0.021561263
 0.021557582
 0.0215539
 0.021546538
 0.021542856
 0.021539175
 0.021535494
 0.021531813
 0.021528131
 0.021520769
 0.021517087
 0.021513406
 0.021509725
 0.021506044
 0.021502362
 0.021495
 0.021491318
 0.021487637
 0.021483956
 0.021480275
 0.021476593
 0.021469231
 0.02146555
 0.021461868
 0.021458187
 0.021454506
 0.021447143
 0.021443462
 0.021439781
 0.021436099
 0.021432418
 0.021425055
 0.021421374
 0.021417693
 0.021414012
 0.02141033
 0.021402968
 0.021399286
 0.021395605
 0.021391924
 0.021388243
 0.02138088
 0.021377199
 0.021373517
 0.021369836
 0.021366155
 0.021358792
 0.021355111
 0.02135143
 0.021347749
 0.021340386
 0.021336705
 0.021333023
 0.021329342
 0.021325661
 0.021318298
 0.021314617
 0.021310936
 0.021307254
 0.021299892
 0.021296211
 0.021292529
 0.021288848
 0.021281485
 0.021277804
 0.021274123
 0.021270442
 0.021263079
 0.021259398
 0.021255716
 0.021252035
 0.021244673
 0.021240991
 0.02123731
 0.021233629
 0.021226266
 0.021222585
 0.021218904
 0.021215222
 0.02120786
 0.021204179
 0.021200497
 0.021196816
 0.021189453
 0.021185772
 0.021182091
 0.02117841
 0.021171047
 0.021167366
 0.021163684
 0.021156322
 0.021152641
 0.021148959
 0.021145278
 0.021137916
 0.021134234
 0.021130553
 0.02112319
 0.021119509
 0.021115828
 0.021112147
 0.021104784
 0.021101103
 0.021097421
 0.021090059
 0.021086378
 0.021082696
 0.021079015
 0.021071652
 0.021067971
 0.02106429
 0.021056927
 0.021053246
 0.021049565
 0.021042202
 0.021038521
 0.02103484
 0.021031158
 0.021023796
 0.021020115
 0.021016433
 0.021009071
 0.021005389
 0.021001708
 0.020994346
 0.020990664
 0.020986983
 0.02097962
 0.020975939
 0.020972258
 0.020964895
 0.020961214
 0.020957533
 0.02095017
 0.020946489
 0.020942808
 0.020935445
 0.020931764
 0.020928082
 0.02092072
 0.020917039
 0.020913357
 0.020905995
 0.020902314
 0.020898632
 0.02089127
 0.020887588
 0.020883907
 0.020876545
 0.020872863
 0.020869182
 0.020861819
 0.020858138
 0.020854457
 0.020847094
 0.020843413
 0.020839732
 0.020832369
 0.020828688
 0.020825007
 0.020817644
 0.020813963
 0.0208066
 0.020802919
 0.020799238
 0.020791875
 0.020788194
 0.020784513
 0.02077715
 0.020773469
 0.020769787
 0.020762425
 0.020758744
 0.020751381
 0.0207477
 0.020744018
 0.020736656
 0.020732975
 0.020729293
 0.020721931
 0.020718249
 0.020710887
 0.020707206
 0.020703524
 0.020696162
 0.020692481
 0.020685118
 0.020681437
 0.020677755
 0.020670393
 0.020666712
 0.02066303
 0.020655668
 0.020651986
 0.020644624
 0.020640943
 0.020637261
 0.020629899
 0.020626217
 0.020618855
 0.020615174
 0.020611492
 0.02060413
 0.020600448
 0.020593086
 0.020589405
 0.020585723
 0.020578361
 0.02057468
 0.020567317
 0.020563636
 0.020559954
 0.020552592
 0.020548911
 0.020541548
 0.020537867
 0.020530504
 0.020526823
 0.020523142
 0.020515779
 0.020512098
 0.020504735
 0.020501054
 0.020497373
 0.02049001
 0.020486329
 0.020478966
 0.020475285
 0.020467922
 0.020464241
 0.02046056
 0.020453197
 0.020449516
 0.020442153
 0.020438472
 0.02043111
 0.020427428
 0.020423747
 0.020416384
 0.020412703
 0.020405341
 0.020401659
 0.020394297
 0.020390615
 0.020383253
 0.020379572
 0.02037589
 0.020368528
 0.020364846
 0.020357484
 0.020353803
 0.02034644
 0.020342759
 0.020335396
 0.020331715
 0.020328034
 0.020320671
 0.02031699
 0.020309627
 0.020305946
 0.020298583
 0.020294902
 0.02028754
 0.020283858
 0.020276496
 0.020272814
 0.020269133
 0.020261771
 0.020258089
 0.020250727
 0.020247046
 0.020239683
 0.020236002
 0.020228639
 0.020224958
 0.020217595
 0.020213914
 0.020206551
 0.02020287
 0.020195508
 0.020191826
 0.020188145
 0.020180782
 0.020177101
 0.020169739
 0.020166057
 0.020158695
 0.020155013
 0.020147651
 0.02014397
 0.020136607
 0.020132926
 0.020125563
 0.020121882
 0.020114519
 0.020110838
 0.020103476
 0.020099794
 0.020092432
 0.02008875
 0.020081388
 0.020077707
 0.020070344
 0.020066663
 0.0200593
 0.020055619
 0.020048256
 0.020044575
 0.020037212
 0.020033531
 0.020026169
 0.020022487
 0.020015125
 0.020011444
 0.020004081
 0.0200004
 0.019993037
 0.019989356
 0.019981993
 0.019978312
 0.019970949
 0.019967268
 0.019959906
 0.019956224
 0.019948862
 0.01994518
 0.019937818
 0.019934137
 0.019926774
 0.019923093
 0.01991573
 0.019912049
 0.019904686
 0.019901005
 0.019893643
 0.019889961
 0.019882599
 0.019878917
 0.019871555
 0.019867874
 0.019860511
 0.01985683
 0.019849467
 0.019845786
 0.019838423
 0.019834742
 0.019827379
 0.019823698
 0.019816336
 0.019812654
 0.019805292
 0.019797929
 0.019794248
 0.019786885
 0.019783204
 0.019775842
 0.01977216
 0.019764798
 0.019761116
 0.019753754
 0.019750073
 0.01974271
 0.019739029
 0.019731666
 0.019727985
 0.019720622
 0.019716941
 0.019709578
 0.019702216
 0.019698535
 0.019691172
 0.019687491
 0.019680128
 0.019676447
 0.019669084
 0.019665403
 0.019658041
 0.019654359
 0.019646997
 0.019643315
 0.019635953
 0.01962859
 0.019624909
 0.019617546
 0.019613865
 0.019606503
 0.019602821
 0.019595459
 0.019591777
 0.019584415
 0.019580734
 0.019573371
 0.019566009
 0.019562327
 0.019554965
 0.019551283
 0.019543921
 0.01954024
 0.019532877
 0.019529196
 0.019521833
 0.019518152
 0.019510789
 0.019503427
 0.019499745
 0.019492383
 0.019488702
 0.019481339
 0.019477658
 0.019470295
 0.019466614
 0.019459251
 0.019451889
 0.019448208
 0.019440845
 0.019437164
 0.019429801
 0.01942612
 0.019418757
 0.019411395
 0.019407713
 0.019400351
 0.01939667
 0.019389307
 0.019385626
 0.019378263
 0.019370901
 0.019367219
 0.019359857
 0.019356175
 0.019348813
 0.019345132
 0.019337769
 0.019334088
 0.019326725
 0.019319363
 0.019315681
 0.019308319
 0.019304638
 0.019297275
 0.019293594
 0.019286231
 0.019278869
 0.019275187
 0.019267825
 0.019264143
 0.019256781
 0.019249418
 0.019245737
 0.019238375
 0.019234693
 0.019227331
 0.019223649
 0.019216287
 0.019208924
 0.019205243
 0.01919788
 0.019194199
 0.019186837
 0.019183155
 0.019175793
 0.01916843
 0.019164749
 0.019157386
 0.019153705
 0.019146342
 0.01913898
 0.019135299
 0.019127936
 0.019124255
 0.019116892
 0.019113211
 0.019105848
 0.019098486
 0.019094805
 0.019087442
 0.019083761
 0.019076398
 0.019069036
 0.019065354
 0.019057992
 0.01905431
 0.019046948
 0.019043267
 0.019035904
 0.019028541
 0.01902486
 0.019017498
 0.019013816
 0.019006454
 0.018999091
 0.01899541
 0.018988047
 0.018984366
 0.018977004
 0.018969641
 0.01896596
 0.018958597
 0.018954916
 0.018947553
 0.018940191
 0.018936509
 0.018929147
 0.018925466
 0.018918103
 0.01891074
 0.018907059
 0.018899697
 0.018896015
 0.018888653
 0.01888129
 0.018877609
 0.018870246
 0.018866565
 0.018859203
 0.01885184
 0.018848159
 0.018840796
 0.018837115
 0.018829752
 0.01882239
 0.018818708
 0.018811346
 0.018807665
 0.018800302
 0.01879294
 0.018789258
 0.018781896
 0.018778214
 0.018770852
 0.018763489
 0.018759808
 0.018752445
 0.018748764
 0.018741402
 0.018734039
 0.018730358
 0.018722995
 0.018719314
 0.018711951
 0.018704589
 0.018700907
 0.018693545
 0.018689864
 0.018682501
 0.018675139
 0.018671457
 0.018664095
 0.018660413
 0.018653051
 0.018645688
 0.018642007
 0.018634644
 0.018630963
 0.018623601
 0.018616238
 0.018612557
 0.018605194
 0.018597832
 0.01859415
 0.018586788
 0.018583106
 0.018575744
 0.018568381
 0.0185647
 0.018557338
 0.018553656
 0.018546294
 0.018538931
 0.01853525
 0.018527887
 0.018524206
 0.018516843
 0.018509481
 0.0185058
 0.018498437
 0.018494756
 0.018487393
 0.018480031
 0.018476349
 0.018468987
 0.018461624
 0.018457943
 0.01845058
 0.018446899
 0.018439537
 0.018432174
 0.018428493
 0.01842113
 0.018417449
 0.018410086
 0.018402724
 0.018399042
 0.01839168
 0.018384317
 0.018380636
 0.018373273
 0.018369592
 0.01836223
 0.018354867
 0.018351186
 0.018343823
 0.018340142
 0.018332779
 0.018325417
 0.018321736
 0.018314373
 0.018310692
 0.018303329
 0.018295967
 0.018292285
 0.018284923
 0.01827756
 0.018273879
 0.018266516
 0.018262835
 0.018255472
 0.01824811
 0.018244429
 0.018237066
 0.018233385
 0.018226022
 0.01821866
 0.018214978
 0.018207616
 0.018200253
 0.018196572
 0.018189209
 0.018185528
 0.018178166
 0.018170803
 0.018167122
 0.018159759
 0.018156078
 0.018148715
 0.018141353
 0.018137671
 0.018130309
 0.018122946
 0.018119265
 0.018111903
 0.018108221
 0.018100859
 0.018093496
 0.018089815
 0.018082452
 0.018078771
 0.018071408
 0.018064046
 0.018060365
 0.018053002
 0.018045639
 0.018041958
 0.018034596
 0.018030914
 0.018023552
 0.018016189
 0.018012508
 0.018005145
 0.018001464
 0.017994102
 0.017986739
 0.017983058
 0.017975695
 0.017968333
 0.017964651
 0.017957289
 0.017953607
 0.017946245
 0.017938882
 0.017935201
 0.017927838
 0.017924157
 0.017916795
 0.017909432
 0.017905751
 0.017898388
 0.017894707
 0.017887344
 0.017879982
 0.017876301
 0.017868938
 0.017861575
 0.017857894
 0.017850532
 0.01784685
 0.017839488
 0.017832125
 0.017828444
 0.017821081
 0.0178174
 0.017810037
 0.017802675
 0.017798994
 0.017791631
 0.01778795
 0.017780587
 0.017773225
 0.017769543
 0.017762181
 0.017754818
 0.017751137
 0.017743774
 0.017740093
 0.017732731
 0.017725368
 0.017721687
 0.017714324
 0.017710643
 0.01770328
 0.017695918
 0.017692236
 0.017684874
 0.017681193
 0.01767383
 0.017666468
 0.017662786
 0.017655424
 0.017651742
 0.01764438
 0.017637017
 0.017633336
 0.017625973
 0.017622292
 0.01761493
 0.017607567
 0.017603886
 0.017596523
 0.017592842
 0.017585479
 0.017578117
 0.017574435
 0.017567073
 0.017563392
 0.017556029
 0.017548667
 0.017544985
 0.017537623
 0.017533941
 0.017526579
 0.017519216
 0.017515535
 0.017508172
 0.017504491
 0.017497129
 0.017489766
 0.017486085
 0.017478722
 0.017475041
 0.017467678
 0.017460316
 0.017456635
 0.017449272
 0.017445591
 0.017438228
 0.017430866
 0.017427184
 0.017419822
 0.01741614
 0.017408778
 0.017401415
 0.017397734
 0.017390371
 0.01738669
 0.017379328
 0.017371965
 0.017368284
 0.017360921
 0.01735724
 0.017349877
 0.017342515
 0.017338834
 0.017331471
 0.01732779
 0.017320427
 0.017313065
 0.017309383
 0.017302021
 0.017298339
 0.017290977
 0.017287296
 0.017279933
 0.01727257
 0.017268889
 0.017261527
 0.017257845
 0.017250483
 0.01724312
 0.017239439
 0.017232076
 0.017228395
 0.017221033
 0.017217351
 0.017209989
 0.017202626
 0.017198945
 0.017191582
 0.017187901
 0.017180538
 0.017173176
 0.017169495
 0.017162132
 0.017158451
 0.017151088
 0.017147407
 0.017140044
 0.017132682
 0.017129
 0.017121638
 0.017117957
 0.017110594
 0.017103232
 0.01709955
 0.017092188
 0.017088506
 0.017081144
 0.017077463
 0.0170701
 0.017062737
 0.017059056
 0.017051694
 0.017048012
 0.01704065
 0.017036968
 0.017029606
 0.017022243
 0.017018562
 0.0170112
 0.017007518
 0.017000156
 0.016996474
 0.016989112
 0.016985431
 0.016978068
 0.016970705
 0.016967024
 0.016959662
 0.01695598
 0.016948618
 0.016944936
 0.016937574
 0.016930211
 0.01692653
 0.016919167
 0.016915486
 0.016908124
 0.016904442
 0.01689708
 0.016893399
 0.016886036
 0.016878673
 0.016874992
 0.01686763
 0.016863948
 0.016856586
 0.016852904
 0.016845542
 0.016841861
 0.016834498
 0.016827135
 0.016823454
 0.016816092
 0.01681241
 0.016805048
 0.016801366
 0.016794004
 0.016790323
 0.01678296
 0.016775598
 0.016771916
 0.016764554
 0.016760872
 0.01675351
 0.016749829
 0.016742466
 0.016738785
 0.016731422
 0.016727741
 0.016720378
 0.016713016
 0.016709334
 0.016701972
 0.016698291
 0.016690928
 0.016687247
 0.016679884
 0.016676203
 0.01666884
 0.016665159
 0.016657797
 0.016654115
 0.016646753
 0.01663939
 0.016635709
 0.016628346
 0.016624665
 0.016617302
 0.016613621
 0.016606259
 0.016602577
 0.016595215
 0.016591533
 0.016584171
 0.01658049
 0.016573127
 0.016569446
 0.016562083
 0.016558402
 0.016551039
 0.016543677
 0.016539996
 0.016532633
 0.016528952
 0.016521589
 0.016517908
 0.016510545
 0.016506864
 0.016499501
 0.01649582
 0.016488458
 0.016484776
 0.016477414
 0.016473732
 0.01646637
 0.016462689
 0.016455326
 0.016451645
 0.016444282
 0.016440601
 0.016433238
 0.016429557
 0.016422195
 0.016418513
 0.016411151
 0.016407469
 0.016400107
 0.016396426
 0.016389063
 0.016385382
 0.016378019
 0.016374338
 0.016366975
 0.016363294
 0.016355931
 0.01635225
 0.016344888
 0.016341206
 0.016333844
 0.016330163
 0.0163228
 0.016319119
 0.016311756
 0.016308075
 0.016300712
 0.016297031
 0.016289668
 0.016285987
 0.016278625
 0.016274943
 0.016267581
 0.016263899
 0.016256537
 0.016252856
 0.016245493
 0.016241812
 0.016234449
 0.016230768
 0.016223405
 0.016219724
 0.016212362
 0.01620868
 0.016201318
 0.016197636
 0.016190274
 0.016186593
 0.016182911
 0.016175549
 0.016171867
 0.016164505
 0.016160824
 0.016153461
 0.01614978
 0.016142417
 0.016138736
 0.016131373
 0.016127692
 0.016120329
 0.016116648
 0.016109286
 0.016105604
 0.016098242
 0.016094561
 0.016090879
 0.016083517
 0.016079835
 0.016072473
 0.016068792
 0.016061429
 0.016057748
 0.016050385
 0.016046704
 0.016039341
 0.01603566
 0.016031979
 0.016024616
 0.016020935
 0.016013572
 0.016009891
 0.016002529
 0.015998847
 0.015991485
 0.015987803
 0.015984122
 0.01597676
 0.015973078
 0.015965716
 0.015962034
 0.015954672
 0.015950991
 0.015943628
 0.015939947
 0.015936265
 0.015928903
 0.015925222
 0.015917859
 0.015914178
 0.015906815
 0.015903134
 0.015899453
 0.01589209
 0.015888409
 0.015881046
 0.015877365
 0.015870002
 0.015866321
 0.01586264
 0.015855277
 0.015851596
 0.015844233
 0.015840552
 0.01583319
 0.015829508
 0.015825827
 0.015818464
 0.015814783
 0.015807421
 0.015803739
 0.015800058
 0.015792695
 0.015789014
 0.015781652
 0.01577797
 0.015774289
 0.015766927
 0.015763245
 0.015755883
 0.015752201
 0.01574852
 0.015741158
 0.015737476
 0.015730114
 0.015726432
 0.015722751
 0.015715389
 0.015711707
 0.015704345
 0.015700663
 0.015696982
 0.01568962
 0.015685938
 0.015678576
 0.015674894
 0.015671213
 0.015663851
 0.015660169
 0.015652807
 0.015649126
 0.015645444
 0.015638082
 0.0156344
 0.015630719
 0.015623357
 0.015619675
 0.015612313
 0.015608631
 0.01560495
 0.015597588
 0.015593906
 0.015590225
 0.015582862
 0.015579181
 0.015571819
 0.015568137
 0.015564456
 0.015557094
 0.015553412
 0.015549731
 0.015542368
 0.015538687
 0.015535006
 0.015527643
 0.015523962
 0.015520281
 0.015512918
 0.015509237
 0.015501874
 0.015498193
 0.015494512
 0.015487149
 0.015483468
 0.015479787
 0.015472424
 0.015468743
 0.015465061
 0.015457699
 0.015454018
 0.015450336
 0.015442974
 0.015439293
 0.015435611
 0.015428249
 0.015424567
 0.015420886
 0.015413524
 0.015409842
 0.015406161
 0.015398798
 0.015395117
 0.015391436
 0.015384073
 0.015380392
 0.015376711
 0.015369348
 0.015365667
 0.015361986
 0.015354623
 0.015350942
 0.01534726
 0.015343579
 0.015336217
 0.015332535
 0.015328854
 0.015321492
 0.01531781
 0.015314129
 0.015306766
 0.015303085
 0.015299404
 0.015292041
 0.01528836
 0.015284679
 0.015280997
 0.015273635
 0.015269954
 0.015266272
 0.01525891
 0.015255228
 0.015251547
 0.015247866
 0.015240503
 0.015236822
 0.015233141
 0.015225778
 0.015222097
 0.015218416
 0.015214734
 0.015207372
 0.015203691
 0.015200009
 0.015192647
 0.015188965
 0.015185284
 0.015181603
 0.01517424
 0.015170559
 0.015166878
 0.015163196
 0.015155834
 0.015152153
 0.015148471
 0.01514479
 0.015137427
 0.015133746
 0.015130065
 0.015122702
 0.015119021
 0.01511534
 0.015111659
 0.015104296
 0.015100615
 0.015096933
 0.015093252
 0.01508589
 0.015082208
 0.015078527
 0.015074846
 0.015071164
 0.015063802
 0.015060121
 0.015056439
 0.015052758
 0.015045395
 0.015041714
 0.015038033
 0.015034352
 0.015026989
 0.015023308
 0.015019626
 0.015015945
 0.015012264
 0.015004901
 0.01500122
 0.014997539
 0.014993858
 0.014986495
 0.014982814
 0.014979132
 0.014975451
 0.01497177
 0.014964407
 0.014960726
 0.014957045
 0.014953363
 0.014949682
 0.01494232
 0.014938638
 0.014934957
 0.014931276
 0.014927594
 0.014920232
 0.014916551
 0.014912869
 0.014909188
 0.014905507
 0.014898144
 0.014894463
 0.014890782
 0.0148871
 0.014883419
 0.014876057
 0.014872375
 0.014868694
 0.014865013
 0.014861331
 0.01485765
 0.014850288
 0.014846606
 0.014842925
 0.014839244
 0.014835562
 0.014831881
 0.014824519
 0.014820837
 0.014817156
 0.014813475
 0.014809793
 0.014806112
 0.01479875
 0.014795068
 0.014791387
 0.014787706
 0.014784024
 0.014780343
 0.014776662
 0.014769299
 0.014765618
 0.014761937
 0.014758256
 0.014754574
 0.014750893
 0.014747212
 0.014739849
 0.014736168
 0.014732487
 0.014728805
 0.014725124
 0.014721443
 0.014717761
 0.01471408
 0.014706718
 0.014703036
 0.014699355
 0.014695674
 0.014691992
 0.014688311
 0.01468463
 0.014680949
 0.014677267
 0.014669905
 0.014666224
 0.014662542
 0.014658861
 0.01465518
 0.014651498
 0.014647817
 0.014644136
 0.014640455
 0.014633092
 0.014629411
 0.014625729
 0.014622048
 0.014618367
 0.014614686
 0.014611004
 0.014607323
 0.014603642
 0.01459996
 0.014596279
 0.014592598
 0.014585235
 0.014581554
 0.014577873
 0.014574191
 0.01457051
 0.014566829
 0.014563148
 0.014559466
 0.014555785
 0.014552104
 0.014548423
 0.014544741
 0.01454106
 0.014537379
 0.014533697
 0.014530016
 0.014522654
 0.014518972
 0.014515291
 0.01451161
 0.014507928
 0.014504247
 0.014500566
 0.014496885
 0.014493203
 0.014489522
 0.014485841
 0.014482159
 0.014478478
 0.014474797
 0.014471116
 0.014467434
 0.014463753
 0.014460072
 0.01445639
 0.014452709
 0.014449028
 0.014445347
 0.014441665
 0.014437984
 0.014434303
 0.014430622
 0.01442694
 0.014423259
 0.014419578
 0.014415896
 0.014412215
 0.014408534
 0.014404853
 0.014401171
 0.01439749
 0.014393809
 0.014390127
 0.014386446
 0.014382765
 0.014379084
 0.014375402
 0.014371721
 0.01436804
 0.014364358
 0.014360677
 0.014356996
 0.014353315
 0.014349633
 0.014345952
 0.014342271
 0.014338589
 0.014334908
 0.014331227
 0.014327546
 0.014323864
 0.014320183
 0.014316502
 0.014312821
 0.014309139
 0.014305458
 0.014301777
 0.014298095
 0.014294414
 0.014290733
 0.014287052
 0.01428337
 0.014279689
 0.014276008
 0.014272326
 0.014268645
 0.014268645
 0.014264964
 0.014261283
 0.014257601
 0.01425392
 0.014250239
 0.014246557
 0.014242876
 0.014239195
 0.014235514
 0.014231832
 0.014228151
 0.01422447
 0.014220789
 0.014217107
 0.014213426
 0.014209745
 0.014206063
 0.014202382
 0.014198701
 0.01419502
 0.014191338
 0.014187657
 0.014183976
 0.014180294
 0.014176613
 0.014172932
 0.014169251
 0.014165569
 0.014161888
 0.014158207
 0.014154525
 0.014150844
 0.014147163
 0.014143482
 0.0141398
 0.014136119
 0.014132438
 0.014128756
 0.014125075
 0.014121394
 0.014117713
 0.014114031
 0.01411035
 0.014106669
 0.014102988
 0.014099306
 0.014095625
 0.014091944
 0.014088262
 0.014084581
 0.014077219
 0.014073537
 0.014069856
 0.014066175
 0.014062493
 0.014058812
 0.014055131
 0.01405145
 0.014047768
 0.014044087
 0.014040406
 0.014036724
 0.014033043
 0.014029362
 0.014025681
 0.014021999
 0.014018318
 0.014014637
 0.014010955
 0.014007274
 0.014003593
 0.013999912
 0.01399623
 0.013992549
 0.013988868
 0.013985187
 0.013981505
 0.013977824
 0.013974143
 0.013970461
 0.01396678
 0.013963099
 0.013959418
 0.013955736
 0.013952055
 0.013948374
 0.013944692
 0.013941011
 0.01393733
 0.013933649
 0.013926286
 0.013922605
 0.013918923
 0.013915242
 0.013911561
 0.01390788
 0.013904198
 0.013900517
 0.013896836
 0.013893154
 0.013889473
 0.013885792
 0.013882111
 0.013878429
 0.013874748
 0.013871067
 0.013867386
 0.013863704
 0.013860023
 0.013856342
 0.01385266
 0.013848979
 0.013845298
 0.013841617
 0.013834254
 0.013830573
 0.013826891
 0.01382321
 0.013819529
 0.013815848
 0.013812166
 0.013808485
 0.013804804
 0.013801122
 0.013797441
 0.01379376
 0.013790079
 0.013786397
 0.013782716
 0.013779035
 0.013775354
 0.013771672
 0.013767991
 0.01376431
 0.013756947
 0.013753266
 0.013749585
 0.013745903
 0.013742222
 0.013738541
 0.013734859
 0.013731178
 0.013727497
 0.013723816
 0.013720134
 0.013716453
 0.013712772
 0.01370909
 0.013705409
 0.013701728
 0.013698047
 0.013690684
 0.013687003
 0.013683321
 0.01367964
 0.013675959
 0.013672278
 0.013668596
 0.013664915
 0.013661234
 0.013657553
 0.013653871
 0.01365019
 0.013646509
 0.013642827
 0.013639146
 0.013635465
 0.013628102
 0.013624421
 0.01362074
 0.013617058
 0.013613377
 0.013609696
 0.013606015
 0.013602333
 0.013598652
 0.013594971
 0.013591289
 0.013587608
 0.013583927
 0.013580246
 0.013572883
 0.013569202
 0.01356552
 0.013561839
 0.013558158
 0.013554477
 0.013550795
 0.013547114
 0.013543433
 0.013539752
 0.01353607
 0.013532389
 0.013528708
 0.013521345
 0.013517664
 0.013513983
 0.013510301
 0.01350662
 0.013502939
 0.013499257
 0.013495576
 0.013491895
 0.013488214
 0.013484532
 0.013480851
 0.01347717
 0.013469807
 0.013466126
 0.013462445
 0.013458763
 0.013455082
 0.013451401
 0.013447719
 0.013444038
 0.013440357
 0.013436676
 0.013432994
 0.013429313
 0.013421951
 0.013418269
 0.013414588
 0.013410907
 0.013407225
 0.013403544
 0.013399863
 0.013396182
 0.0133925
 0.013388819
 0.013385138
 0.013381456
 0.013374094
 0.013370413
 0.013366731
 0.01336305
 0.013359369
 0.013355687
 0.013352006
 0.013348325
 0.013344644
 0.013340962
 0.013337281
 0.013329919
 0.013326237
 0.013322556
 0.013318875
 0.013315193
 0.013311512
 0.013307831
 0.01330415
 0.013300468
 0.013296787
 0.013293106
 0.013285743
 0.013282062
 0.013278381
 0.013274699
 0.013271018
 0.013267337
 0.013263655
 0.013259974
 0.013256293
 0.013252612
 0.01324893
 0.013241568
 0.013237886
 0.013234205
 0.013230524
 0.013226843
 0.013223161
 0.01321948
 0.013215799
 0.013212118
 0.013208436
 0.013201074
 0.013197392
 0.013193711
 0.01319003
 0.013186349
 0.013182667
 0.013178986
 0.013175305
 0.013171623
 0.013167942
 0.013164261
 0.013156898
 0.013153217
 0.013149536
 0.013145854
 0.013142173
 0.013138492
 0.013134811
 0.013131129
 0.013127448
 0.013123767
 0.013116404
 0.013112723
 0.013109042
 0.01310536
 0.013101679
 0.013097998
 0.013094317
 0.013090635
 0.013086954
 0.013083273
 0.01307591
 0.013072229
 0.013068548
 0.013064866
 0.013061185
 0.013057504
 0.013053822
 0.013050141
 0.01304646
 0.013042779
 0.013035416
 0.013031735
 0.013028053
 0.013024372
 0.013020691
 0.01301701
 0.013013328
 0.013009647
 0.013005966
 0.012998603
 0.012994922
 0.012991241
 0.012987559
 0.012983878
 0.012980197
 0.012976516
 0.012972834
 0.012969153
 0.012965472
 0.012958109
 0.012954428
 0.012950747
 0.012947065
 0.012943384
 0.012939703
 0.012936021
 0.01293234
 0.012928659
 0.012921296
 0.012917615
 0.012913934
 0.012910252
 0.012906571
 0.01290289
 0.012899209
 0.012895527
 0.012891846
 0.012888165
 0.012880802
 0.012877121
 0.01287344
 0.012869758
 0.012866077
 0.012862396
 0.012858715
 0.012855033
 0.012851352
 0.012843989
 0.012840308
 0.012836627
 0.012832946
 0.012829264
 0.012825583
 0.012821902
 0.01281822
 0.012814539
 0.012810858
 0.012803495
 0.012799814
 0.012796133
 0.012792451
 0.01278877
 0.012785089
 0.012781408
 0.012777726
 0.012774045
 0.012766683
 0.012763001
 0.01275932
 0.012755639
 0.012751957
 0.012748276
 0.012744595
 0.012740914
 0.012737232
 0.01272987
 0.012726188
 0.012722507
 0.012718826
 0.012715145
 0.012711463
 0.012707782
 0.012704101
 0.012700419
 0.012696738
 0.012689376
 0.012685694
 0.012682013
 0.012678332
 0.01267465
 0.012670969
 0.012667288
 0.012663607
 0.012659925
 0.012652563
 0.012648882
 0.0126452
 0.012641519
 0.012637838
 0.012634156
 0.012630475
 0.012626794
 0.012623113
 0.012619431
 0.012612069
 0.012608387
 0.012604706
 0.012601025
 0.012597344
 0.012593662
 0.012589981
 0.0125863
 0.012582618
 0.012575256
 0.012571575
 0.012567893
 0.012564212
 0.012560531
 0.012556849
 0.012553168
 0.012549487
 0.012545806
 0.012542124
 0.012534762
 0.012531081
 0.012527399
 0.012523718
 0.012520037
 0.012516355
 0.012512674
 0.012508993
 0.012505312
 0.012497949
 0.012494268
 0.012490586
 0.012486905
 0.012483224
 0.012479543
 0.012475861
 0.01247218
 0.012468499
 0.012464817
 0.012457455
 0.012453774
 0.012450092
 0.012446411
 0.01244273
 0.012439048
 0.012435367
 0.012431686
 0.012428005
 0.012424323
 0.012416961
 0.01241328
 0.012409598
 0.012405917
 0.012402236
 0.012398554
 0.012394873
 0.012391192
 0.012387511
 0.012380148
 0.012376467
 0.012372785
 0.012369104
 0.012365423
 0.012361742
 0.01235806
 0.012354379
 0.012350698
 0.012347016
 0.012339654
 0.012335973
 0.012332291
 0.01232861
 0.012324929
 0.012321248
 0.012317566
 0.012313885
 0.012310204
 0.012306522
 0.012302841
 0.012295479
 0.012291797
 0.012288116
 0.012284435
 0.012280753
 0.012277072
 0.012273391
 0.01226971
 0.012266028
 0.012262347
 0.012254984
 0.012251303
 0.012247622
 0.012243941
 0.012240259
 0.012236578
 0.012232897
 0.012229215
 0.012225534
 0.012221853
 0.012218172
 0.012210809
 0.012207128
 0.012203447
 0.012199765
 0.012196084
 0.012192403
 0.012188721
 0.01218504
 0.012181359