6211   0.00E+00   1.10E-04   1.10E-04   1.10E-04   1.10E-04   1.10E-04   1.10E-04   1.10E-04   1.10E-04   1.10E-04   1.10E-04   1.10E-04   9.90E-05   8.90E-05   8.10E-05   7.30E-05   6.60E-05   6.00E-05   5.40E-05   4.90E-05   4.40E-05   4.00E-05   3.60E-05   3.30E-05   3.00E-05   2.70E-05   
6212   0.00E+00   1.10E-04   1.10E-04   1.10E-04   1.10E-04   1.10E-04   1.10E-04   1.10E-04   1.10E-04   1.10E-04   1.10E-04   1.10E-04   9.90E-05   9.00E-05   8.10E-05   7.30E-05   6.60E-05   6.00E-05   5.40E-05   4.90E-05   4.40E-05   4.00E-05   3.60E-05   3.30E-05   3.00E-05   2.70E-05   
6213   0.00E+00   1.10E-04   1.10E-04   1.10E-04   1.10E-04   1.10E-04   1.10E-04   1.10E-04   1.10E-04   1.10E-04   1.10E-04   1.10E-04   9.90E-05   9.00E-05   8.10E-05   7.40E-05   6.70E-05   6.00E-05   5.50E-05   4.90E-05   4.50E-05   4.00E-05   3.70E-05   3.30E-05   3.00E-05   2.70E-05   
6214   0.00E+00   1.10E-04   1.10E-04   1.10E-04   1.10E-04   1.10E-04   1.10E-04   1.10E-04   1.10E-04   1.10E-04   1.10E-04   1.10E-04   1.00E-04   9.00E-05   8.20E-05   7.40E-05   6.70E-05   6.00E-05   5.50E-05   4.90E-05   4.50E-05   4.10E-05   3.70E-05   3.30E-05   3.00E-05   2.70E-05   
6215   0.00E+00   1.10E-04   1.10E-04   1.10E-04   1.10E-04   1.10E-04   1.10E-04   1.10E-04   1.10E-04   1.10E-04   1.10E-04   1.10E-04   1.00E-04   9.00E-05   8.20E-05   7.40E-05   6.70E-05   6.10E-05   5.50E-05   5.00E-05   4.50E-05   4.10E-05   3.70E-05   3.30E-05   3.00E-05   2.70E-05   
6216   0.00E+00   1.10E-04   1.10E-04   1.10E-04   1.10E-04   1.10E-04   1.10E-04   1.10E-04   1.10E-04   1.10E-04   1.10E-04   1.10E-04   1.00E-04   9.10E-05   8.20E-05   7.40E-05   6.70E-05   6.10E-05   5.50E-05   5.00E-05   4.50E-05   4.10E-05   3.70E-05   3.30E-05   3.00E-05   2.70E-05   
6217   0.00E+00   1.10E-04   1.10E-04   1.10E-04   1.10E-04   1.10E-04   1.10E-04   1.10E-04   1.10E-04   1.10E-04   1.10E-04   1.10E-04   1.00E-04   9.10E-05   8.20E-05   7.50E-05   6.70E-05   6.10E-05   5.50E-05   5.00E-05   4.50E-05   4.10E-05   3.70E-05   3.30E-05   3.00E-05   2.70E-05   
6218   0.00E+00   1.10E-04   1.10E-04   1.10E-04   1.10E-04   1.10E-04   1.10E-04   1.10E-04   1.10E-04   1.10E-04   1.10E-04   1.10E-04   1.00E-04   9.10E-05   8.30E-05   7.50E-05   6.80E-05   6.10E-05   5.50E-05   5.00E-05   4.50E-05   4.10E-05   3.70E-05   3.40E-05   3.00E-05   2.70E-05   
6219   0.00E+00   1.10E-04   1.10E-04   1.10E-04   1.10E-04   1.10E-04   1.10E-04   1.10E-04   1.10E-04   1.10E-04   1.10E-04   1.10E-04   1.00E-04   9.20E-05   8.30E-05   7.50E-05   6.80E-05   6.10E-05   5.50E-05   5.00E-05   4.50E-05   4.10E-05   3.70E-05   3.40E-05   3.00E-05   2.80E-05   
6220   0.00E+00   1.10E-04   1.10E-04   1.10E-04   1.10E-04   1.10E-04   1.10E-04   1.10E-04   1.10E-04   1.10E-04   1.10E-04   1.10E-04   1.00E-04   9.20E-05   8.30E-05   7.50E-05   6.80E-05   6.10E-05   5.60E-05   5.00E-05   4.60E-05   4.10E-05   3.70E-05   3.40E-05   3.10E-05   2.80E-05   
6221   0.00E+00   1.10E-04   1.10E-04   1.10E-04   1.10E-04   1.10E-04   1.10E-04   1.10E-04   1.10E-04   1.10E-04   1.10E-04   1.10E-04   1.00E-04   9.20E-05   8.30E-05   7.50E-05   6.80E-05   6.20E-05   5.60E-05   5.00E-05   4.60E-05   4.10E-05   3.70E-05   3.40E-05   3.10E-05   2.80E-05   
6222   0.00E+00   1.10E-04   1.10E-04   1.10E-04   1.10E-04   1.10E-04   1.10E-04   1.10E-04   1.10E-04   1.10E-04   1.10E-04   1.10E-04   1.00E-04   9.20E-05   8.30E-05   7.60E-05   6.80E-05   6.20E-05   5.60E-05   5.10E-05   4.60E-05   4.10E-05   3.80E-05   3.40E-05   3.10E-05   2.80E-05   
6223   0.00E+00   1.10E-04   1.10E-04   1.10E-04   1.10E-04   1.10E-04   1.10E-04   1.10E-04   1.10E-04   1.10E-04   1.10E-04   1.10E-04   1.00E-04   9.20E-05   8.40E-05   7.60E-05   6.90E-05   6.20E-05   5.60E-05   5.10E-05   4.60E-05   4.20E-05   3.80E-05   3.40E-05   3.10E-05   2.80E-05   
6224   0.00E+00   1.10E-04   1.10E-04   1.10E-04   1.10E-04   1.10E-04   1.10E-04   1.10E-04   1.10E-04   1.10E-04   1.10E-04   1.10E-04   1.00E-04   9.30E-05   8.40E-05   7.60E-05   6.90E-05   6.20E-05   5.60E-05   5.10E-05   4.60E-05   4.20E-05   3.80E-05   3.40E-05   3.10E-05   2.80E-05   
6225   0.00E+00   1.10E-04   1.10E-04   1.10E-04   1.10E-04   1.10E-04   1.10E-04   1.10E-04   1.10E-04   1.10E-04   1.10E-04   1.10E-04   1.00E-04   9.30E-05   8.40E-05   7.60E-05   6.90E-05   6.20E-05   5.60E-05   5.10E-05   4.60E-05   4.20E-05   3.80E-05   3.40E-05   3.10E-05   2.80E-05   
6226   0.00E+00   1.10E-04   1.10E-04   1.10E-04   1.10E-04   1.10E-04   1.10E-04   1.10E-04   1.10E-04   1.10E-04   1.10E-04   1.10E-04   1.00E-04   9.30E-05   8.40E-05   7.60E-05   6.90E-05   6.20E-05   5.70E-05   5.10E-05   4.60E-05   4.20E-05   3.80E-05   3.40E-05   3.10E-05   2.80E-05   
6227   0.00E+00   1.10E-04   1.10E-04   1.10E-04   1.10E-04   1.10E-04   1.10E-04   1.10E-04   1.10E-04   1.10E-04   1.10E-04   1.10E-04   1.00E-04   9.30E-05   8.50E-05   7.70E-05   6.90E-05   6.30E-05   5.70E-05   5.10E-05   4.60E-05   4.20E-05   3.80E-05   3.40E-05   3.10E-05   2.80E-05   
6228   0.00E+00   1.10E-04   1.10E-04   1.10E-04   1.10E-04   1.10E-04   1.10E-04   1.10E-04   1.10E-04   1.10E-04   1.10E-04   1.10E-04   1.00E-04   9.40E-05   8.50E-05   7.70E-05   6.90E-05   6.30E-05   5.70E-05   5.10E-05   4.70E-05   4.20E-05   3.80E-05   3.50E-05   3.10E-05   2.80E-05   
6229   0.00E+00   1.10E-04   1.10E-04   1.10E-04   1.10E-04   1.10E-04   1.10E-04   1.10E-04   1.10E-04   1.10E-04   1.10E-04   1.10E-04   1.00E-04   9.40E-05   8.50E-05   7.70E-05   7.00E-05   6.30E-05   5.70E-05   5.20E-05   4.70E-05   4.20E-05   3.80E-05   3.50E-05   3.10E-05   2.80E-05   
6230   0.00E+00   1.10E-04   1.10E-04   1.10E-04   1.10E-04   1.10E-04   1.10E-04   1.10E-04   1.10E-04   1.10E-04   1.10E-04   1.10E-04   1.00E-04   9.50E-05   8.60E-05   7.70E-05   7.00E-05   6.30E-05   5.70E-05   5.20E-05   4.70E-05   4.20E-05   3.80E-05   3.50E-05   3.10E-05   2.80E-05   
6231   0.00E+00   1.10E-04   1.10E-04   1.10E-04   1.10E-04   1.10E-04   1.10E-04   1.10E-04   1.10E-04   1.10E-04   1.10E-04   1.10E-04   1.10E-04   9.50E-05   8.60E-05   7.80E-05   7.00E-05   6.40E-05   5.80E-05   5.20E-05   4.70E-05   4.30E-05   3.90E-05   3.50E-05   3.20E-05   2.90E-05   
6232   0.00E+00   1.10E-04   1.10E-04   1.10E-04   1.10E-04   1.10E-04   1.10E-04   1.10E-04   1.10E-04   1.10E-04   1.10E-04   1.10E-04   1.10E-04   9.60E-05   8.60E-05   7.80E-05   7.10E-05   6.40E-05   5.80E-05   5.20E-05   4.70E-05   4.30E-05   3.90E-05   3.50E-05   3.20E-05   2.90E-05   
6233   0.00E+00   1.10E-04   1.10E-04   1.10E-04   1.10E-04   1.10E-04   1.10E-04   1.10E-04   1.10E-04   1.10E-04   1.10E-04   1.10E-04   1.10E-04   9.60E-05   8.70E-05   7.90E-05   7.10E-05   6.40E-05   5.80E-05   5.30E-05   4.80E-05   4.30E-05   3.90E-05   3.50E-05   3.20E-05   2.90E-05   
6234   0.00E+00   1.10E-04   1.10E-04   1.10E-04   1.10E-04   1.10E-04   1.10E-04   1.10E-04   1.10E-04   1.10E-04   1.10E-04   1.10E-04   1.10E-04   9.60E-05   8.70E-05   7.90E-05   7.10E-05   6.50E-05   5.90E-05   5.30E-05   4.80E-05   4.30E-05   3.90E-05   3.50E-05   3.20E-05   2.90E-05   
6235   0.00E+00   1.10E-04   1.10E-04   1.10E-04   1.10E-04   1.10E-04   1.10E-04   1.10E-04   1.10E-04   1.10E-04   1.10E-04   1.10E-04   1.10E-04   9.70E-05   8.80E-05   7.90E-05   7.20E-05   6.50E-05   5.90E-05   5.30E-05   4.80E-05   4.40E-05   3.90E-05   3.60E-05   3.20E-05   2.90E-05   
6236   0.00E+00   1.10E-04   1.10E-04   1.10E-04   1.10E-04   1.10E-04   1.10E-04   1.10E-04   1.10E-04   1.10E-04   1.10E-04   1.10E-04   1.10E-04   9.70E-05   8.80E-05   8.00E-05   7.20E-05   6.50E-05   5.90E-05   5.30E-05   4.80E-05   4.40E-05   4.00E-05   3.60E-05   3.20E-05   2.90E-05   
6237   0.00E+00   1.10E-04   1.10E-04   1.10E-04   1.10E-04   1.10E-04   1.10E-04   1.10E-04   1.10E-04   1.10E-04   1.10E-04   1.10E-04   1.10E-04   9.80E-05   8.80E-05   8.00E-05   7.20E-05   6.60E-05   5.90E-05   5.40E-05   4.90E-05   4.40E-05   4.00E-05   3.60E-05   3.30E-05   2.90E-05   
6238   0.00E+00   1.10E-04   1.10E-04   1.10E-04   1.10E-04   1.10E-04   1.10E-04   1.10E-04   1.10E-04   1.10E-04   1.10E-04   1.10E-04   1.10E-04   9.80E-05   8.90E-05   8.00E-05   7.30E-05   6.60E-05   6.00E-05   5.40E-05   4.90E-05   4.40E-05   4.00E-05   3.60E-05   3.30E-05   3.00E-05   
6239   0.00E+00   1.10E-04   1.10E-04   1.10E-04   1.10E-04   1.10E-04   1.10E-04   1.10E-04   1.10E-04   1.10E-04   1.10E-04   1.10E-04   1.10E-04   9.90E-05   8.90E-05   8.10E-05   7.30E-05   6.60E-05   6.00E-05   5.40E-05   4.90E-05   4.40E-05   4.00E-05   3.60E-05   3.30E-05   3.00E-05   
6240   0.00E+00   1.10E-04   1.10E-04   1.10E-04   1.10E-04   1.10E-04   1.10E-04   1.10E-04   1.10E-04   1.10E-04   1.10E-04   1.10E-04   1.10E-04   9.90E-05   9.00E-05   8.10E-05   7.30E-05   6.60E-05   6.00E-05   5.40E-05   4.90E-05   4.50E-05   4.00E-05   3.60E-05   3.30E-05   3.00E-05   
6241   0.00E+00   1.10E-04   1.10E-04   1.10E-04   1.10E-04   1.10E-04   1.10E-04   1.10E-04   1.10E-04   1.10E-04   1.10E-04   1.10E-04   1.10E-04   1.00E-04   9.00E-05   8.10E-05   7.40E-05   6.70E-05   6.00E-05   5.50E-05   4.90E-05   4.50E-05   4.00E-05   3.70E-05   3.30E-05   3.00E-05   
6242   0.00E+00   1.10E-04   1.10E-04   1.10E-04   1.10E-04   1.10E-04   1.10E-04   1.10E-04   1.10E-04   1.10E-04   1.10E-04   1.10E-04   1.10E-04   1.00E-04   9.00E-05   8.20E-05   7.40E-05   6.70E-05   6.10E-05   5.50E-05   5.00E-05   4.50E-05   4.10E-05   3.70E-05   3.30E-05   3.00E-05   
6243   0.00E+00   1.10E-04   1.10E-04   1.10E-04   1.10E-04   1.10E-04   1.10E-04   1.10E-04   1.10E-04   1.10E-04   1.10E-04   1.10E-04   1.10E-04   1.00E-04   9.10E-05   8.20E-05   7.40E-05   6.70E-05   6.10E-05   5.50E-05   5.00E-05   4.50E-05   4.10E-05   3.70E-05   3.30E-05   3.00E-05   
6244   0.00E+00   1.10E-04   1.10E-04   1.10E-04   1.10E-04   1.10E-04   1.10E-04   1.10E-04   1.10E-04   1.10E-04   1.10E-04   1.10E-04   1.10E-04   1.00E-04   9.10E-05   8.30E-05   7.50E-05   6.80E-05   6.10E-05   5.50E-05   5.00E-05   4.50E-05   4.10E-05   3.70E-05   3.40E-05   3.00E-05   
6245   0.00E+00   1.10E-04   1.10E-04   1.10E-04   1.10E-04   1.10E-04   1.10E-04   1.10E-04   1.10E-04   1.10E-04   1.10E-04   1.10E-04   1.10E-04   1.00E-04   9.20E-05   8.30E-05   7.50E-05   6.80E-05   6.10E-05   5.60E-05   5.00E-05   4.60E-05   4.10E-05   3.70E-05   3.40E-05   3.10E-05   
6246   0.00E+00   1.10E-04   1.10E-04   1.10E-04   1.10E-04   1.10E-04   1.10E-04   1.10E-04   1.10E-04   1.10E-04   1.10E-04   1.10E-04   1.10E-04   1.00E-04   9.20E-05   8.30E-05   7.50E-05   6.80E-05   6.20E-05   5.60E-05   5.10E-05   4.60E-05   4.10E-05   3.70E-05   3.40E-05   3.10E-05   
6247   0.00E+00   1.10E-04   1.10E-04   1.10E-04   1.10E-04   1.10E-04   1.10E-04   1.10E-04   1.10E-04   1.10E-04   1.10E-04   1.10E-04   1.10E-04   1.00E-04   9.30E-05   8.40E-05   7.60E-05   6.90E-05   6.20E-05   5.60E-05   5.10E-05   4.60E-05   4.20E-05   3.80E-05   3.40E-05   3.10E-05   
6248   0.00E+00   1.10E-04   1.10E-04   1.10E-04   1.10E-04   1.10E-04   1.10E-04   1.10E-04   1.10E-04   1.10E-04   1.10E-04   1.10E-04   1.10E-04   1.00E-04   9.30E-05   8.40E-05   7.60E-05   6.90E-05   6.20E-05   5.60E-05   5.10E-05   4.60E-05   4.20E-05   3.80E-05   3.40E-05   3.10E-05   
6249   0.00E+00   1.10E-04   1.10E-04   1.10E-04   1.10E-04   1.10E-04   1.10E-04   1.10E-04   1.10E-04   1.10E-04   1.10E-04   1.10E-04   1.10E-04   1.00E-04   9.40E-05   8.50E-05   7.70E-05   6.90E-05   6.30E-05   5.70E-05   5.10E-05   4.60E-05   4.20E-05   3.80E-05   3.40E-05   3.10E-05   
6250   0.00E+00   1.10E-04   1.10E-04   1.10E-04   1.10E-04   1.10E-04   1.10E-04   1.10E-04   1.10E-04   1.10E-04   1.10E-04   1.10E-04   1.10E-04   1.00E-04   9.40E-05   8.50E-05   7.70E-05   7.00E-05   6.30E-05   5.70E-05   5.20E-05   4.70E-05   4.20E-05   3.80E-05   3.50E-05   3.10E-05   
6251   0.00E+00   1.10E-04   1.10E-04   1.10E-04   1.10E-04   1.10E-04   1.10E-04   1.10E-04   1.10E-04   1.10E-04   1.10E-04   1.10E-04   1.10E-04   1.00E-04   9.50E-05   8.60E-05   7.70E-05   7.00E-05   6.30E-05   5.70E-05   5.20E-05   4.70E-05   4.30E-05   3.80E-05   3.50E-05   3.10E-05   
6252   0.00E+00   1.10E-04   1.10E-04   1.10E-04   1.10E-04   1.10E-04   1.10E-04   1.10E-04   1.10E-04   1.10E-04   1.10E-04   1.10E-04   1.10E-04   1.10E-04   9.50E-05   8.60E-05   7.80E-05   7.10E-05   6.40E-05   5.80E-05   5.20E-05   4.70E-05   4.30E-05   3.90E-05   3.50E-05   3.20E-05   
6253   0.00E+00   1.10E-04   1.10E-04   1.10E-04   1.10E-04   1.10E-04   1.10E-04   1.10E-04   1.10E-04   1.10E-04   1.10E-04   1.10E-04   1.10E-04   1.10E-04   9.60E-05   8.70E-05   7.80E-05   7.10E-05   6.40E-05   5.80E-05   5.30E-05   4.80E-05   4.30E-05   3.90E-05   3.50E-05   3.20E-05   
6254   0.00E+00   1.10E-04   1.10E-04   1.10E-04   1.10E-04   1.10E-04   1.10E-04   1.10E-04   1.10E-04   1.10E-04   1.10E-04   1.10E-04   1.10E-04   1.10E-04   9.60E-05   8.70E-05   7.90E-05   7.10E-05   6.50E-05   5.90E-05   5.30E-05   4.80E-05   4.30E-05   3.90E-05   3.50E-05   3.20E-05   
6255   0.00E+00   1.10E-04   1.10E-04   1.10E-04   1.10E-04   1.10E-04   1.10E-04   1.10E-04   1.10E-04   1.10E-04   1.10E-04   1.10E-04   1.10E-04   1.10E-04   9.70E-05   8.80E-05   7.90E-05   7.20E-05   6.50E-05   5.90E-05   5.30E-05   4.80E-05   4.40E-05   3.90E-05   3.60E-05   3.20E-05   
6256   0.00E+00   1.10E-04   1.10E-04   1.10E-04   1.10E-04   1.10E-04   1.10E-04   1.10E-04   1.10E-04   1.10E-04   1.10E-04   1.10E-04   1.10E-04   1.10E-04   9.80E-05   8.80E-05   8.00E-05   7.20E-05   6.50E-05   5.90E-05   5.40E-05   4.90E-05   4.40E-05   4.00E-05   3.60E-05   3.30E-05   
6257   0.00E+00   1.10E-04   1.10E-04   1.10E-04   1.10E-04   1.10E-04   1.10E-04   1.10E-04   1.10E-04   1.10E-04   1.10E-04   1.10E-04   1.10E-04   1.10E-04   9.80E-05   8.90E-05   8.10E-05   7.30E-05   6.60E-05   6.00E-05   5.40E-05   4.90E-05   4.40E-05   4.00E-05   3.60E-05   3.30E-05   
6258   0.00E+00   1.10E-04   1.10E-04   1.10E-04   1.10E-04   1.10E-04   1.10E-04   1.10E-04   1.10E-04   1.10E-04   1.10E-04   1.10E-04   1.10E-04   1.10E-04   9.90E-05   9.00E-05   8.10E-05   7.30E-05   6.60E-05   6.00E-05   5.40E-05   4.90E-05   4.40E-05   4.00E-05   3.60E-05   3.30E-05   
6259   0.00E+00   1.10E-04   1.10E-04   1.10E-04   1.10E-04   1.10E-04   1.10E-04   1.10E-04   1.10E-04   1.10E-04   1.10E-04   1.10E-04   1.10E-04   1.10E-04   1.00E-04   9.00E-05   8.20E-05   7.40E-05   6.70E-05   6.00E-05   5.50E-05   4.90E-05   4.50E-05   4.00E-05   3.70E-05   3.30E-05   
6260   0.00E+00   1.10E-04   1.10E-04   1.10E-04   1.10E-04   1.10E-04   1.10E-04   1.10E-04   1.10E-04   1.10E-04   1.10E-04   1.10E-04   1.10E-04   1.10E-04   1.00E-04   9.10E-05   8.20E-05   7.40E-05   6.70E-05   6.10E-05   5.50E-05   5.00E-05   4.50E-05   4.10E-05   3.70E-05   3.30E-05   
6261   0.00E+00   1.10E-04   1.10E-04   1.10E-04   1.10E-04   1.10E-04   1.10E-04   1.10E-04   1.10E-04   1.10E-04   1.10E-04   1.10E-04   1.10E-04   1.10E-04   1.00E-04   9.10E-05   8.30E-05   7.50E-05   6.80E-05   6.10E-05   5.50E-05   5.00E-05   4.50E-05   4.10E-05   3.70E-05   3.40E-05   
6262   0.00E+00   1.10E-04   1.10E-04   1.10E-04   1.10E-04   1.10E-04   1.10E-04   1.10E-04   1.10E-04   1.10E-04   1.10E-04   1.10E-04   1.10E-04   1.10E-04   1.00E-04   9.20E-05   8.30E-05   7.50E-05   6.80E-05   6.10E-05   5.60E-05   5.00E-05   4.60E-05   4.10E-05   3.70E-05   3.40E-05   
6263   0.00E+00   1.10E-04   1.10E-04   1.10E-04   1.10E-04   1.10E-04   1.10E-04   1.10E-04   1.10E-04   1.10E-04   1.10E-04   1.10E-04   1.10E-04   1.10E-04   1.00E-04   9.20E-05   8.40E-05   7.60E-05   6.80E-05   6.20E-05   5.60E-05   5.10E-05   4.60E-05   4.10E-05   3.80E-05   3.40E-05   
6264   0.00E+00   1.10E-04   1.10E-04   1.10E-04   1.10E-04   1.10E-04   1.10E-04   1.10E-04   1.10E-04   1.10E-04   1.10E-04   1.10E-04   1.10E-04   1.10E-04   1.00E-04   9.30E-05   8.40E-05   7.60E-05   6.90E-05   6.20E-05   5.60E-05   5.10E-05   4.60E-05   4.20E-05   3.80E-05   3.40E-05   
6265   0.00E+00   1.10E-04   1.10E-04   1.10E-04   1.10E-04   1.10E-04   1.10E-04   1.10E-04   1.10E-04   1.10E-04   1.10E-04   1.10E-04   1.10E-04   1.10E-04   1.00E-04   9.30E-05   8.40E-05   7.60E-05   6.90E-05   6.30E-05   5.70E-05   5.10E-05   4.60E-05   4.20E-05   3.80E-05   3.40E-05   
6266   0.00E+00   1.10E-04   1.10E-04   1.10E-04   1.10E-04   1.10E-04   1.10E-04   1.10E-04   1.10E-04   1.10E-04   1.10E-04   1.10E-04   1.10E-04   1.10E-04   1.00E-04   9.40E-05   8.50E-05   7.70E-05   7.00E-05   6.30E-05   5.70E-05   5.10E-05   4.70E-05   4.20E-05   3.80E-05   3.50E-05   
6267   0.00E+00   1.10E-04   1.10E-04   1.10E-04   1.10E-04   1.10E-04   1.10E-04   1.10E-04   1.10E-04   1.10E-04   1.10E-04   1.10E-04   1.10E-04   1.10E-04   1.00E-04   9.40E-05   8.50E-05   7.70E-05   7.00E-05   6.30E-05   5.70E-05   5.20E-05   4.70E-05   4.20E-05   3.80E-05   3.50E-05   
6268   0.00E+00   1.10E-04   1.10E-04   1.10E-04   1.10E-04   1.10E-04   1.10E-04   1.10E-04   1.10E-04   1.10E-04   1.10E-04   1.10E-04   1.10E-04   1.10E-04   1.00E-04   9.50E-05   8.60E-05   7.80E-05   7.00E-05   6.40E-05   5.80E-05   5.20E-05   4.70E-05   4.30E-05   3.90E-05   3.50E-05   
6269   0.00E+00   1.10E-04   1.10E-04   1.10E-04   1.10E-04   1.10E-04   1.10E-04   1.10E-04   1.10E-04   1.10E-04   1.10E-04   1.10E-04   1.10E-04   1.10E-04   1.10E-04   9.50E-05   8.60E-05   7.80E-05   7.10E-05   6.40E-05   5.80E-05   5.20E-05   4.70E-05   4.30E-05   3.90E-05   3.50E-05   
6270   0.00E+00   1.10E-04   1.10E-04   1.10E-04   1.10E-04   1.10E-04   1.10E-04   1.10E-04   1.10E-04   1.10E-04   1.10E-04   1.10E-04   1.10E-04   1.10E-04   1.10E-04   9.60E-05   8.70E-05   7.90E-05   7.10E-05   6.40E-05   5.80E-05   5.30E-05   4.80E-05   4.30E-05   3.90E-05   3.50E-05   
6271   0.00E+00   1.10E-04   1.10E-04   1.10E-04   1.10E-04   1.10E-04   1.10E-04   1.10E-04   1.10E-04   1.10E-04   1.10E-04   1.10E-04   1.10E-04   1.10E-04   1.10E-04   9.70E-05   8.80E-05   7.90E-05   7.20E-05   6.50E-05   5.90E-05   5.30E-05   4.80E-05   4.30E-05   3.90E-05   3.60E-05   
6272   0.00E+00   1.10E-04   1.10E-04   1.10E-04   1.10E-04   1.10E-04   1.10E-04   1.10E-04   1.10E-04   1.10E-04   1.10E-04   1.10E-04   1.10E-04   1.10E-04   1.10E-04   9.80E-05   8.80E-05   8.00E-05   7.20E-05   6.50E-05   5.90E-05   5.40E-05   4.80E-05   4.40E-05   4.00E-05   3.60E-05   
6273   0.00E+00   1.10E-04   1.10E-04   1.10E-04   1.10E-04   1.10E-04   1.10E-04   1.10E-04   1.10E-04   1.10E-04   1.10E-04   1.10E-04   1.10E-04   1.10E-04   1.10E-04   9.80E-05   8.90E-05   8.10E-05   7.30E-05   6.60E-05   6.00E-05   5.40E-05   4.90E-05   4.40E-05   4.00E-05   3.60E-05   
6274   0.00E+00   1.10E-04   1.10E-04   1.10E-04   1.10E-04   1.10E-04   1.10E-04   1.10E-04   1.10E-04   1.10E-04   1.10E-04   1.10E-04   1.10E-04   1.10E-04   1.10E-04   9.90E-05   9.00E-05   8.10E-05   7.30E-05   6.60E-05   6.00E-05   5.40E-05   4.90E-05   4.50E-05   4.00E-05   3.60E-05   
6275   0.00E+00   1.10E-04   1.10E-04   1.10E-04   1.10E-04   1.10E-04   1.10E-04   1.10E-04   1.10E-04   1.10E-04   1.10E-04   1.10E-04   1.10E-04   1.10E-04   1.10E-04   1.00E-04   9.00E-05   8.20E-05   7.40E-05   6.70E-05   6.10E-05   5.50E-05   5.00E-05   4.50E-05   4.10E-05   3.70E-05   
6276   0.00E+00   1.10E-04   1.10E-04   1.10E-04   1.10E-04   1.10E-04   1.10E-04   1.10E-04   1.10E-04   1.10E-04   1.10E-04   1.10E-04   1.10E-04   1.10E-04   1.10E-04   1.00E-04   9.10E-05   8.20E-05   7.40E-05   6.70E-05   6.10E-05   5.50E-05   5.00E-05   4.50E-05   4.10E-05   3.70E-05   
6277   0.00E+00   1.10E-04   1.10E-04   1.10E-04   1.10E-04   1.10E-04   1.10E-04   1.10E-04   1.10E-04   1.10E-04   1.10E-04   1.10E-04   1.10E-04   1.10E-04   1.10E-04   1.00E-04   9.20E-05   8.30E-05   7.50E-05   6.80E-05   6.10E-05   5.60E-05   5.00E-05   4.50E-05   4.10E-05   3.70E-05   
6278   0.00E+00   1.10E-04   1.10E-04   1.10E-04   1.10E-04   1.10E-04   1.10E-04   1.10E-04   1.10E-04   1.10E-04   1.10E-04   1.10E-04   1.10E-04   1.10E-04   1.10E-04   1.00E-04   9.20E-05   8.30E-05   7.50E-05   6.80E-05   6.20E-05   5.60E-05   5.10E-05   4.60E-05   4.10E-05   3.70E-05   
6279   0.00E+00   1.10E-04   1.10E-04   1.10E-04   1.10E-04   1.10E-04   1.10E-04   1.10E-04   1.10E-04   1.10E-04   1.10E-04   1.10E-04   1.10E-04   1.10E-04   1.10E-04   1.00E-04   9.30E-05   8.40E-05   7.60E-05   6.90E-05   6.20E-05   5.60E-05   5.10E-05   4.60E-05   4.20E-05   3.80E-05   
6280   0.00E+00   1.10E-04   1.10E-04   1.10E-04   1.10E-04   1.10E-04   1.10E-04   1.10E-04   1.10E-04   1.10E-04   1.10E-04   1.10E-04   1.10E-04   1.10E-04   1.10E-04   1.00E-04   9.30E-05   8.50E-05   7.60E-05   6.90E-05   6.30E-05   5.70E-05   5.10E-05   4.60E-05   4.20E-05   3.80E-05   
6281   0.00E+00   1.10E-04   1.10E-04   1.10E-04   1.10E-04   1.10E-04   1.10E-04   1.10E-04   1.10E-04   1.10E-04   1.10E-04   1.10E-04   1.10E-04   1.10E-04   1.10E-04   1.00E-04   9.40E-05   8.50E-05   7.70E-05   7.00E-05   6.30E-05   5.70E-05   5.20E-05   4.70E-05   4.20E-05   3.80E-05   
6282   0.00E+00   1.10E-04   1.10E-04   1.10E-04   1.10E-04   1.10E-04   1.10E-04   1.10E-04   1.10E-04   1.10E-04   1.10E-04   1.10E-04   1.10E-04   1.10E-04   1.10E-04   1.00E-04   9.40E-05   8.50E-05   7.70E-05   7.00E-05   6.30E-05   5.70E-05   5.20E-05   4.70E-05   4.20E-05   3.80E-05   
6283   0.00E+00   1.10E-04   1.10E-04   1.10E-04   1.10E-04   1.10E-04   1.10E-04   1.10E-04   1.10E-04   1.10E-04   1.10E-04   1.10E-04   1.10E-04   1.10E-04   1.10E-04   1.00E-04   9.50E-05   8.60E-05   7.80E-05   7.00E-05   6.40E-05   5.80E-05   5.20E-05   4.70E-05   4.30E-05   3.90E-05   
6284   0.00E+00   1.10E-04   1.10E-04   1.10E-04   1.10E-04   1.10E-04   1.10E-04   1.10E-04   1.10E-04   1.10E-04   1.10E-04   1.10E-04   1.10E-04   1.10E-04   1.10E-04   1.10E-04   9.60E-05   8.60E-05   7.80E-05   7.10E-05   6.40E-05   5.80E-05   5.20E-05   4.70E-05   4.30E-05   3.90E-05   
6285   0.00E+00   1.10E-04   1.10E-04   1.10E-04   1.10E-04   1.10E-04   1.10E-04   1.10E-04   1.10E-04   1.10E-04   1.10E-04   1.10E-04   1.10E-04   1.10E-04   1.10E-04   1.10E-04   9.60E-05   8.70E-05   7.90E-05   7.10E-05   6.40E-05   5.80E-05   5.30E-05   4.80E-05   4.30E-05   3.90E-05   
6286   0.00E+00   1.10E-04   1.10E-04   1.10E-04   1.10E-04   1.10E-04   1.10E-04   1.10E-04   1.10E-04   1.10E-04   1.10E-04   1.10E-04   1.10E-04   1.10E-04   1.10E-04   1.10E-04   9.70E-05   8.70E-05   7.90E-05   7.20E-05   6.50E-05   5.90E-05   5.30E-05   4.80E-05   4.30E-05   3.90E-05   
6287   0.00E+00   1.10E-04   1.10E-04   1.10E-04   1.10E-04   1.10E-04   1.10E-04   1.10E-04   1.10E-04   1.10E-04   1.10E-04   1.10E-04   1.10E-04   1.10E-04   1.10E-04   1.10E-04   9.70E-05   8.80E-05   8.00E-05   7.20E-05   6.50E-05   5.90E-05   5.30E-05   4.80E-05   4.40E-05   4.00E-05   
6288   0.00E+00   1.10E-04   1.10E-04   1.10E-04   1.10E-04   1.10E-04   1.10E-04   1.10E-04   1.10E-04   1.10E-04   1.10E-04   1.10E-04   1.10E-04   1.10E-04   1.10E-04   1.10E-04   9.80E-05   8.90E-05   8.00E-05   7.30E-05   6.60E-05   5.90E-05   5.40E-05   4.90E-05   4.40E-05   4.00E-05   
6289   0.00E+00   1.10E-04   1.10E-04   1.10E-04   1.10E-04   1.10E-04   1.10E-04   1.10E-04   1.10E-04   1.10E-04   1.10E-04   1.10E-04   1.10E-04   1.10E-04   1.10E-04   1.10E-04   9.90E-05   8.90E-05   8.10E-05   7.30E-05   6.60E-05   6.00E-05   5.40E-05   4.90E-05   4.40E-05   4.00E-05   
6290   0.00E+00   1.10E-04   1.10E-04   1.10E-04   1.10E-04   1.10E-04   1.10E-04   1.10E-04   1.10E-04   1.10E-04   1.10E-04   1.10E-04   1.10E-04   1.10E-04   1.10E-04   1.10E-04   9.90E-05   9.00E-05   8.10E-05   7.40E-05   6.70E-05   6.00E-05   5.40E-05   4.90E-05   4.50E-05   4.00E-05   
6291   0.00E+00   1.10E-04   1.10E-04   1.10E-04   1.10E-04   1.10E-04   1.10E-04   1.10E-04   1.10E-04   1.10E-04   1.10E-04   1.10E-04   1.10E-04   1.10E-04   1.10E-04   1.10E-04   1.00E-04   9.00E-05   8.20E-05   7.40E-05   6.70E-05   6.10E-05   5.50E-05   5.00E-05   4.50E-05   4.10E-05   
6292   0.00E+00   1.10E-04   1.10E-04   1.10E-04   1.10E-04   1.10E-04   1.10E-04   1.10E-04   1.10E-04   1.10E-04   1.10E-04   1.10E-04   1.10E-04   1.10E-04   1.10E-04   1.10E-04   1.00E-04   9.10E-05   8.20E-05   7.40E-05   6.70E-05   6.10E-05   5.50E-05   5.00E-05   4.50E-05   4.10E-05   
6293   0.00E+00   1.10E-04   1.10E-04   1.10E-04   1.10E-04   1.10E-04   1.10E-04   1.10E-04   1.10E-04   1.10E-04   1.10E-04   1.10E-04   1.10E-04   1.10E-04   1.10E-04   1.10E-04   1.00E-04   9.10E-05   8.30E-05   7.50E-05   6.80E-05   6.10E-05   5.50E-05   5.00E-05   4.50E-05   4.10E-05   
6294   0.00E+00   1.10E-04   1.10E-04   1.10E-04   1.10E-04   1.10E-04   1.10E-04   1.10E-04   1.10E-04   1.10E-04   1.10E-04   1.10E-04   1.10E-04   1.10E-04   1.10E-04   1.10E-04   1.00E-04   9.20E-05   8.30E-05   7.50E-05   6.80E-05   6.10E-05   5.60E-05   5.00E-05   4.60E-05   4.10E-05   
6295   0.00E+00   1.10E-04   1.10E-04   1.10E-04   1.10E-04   1.10E-04   1.10E-04   1.10E-04   1.10E-04   1.10E-04   1.10E-04   1.10E-04   1.10E-04   1.10E-04   1.10E-04   1.10E-04   1.00E-04   9.20E-05   8.30E-05   7.50E-05   6.80E-05   6.20E-05   5.60E-05   5.10E-05   4.60E-05   4.10E-05   
6296   0.00E+00   1.10E-04   1.10E-04   1.10E-04   1.10E-04   1.10E-04   1.10E-04   1.10E-04   1.10E-04   1.10E-04   1.10E-04   1.10E-04   1.10E-04   1.10E-04   1.10E-04   1.10E-04   1.00E-04   9.30E-05   8.40E-05   7.60E-05   6.90E-05   6.20E-05   5.60E-05   5.10E-05   4.60E-05   4.20E-05   
6297   0.00E+00   1.10E-04   1.10E-04   1.10E-04   1.10E-04   1.10E-04   1.10E-04   1.10E-04   1.10E-04   1.10E-04   1.10E-04   1.10E-04   1.10E-04   1.10E-04   1.10E-04   1.10E-04   1.00E-04   9.30E-05   8.40E-05   7.60E-05   6.90E-05   6.20E-05   5.60E-05   5.10E-05   4.60E-05   4.20E-05   
6298   0.00E+00   1.10E-04   1.10E-04   1.10E-04   1.10E-04   1.10E-04   1.10E-04   1.10E-04   1.10E-04   1.10E-04   1.10E-04   1.10E-04   1.10E-04   1.10E-04   1.10E-04   1.10E-04   1.00E-04   9.30E-05   8.50E-05   7.60E-05   6.90E-05   6.30E-05   5.70E-05   5.10E-05   4.60E-05   4.20E-05   
6299   0.00E+00   1.10E-04   1.10E-04   1.10E-04   1.10E-04   1.10E-04   1.10E-04   1.10E-04   1.10E-04   1.10E-04   1.10E-04   1.10E-04   1.10E-04   1.10E-04   1.10E-04   1.10E-04   1.00E-04   9.40E-05   8.50E-05   7.70E-05   7.00E-05   6.30E-05   5.70E-05   5.10E-05   4.70E-05   4.20E-05   
6300   0.00E+00   1.10E-04   1.10E-04   1.10E-04   1.10E-04   1.10E-04   1.10E-04   1.10E-04   1.10E-04   1.10E-04   1.10E-04   1.10E-04   1.10E-04   1.10E-04   1.10E-04   1.10E-04   1.00E-04   9.40E-05   8.50E-05   7.70E-05   7.00E-05   6.30E-05   5.70E-05   5.20E-05   4.70E-05   4.20E-05   
6301   0.00E+00   1.10E-04   1.10E-04   1.10E-04   1.10E-04   1.10E-04   1.10E-04   1.10E-04   1.10E-04   1.10E-04   1.10E-04   1.10E-04   1.10E-04   1.10E-04   1.10E-04   1.10E-04   1.10E-04   9.60E-05   8.70E-05   7.80E-05   7.10E-05   6.40E-05   5.80E-05   5.30E-05   4.80E-05   4.30E-05   
6302   0.00E+00   1.10E-04   1.10E-04   1.10E-04   1.10E-04   1.10E-04   1.10E-04   1.10E-04   1.10E-04   1.10E-04   1.10E-04   1.10E-04   1.10E-04   1.10E-04   1.10E-04   1.10E-04   1.10E-04   9.60E-05   8.70E-05   7.90E-05   7.10E-05   6.50E-05   5.80E-05   5.30E-05   4.80E-05   4.30E-05   
6303   0.00E+00   1.10E-04   1.10E-04   1.10E-04   1.10E-04   1.10E-04   1.10E-04   1.10E-04   1.10E-04   1.10E-04   1.10E-04   1.10E-04   1.10E-04   1.10E-04   1.10E-04   1.10E-04   1.10E-04   9.70E-05   8.80E-05   7.90E-05   7.20E-05   6.50E-05   5.90E-05   5.30E-05   4.80E-05   4.30E-05   
6304   0.00E+00   1.10E-04   1.10E-04   1.10E-04   1.10E-04   1.10E-04   1.10E-04   1.10E-04   1.10E-04   1.10E-04   1.10E-04   1.10E-04   1.10E-04   1.10E-04   1.10E-04   1.10E-04   1.10E-04   9.70E-05   8.80E-05   8.00E-05   7.20E-05   6.50E-05   5.90E-05   5.30E-05   4.80E-05   4.40E-05   
6305   0.00E+00   1.10E-04   1.10E-04   1.10E-04   1.10E-04   1.10E-04   1.10E-04   1.10E-04   1.10E-04   1.10E-04   1.10E-04   1.10E-04   1.10E-04   1.10E-04   1.10E-04   1.10E-04   1.10E-04   9.80E-05   8.80E-05   8.00E-05   7.20E-05   6.60E-05   5.90E-05   5.40E-05   4.90E-05   4.40E-05   
6306   0.00E+00   1.10E-04   1.10E-04   1.10E-04   1.10E-04   1.10E-04   1.10E-04   1.10E-04   1.10E-04   1.10E-04   1.10E-04   1.10E-04   1.10E-04   1.10E-04   1.10E-04   1.10E-04   1.10E-04   9.80E-05   8.90E-05   8.00E-05   7.30E-05   6.60E-05   6.00E-05   5.40E-05   4.90E-05   4.40E-05   
6307   0.00E+00   1.10E-04   1.10E-04   1.10E-04   1.10E-04   1.10E-04   1.10E-04   1.10E-04   1.10E-04   1.10E-04   1.10E-04   1.10E-04   1.10E-04   1.10E-04   1.10E-04   1.10E-04   1.10E-04   9.90E-05   8.90E-05   8.10E-05   7.30E-05   6.60E-05   6.00E-05   5.40E-05   4.90E-05   4.40E-05   
6308   0.00E+00   1.10E-04   1.10E-04   1.10E-04   1.10E-04   1.10E-04   1.10E-04   1.10E-04   1.10E-04   1.10E-04   1.10E-04   1.10E-04   1.10E-04   1.10E-04   1.10E-04   1.10E-04   1.10E-04   9.90E-05   9.00E-05   8.10E-05   7.30E-05   6.60E-05   6.00E-05   5.40E-05   4.90E-05   4.40E-05   
6309   0.00E+00   1.10E-04   1.10E-04   1.10E-04   1.10E-04   1.10E-04   1.10E-04   1.10E-04   1.10E-04   1.10E-04   1.10E-04   1.10E-04   1.10E-04   1.10E-04   1.10E-04   1.10E-04   1.10E-04   9.90E-05   9.00E-05   8.10E-05   7.40E-05   6.70E-05   6.00E-05   5.50E-05   4.90E-05   4.50E-05   
6310   0.00E+00   1.10E-04   1.10E-04   1.10E-04   1.10E-04   1.10E-04   1.10E-04   1.10E-04   1.10E-04   1.10E-04   1.10E-04   1.10E-04   1.10E-04   1.10E-04   1.10E-04   1.10E-04   1.10E-04   1.00E-04   9.00E-05   8.20E-05   7.40E-05   6.70E-05   6.10E-05   5.50E-05   5.00E-05   4.50E-05   
6311   0.00E+00   1.10E-04   1.10E-04   1.10E-04   1.10E-04   1.10E-04   1.10E-04   1.10E-04   1.10E-04   1.10E-04   1.10E-04   1.10E-04   1.10E-04   1.10E-04   1.10E-04   1.10E-04   1.10E-04   1.00E-04   9.10E-05   8.20E-05   7.40E-05   6.70E-05   6.10E-05   5.50E-05   5.00E-05   4.50E-05   
6312   0.00E+00   1.10E-04   1.10E-04   1.10E-04   1.10E-04   1.10E-04   1.10E-04   1.10E-04   1.10E-04   1.10E-04   1.10E-04   1.10E-04   1.10E-04   1.10E-04   1.10E-04   1.10E-04   1.10E-04   1.00E-04   9.10E-05   8.30E-05   7.50E-05   6.80E-05   6.10E-05   5.50E-05   5.00E-05   4.50E-05   
6313   0.00E+00   1.10E-04   1.10E-04   1.10E-04   1.10E-04   1.10E-04   1.10E-04   1.10E-04   1.10E-04   1.10E-04   1.10E-04   1.10E-04   1.10E-04   1.10E-04   1.10E-04   1.10E-04   1.10E-04   1.00E-04   9.20E-05   8.30E-05   7.50E-05   6.80E-05   6.20E-05   5.60E-05   5.00E-05   4.60E-05   
6314   0.00E+00   1.10E-04   1.10E-04   1.10E-04   1.10E-04   1.10E-04   1.10E-04   1.10E-04   1.10E-04   1.10E-04   1.10E-04   1.10E-04   1.10E-04   1.10E-04   1.10E-04   1.10E-04   1.10E-04   1.00E-04   9.20E-05   8.40E-05   7.60E-05   6.80E-05   6.20E-05   5.60E-05   5.10E-05   4.60E-05   
6315   0.00E+00   1.10E-04   1.10E-04   1.10E-04   1.10E-04   1.10E-04   1.10E-04   1.10E-04   1.10E-04   1.10E-04   1.10E-04   1.10E-04   1.10E-04   1.10E-04   1.10E-04   1.10E-04   1.10E-04   1.00E-04   9.30E-05   8.40E-05   7.60E-05   6.90E-05   6.20E-05   5.60E-05   5.10E-05   4.60E-05   
6316   0.00E+00   1.10E-04   1.10E-04   1.10E-04   1.10E-04   1.10E-04   1.10E-04   1.10E-04   1.10E-04   1.10E-04   1.10E-04   1.10E-04   1.10E-04   1.10E-04   1.10E-04   1.10E-04   1.10E-04   1.00E-04   9.30E-05   8.40E-05   7.60E-05   6.90E-05   6.20E-05   5.60E-05   5.10E-05   4.60E-05   
6317   0.00E+00   1.10E-04   1.10E-04   1.10E-04   1.10E-04   1.10E-04   1.10E-04   1.10E-04   1.10E-04   1.10E-04   1.10E-04   1.10E-04   1.10E-04   1.10E-04   1.10E-04   1.10E-04   1.10E-04   1.00E-04   9.30E-05   8.50E-05   7.70E-05   6.90E-05   6.30E-05   5.70E-05   5.10E-05   4.60E-05   
6318   0.00E+00   1.10E-04   1.10E-04   1.10E-04   1.10E-04   1.10E-04   1.10E-04   1.10E-04   1.10E-04   1.10E-04   1.10E-04   1.10E-04   1.10E-04   1.10E-04   1.10E-04   1.10E-04   1.10E-04   1.00E-04   9.40E-05   8.50E-05   7.70E-05   6.90E-05   6.30E-05   5.70E-05   5.10E-05   4.60E-05   
6319   0.00E+00   1.10E-04   1.10E-04   1.10E-04   1.10E-04   1.10E-04   1.10E-04   1.10E-04   1.10E-04   1.10E-04   1.10E-04   1.10E-04   1.10E-04   1.10E-04   1.10E-04   1.10E-04   1.10E-04   1.00E-04   9.40E-05   8.50E-05   7.70E-05   6.90E-05   6.30E-05   5.70E-05   5.10E-05   4.70E-05   
6320   0.00E+00   1.10E-04   1.10E-04   1.10E-04   1.10E-04   1.10E-04   1.10E-04   1.10E-04   1.10E-04   1.10E-04   1.10E-04   1.10E-04   1.10E-04   1.10E-04   1.10E-04   1.10E-04   1.10E-04   1.00E-04   9.40E-05   8.50E-05   7.70E-05   7.00E-05   6.30E-05   5.70E-05   5.20E-05   4.70E-05   
6321   0.00E+00   1.10E-04   1.10E-04   1.10E-04   1.10E-04   1.10E-04   1.10E-04   1.10E-04   1.10E-04   1.10E-04   1.10E-04   1.10E-04   1.10E-04   1.10E-04   1.10E-04   1.10E-04   1.10E-04   1.00E-04   9.40E-05   8.50E-05   7.70E-05   7.00E-05   6.30E-05   5.70E-05   5.10E-05   4.70E-05   
6322   0.00E+00   1.10E-04   1.10E-04   1.10E-04   1.10E-04   1.10E-04   1.10E-04   1.10E-04   1.10E-04   1.10E-04   1.10E-04   1.10E-04   1.10E-04   1.10E-04   1.10E-04   1.10E-04   1.10E-04   1.00E-04   9.40E-05   8.50E-05   7.70E-05   6.90E-05   6.30E-05   5.70E-05   5.10E-05   4.70E-05   
6323   0.00E+00   1.10E-04   1.10E-04   1.10E-04   1.10E-04   1.10E-04   1.10E-04   1.10E-04   1.10E-04   1.10E-04   1.10E-04   1.10E-04   1.10E-04   1.10E-04   1.10E-04   1.10E-04   1.10E-04   1.00E-04   9.30E-05   8.40E-05   7.60E-05   6.90E-05   6.30E-05   5.70E-05   5.10E-05   4.60E-05   
6324   0.00E+00   1.10E-04   1.10E-04   1.10E-04   1.10E-04   1.10E-04   1.10E-04   1.10E-04   1.10E-04   1.10E-04   1.10E-04   1.10E-04   1.10E-04   1.10E-04   1.10E-04   1.10E-04   1.10E-04   1.00E-04   9.30E-05   8.40E-05   7.60E-05   6.90E-05   6.20E-05   5.60E-05   5.10E-05   4.60E-05   
6325   0.00E+00   1.10E-04   1.10E-04   1.10E-04   1.10E-04   1.10E-04   1.10E-04   1.10E-04   1.10E-04   1.10E-04   1.10E-04   1.10E-04   1.10E-04   1.10E-04   1.10E-04   1.10E-04   1.10E-04   1.00E-04   9.30E-05   8.40E-05   7.60E-05   6.90E-05   6.20E-05   5.60E-05   5.10E-05   4.60E-05   
6326   0.00E+00   1.10E-04   1.10E-04   1.10E-04   1.10E-04   1.10E-04   1.10E-04   1.10E-04   1.10E-04   1.10E-04   1.10E-04   1.10E-04   1.10E-04   1.10E-04   1.10E-04   1.10E-04   1.10E-04   1.00E-04   9.20E-05   8.30E-05   7.50E-05   6.80E-05   6.20E-05   5.60E-05   5.10E-05   4.60E-05   
6327   0.00E+00   1.10E-04   1.10E-04   1.10E-04   1.10E-04   1.10E-04   1.10E-04   1.10E-04   1.10E-04   1.10E-04   1.10E-04   1.10E-04   1.10E-04   1.10E-04   1.10E-04   1.10E-04   1.10E-04   1.00E-04   9.20E-05   8.30E-05   7.50E-05   6.80E-05   6.10E-05   5.60E-05   5.00E-05   4.60E-05   
6328   0.00E+00   1.10E-04   1.10E-04   1.10E-04   1.10E-04   1.10E-04   1.10E-04   1.10E-04   1.10E-04   1.10E-04   1.10E-04   1.10E-04   1.10E-04   1.10E-04   1.10E-04   1.10E-04   1.10E-04   1.00E-04   9.10E-05   8.30E-05   7.50E-05   6.80E-05   6.10E-05   5.50E-05   5.00E-05   4.50E-05   
6329   0.00E+00   1.10E-04   1.10E-04   1.10E-04   1.10E-04   1.10E-04   1.10E-04   1.10E-04   1.10E-04   1.10E-04   1.10E-04   1.10E-04   1.10E-04   1.10E-04   1.10E-04   1.10E-04   1.10E-04   1.00E-04   9.10E-05   8.20E-05   7.40E-05   6.70E-05   6.10E-05   5.50E-05   5.00E-05   4.50E-05   
6330   0.00E+00   1.10E-04   1.10E-04   1.10E-04   1.10E-04   1.10E-04   1.10E-04   1.10E-04   1.10E-04   1.10E-04   1.10E-04   1.10E-04   1.10E-04   1.10E-04   1.10E-04   1.10E-04   1.10E-04   1.00E-04   9.00E-05   8.20E-05   7.40E-05   6.70E-05   6.10E-05   5.50E-05   5.00E-05   4.50E-05   
6331   0.00E+00   1.10E-04   1.10E-04   1.10E-04   1.10E-04   1.10E-04   1.10E-04   1.10E-04   1.10E-04   1.10E-04   1.10E-04   1.10E-04   1.10E-04   1.10E-04   1.10E-04   1.10E-04   1.10E-04   9.90E-05   9.00E-05   8.10E-05   7.30E-05   6.60E-05   6.00E-05   5.40E-05   4.90E-05   4.50E-05   
6332   0.00E+00   1.10E-04   1.10E-04   1.10E-04   1.10E-04   1.10E-04   1.10E-04   1.10E-04   1.10E-04   1.10E-04   1.10E-04   1.10E-04   1.10E-04   1.10E-04   1.10E-04   1.10E-04   1.10E-04   9.80E-05   8.90E-05   8.10E-05   7.30E-05   6.60E-05   6.00E-05   5.40E-05   4.90E-05   4.40E-05   
6333   0.00E+00   1.10E-04   1.10E-04   1.10E-04   1.10E-04   1.10E-04   1.10E-04   1.10E-04   1.10E-04   1.10E-04   1.10E-04   1.10E-04   1.10E-04   1.10E-04   1.10E-04   1.10E-04   1.10E-04   9.80E-05   8.90E-05   8.00E-05   7.20E-05   6.60E-05   5.90E-05   5.40E-05   4.90E-05   4.40E-05   
6334   0.00E+00   1.10E-04   1.10E-04   1.10E-04   1.10E-04   1.10E-04   1.10E-04   1.10E-04   1.10E-04   1.10E-04   1.10E-04   1.10E-04   1.10E-04   1.10E-04   1.10E-04   1.10E-04   1.10E-04   9.70E-05   8.80E-05   8.00E-05   7.20E-05   6.50E-05   5.90E-05   5.30E-05   4.80E-05   4.40E-05   
6335   0.00E+00   1.10E-04   1.10E-04   1.10E-04   1.10E-04   1.10E-04   1.10E-04   1.10E-04   1.10E-04   1.10E-04   1.10E-04   1.10E-04   1.10E-04   1.10E-04   1.10E-04   1.10E-04   1.10E-04   9.60E-05   8.70E-05   7.90E-05   7.10E-05   6.50E-05   5.80E-05   5.30E-05   4.80E-05   4.30E-05   
6336   0.00E+00   1.10E-04   1.10E-04   1.10E-04   1.10E-04   1.10E-04   1.10E-04   1.10E-04   1.10E-04   1.10E-04   1.10E-04   1.10E-04   1.10E-04   1.10E-04   1.10E-04   1.10E-04   1.10E-04   9.60E-05   8.70E-05   7.80E-05   7.10E-05   6.40E-05   5.80E-05   5.20E-05   4.70E-05   4.30E-05   
6337   0.00E+00   1.10E-04   1.10E-04   1.10E-04   1.10E-04   1.10E-04   1.10E-04   1.10E-04   1.10E-04   1.10E-04   1.10E-04   1.10E-04   1.10E-04   1.10E-04   1.10E-04   1.10E-04   1.00E-04   9.50E-05   8.60E-05   7.80E-05   7.00E-05   6.40E-05   5.80E-05   5.20E-05   4.70E-05   4.30E-05   
6338   0.00E+00   1.10E-04   1.10E-04   1.10E-04   1.10E-04   1.10E-04   1.10E-04   1.10E-04   1.10E-04   1.10E-04   1.10E-04   1.10E-04   1.10E-04   1.10E-04   1.10E-04   1.10E-04   1.00E-04   9.40E-05   8.50E-05   7.70E-05   7.00E-05   6.30E-05   5.70E-05   5.20E-05   4.70E-05   4.20E-05   
6339   0.00E+00   1.10E-04   1.10E-04   1.10E-04   1.10E-04   1.10E-04   1.10E-04   1.10E-04   1.10E-04   1.10E-04   1.10E-04   1.10E-04   1.10E-04   1.10E-04   1.10E-04   1.10E-04   1.00E-04   9.30E-05   8.40E-05   7.60E-05   6.90E-05   6.20E-05   5.60E-05   5.10E-05   4.60E-05   4.20E-05   
6340   0.00E+00   1.10E-04   1.10E-04   1.10E-04   1.10E-04   1.10E-04   1.10E-04   1.10E-04   1.10E-04   1.10E-04   1.10E-04   1.10E-04   1.10E-04   1.10E-04   1.10E-04   1.10E-04   1.00E-04   9.20E-05   8.30E-05   7.50E-05   6.80E-05   6.20E-05   5.60E-05   5.00E-05   4.60E-05   4.10E-05   
6341   0.00E+00   1.10E-04   1.10E-04   1.10E-04   1.10E-04   1.10E-04   1.10E-04   1.10E-04   1.10E-04   1.10E-04   1.10E-04   1.10E-04   1.10E-04   1.10E-04   1.10E-04   1.10E-04   1.00E-04   9.10E-05   8.20E-05   7.50E-05   6.70E-05   6.10E-05   5.50E-05   5.00E-05   4.50E-05   4.10E-05   
6342   0.00E+00   1.10E-04   1.10E-04   1.10E-04   1.10E-04   1.10E-04   1.10E-04   1.10E-04   1.10E-04   1.10E-04   1.10E-04   1.10E-04   1.10E-04   1.10E-04   1.10E-04   1.10E-04   1.00E-04   9.00E-05   8.20E-05   7.40E-05   6.70E-05   6.00E-05   5.50E-05   4.90E-05   4.50E-05   4.00E-05   
6343   0.00E+00   1.10E-04   1.10E-04   1.10E-04   1.10E-04   1.10E-04   1.10E-04   1.10E-04   1.10E-04   1.10E-04   1.10E-04   1.10E-04   1.10E-04   1.10E-04   1.10E-04   1.10E-04   9.90E-05   8.90E-05   8.10E-05   7.30E-05   6.60E-05   6.00E-05   5.40E-05   4.90E-05   4.40E-05   4.00E-05   
6344   0.00E+00   1.10E-04   1.10E-04   1.10E-04   1.10E-04   1.10E-04   1.10E-04   1.10E-04   1.10E-04   1.10E-04   1.10E-04   1.10E-04   1.10E-04   1.10E-04   1.10E-04   1.10E-04   9.80E-05   8.80E-05   8.00E-05   7.20E-05   6.50E-05   5.90E-05   5.40E-05   4.80E-05   4.40E-05   4.00E-05   
6345   0.00E+00   1.10E-04   1.10E-04   1.10E-04   1.10E-04   1.10E-04   1.10E-04   1.10E-04   1.10E-04   1.10E-04   1.10E-04   1.10E-04   1.10E-04   1.10E-04   1.10E-04   1.10E-04   9.70E-05   8.70E-05   7.90E-05   7.10E-05   6.50E-05   5.90E-05   5.30E-05   4.80E-05   4.30E-05   3.90E-05   
6346   0.00E+00   1.10E-04   1.10E-04   1.10E-04   1.10E-04   1.10E-04   1.10E-04   1.10E-04   1.10E-04   1.10E-04   1.10E-04   1.10E-04   1.10E-04   1.10E-04   1.10E-04   1.10E-04   9.60E-05   8.60E-05   7.80E-05   7.10E-05   6.40E-05   5.80E-05   5.20E-05   4.70E-05   4.30E-05   3.90E-05   
6347   0.00E+00   1.10E-04   1.10E-04   1.10E-04   1.10E-04   1.10E-04   1.10E-04   1.10E-04   1.10E-04   1.10E-04   1.10E-04   1.10E-04   1.10E-04   1.10E-04   1.10E-04   1.00E-04   9.50E-05   8.60E-05   7.70E-05   7.00E-05   6.30E-05   5.70E-05   5.20E-05   4.70E-05   4.30E-05   3.80E-05   
6348   0.00E+00   1.10E-04   1.10E-04   1.10E-04   1.10E-04   1.10E-04   1.10E-04   1.10E-04   1.10E-04   1.10E-04   1.10E-04   1.10E-04   1.10E-04   1.10E-04   1.10E-04   1.00E-04   9.40E-05   8.50E-05   7.70E-05   6.90E-05   6.30E-05   5.70E-05   5.10E-05   4.70E-05   4.20E-05   3.80E-05   
6349   0.00E+00   1.10E-04   1.10E-04   1.10E-04   1.10E-04   1.10E-04   1.10E-04   1.10E-04   1.10E-04   1.10E-04   1.10E-04   1.10E-04   1.10E-04   1.10E-04   1.10E-04   1.00E-04   9.30E-05   8.40E-05   7.60E-05   6.90E-05   6.20E-05   5.60E-05   5.10E-05   4.60E-05   4.20E-05   3.80E-05   
6350   0.00E+00   1.10E-04   1.10E-04   1.10E-04   1.10E-04   1.10E-04   1.10E-04   1.10E-04   1.10E-04   1.10E-04   1.10E-04   1.10E-04   1.10E-04   1.10E-04   1.10E-04   1.00E-04   9.10E-05   8.20E-05   7.50E-05   6.70E-05   6.10E-05   5.50E-05   5.00E-05   4.50E-05   4.10E-05   3.70E-05   
6351   0.00E+00   1.10E-04   1.10E-04   1.10E-04   1.10E-04   1.10E-04   1.10E-04   1.10E-04   1.10E-04   1.10E-04   1.10E-04   1.10E-04   1.10E-04   1.10E-04   1.10E-04   9.90E-05   9.00E-05   8.10E-05   7.30E-05   6.60E-05   6.00E-05   5.40E-05   4.90E-05   4.50E-05   4.00E-05   3.60E-05   
6352   0.00E+00   1.10E-04   1.10E-04   1.10E-04   1.10E-04   1.10E-04   1.10E-04   1.10E-04   1.10E-04   1.10E-04   1.10E-04   1.10E-04   1.10E-04   1.10E-04   1.10E-04   9.70E-05   8.80E-05   8.00E-05   7.20E-05   6.50E-05   5.90E-05   5.30E-05   4.80E-05   4.40E-05   4.00E-05   3.60E-05   
6353   0.00E+00   1.10E-04   1.10E-04   1.10E-04   1.10E-04   1.10E-04   1.10E-04   1.10E-04   1.10E-04   1.10E-04   1.10E-04   1.10E-04   1.10E-04   1.10E-04   1.10E-04   9.60E-05   8.70E-05   7.90E-05   7.10E-05   6.40E-05   5.80E-05   5.30E-05   4.80E-05   4.30E-05   3.90E-05   3.50E-05   
6354   0.00E+00   1.10E-04   1.10E-04   1.10E-04   1.10E-04   1.10E-04   1.10E-04   1.10E-04   1.10E-04   1.10E-04   1.10E-04   1.10E-04   1.10E-04   1.10E-04   1.00E-04   9.40E-05   8.50E-05   7.70E-05   7.00E-05   6.30E-05   5.70E-05   5.20E-05   4.70E-05   4.20E-05   3.80E-05   3.50E-05   
6355   0.00E+00   1.10E-04   1.10E-04   1.10E-04   1.10E-04   1.10E-04   1.10E-04   1.10E-04   1.10E-04   1.10E-04   1.10E-04   1.10E-04   1.10E-04   1.10E-04   1.00E-04   9.30E-05   8.40E-05   7.60E-05   6.90E-05   6.20E-05   5.60E-05   5.10E-05   4.60E-05   4.20E-05   3.80E-05   3.40E-05   
6356   0.00E+00   1.10E-04   1.10E-04   1.10E-04   1.10E-04   1.10E-04   1.10E-04   1.10E-04   1.10E-04   1.10E-04   1.10E-04   1.10E-04   1.10E-04   1.10E-04   1.00E-04   9.20E-05   8.30E-05   7.50E-05   6.80E-05   6.10E-05   5.60E-05   5.00E-05   4.60E-05   4.10E-05   3.70E-05   3.40E-05   
6357   0.00E+00   1.10E-04   1.10E-04   1.10E-04   1.10E-04   1.10E-04   1.10E-04   1.10E-04   1.10E-04   1.10E-04   1.10E-04   1.10E-04   1.10E-04   1.10E-04   1.00E-04   9.10E-05   8.20E-05   7.40E-05   6.70E-05   6.10E-05   5.50E-05   5.00E-05   4.50E-05   4.10E-05   3.70E-05   3.30E-05   
6358   0.00E+00   1.10E-04   1.10E-04   1.10E-04   1.10E-04   1.10E-04   1.10E-04   1.10E-04   1.10E-04   1.10E-04   1.10E-04   1.10E-04   1.10E-04   1.10E-04   9.90E-05   9.00E-05   8.10E-05   7.30E-05   6.60E-05   6.00E-05   5.40E-05   4.90E-05   4.40E-05   4.00E-05   3.60E-05   3.30E-05   
6359   0.00E+00   1.10E-04   1.10E-04   1.10E-04   1.10E-04   1.10E-04   1.10E-04   1.10E-04   1.10E-04   1.10E-04   1.10E-04   1.10E-04   1.10E-04   1.10E-04   9.80E-05   8.90E-05   8.00E-05   7.20E-05   6.60E-05   5.90E-05   5.40E-05   4.90E-05   4.40E-05   4.00E-05   3.60E-05   3.30E-05   
6360   0.00E+00   1.10E-04   1.10E-04   1.10E-04   1.10E-04   1.10E-04   1.10E-04   1.10E-04   1.10E-04   1.10E-04   1.10E-04   1.10E-04   1.10E-04   1.10E-04   9.70E-05   8.80E-05   7.90E-05   7.20E-05   6.50E-05   5.90E-05   5.30E-05   4.80E-05   4.30E-05   3.90E-05   3.60E-05   3.20E-05   
6361   0.00E+00   1.10E-04   1.10E-04   1.10E-04   1.10E-04   1.10E-04   1.10E-04   1.10E-04   1.10E-04   1.10E-04   1.10E-04   1.10E-04   1.10E-04   1.10E-04   9.60E-05   8.60E-05   7.80E-05   7.10E-05   6.40E-05   5.80E-05   5.20E-05   4.70E-05   4.30E-05   3.90E-05   3.50E-05   3.20E-05   
6362   0.00E+00   1.10E-04   1.10E-04   1.10E-04   1.10E-04   1.10E-04   1.10E-04   1.10E-04   1.10E-04   1.10E-04   1.10E-04   1.10E-04   1.10E-04   1.00E-04   9.50E-05   8.60E-05   7.70E-05   7.00E-05   6.30E-05   5.70E-05   5.20E-05   4.70E-05   4.20E-05   3.80E-05   3.50E-05   3.10E-05   
6363   0.00E+00   1.10E-04   1.10E-04   1.10E-04   1.10E-04   1.10E-04   1.10E-04   1.10E-04   1.10E-04   1.10E-04   1.10E-04   1.10E-04   1.10E-04   1.00E-04   9.40E-05   8.50E-05   7.70E-05   6.90E-05   6.30E-05   5.70E-05   5.10E-05   4.60E-05   4.20E-05   3.80E-05   3.40E-05   3.10E-05   
6364   0.00E+00   1.10E-04   1.10E-04   1.10E-04   1.10E-04   1.10E-04   1.10E-04   1.10E-04   1.10E-04   1.10E-04   1.10E-04   1.10E-04   1.10E-04   1.00E-04   9.30E-05   8.40E-05   7.60E-05   6.90E-05   6.20E-05   5.60E-05   5.10E-05   4.60E-05   4.20E-05   3.80E-05   3.40E-05   3.10E-05   
6365   0.00E+00   1.10E-04   1.10E-04   1.10E-04   1.10E-04   1.10E-04   1.10E-04   1.10E-04   1.10E-04   1.10E-04   1.10E-04   1.10E-04   1.10E-04   1.00E-04   9.20E-05   8.30E-05   7.50E-05   6.80E-05   6.20E-05   5.60E-05   5.00E-05   4.60E-05   4.10E-05   3.70E-05   3.40E-05   3.10E-05   
6366   0.00E+00   1.10E-04   1.10E-04   1.10E-04   1.10E-04   1.10E-04   1.10E-04   1.10E-04   1.10E-04   1.10E-04   1.10E-04   1.10E-04   1.10E-04   1.00E-04   9.10E-05   8.20E-05   7.50E-05   6.80E-05   6.10E-05   5.50E-05   5.00E-05   4.50E-05   4.10E-05   3.70E-05   3.40E-05   3.00E-05   
6367   0.00E+00   1.10E-04   1.10E-04   1.10E-04   1.10E-04   1.10E-04   1.10E-04   1.10E-04   1.10E-04   1.10E-04   1.10E-04   1.10E-04   1.10E-04   1.00E-04   9.00E-05   8.20E-05   7.40E-05   6.70E-05   6.10E-05   5.50E-05   5.00E-05   4.50E-05   4.10E-05   3.70E-05   3.30E-05   3.00E-05   
6368   0.00E+00   1.10E-04   1.10E-04   1.10E-04   1.10E-04   1.10E-04   1.10E-04   1.10E-04   1.10E-04   1.10E-04   1.10E-04   1.10E-04   1.10E-04   9.90E-05   9.00E-05   8.10E-05   7.40E-05   6.70E-05   6.00E-05   5.40E-05   4.90E-05   4.50E-05   4.00E-05   3.70E-05   3.30E-05   3.00E-05   
6369   0.00E+00   1.10E-04   1.10E-04   1.10E-04   1.10E-04   1.10E-04   1.10E-04   1.10E-04   1.10E-04   1.10E-04   1.10E-04   1.10E-04   1.10E-04   9.90E-05   8.90E-05   8.10E-05   7.30E-05   6.60E-05   6.00E-05   5.40E-05   4.90E-05   4.40E-05   4.00E-05   3.60E-05   3.30E-05   3.00E-05   
6370   0.00E+00   1.10E-04   1.10E-04   1.10E-04   1.10E-04   1.10E-04   1.10E-04   1.10E-04   1.10E-04   1.10E-04   1.10E-04   1.10E-04   1.10E-04   9.90E-05   8.90E-05   8.10E-05   7.30E-05   6.60E-05   6.00E-05   5.40E-05   4.90E-05   4.40E-05   4.00E-05   3.60E-05   3.30E-05   3.00E-05   
6371   0.00E+00   1.10E-04   1.10E-04   1.10E-04   1.10E-04   1.10E-04   1.10E-04   1.10E-04   1.10E-04   1.10E-04   1.10E-04   1.10E-04   1.10E-04   9.80E-05   8.90E-05   8.00E-05   7.30E-05   6.60E-05   6.00E-05   5.40E-05   4.90E-05   4.40E-05   4.00E-05   3.60E-05   3.30E-05   3.00E-05   
6372   0.00E+00   1.10E-04   1.10E-04   1.10E-04   1.10E-04   1.10E-04   1.10E-04   1.10E-04   1.10E-04   1.10E-04   1.10E-04   1.10E-04   1.10E-04   9.80E-05   8.90E-05   8.00E-05   7.30E-05   6.60E-05   5.90E-05   5.40E-05   4.90E-05   4.40E-05   4.00E-05   3.60E-05   3.30E-05   3.00E-05   
6373   0.00E+00   1.10E-04   1.10E-04   1.10E-04   1.10E-04   1.10E-04   1.10E-04   1.10E-04   1.10E-04   1.10E-04   1.10E-04   1.10E-04   1.10E-04   9.80E-05   8.80E-05   8.00E-05   7.20E-05   6.60E-05   5.90E-05   5.40E-05   4.90E-05   4.40E-05   4.00E-05   3.60E-05   3.30E-05   2.90E-05   
6374   0.00E+00   1.10E-04   1.10E-04   1.10E-04   1.10E-04   1.10E-04   1.10E-04   1.10E-04   1.10E-04   1.10E-04   1.10E-04   1.10E-04   1.10E-04   9.80E-05   8.80E-05   8.00E-05   7.20E-05   6.50E-05   5.90E-05   5.40E-05   4.80E-05   4.40E-05   4.00E-05   3.60E-05   3.20E-05   2.90E-05   
6375   0.00E+00   1.10E-04   1.10E-04   1.10E-04   1.10E-04   1.10E-04   1.10E-04   1.10E-04   1.10E-04   1.10E-04   1.10E-04   1.10E-04   1.10E-04   9.70E-05   8.80E-05   8.00E-05   7.20E-05   6.50E-05   5.90E-05   5.30E-05   4.80E-05   4.40E-05   4.00E-05   3.60E-05   3.20E-05   2.90E-05   
6376   0.00E+00   1.10E-04   1.10E-04   1.10E-04   1.10E-04   1.10E-04   1.10E-04   1.10E-04   1.10E-04   1.10E-04   1.10E-04   1.10E-04   1.10E-04   9.70E-05   8.80E-05   7.90E-05   7.20E-05   6.50E-05   5.90E-05   5.30E-05   4.80E-05   4.40E-05   3.90E-05   3.60E-05   3.20E-05   2.90E-05   
6377   0.00E+00   1.10E-04   1.10E-04   1.10E-04   1.10E-04   1.10E-04   1.10E-04   1.10E-04   1.10E-04   1.10E-04   1.10E-04   1.10E-04   1.10E-04   9.70E-05   8.80E-05   7.90E-05   7.20E-05   6.50E-05   5.90E-05   5.30E-05   4.80E-05   4.40E-05   3.90E-05   3.60E-05   3.20E-05   2.90E-05   
6378   0.00E+00   1.10E-04   1.10E-04   1.10E-04   1.10E-04   1.10E-04   1.10E-04   1.10E-04   1.10E-04   1.10E-04   1.10E-04   1.10E-04   1.10E-04   9.70E-05   8.80E-05   8.00E-05   7.20E-05   6.50E-05   5.90E-05   5.30E-05   4.80E-05   4.40E-05   3.90E-05   3.60E-05   3.20E-05   2.90E-05   
6379   0.00E+00   1.10E-04   1.10E-04   1.10E-04   1.10E-04   1.10E-04   1.10E-04   1.10E-04   1.10E-04   1.10E-04   1.10E-04   1.10E-04   1.10E-04   9.70E-05   8.80E-05   7.90E-05   7.20E-05   6.50E-05   5.90E-05   5.30E-05   4.80E-05   4.40E-05   3.90E-05   3.60E-05   3.20E-05   2.90E-05   
6380   0.00E+00   1.10E-04   1.10E-04   1.10E-04   1.10E-04   1.10E-04   1.10E-04   1.10E-04   1.10E-04   1.10E-04   1.10E-04   1.10E-04   1.10E-04   9.70E-05   8.80E-05   7.90E-05   7.20E-05   6.50E-05   5.90E-05   5.30E-05   4.80E-05   4.40E-05   3.90E-05   3.60E-05   3.20E-05   2.90E-05   
6381   0.00E+00   1.10E-04   1.10E-04   1.10E-04   1.10E-04   1.10E-04   1.10E-04   1.10E-04   1.10E-04   1.10E-04   1.10E-04   1.10E-04   1.10E-04   9.70E-05   8.70E-05   7.90E-05   7.20E-05   6.50E-05   5.90E-05   5.30E-05   4.80E-05   4.30E-05   3.90E-05   3.60E-05   3.20E-05   2.90E-05   
6382   0.00E+00   1.10E-04   1.10E-04   1.10E-04   1.10E-04   1.10E-04   1.10E-04   1.10E-04   1.10E-04   1.10E-04   1.10E-04   1.10E-04   1.10E-04   9.60E-05   8.70E-05   7.90E-05   7.10E-05   6.50E-05   5.80E-05   5.30E-05   4.80E-05   4.30E-05   3.90E-05   3.50E-05   3.20E-05   2.90E-05   
6383   0.00E+00   1.10E-04   1.10E-04   1.10E-04   1.10E-04   1.10E-04   1.10E-04   1.10E-04   1.10E-04   1.10E-04   1.10E-04   1.10E-04   1.10E-04   9.60E-05   8.70E-05   7.90E-05   7.10E-05   6.40E-05   5.80E-05   5.30E-05   4.80E-05   4.30E-05   3.90E-05   3.50E-05   3.20E-05   2.90E-05   
6384   0.00E+00   1.10E-04   1.10E-04   1.10E-04   1.10E-04   1.10E-04   1.10E-04   1.10E-04   1.10E-04   1.10E-04   1.10E-04   1.10E-04   1.10E-04   9.60E-05   8.70E-05   7.80E-05   7.10E-05   6.40E-05   5.80E-05   5.30E-05   4.80E-05   4.30E-05   3.90E-05   3.50E-05   3.20E-05   2.90E-05   
6385   0.00E+00   1.10E-04   1.10E-04   1.10E-04   1.10E-04   1.10E-04   1.10E-04   1.10E-04   1.10E-04   1.10E-04   1.10E-04   1.10E-04   1.10E-04   9.60E-05   8.60E-05   7.80E-05   7.10E-05   6.40E-05   5.80E-05   5.20E-05   4.70E-05   4.30E-05   3.90E-05   3.50E-05   3.20E-05   2.90E-05   
6386   0.00E+00   1.10E-04   1.10E-04   1.10E-04   1.10E-04   1.10E-04   1.10E-04   1.10E-04   1.10E-04   1.10E-04   1.10E-04   1.10E-04   1.10E-04   9.50E-05   8.60E-05   7.80E-05   7.10E-05   6.40E-05   5.80E-05   5.20E-05   4.70E-05   4.30E-05   3.90E-05   3.50E-05   3.20E-05   2.90E-05   
6387   0.00E+00   1.10E-04   1.10E-04   1.10E-04   1.10E-04   1.10E-04   1.10E-04   1.10E-04   1.10E-04   1.10E-04   1.10E-04   1.10E-04   1.10E-04   9.50E-05   8.60E-05   7.80E-05   7.10E-05   6.40E-05   5.80E-05   5.20E-05   4.70E-05   4.30E-05   3.90E-05   3.50E-05   3.20E-05   2.90E-05   
6388   0.00E+00   1.10E-04   1.10E-04   1.10E-04   1.10E-04   1.10E-04   1.10E-04   1.10E-04   1.10E-04   1.10E-04   1.10E-04   1.10E-04   1.10E-04   9.50E-05   8.60E-05   7.80E-05   7.00E-05   6.40E-05   5.80E-05   5.20E-05   4.70E-05   4.30E-05   3.90E-05   3.50E-05   3.20E-05   2.90E-05   
6389   0.00E+00   1.10E-04   1.10E-04   1.10E-04   1.10E-04   1.10E-04   1.10E-04   1.10E-04   1.10E-04   1.10E-04   1.10E-04   1.10E-04   1.00E-04   9.50E-05   8.60E-05   7.80E-05   7.00E-05   6.40E-05   5.80E-05   5.20E-05   4.70E-05   4.30E-05   3.90E-05   3.50E-05   3.20E-05   2.90E-05   
6390   0.00E+00   1.10E-04   1.10E-04   1.10E-04   1.10E-04   1.10E-04   1.10E-04   1.10E-04   1.10E-04   1.10E-04   1.10E-04   1.10E-04   1.00E-04   9.50E-05   8.60E-05   7.80E-05   7.00E-05   6.40E-05   5.70E-05   5.20E-05   4.70E-05   4.30E-05   3.90E-05   3.50E-05   3.20E-05   2.90E-05   
6391   0.00E+00   1.10E-04   1.10E-04   1.10E-04   1.10E-04   1.10E-04   1.10E-04   1.10E-04   1.10E-04   1.10E-04   1.10E-04   1.10E-04   1.00E-04   9.50E-05   8.60E-05   7.70E-05   7.00E-05   6.30E-05   5.70E-05   5.20E-05   4.70E-05   4.20E-05   3.80E-05   3.50E-05   3.10E-05   2.80E-05   
6392   0.00E+00   1.10E-04   1.10E-04   1.10E-04   1.10E-04   1.10E-04   1.10E-04   1.10E-04   1.10E-04   1.10E-04   1.10E-04   1.10E-04   1.00E-04   9.40E-05   8.50E-05   7.70E-05   7.00E-05   6.30E-05   5.70E-05   5.20E-05   4.70E-05   4.20E-05   3.80E-05   3.50E-05   3.10E-05   2.80E-05   
6393   0.00E+00   1.10E-04   1.10E-04   1.10E-04   1.10E-04   1.10E-04   1.10E-04   1.10E-04   1.10E-04   1.10E-04   1.10E-04   1.10E-04   1.00E-04   9.40E-05   8.50E-05   7.70E-05   7.00E-05   6.30E-05   5.70E-05   5.20E-05   4.70E-05   4.20E-05   3.80E-05   3.50E-05   3.10E-05   2.80E-05   
6394   0.00E+00   1.10E-04   1.10E-04   1.10E-04   1.10E-04   1.10E-04   1.10E-04   1.10E-04   1.10E-04   1.10E-04   1.10E-04   1.10E-04   1.00E-04   9.40E-05   8.50E-05   7.70E-05   7.00E-05   6.30E-05   5.70E-05   5.20E-05   4.70E-05   4.20E-05   3.80E-05   3.50E-05   3.10E-05   2.80E-05   
6395   0.00E+00   1.10E-04   1.10E-04   1.10E-04   1.10E-04   1.10E-04   1.10E-04   1.10E-04   1.10E-04   1.10E-04   1.10E-04   1.10E-04   1.00E-04   9.40E-05   8.50E-05   7.70E-05   6.90E-05   6.30E-05   5.70E-05   5.10E-05   4.70E-05   4.20E-05   3.80E-05   3.50E-05   3.10E-05   2.80E-05   
6396   0.00E+00   1.10E-04   1.10E-04   1.10E-04   1.10E-04   1.10E-04   1.10E-04   1.10E-04   1.10E-04   1.10E-04   1.10E-04   1.10E-04   1.00E-04   9.40E-05   8.50E-05   7.70E-05   6.90E-05   6.30E-05   5.70E-05   5.10E-05   4.60E-05   4.20E-05   3.80E-05   3.40E-05   3.10E-05   2.80E-05   
6397   0.00E+00   1.10E-04   1.10E-04   1.10E-04   1.10E-04   1.10E-04   1.10E-04   1.10E-04   1.10E-04   1.10E-04   1.10E-04   1.10E-04   1.00E-04   9.30E-05   8.40E-05   7.60E-05   6.90E-05   6.30E-05   5.70E-05   5.10E-05   4.60E-05   4.20E-05   3.80E-05   3.40E-05   3.10E-05   2.80E-05   
6398   0.00E+00   1.10E-04   1.10E-04   1.10E-04   1.10E-04   1.10E-04   1.10E-04   1.10E-04   1.10E-04   1.10E-04   1.10E-04   1.10E-04   1.00E-04   9.30E-05   8.40E-05   7.60E-05   6.90E-05   6.20E-05   5.60E-05   5.10E-05   4.60E-05   4.20E-05   3.80E-05   3.40E-05   3.10E-05   2.80E-05   
6399   0.00E+00   1.10E-04   1.10E-04   1.10E-04   1.10E-04   1.10E-04   1.10E-04   1.10E-04   1.10E-04   1.10E-04   1.10E-04   1.10E-04   1.00E-04   9.30E-05   8.40E-05   7.60E-05   6.90E-05   6.20E-05   5.60E-05   5.10E-05   4.60E-05   4.20E-05   3.80E-05   3.40E-05   3.10E-05   2.80E-05   
6400   0.00E+00   1.10E-04   1.10E-04   1.10E-04   1.10E-04   1.10E-04   1.10E-04   1.10E-04   1.10E-04   1.10E-04   1.10E-04   1.10E-04   1.00E-04   9.30E-05   8.40E-05   7.60E-05   6.90E-05   6.20E-05   5.60E-05   5.10E-05   4.60E-05   4.20E-05   3.80E-05   3.40E-05   3.10E-05   2.80E-05   
6401   0.00E+00   1.10E-04   1.10E-04   1.10E-04   1.10E-04   1.10E-04   1.10E-04   1.10E-04   1.10E-04   1.10E-04   1.10E-04   1.10E-04   1.00E-04   9.30E-05   8.40E-05   7.60E-05   6.90E-05   6.20E-05   5.60E-05   5.10E-05   4.60E-05   4.20E-05   3.80E-05   3.40E-05   3.10E-05   2.80E-05   
6402   0.00E+00   1.10E-04   1.10E-04   1.10E-04   1.10E-04   1.10E-04   1.10E-04   1.10E-04   1.10E-04   1.10E-04   1.10E-04   1.10E-04   1.00E-04   9.20E-05   8.40E-05   7.60E-05   6.80E-05   6.20E-05   5.60E-05   5.10E-05   4.60E-05   4.20E-05   3.80E-05   3.40E-05   3.10E-05   2.80E-05   
6403   0.00E+00   1.10E-04   1.10E-04   1.10E-04   1.10E-04   1.10E-04   1.10E-04   1.10E-04   1.10E-04   1.10E-04   1.10E-04   1.10E-04   1.00E-04   9.20E-05   8.40E-05   7.60E-05   6.80E-05   6.20E-05   5.60E-05   5.10E-05   4.60E-05   4.10E-05   3.80E-05   3.40E-05   3.10E-05   2.80E-05   
6404   0.00E+00   1.10E-04   1.10E-04   1.10E-04   1.10E-04   1.10E-04   1.10E-04   1.10E-04   1.10E-04   1.10E-04   1.10E-04   1.10E-04   1.00E-04   9.20E-05   8.40E-05   7.60E-05   6.80E-05   6.20E-05   5.60E-05   5.10E-05   4.60E-05   4.20E-05   3.80E-05   3.40E-05   3.10E-05   2.80E-05   
6405   0.00E+00   1.10E-04   1.10E-04   1.10E-04   1.10E-04   1.10E-04   1.10E-04   1.10E-04   1.10E-04   1.10E-04   1.10E-04   1.10E-04   1.00E-04   9.20E-05   8.30E-05   7.50E-05   6.80E-05   6.20E-05   5.60E-05   5.10E-05   4.60E-05   4.10E-05   3.70E-05   3.40E-05   3.10E-05   2.80E-05   
6406   0.00E+00   1.10E-04   1.10E-04   1.10E-04   1.10E-04   1.10E-04   1.10E-04   1.10E-04   1.10E-04   1.10E-04   1.10E-04   1.10E-04   1.00E-04   9.20E-05   8.30E-05   7.50E-05   6.80E-05   6.10E-05   5.60E-05   5.00E-05   4.60E-05   4.10E-05   3.70E-05   3.40E-05   3.10E-05   2.80E-05   
6407   0.00E+00   1.10E-04   1.10E-04   1.10E-04   1.10E-04   1.10E-04   1.10E-04   1.10E-04   1.10E-04   1.10E-04   1.10E-04   1.10E-04   1.00E-04   9.10E-05   8.30E-05   7.50E-05   6.80E-05   6.10E-05   5.50E-05   5.00E-05   4.50E-05   4.10E-05   3.70E-05   3.40E-05   3.00E-05   2.70E-05   
6408   0.00E+00   1.10E-04   1.10E-04   1.10E-04   1.10E-04   1.10E-04   1.10E-04   1.10E-04   1.10E-04   1.10E-04   1.10E-04   1.10E-04   1.00E-04   9.10E-05   8.20E-05   7.40E-05   6.70E-05   6.10E-05   5.50E-05   5.00E-05   4.50E-05   4.10E-05   3.70E-05   3.30E-05   3.00E-05   2.70E-05   
6409   0.00E+00   1.10E-04   1.10E-04   1.10E-04   1.10E-04   1.10E-04   1.10E-04   1.10E-04   1.10E-04   1.10E-04   1.10E-04   1.10E-04   1.00E-04   9.00E-05   8.20E-05   7.40E-05   6.70E-05   6.00E-05   5.50E-05   4.90E-05   4.50E-05   4.10E-05   3.70E-05   3.30E-05   3.00E-05   2.70E-05   
6410   0.00E+00   1.10E-04   1.10E-04   1.10E-04   1.10E-04   1.10E-04   1.10E-04   1.10E-04   1.10E-04   1.10E-04   1.10E-04   1.10E-04   9.90E-05   9.00E-05   8.10E-05   7.30E-05   6.60E-05   6.00E-05   5.40E-05   4.90E-05   4.40E-05   4.00E-05   3.60E-05   3.30E-05   3.00E-05   2.70E-05   
6411   0.00E+00   1.10E-04   1.10E-04   1.10E-04   1.10E-04   1.10E-04   1.10E-04   1.10E-04   1.10E-04   1.10E-04   1.10E-04   1.10E-04   9.80E-05   8.90E-05   8.00E-05   7.30E-05   6.60E-05   6.00E-05   5.40E-05   4.90E-05   4.40E-05   4.00E-05   3.60E-05   3.30E-05   3.00E-05   2.70E-05   
6412   0.00E+00   1.10E-04   1.10E-04   1.10E-04   1.10E-04   1.10E-04   1.10E-04   1.10E-04   1.10E-04   1.10E-04   1.10E-04   1.10E-04   9.80E-05   8.80E-05   8.00E-05   7.20E-05   6.50E-05   5.90E-05   5.40E-05   4.80E-05   4.40E-05   4.00E-05   3.60E-05   3.20E-05   2.90E-05   2.70E-05   
6413   0.00E+00   1.10E-04   1.10E-04   1.10E-04   1.10E-04   1.10E-04   1.10E-04   1.10E-04   1.10E-04   1.10E-04   1.10E-04   1.10E-04   9.70E-05   8.80E-05   7.90E-05   7.20E-05   6.50E-05   5.90E-05   5.30E-05   4.80E-05   4.30E-05   3.90E-05   3.60E-05   3.20E-05   2.90E-05   2.60E-05   
6414   0.00E+00   1.10E-04   1.10E-04   1.10E-04   1.10E-04   1.10E-04   1.10E-04   1.10E-04   1.10E-04   1.10E-04   1.10E-04   1.10E-04   9.60E-05   8.70E-05   7.90E-05   7.10E-05   6.40E-05   5.80E-05   5.30E-05   4.80E-05   4.30E-05   3.90E-05   3.50E-05   3.20E-05   2.90E-05   2.60E-05   
6415   0.00E+00   1.10E-04   1.10E-04   1.10E-04   1.10E-04   1.10E-04   1.10E-04   1.10E-04   1.10E-04   1.10E-04   1.10E-04   1.10E-04   9.50E-05   8.60E-05   7.80E-05   7.10E-05   6.40E-05   5.80E-05   5.20E-05   4.70E-05   4.30E-05   3.90E-05   3.50E-05   3.20E-05   2.90E-05   2.60E-05   
6416   0.00E+00   1.10E-04   1.10E-04   1.10E-04   1.10E-04   1.10E-04   1.10E-04   1.10E-04   1.10E-04   1.10E-04   1.10E-04   1.00E-04   9.50E-05   8.60E-05   7.70E-05   7.00E-05   6.30E-05   5.70E-05   5.20E-05   4.70E-05   4.20E-05   3.80E-05   3.50E-05   3.10E-05   2.80E-05   2.60E-05   
6417   0.00E+00   1.10E-04   1.10E-04   1.10E-04   1.10E-04   1.10E-04   1.10E-04   1.10E-04   1.10E-04   1.10E-04   1.10E-04   1.00E-04   9.40E-05   8.50E-05   7.70E-05   6.90E-05   6.30E-05   5.70E-05   5.10E-05   4.70E-05   4.20E-05   3.80E-05   3.40E-05   3.10E-05   2.80E-05   2.60E-05   
6418   0.00E+00   1.10E-04   1.10E-04   1.10E-04   1.10E-04   1.10E-04   1.10E-04   1.10E-04   1.10E-04   1.10E-04   1.10E-04   1.00E-04   9.30E-05   8.40E-05   7.60E-05   6.90E-05   6.20E-05   5.60E-05   5.10E-05   4.60E-05   4.20E-05   3.80E-05   3.40E-05   3.10E-05   2.80E-05   2.50E-05   
6419   0.00E+00   1.10E-04   1.10E-04   1.10E-04   1.10E-04   1.10E-04   1.10E-04   1.10E-04   1.10E-04   1.10E-04   1.10E-04   1.00E-04   9.20E-05   8.30E-05   7.50E-05   6.80E-05   6.20E-05   5.60E-05   5.10E-05   4.60E-05   4.10E-05   3.70E-05   3.40E-05   3.10E-05   2.80E-05   2.50E-05   
6420   0.00E+00   1.10E-04   1.10E-04   1.10E-04   1.10E-04   1.10E-04   1.10E-04   1.10E-04   1.10E-04   1.10E-04   1.10E-04   1.00E-04   9.10E-05   8.30E-05   7.50E-05   6.80E-05   6.10E-05   5.50E-05   5.00E-05   4.50E-05   4.10E-05   3.70E-05   3.40E-05   3.00E-05   2.80E-05   2.50E-05   
6421   0.00E+00   1.10E-04   1.10E-04   1.10E-04   1.10E-04   1.10E-04   1.10E-04   1.10E-04   1.10E-04   1.10E-04   1.10E-04   1.00E-04   9.00E-05   8.20E-05   7.40E-05   6.70E-05   6.10E-05   5.50E-05   5.00E-05   4.50E-05   4.10E-05   3.70E-05   3.30E-05   3.00E-05   2.70E-05   2.50E-05   
6422   0.00E+00   1.10E-04   1.10E-04   1.10E-04   1.10E-04   1.10E-04   1.10E-04   1.10E-04   1.10E-04   1.10E-04   1.10E-04   9.90E-05   9.00E-05   8.10E-05   7.30E-05   6.60E-05   6.00E-05   5.40E-05   4.90E-05   4.50E-05   4.00E-05   3.60E-05   3.30E-05   3.00E-05   2.70E-05   2.40E-05   
6423   0.00E+00   1.10E-04   1.10E-04   1.10E-04   1.10E-04   1.10E-04   1.10E-04   1.10E-04   1.10E-04   1.10E-04   1.10E-04   9.80E-05   8.90E-05   8.00E-05   7.30E-05   6.60E-05   6.00E-05   5.40E-05   4.90E-05   4.40E-05   4.00E-05   3.60E-05   3.30E-05   3.00E-05   2.70E-05   2.40E-05   
6424   0.00E+00   1.10E-04   1.10E-04   1.10E-04   1.10E-04   1.10E-04   1.10E-04   1.10E-04   1.10E-04   1.10E-04   1.10E-04   9.70E-05   8.80E-05   8.00E-05   7.20E-05   6.50E-05   5.90E-05   5.30E-05   4.80E-05   4.40E-05   4.00E-05   3.60E-05   3.20E-05   2.90E-05   2.70E-05   2.40E-05   
6425   0.00E+00   1.10E-04   1.10E-04   1.10E-04   1.10E-04   1.10E-04   1.10E-04   1.10E-04   1.10E-04   1.10E-04   1.10E-04   9.60E-05   8.70E-05   7.90E-05   7.10E-05   6.50E-05   5.80E-05   5.30E-05   4.80E-05   4.30E-05   3.90E-05   3.50E-05   3.20E-05   2.90E-05   2.60E-05   2.40E-05   
6426   0.00E+00   1.10E-04   1.10E-04   1.10E-04   1.10E-04   1.10E-04   1.10E-04   1.10E-04   1.10E-04   1.10E-04   1.10E-04   9.50E-05   8.60E-05   7.80E-05   7.10E-05   6.40E-05   5.80E-05   5.20E-05   4.70E-05   4.30E-05   3.90E-05   3.50E-05   3.20E-05   2.90E-05   2.60E-05   2.40E-05   
6427   0.00E+00   1.10E-04   1.10E-04   1.10E-04   1.10E-04   1.10E-04   1.10E-04   1.10E-04   1.10E-04   1.10E-04   1.00E-04   9.50E-05   8.60E-05   7.70E-05   7.00E-05   6.30E-05   5.70E-05   5.20E-05   4.70E-05   4.20E-05   3.80E-05   3.50E-05   3.10E-05   2.80E-05   2.60E-05   2.30E-05   
6428   0.00E+00   1.10E-04   1.10E-04   1.10E-04   1.10E-04   1.10E-04   1.10E-04   1.10E-04   1.10E-04   1.10E-04   1.00E-04   9.40E-05   8.50E-05   7.70E-05   6.90E-05   6.30E-05   5.70E-05   5.10E-05   4.60E-05   4.20E-05   3.80E-05   3.40E-05   3.10E-05   2.80E-05   2.50E-05   2.30E-05   
6429   0.00E+00   1.10E-04   1.10E-04   1.10E-04   1.10E-04   1.10E-04   1.10E-04   1.10E-04   1.10E-04   1.10E-04   1.00E-04   9.30E-05   8.40E-05   7.60E-05   6.90E-05   6.20E-05   5.60E-05   5.10E-05   4.60E-05   4.20E-05   3.80E-05   3.40E-05   3.10E-05   2.80E-05   2.50E-05   2.30E-05   
6430   0.00E+00   1.10E-04   1.10E-04   1.10E-04   1.10E-04   1.10E-04   1.10E-04   1.10E-04   1.10E-04   1.10E-04   1.00E-04   9.20E-05   8.30E-05   7.50E-05   6.80E-05   6.10E-05   5.60E-05   5.00E-05   4.50E-05   4.10E-05   3.70E-05   3.40E-05   3.00E-05   2.80E-05   2.50E-05   2.30E-05   
6431   0.00E+00   1.10E-04   1.10E-04   1.10E-04   1.10E-04   1.10E-04   1.10E-04   1.10E-04   1.10E-04   1.10E-04   1.00E-04   9.10E-05   8.20E-05   7.40E-05   6.70E-05   6.10E-05   5.50E-05   5.00E-05   4.50E-05   4.10E-05   3.70E-05   3.30E-05   3.00E-05   2.70E-05   2.50E-05   2.20E-05   
6432   0.00E+00   1.10E-04   1.10E-04   1.10E-04   1.10E-04   1.10E-04   1.10E-04   1.10E-04   1.10E-04   1.00E-04   9.90E-05   9.00E-05   8.10E-05   7.40E-05   6.70E-05   6.00E-05   5.50E-05   4.90E-05   4.50E-05   4.00E-05   3.70E-05   3.30E-05   3.00E-05   2.70E-05   2.50E-05   2.20E-05   
6433   0.00E+00   1.10E-04   1.10E-04   1.10E-04   1.10E-04   1.10E-04   1.10E-04   1.10E-04   1.10E-04   1.00E-04   9.90E-05   8.90E-05   8.10E-05   7.30E-05   6.60E-05   6.00E-05   5.40E-05   4.90E-05   4.40E-05   4.00E-05   3.60E-05   3.30E-05   3.00E-05   2.70E-05   2.40E-05   2.20E-05   
6434   0.00E+00   1.10E-04   1.10E-04   1.10E-04   1.10E-04   1.10E-04   1.10E-04   1.10E-04   1.10E-04   1.00E-04   9.80E-05   8.90E-05   8.00E-05   7.30E-05   6.60E-05   5.90E-05   5.40E-05   4.90E-05   4.40E-05   4.00E-05   3.60E-05   3.30E-05   3.00E-05   2.70E-05   2.40E-05   2.20E-05   
6435   0.00E+00   1.10E-04   1.10E-04   1.10E-04   1.10E-04   1.10E-04   1.10E-04   1.10E-04   1.10E-04   1.00E-04   9.70E-05   8.80E-05   8.00E-05   7.20E-05   6.50E-05   5.90E-05   5.30E-05   4.80E-05   4.40E-05   4.00E-05   3.60E-05   3.20E-05   2.90E-05   2.70E-05   2.40E-05   2.20E-05   
6436   0.00E+00   1.10E-04   1.10E-04   1.10E-04   1.10E-04   1.10E-04   1.10E-04   1.10E-04   1.10E-04   1.00E-04   9.70E-05   8.70E-05   7.90E-05   7.20E-05   6.50E-05   5.90E-05   5.30E-05   4.80E-05   4.30E-05   3.90E-05   3.60E-05   3.20E-05   2.90E-05   2.60E-05   2.40E-05   2.20E-05   
6437   0.00E+00   1.10E-04   1.10E-04   1.10E-04   1.10E-04   1.10E-04   1.10E-04   1.10E-04   1.10E-04   1.00E-04   9.60E-05   8.70E-05   7.90E-05   7.10E-05   6.40E-05   5.80E-05   5.30E-05   4.80E-05   4.30E-05   3.90E-05   3.50E-05   3.20E-05   2.90E-05   2.60E-05   2.40E-05   2.10E-05   
6438   0.00E+00   1.10E-04   1.10E-04   1.10E-04   1.10E-04   1.10E-04   1.10E-04   1.10E-04   1.10E-04   1.00E-04   9.60E-05   8.70E-05   7.80E-05   7.10E-05   6.40E-05   5.80E-05   5.30E-05   4.80E-05   4.30E-05   3.90E-05   3.50E-05   3.20E-05   2.90E-05   2.60E-05   2.40E-05   2.10E-05   
6439   0.00E+00   1.10E-04   1.10E-04   1.10E-04   1.10E-04   1.10E-04   1.10E-04   1.10E-04   1.10E-04   1.00E-04   9.50E-05   8.60E-05   7.80E-05   7.10E-05   6.40E-05   5.80E-05   5.20E-05   4.70E-05   4.30E-05   3.90E-05   3.50E-05   3.20E-05   2.90E-05   2.60E-05   2.30E-05   2.10E-05   
6440   0.00E+00   1.10E-04   1.10E-04   1.10E-04   1.10E-04   1.10E-04   1.10E-04   1.10E-04   1.00E-04   1.00E-04   9.50E-05   8.60E-05   7.80E-05   7.00E-05   6.40E-05   5.80E-05   5.20E-05   4.70E-05   4.30E-05   3.90E-05   3.50E-05   3.20E-05   2.90E-05   2.60E-05   2.30E-05   2.10E-05   
6441   0.00E+00   1.10E-04   1.10E-04   1.10E-04   1.10E-04   1.10E-04   1.10E-04   1.10E-04   1.00E-04   9.90E-05   9.50E-05   8.60E-05   7.70E-05   7.00E-05   6.30E-05   5.70E-05   5.20E-05   4.70E-05   4.20E-05   3.80E-05   3.50E-05   3.10E-05   2.80E-05   2.60E-05   2.30E-05   2.10E-05   
6442   0.00E+00   1.10E-04   1.10E-04   1.10E-04   1.10E-04   1.10E-04   1.10E-04   1.10E-04   1.00E-04   9.90E-05   9.40E-05   8.50E-05   7.70E-05   7.00E-05   6.30E-05   5.70E-05   5.20E-05   4.70E-05   4.20E-05   3.80E-05   3.50E-05   3.10E-05   2.80E-05   2.60E-05   2.30E-05   2.10E-05   
6443   0.00E+00   1.10E-04   1.10E-04   1.10E-04   1.10E-04   1.10E-04   1.10E-04   1.10E-04   1.00E-04   9.90E-05   9.40E-05   8.50E-05   7.70E-05   7.00E-05   6.30E-05   5.70E-05   5.20E-05   4.70E-05   4.20E-05   3.80E-05   3.50E-05   3.10E-05   2.80E-05   2.60E-05   2.30E-05   2.10E-05   
6444   0.00E+00   1.10E-04   1.10E-04   1.10E-04   1.10E-04   1.10E-04   1.10E-04   1.10E-04   1.00E-04   9.90E-05   9.40E-05   8.50E-05   7.70E-05   7.00E-05   6.30E-05   5.70E-05   5.20E-05   4.70E-05   4.20E-05   3.80E-05   3.50E-05   3.10E-05   2.80E-05   2.60E-05   2.30E-05   2.10E-05   
6445   0.00E+00   1.10E-04   1.10E-04   1.10E-04   1.10E-04   1.10E-04   1.10E-04   1.10E-04   1.00E-04   9.90E-05   9.40E-05   8.50E-05   7.70E-05   7.00E-05   6.30E-05   5.70E-05   5.20E-05   4.70E-05   4.20E-05   3.80E-05   3.50E-05   3.10E-05   2.80E-05   2.60E-05   2.30E-05   2.10E-05   
6446   0.00E+00   1.10E-04   1.10E-04   1.10E-04   1.10E-04   1.10E-04   1.10E-04   1.10E-04   1.00E-04   9.90E-05   9.40E-05   8.50E-05   7.70E-05   6.90E-05   6.30E-05   5.70E-05   5.10E-05   4.70E-05   4.20E-05   3.80E-05   3.50E-05   3.10E-05   2.80E-05   2.60E-05   2.30E-05   2.10E-05   
6447   0.00E+00   1.10E-04   1.10E-04   1.10E-04   1.10E-04   1.10E-04   1.10E-04   1.10E-04   1.00E-04   9.90E-05   9.40E-05   8.50E-05   7.70E-05   6.90E-05   6.30E-05   5.70E-05   5.10E-05   4.70E-05   4.20E-05   3.80E-05   3.40E-05   3.10E-05   2.80E-05   2.60E-05   2.30E-05   2.10E-05   
6448   0.00E+00   1.10E-04   1.10E-04   1.10E-04   1.10E-04   1.10E-04   1.10E-04   1.10E-04   1.00E-04   9.80E-05   9.40E-05   8.50E-05   7.70E-05   6.90E-05   6.30E-05   5.70E-05   5.10E-05   4.70E-05   4.20E-05   3.80E-05   3.40E-05   3.10E-05   2.80E-05   2.60E-05   2.30E-05   2.10E-05   
6449   0.00E+00   1.10E-04   1.10E-04   1.10E-04   1.10E-04   1.10E-04   1.10E-04   1.10E-04   1.00E-04   9.90E-05   9.40E-05   8.50E-05   7.70E-05   6.90E-05   6.30E-05   5.70E-05   5.10E-05   4.70E-05   4.20E-05   3.80E-05   3.40E-05   3.10E-05   2.80E-05   2.60E-05   2.30E-05   2.10E-05   
6450   0.00E+00   1.10E-04   1.10E-04   1.10E-04   1.10E-04   1.10E-04   1.10E-04   1.10E-04   1.00E-04   9.90E-05   9.40E-05   8.50E-05   7.70E-05   7.00E-05   6.30E-05   5.70E-05   5.20E-05   4.70E-05   4.20E-05   3.80E-05   3.50E-05   3.10E-05   2.80E-05   2.60E-05   2.30E-05   2.10E-05   
6451   0.00E+00   1.10E-04   1.10E-04   1.10E-04   1.10E-04   1.10E-04   1.10E-04   1.10E-04   1.00E-04   9.90E-05   9.40E-05   8.50E-05   7.70E-05   7.00E-05   6.30E-05   5.70E-05   5.20E-05   4.70E-05   4.20E-05   3.80E-05   3.50E-05   3.10E-05   2.80E-05   2.60E-05   2.30E-05   2.10E-05   
6452   0.00E+00   1.10E-04   1.10E-04   1.10E-04   1.10E-04   1.10E-04   1.10E-04   1.10E-04   1.00E-04   9.90E-05   9.40E-05   8.50E-05   7.70E-05   7.00E-05   6.30E-05   5.70E-05   5.20E-05   4.70E-05   4.20E-05   3.80E-05   3.50E-05   3.10E-05   2.80E-05   2.60E-05   2.30E-05   2.10E-05   
6453   0.00E+00   1.10E-04   1.10E-04   1.10E-04   1.10E-04   1.10E-04   1.10E-04   1.10E-04   1.00E-04   9.90E-05   9.40E-05   8.50E-05   7.70E-05   7.00E-05   6.30E-05   5.70E-05   5.20E-05   4.70E-05   4.20E-05   3.80E-05   3.50E-05   3.10E-05   2.80E-05   2.60E-05   2.30E-05   2.10E-05   
6454   0.00E+00   1.10E-04   1.10E-04   1.10E-04   1.10E-04   1.10E-04   1.10E-04   1.10E-04   1.00E-04   9.90E-05   9.50E-05   8.60E-05   7.70E-05   7.00E-05   6.30E-05   5.70E-05   5.20E-05   4.70E-05   4.30E-05   3.80E-05   3.50E-05   3.20E-05   2.90E-05   2.60E-05   2.30E-05   2.10E-05   
6455   0.00E+00   1.10E-04   1.10E-04   1.10E-04   1.10E-04   1.10E-04   1.10E-04   1.10E-04   1.00E-04   1.00E-04   9.50E-05   8.60E-05   7.80E-05   7.00E-05   6.40E-05   5.80E-05   5.20E-05   4.70E-05   4.30E-05   3.90E-05   3.50E-05   3.20E-05   2.90E-05   2.60E-05   2.30E-05   2.10E-05   
6456   0.00E+00   1.10E-04   1.10E-04   1.10E-04   1.10E-04   1.10E-04   1.10E-04   1.10E-04   1.10E-04   1.00E-04   9.50E-05   8.60E-05   7.80E-05   7.00E-05   6.40E-05   5.80E-05   5.20E-05   4.70E-05   4.30E-05   3.90E-05   3.50E-05   3.20E-05   2.90E-05   2.60E-05   2.30E-05   2.10E-05   
6457   0.00E+00   1.10E-04   1.10E-04   1.10E-04   1.10E-04   1.10E-04   1.10E-04   1.10E-04   1.10E-04   1.00E-04   9.50E-05   8.60E-05   7.80E-05   7.10E-05   6.40E-05   5.80E-05   5.20E-05   4.70E-05   4.30E-05   3.90E-05   3.50E-05   3.20E-05   2.90E-05   2.60E-05   2.40E-05   2.10E-05   
6458   0.00E+00   1.10E-04   1.10E-04   1.10E-04   1.10E-04   1.10E-04   1.10E-04   1.10E-04   1.10E-04   1.00E-04   9.60E-05   8.70E-05   7.80E-05   7.10E-05   6.40E-05   5.80E-05   5.20E-05   4.70E-05   4.30E-05   3.90E-05   3.50E-05   3.20E-05   2.90E-05   2.60E-05   2.40E-05   2.10E-05   
6459   0.00E+00   1.10E-04   1.10E-04   1.10E-04   1.10E-04   1.10E-04   1.10E-04   1.10E-04   1.10E-04   1.00E-04   9.60E-05   8.70E-05   7.90E-05   7.10E-05   6.40E-05   5.80E-05   5.30E-05   4.80E-05   4.30E-05   3.90E-05   3.50E-05   3.20E-05   2.90E-05   2.60E-05   2.40E-05   2.10E-05   
6460   0.00E+00   1.10E-04   1.10E-04   1.10E-04   1.10E-04   1.10E-04   1.10E-04   1.10E-04   1.10E-04   1.00E-04   9.60E-05   8.70E-05   7.90E-05   7.10E-05   6.40E-05   5.80E-05   5.30E-05   4.80E-05   4.30E-05   3.90E-05   3.50E-05   3.20E-05   2.90E-05   2.60E-05   2.40E-05   2.10E-05   
6461   0.00E+00   1.10E-04   1.10E-04   1.10E-04   1.10E-04   1.10E-04   1.10E-04   1.10E-04   1.10E-04   1.00E-04   9.60E-05   8.70E-05   7.90E-05   7.10E-05   6.50E-05   5.80E-05   5.30E-05   4.80E-05   4.30E-05   3.90E-05   3.50E-05   3.20E-05   2.90E-05   2.60E-05   2.40E-05   2.20E-05   
6462   0.00E+00   1.10E-04   1.10E-04   1.10E-04   1.10E-04   1.10E-04   1.10E-04   1.10E-04   1.10E-04   1.00E-04   9.70E-05   8.80E-05   7.90E-05   7.20E-05   6.50E-05   5.90E-05   5.30E-05   4.80E-05   4.30E-05   3.90E-05   3.60E-05   3.20E-05   2.90E-05   2.60E-05   2.40E-05   2.20E-05   
6463   0.00E+00   1.10E-04   1.10E-04   1.10E-04   1.10E-04   1.10E-04   1.10E-04   1.10E-04   1.10E-04   1.00E-04   9.70E-05   8.80E-05   8.00E-05   7.20E-05   6.50E-05   5.90E-05   5.30E-05   4.80E-05   4.40E-05   3.90E-05   3.60E-05   3.20E-05   2.90E-05   2.60E-05   2.40E-05   2.20E-05   
6464   0.00E+00   1.10E-04   1.10E-04   1.10E-04   1.10E-04   1.10E-04   1.10E-04   1.10E-04   1.10E-04   1.00E-04   9.70E-05   8.80E-05   8.00E-05   7.20E-05   6.50E-05   5.90E-05   5.30E-05   4.80E-05   4.40E-05   4.00E-05   3.60E-05   3.20E-05   2.90E-05   2.70E-05   2.40E-05   2.20E-05   
6465   0.00E+00   1.10E-04   1.10E-04   1.10E-04   1.10E-04   1.10E-04   1.10E-04   1.10E-04   1.10E-04   1.00E-04   9.80E-05   8.90E-05   8.00E-05   7.20E-05   6.60E-05   5.90E-05   5.40E-05   4.90E-05   4.40E-05   4.00E-05   3.60E-05   3.30E-05   2.90E-05   2.70E-05   2.40E-05   2.20E-05   
6466   0.00E+00   1.10E-04   1.10E-04   1.10E-04   1.10E-04   1.10E-04   1.10E-04   1.10E-04   1.10E-04   1.00E-04   9.80E-05   8.90E-05   8.00E-05   7.30E-05   6.60E-05   6.00E-05   5.40E-05   4.90E-05   4.40E-05   4.00E-05   3.60E-05   3.30E-05   3.00E-05   2.70E-05   2.40E-05   2.20E-05   
6467   0.00E+00   1.10E-04   1.10E-04   1.10E-04   1.10E-04   1.10E-04   1.10E-04   1.10E-04   1.10E-04   1.00E-04   9.90E-05   8.90E-05   8.10E-05   7.30E-05   6.60E-05   6.00E-05   5.40E-05   4.90E-05   4.40E-05   4.00E-05   3.60E-05   3.30E-05   3.00E-05   2.70E-05   2.40E-05   2.20E-05   
6468   0.00E+00   1.10E-04   1.10E-04   1.10E-04   1.10E-04   1.10E-04   1.10E-04   1.10E-04   1.10E-04   1.00E-04   9.90E-05   9.00E-05   8.10E-05   7.30E-05   6.60E-05   6.00E-05   5.40E-05   4.90E-05   4.40E-05   4.00E-05   3.60E-05   3.30E-05   3.00E-05   2.70E-05   2.40E-05   2.20E-05   
6469   0.00E+00   1.10E-04   1.10E-04   1.10E-04   1.10E-04   1.10E-04   1.10E-04   1.10E-04   1.10E-04   1.00E-04   9.90E-05   9.00E-05   8.10E-05   7.40E-05   6.70E-05   6.00E-05   5.50E-05   4.90E-05   4.50E-05   4.00E-05   3.70E-05   3.30E-05   3.00E-05   2.70E-05   2.50E-05   2.20E-05   
6470   0.00E+00   1.10E-04   1.10E-04   1.10E-04   1.10E-04   1.10E-04   1.10E-04   1.10E-04   1.10E-04   1.00E-04   1.00E-04   9.00E-05   8.20E-05   7.40E-05   6.70E-05   6.10E-05   5.50E-05   5.00E-05   4.50E-05   4.10E-05   3.70E-05   3.30E-05   3.00E-05   2.70E-05   2.50E-05   2.20E-05   
6471   0.00E+00   1.10E-04   1.10E-04   1.10E-04   1.10E-04   1.10E-04   1.10E-04   1.10E-04   1.10E-04   1.10E-04   1.00E-04   9.10E-05   8.20E-05   7.40E-05   6.70E-05   6.10E-05   5.50E-05   5.00E-05   4.50E-05   4.10E-05   3.70E-05   3.30E-05   3.00E-05   2.70E-05   2.50E-05   2.20E-05   
6472   0.00E+00   1.10E-04   1.10E-04   1.10E-04   1.10E-04   1.10E-04   1.10E-04   1.10E-04   1.10E-04   1.10E-04   1.00E-04   9.10E-05   8.20E-05   7.50E-05   6.70E-05   6.10E-05   5.50E-05   5.00E-05   4.50E-05   4.10E-05   3.70E-05   3.30E-05   3.00E-05   2.70E-05   2.50E-05   2.20E-05   
6473   0.00E+00   1.10E-04   1.10E-04   1.10E-04   1.10E-04   1.10E-04   1.10E-04   1.10E-04   1.10E-04   1.10E-04   1.00E-04   9.10E-05   8.30E-05   7.50E-05   6.80E-05   6.10E-05   5.50E-05   5.00E-05   4.50E-05   4.10E-05   3.70E-05   3.40E-05   3.00E-05   2.80E-05   2.50E-05   2.30E-05   
6474   0.00E+00   1.10E-04   1.10E-04   1.10E-04   1.10E-04   1.10E-04   1.10E-04   1.10E-04   1.10E-04   1.10E-04   1.00E-04   9.20E-05   8.30E-05   7.50E-05   6.80E-05   6.20E-05   5.60E-05   5.00E-05   4.60E-05   4.10E-05   3.70E-05   3.40E-05   3.10E-05   2.80E-05   2.50E-05   2.30E-05   
6475   0.00E+00   1.10E-04   1.10E-04   1.10E-04   1.10E-04   1.10E-04   1.10E-04   1.10E-04   1.10E-04   1.10E-04   1.00E-04   9.20E-05   8.30E-05   7.50E-05   6.80E-05   6.20E-05   5.60E-05   5.10E-05   4.60E-05   4.10E-05   3.70E-05   3.40E-05   3.10E-05   2.80E-05   2.50E-05   2.30E-05   
6476   0.00E+00   1.10E-04   1.10E-04   1.10E-04   1.10E-04   1.10E-04   1.10E-04   1.10E-04   1.10E-04   1.10E-04   1.00E-04   9.30E-05   8.40E-05   7.60E-05   6.90E-05   6.20E-05   5.60E-05   5.10E-05   4.60E-05   4.20E-05   3.80E-05   3.40E-05   3.10E-05   2.80E-05   2.50E-05   2.30E-05   
6477   0.00E+00   1.10E-04   1.10E-04   1.10E-04   1.10E-04   1.10E-04   1.10E-04   1.10E-04   1.10E-04   1.10E-04   1.00E-04   9.30E-05   8.40E-05   7.60E-05   6.90E-05   6.20E-05   5.60E-05   5.10E-05   4.60E-05   4.20E-05   3.80E-05   3.40E-05   3.10E-05   2.80E-05   2.50E-05   2.30E-05   
6478   0.00E+00   1.10E-04   1.10E-04   1.10E-04   1.10E-04   1.10E-04   1.10E-04   1.10E-04   1.10E-04   1.10E-04   1.00E-04   9.30E-05   8.40E-05   7.60E-05   6.90E-05   6.30E-05   5.70E-05   5.10E-05   4.60E-05   4.20E-05   3.80E-05   3.40E-05   3.10E-05   2.80E-05   2.50E-05   2.30E-05   
6479   0.00E+00   1.10E-04   1.10E-04   1.10E-04   1.10E-04   1.10E-04   1.10E-04   1.10E-04   1.10E-04   1.10E-04   1.00E-04   9.30E-05   8.50E-05   7.70E-05   6.90E-05   6.30E-05   5.70E-05   5.10E-05   4.60E-05   4.20E-05   3.80E-05   3.40E-05   3.10E-05   2.80E-05   2.50E-05   2.30E-05   
6480   0.00E+00   1.10E-04   1.10E-04   1.10E-04   1.10E-04   1.10E-04   1.10E-04   1.10E-04   1.10E-04   1.10E-04   1.00E-04   9.40E-05   8.50E-05   7.70E-05   6.90E-05   6.30E-05   5.70E-05   5.10E-05   4.70E-05   4.20E-05   3.80E-05   3.40E-05   3.10E-05   2.80E-05   2.60E-05   2.30E-05   
6481   0.00E+00   1.10E-04   1.10E-04   1.10E-04   1.10E-04   1.10E-04   1.10E-04   1.10E-04   1.10E-04   1.10E-04   1.00E-04   9.40E-05   8.50E-05   7.70E-05   7.00E-05   6.30E-05   5.70E-05   5.20E-05   4.70E-05   4.20E-05   3.80E-05   3.50E-05   3.10E-05   2.80E-05   2.60E-05   2.30E-05   
6482   0.00E+00   1.10E-04   1.10E-04   1.10E-04   1.10E-04   1.10E-04   1.10E-04   1.10E-04   1.10E-04   1.10E-04   1.00E-04   9.40E-05   8.50E-05   7.70E-05   7.00E-05   6.30E-05   5.70E-05   5.20E-05   4.70E-05   4.20E-05   3.80E-05   3.50E-05   3.10E-05   2.80E-05   2.60E-05   2.30E-05   
6483   0.00E+00   1.10E-04   1.10E-04   1.10E-04   1.10E-04   1.10E-04   1.10E-04   1.10E-04   1.10E-04   1.10E-04   1.00E-04   9.40E-05   8.50E-05   7.70E-05   7.00E-05   6.30E-05   5.70E-05   5.20E-05   4.70E-05   4.20E-05   3.80E-05   3.50E-05   3.10E-05   2.80E-05   2.60E-05   2.30E-05   
6484   0.00E+00   1.10E-04   1.10E-04   1.10E-04   1.10E-04   1.10E-04   1.10E-04   1.10E-04   1.10E-04   1.10E-04   1.00E-04   9.40E-05   8.50E-05   7.70E-05   7.00E-05   6.30E-05   5.70E-05   5.20E-05   4.70E-05   4.20E-05   3.80E-05   3.50E-05   3.10E-05   2.80E-05   2.60E-05   2.30E-05   
6485   0.00E+00   1.10E-04   1.10E-04   1.10E-04   1.10E-04   1.10E-04   1.10E-04   1.10E-04   1.10E-04   1.10E-04   1.00E-04   9.50E-05   8.60E-05   7.70E-05   7.00E-05   6.30E-05   5.70E-05   5.20E-05   4.70E-05   4.20E-05   3.80E-05   3.50E-05   3.10E-05   2.80E-05   2.60E-05   2.30E-05   
6486   0.00E+00   1.10E-04   1.10E-04   1.10E-04   1.10E-04   1.10E-04   1.10E-04   1.10E-04   1.10E-04   1.10E-04   1.00E-04   9.50E-05   8.60E-05   7.80E-05   7.00E-05   6.40E-05   5.70E-05   5.20E-05   4.70E-05   4.30E-05   3.90E-05   3.50E-05   3.20E-05   2.90E-05   2.60E-05   2.30E-05   
6487   0.00E+00   1.10E-04   1.10E-04   1.10E-04   1.10E-04   1.10E-04   1.10E-04   1.10E-04   1.10E-04   1.10E-04   1.00E-04   9.50E-05   8.60E-05   7.80E-05   7.00E-05   6.40E-05   5.80E-05   5.20E-05   4.70E-05   4.30E-05   3.90E-05   3.50E-05   3.20E-05   2.90E-05   2.60E-05   2.30E-05   
6488   0.00E+00   1.10E-04   1.10E-04   1.10E-04   1.10E-04   1.10E-04   1.10E-04   1.10E-04   1.10E-04   1.10E-04   1.10E-04   9.50E-05   8.60E-05   7.80E-05   7.00E-05   6.40E-05   5.80E-05   5.20E-05   4.70E-05   4.30E-05   3.90E-05   3.50E-05   3.20E-05   2.90E-05   2.60E-05   2.30E-05   
6489   0.00E+00   1.10E-04   1.10E-04   1.10E-04   1.10E-04   1.10E-04   1.10E-04   1.10E-04   1.10E-04   1.10E-04   1.10E-04   9.50E-05   8.60E-05   7.80E-05   7.10E-05   6.40E-05   5.80E-05   5.20E-05   4.70E-05   4.30E-05   3.90E-05   3.50E-05   3.20E-05   2.90E-05   2.60E-05   2.40E-05   
6490   0.00E+00   1.10E-04   1.10E-04   1.10E-04   1.10E-04   1.10E-04   1.10E-04   1.10E-04   1.10E-04   1.10E-04   1.10E-04   9.50E-05   8.60E-05   7.80E-05   7.10E-05   6.40E-05   5.80E-05   5.20E-05   4.70E-05   4.30E-05   3.90E-05   3.50E-05   3.20E-05   2.90E-05   2.60E-05   2.40E-05   
6491   0.00E+00   1.10E-04   1.10E-04   1.10E-04   1.10E-04   1.10E-04   1.10E-04   1.10E-04   1.10E-04   1.10E-04   1.10E-04   9.60E-05   8.60E-05   7.80E-05   7.10E-05   6.40E-05   5.80E-05   5.20E-05   4.70E-05   4.30E-05   3.90E-05   3.50E-05   3.20E-05   2.90E-05   2.60E-05   2.40E-05   
6492   0.00E+00   1.10E-04   1.10E-04   1.10E-04   1.10E-04   1.10E-04   1.10E-04   1.10E-04   1.10E-04   1.10E-04   1.10E-04   9.60E-05   8.70E-05   7.80E-05   7.10E-05   6.40E-05   5.80E-05   5.20E-05   4.70E-05   4.30E-05   3.90E-05   3.50E-05   3.20E-05   2.90E-05   2.60E-05   2.40E-05   
6493   0.00E+00   1.10E-04   1.10E-04   1.10E-04   1.10E-04   1.10E-04   1.10E-04   1.10E-04   1.10E-04   1.10E-04   1.10E-04   9.60E-05   8.70E-05   7.80E-05   7.10E-05   6.40E-05   5.80E-05   5.30E-05   4.80E-05   4.30E-05   3.90E-05   3.50E-05   3.20E-05   2.90E-05   2.60E-05   2.40E-05   
6494   0.00E+00   1.10E-04   1.10E-04   1.10E-04   1.10E-04   1.10E-04   1.10E-04   1.10E-04   1.10E-04   1.10E-04   1.10E-04   9.60E-05   8.70E-05   7.90E-05   7.10E-05   6.40E-05   5.80E-05   5.30E-05   4.80E-05   4.30E-05   3.90E-05   3.50E-05   3.20E-05   2.90E-05   2.60E-05   2.40E-05   
6495   0.00E+00   1.10E-04   1.10E-04   1.10E-04   1.10E-04   1.10E-04   1.10E-04   1.10E-04   1.10E-04   1.10E-04   1.10E-04   9.60E-05   8.70E-05   7.90E-05   7.10E-05   6.40E-05   5.80E-05   5.30E-05   4.80E-05   4.30E-05   3.90E-05   3.50E-05   3.20E-05   2.90E-05   2.60E-05   2.40E-05   
6496   0.00E+00   1.10E-04   1.10E-04   1.10E-04   1.10E-04   1.10E-04   1.10E-04   1.10E-04   1.10E-04   1.10E-04   1.10E-04   9.60E-05   8.70E-05   7.90E-05   7.10E-05   6.40E-05   5.80E-05   5.30E-05   4.80E-05   4.30E-05   3.90E-05   3.50E-05   3.20E-05   2.90E-05   2.60E-05   2.40E-05   
6497   0.00E+00   1.10E-04   1.10E-04   1.10E-04   1.10E-04   1.10E-04   1.10E-04   1.10E-04   1.10E-04   1.10E-04   1.10E-04   9.60E-05   8.70E-05   7.90E-05   7.10E-05   6.40E-05   5.80E-05   5.30E-05   4.80E-05   4.30E-05   3.90E-05   3.50E-05   3.20E-05   2.90E-05   2.60E-05   2.40E-05   
6498   0.00E+00   1.10E-04   1.10E-04   1.10E-04   1.10E-04   1.10E-04   1.10E-04   1.10E-04   1.10E-04   1.10E-04   1.10E-04   9.60E-05   8.70E-05   7.90E-05   7.10E-05   6.40E-05   5.80E-05   5.30E-05   4.80E-05   4.30E-05   3.90E-05   3.50E-05   3.20E-05   2.90E-05   2.60E-05   2.40E-05   
6499   0.00E+00   1.10E-04   1.10E-04   1.10E-04   1.10E-04   1.10E-04   1.10E-04   1.10E-04   1.10E-04   1.10E-04   1.10E-04   9.60E-05   8.70E-05   7.80E-05   7.10E-05   6.40E-05   5.80E-05   5.30E-05   4.80E-05   4.30E-05   3.90E-05   3.50E-05   3.20E-05   2.90E-05   2.60E-05   2.40E-05   
6500   0.00E+00   1.10E-04   1.10E-04   1.10E-04   1.10E-04   1.10E-04   1.10E-04   1.10E-04   1.10E-04   1.10E-04   1.10E-04   9.60E-05   8.70E-05   7.80E-05   7.10E-05   6.40E-05   5.80E-05   5.30E-05   4.80E-05   4.30E-05   3.90E-05   3.50E-05   3.20E-05   2.90E-05   2.60E-05   2.40E-05   
6501   0.00E+00   1.10E-04   1.10E-04   1.10E-04   1.10E-04   1.10E-04   1.10E-04   1.10E-04   1.10E-04   1.10E-04   1.10E-04   9.60E-05   8.70E-05   7.80E-05   7.10E-05   6.40E-05   5.80E-05   5.30E-05   4.80E-05   4.30E-05   3.90E-05   3.50E-05   3.20E-05   2.90E-05   2.60E-05   2.40E-05   
6502   0.00E+00   1.10E-04   1.10E-04   1.10E-04   1.10E-04   1.10E-04   1.10E-04   1.10E-04   1.10E-04   1.10E-04   1.10E-04   9.60E-05   8.70E-05   7.80E-05   7.10E-05   6.40E-05   5.80E-05   5.20E-05   4.70E-05   4.30E-05   3.90E-05   3.50E-05   3.20E-05   2.90E-05   2.60E-05   2.40E-05   
6503   0.00E+00   1.10E-04   1.10E-04   1.10E-04   1.10E-04   1.10E-04   1.10E-04   1.10E-04   1.10E-04   1.10E-04   1.10E-04   9.60E-05   8.70E-05   7.80E-05   7.10E-05   6.40E-05   5.80E-05   5.20E-05   4.70E-05   4.30E-05   3.90E-05   3.50E-05   3.20E-05   2.90E-05   2.60E-05   2.40E-05   
6504   0.00E+00   1.10E-04   1.10E-04   1.10E-04   1.10E-04   1.10E-04   1.10E-04   1.10E-04   1.10E-04   1.10E-04   1.10E-04   9.60E-05   8.60E-05   7.80E-05   7.10E-05   6.40E-05   5.80E-05   5.20E-05   4.70E-05   4.30E-05   3.90E-05   3.50E-05   3.20E-05   2.90E-05   2.60E-05   2.40E-05   
6505   0.00E+00   1.10E-04   1.10E-04   1.10E-04   1.10E-04   1.10E-04   1.10E-04   1.10E-04   1.10E-04   1.10E-04   1.10E-04   9.60E-05   8.60E-05   7.80E-05   7.10E-05   6.40E-05   5.80E-05   5.20E-05   4.70E-05   4.30E-05   3.90E-05   3.50E-05   3.20E-05   2.90E-05   2.60E-05   2.40E-05   
6506   0.00E+00   1.10E-04   1.10E-04   1.10E-04   1.10E-04   1.10E-04   1.10E-04   1.10E-04   1.10E-04   1.10E-04   1.10E-04   9.60E-05   8.60E-05   7.80E-05   7.10E-05   6.40E-05   5.80E-05   5.20E-05   4.70E-05   4.30E-05   3.90E-05   3.50E-05   3.20E-05   2.90E-05   2.60E-05   2.40E-05   
6507   0.00E+00   1.10E-04   1.10E-04   1.10E-04   1.10E-04   1.10E-04   1.10E-04   1.10E-04   1.10E-04   1.10E-04   1.10E-04   9.50E-05   8.60E-05   7.80E-05   7.10E-05   6.40E-05   5.80E-05   5.20E-05   4.70E-05   4.30E-05   3.90E-05   3.50E-05   3.20E-05   2.90E-05   2.60E-05   2.40E-05   
6508   0.00E+00   1.10E-04   1.10E-04   1.10E-04   1.10E-04   1.10E-04   1.10E-04   1.10E-04   1.10E-04   1.10E-04   1.10E-04   9.50E-05   8.60E-05   7.80E-05   7.10E-05   6.40E-05   5.80E-05   5.20E-05   4.70E-05   4.30E-05   3.90E-05   3.50E-05   3.20E-05   2.90E-05   2.60E-05   2.40E-05   
6509   0.00E+00   1.10E-04   1.10E-04   1.10E-04   1.10E-04   1.10E-04   1.10E-04   1.10E-04   1.10E-04   1.10E-04   1.10E-04   9.50E-05   8.60E-05   7.80E-05   7.10E-05   6.40E-05   5.80E-05   5.20E-05   4.70E-05   4.30E-05   3.90E-05   3.50E-05   3.20E-05   2.90E-05   2.60E-05   2.40E-05   
6510   0.00E+00   1.10E-04   1.10E-04   1.10E-04   1.10E-04   1.10E-04   1.10E-04   1.10E-04   1.10E-04   1.10E-04   1.10E-04   9.50E-05   8.60E-05   7.80E-05   7.10E-05   6.40E-05   5.80E-05   5.20E-05   4.70E-05   4.30E-05   3.90E-05   3.50E-05   3.20E-05   2.90E-05   2.60E-05   2.40E-05   
6511   0.00E+00   1.10E-04   1.10E-04   1.10E-04   1.10E-04   1.10E-04   1.10E-04   1.10E-04   1.10E-04   1.10E-04   1.10E-04   9.50E-05   8.60E-05   7.80E-05   7.10E-05   6.40E-05   5.80E-05   5.20E-05   4.70E-05   4.30E-05   3.90E-05   3.50E-05   3.20E-05   2.90E-05   2.60E-05   2.40E-05   
6512   0.00E+00   1.10E-04   1.10E-04   1.10E-04   1.10E-04   1.10E-04   1.10E-04   1.10E-04   1.10E-04   1.10E-04   1.10E-04   9.50E-05   8.60E-05   7.80E-05   7.10E-05   6.40E-05   5.80E-05   5.20E-05   4.70E-05   4.30E-05   3.90E-05   3.50E-05   3.20E-05   2.90E-05   2.60E-05   2.40E-05   
6513   0.00E+00   1.10E-04   1.10E-04   1.10E-04   1.10E-04   1.10E-04   1.10E-04   1.10E-04   1.10E-04   1.10E-04   1.10E-04   9.50E-05   8.60E-05   7.80E-05   7.10E-05   6.40E-05   5.80E-05   5.20E-05   4.70E-05   4.30E-05   3.90E-05   3.50E-05   3.20E-05   2.90E-05   2.60E-05   2.40E-05   
6514   0.00E+00   1.10E-04   1.10E-04   1.10E-04   1.10E-04   1.10E-04   1.10E-04   1.10E-04   1.10E-04   1.10E-04   1.10E-04   9.50E-05   8.60E-05   7.80E-05   7.10E-05   6.40E-05   5.80E-05   5.20E-05   4.70E-05   4.30E-05   3.90E-05   3.50E-05   3.20E-05   2.90E-05   2.60E-05   2.40E-05   
6515   0.00E+00   1.10E-04   1.10E-04   1.10E-04   1.10E-04   1.10E-04   1.10E-04   1.10E-04   1.10E-04   1.10E-04   1.10E-04   9.60E-05   8.60E-05   7.80E-05   7.10E-05   6.40E-05   5.80E-05   5.20E-05   4.70E-05   4.30E-05   3.90E-05   3.50E-05   3.20E-05   2.90E-05   2.60E-05   2.40E-05   
6516   0.00E+00   1.10E-04   1.10E-04   1.10E-04   1.10E-04   1.10E-04   1.10E-04   1.10E-04   1.10E-04   1.10E-04   1.10E-04   9.60E-05   8.60E-05   7.80E-05   7.10E-05   6.40E-05   5.80E-05   5.20E-05   4.70E-05   4.30E-05   3.90E-05   3.50E-05   3.20E-05   2.90E-05   2.60E-05   2.40E-05   
6517   0.00E+00   1.10E-04   1.10E-04   1.10E-04   1.10E-04   1.10E-04   1.10E-04   1.10E-04   1.10E-04   1.10E-04   1.10E-04   9.60E-05   8.70E-05   7.80E-05   7.10E-05   6.40E-05   5.80E-05   5.20E-05   4.70E-05   4.30E-05   3.90E-05   3.50E-05   3.20E-05   2.90E-05   2.60E-05   2.40E-05   
6518   0.00E+00   1.10E-04   1.10E-04   1.10E-04   1.10E-04   1.10E-04   1.10E-04   1.10E-04   1.10E-04   1.10E-04   1.10E-04   9.60E-05   8.70E-05   7.80E-05   7.10E-05   6.40E-05   5.80E-05   5.30E-05   4.80E-05   4.30E-05   3.90E-05   3.50E-05   3.20E-05   2.90E-05   2.60E-05   2.40E-05   
6519   0.00E+00   1.10E-04   1.10E-04   1.10E-04   1.10E-04   1.10E-04   1.10E-04   1.10E-04   1.10E-04   1.10E-04   1.10E-04   9.60E-05   8.70E-05   7.80E-05   7.10E-05   6.40E-05   5.80E-05   5.30E-05   4.80E-05   4.30E-05   3.90E-05   3.50E-05   3.20E-05   2.90E-05   2.60E-05   2.40E-05   
6520   0.00E+00   1.10E-04   1.10E-04   1.10E-04   1.10E-04   1.10E-04   1.10E-04   1.10E-04   1.10E-04   1.10E-04   1.10E-04   9.60E-05   8.70E-05   7.90E-05   7.10E-05   6.40E-05   5.80E-05   5.30E-05   4.80E-05   4.30E-05   3.90E-05   3.50E-05   3.20E-05   2.90E-05   2.60E-05   2.40E-05   
6521   0.00E+00   1.10E-04   1.10E-04   1.10E-04   1.10E-04   1.10E-04   1.10E-04   1.10E-04   1.10E-04   1.10E-04   1.10E-04   9.60E-05   8.70E-05   7.90E-05   7.10E-05   6.40E-05   5.80E-05   5.30E-05   4.80E-05   4.30E-05   3.90E-05   3.50E-05   3.20E-05   2.90E-05   2.60E-05   2.40E-05   
6522   0.00E+00   1.10E-04   1.10E-04   1.10E-04   1.10E-04   1.10E-04   1.10E-04   1.10E-04   1.10E-04   1.10E-04   1.10E-04   9.60E-05   8.70E-05   7.90E-05   7.10E-05   6.40E-05   5.80E-05   5.30E-05   4.80E-05   4.30E-05   3.90E-05   3.50E-05   3.20E-05   2.90E-05   2.60E-05   2.40E-05   
6523   0.00E+00   1.10E-04   1.10E-04   1.10E-04   1.10E-04   1.10E-04   1.10E-04   1.10E-04   1.10E-04   1.10E-04   1.10E-04   9.60E-05   8.70E-05   7.90E-05   7.10E-05   6.40E-05   5.80E-05   5.30E-05   4.80E-05   4.30E-05   3.90E-05   3.50E-05   3.20E-05   2.90E-05   2.60E-05   2.40E-05   
6524   0.00E+00   1.10E-04   1.10E-04   1.10E-04   1.10E-04   1.10E-04   1.10E-04   1.10E-04   1.10E-04   1.10E-04   1.10E-04   9.60E-05   8.70E-05   7.90E-05   7.10E-05   6.50E-05   5.80E-05   5.30E-05   4.80E-05   4.30E-05   3.90E-05   3.50E-05   3.20E-05   2.90E-05   2.60E-05   2.40E-05   
6525   0.00E+00   1.10E-04   1.10E-04   1.10E-04   1.10E-04   1.10E-04   1.10E-04   1.10E-04   1.10E-04   1.10E-04   1.10E-04   9.60E-05   8.70E-05   7.90E-05   7.10E-05   6.50E-05   5.80E-05   5.30E-05   4.80E-05   4.30E-05   3.90E-05   3.50E-05   3.20E-05   2.90E-05   2.60E-05   2.40E-05   
6526   0.00E+00   1.10E-04   1.10E-04   1.10E-04   1.10E-04   1.10E-04   1.10E-04   1.10E-04   1.10E-04   1.10E-04   1.10E-04   9.70E-05   8.70E-05   7.90E-05   7.20E-05   6.50E-05   5.90E-05   5.30E-05   4.80E-05   4.30E-05   3.90E-05   3.60E-05   3.20E-05   2.90E-05   2.60E-05   2.40E-05   
6527   0.00E+00   1.10E-04   1.10E-04   1.10E-04   1.10E-04   1.10E-04   1.10E-04   1.10E-04   1.10E-04   1.10E-04   1.10E-04   9.70E-05   8.80E-05   7.90E-05   7.20E-05   6.50E-05   5.90E-05   5.30E-05   4.80E-05   4.30E-05   3.90E-05   3.60E-05   3.20E-05   2.90E-05   2.60E-05   2.40E-05   
6528   0.00E+00   1.10E-04   1.10E-04   1.10E-04   1.10E-04   1.10E-04   1.10E-04   1.10E-04   1.10E-04   1.10E-04   1.10E-04   9.70E-05   8.80E-05   7.90E-05   7.20E-05   6.50E-05   5.90E-05   5.30E-05   4.80E-05   4.40E-05   3.90E-05   3.60E-05   3.20E-05   2.90E-05   2.60E-05   2.40E-05   
6529   0.00E+00   1.10E-04   1.10E-04   1.10E-04   1.10E-04   1.10E-04   1.10E-04   1.10E-04   1.10E-04   1.10E-04   1.10E-04   9.70E-05   8.80E-05   7.90E-05   7.20E-05   6.50E-05   5.90E-05   5.30E-05   4.80E-05   4.40E-05   3.90E-05   3.60E-05   3.20E-05   2.90E-05   2.60E-05   2.40E-05   
6530   0.00E+00   1.10E-04   1.10E-04   1.10E-04   1.10E-04   1.10E-04   1.10E-04   1.10E-04   1.10E-04   1.10E-04   1.10E-04   9.70E-05   8.80E-05   8.00E-05   7.20E-05   6.50E-05   5.90E-05   5.30E-05   4.80E-05   4.40E-05   4.00E-05   3.60E-05   3.20E-05   2.90E-05   2.60E-05   2.40E-05   
6531   0.00E+00   1.10E-04   1.10E-04   1.10E-04   1.10E-04   1.10E-04   1.10E-04   1.10E-04   1.10E-04   1.10E-04   1.10E-04   9.70E-05   8.80E-05   8.00E-05   7.20E-05   6.50E-05   5.90E-05   5.30E-05   4.80E-05   4.40E-05   4.00E-05   3.60E-05   3.20E-05   2.90E-05   2.70E-05   2.40E-05   
6532   0.00E+00   1.10E-04   1.10E-04   1.10E-04   1.10E-04   1.10E-04   1.10E-04   1.10E-04   1.10E-04   1.10E-04   1.10E-04   9.80E-05   8.80E-05   8.00E-05   7.20E-05   6.50E-05   5.90E-05   5.40E-05   4.80E-05   4.40E-05   4.00E-05   3.60E-05   3.20E-05   2.90E-05   2.70E-05   2.40E-05   
6533   0.00E+00   1.10E-04   1.10E-04   1.10E-04   1.10E-04   1.10E-04   1.10E-04   1.10E-04   1.10E-04   1.10E-04   1.10E-04   9.80E-05   8.80E-05   8.00E-05   7.20E-05   6.50E-05   5.90E-05   5.40E-05   4.90E-05   4.40E-05   4.00E-05   3.60E-05   3.30E-05   2.90E-05   2.70E-05   2.40E-05   
6534   0.00E+00   1.10E-04   1.10E-04   1.10E-04   1.10E-04   1.10E-04   1.10E-04   1.10E-04   1.10E-04   1.10E-04   1.10E-04   9.80E-05   8.80E-05   8.00E-05   7.20E-05   6.60E-05   5.90E-05   5.40E-05   4.90E-05   4.40E-05   4.00E-05   3.60E-05   3.30E-05   2.90E-05   2.70E-05   2.40E-05   
6535   0.00E+00   1.10E-04   1.10E-04   1.10E-04   1.10E-04   1.10E-04   1.10E-04   1.10E-04   1.10E-04   1.10E-04   1.10E-04   9.80E-05   8.90E-05   8.00E-05   7.30E-05   6.60E-05   5.90E-05   5.40E-05   4.90E-05   4.40E-05   4.00E-05   3.60E-05   3.30E-05   3.00E-05   2.70E-05   2.40E-05   
6536   0.00E+00   1.10E-04   1.10E-04   1.10E-04   1.10E-04   1.10E-04   1.10E-04   1.10E-04   1.10E-04   1.10E-04   1.10E-04   9.80E-05   8.90E-05   8.00E-05   7.30E-05   6.60E-05   6.00E-05   5.40E-05   4.90E-05   4.40E-05   4.00E-05   3.60E-05   3.30E-05   3.00E-05   2.70E-05   2.40E-05   
6537   0.00E+00   1.10E-04   1.10E-04   1.10E-04   1.10E-04   1.10E-04   1.10E-04   1.10E-04   1.10E-04   1.10E-04   1.10E-04   9.80E-05   8.90E-05   8.00E-05   7.30E-05   6.60E-05   6.00E-05   5.40E-05   4.90E-05   4.40E-05   4.00E-05   3.60E-05   3.30E-05   3.00E-05   2.70E-05   2.40E-05   
6538   0.00E+00   1.10E-04   1.10E-04   1.10E-04   1.10E-04   1.10E-04   1.10E-04   1.10E-04   1.10E-04   1.10E-04   1.10E-04   9.80E-05   8.90E-05   8.10E-05   7.30E-05   6.60E-05   6.00E-05   5.40E-05   4.90E-05   4.40E-05   4.00E-05   3.60E-05   3.30E-05   3.00E-05   2.70E-05   2.40E-05   
6539   0.00E+00   1.10E-04   1.10E-04   1.10E-04   1.10E-04   1.10E-04   1.10E-04   1.10E-04   1.10E-04   1.10E-04   1.10E-04   9.90E-05   8.90E-05   8.10E-05   7.30E-05   6.60E-05   6.00E-05   5.40E-05   4.90E-05   4.40E-05   4.00E-05   3.60E-05   3.30E-05   3.00E-05   2.70E-05   2.40E-05   
6540   0.00E+00   1.10E-04   1.10E-04   1.10E-04   1.10E-04   1.10E-04   1.10E-04   1.10E-04   1.10E-04   1.10E-04   1.10E-04   9.90E-05   8.90E-05   8.10E-05   7.30E-05   6.60E-05   6.00E-05   5.40E-05   4.90E-05   4.40E-05   4.00E-05   3.60E-05   3.30E-05   3.00E-05   2.70E-05   2.40E-05   
6541   0.00E+00   1.10E-04   1.10E-04   1.10E-04   1.10E-04   1.10E-04   1.10E-04   1.10E-04   1.10E-04   1.10E-04   1.10E-04   9.90E-05   9.00E-05   8.10E-05   7.30E-05   6.60E-05   6.00E-05   5.40E-05   4.90E-05   4.50E-05   4.00E-05   3.60E-05   3.30E-05   3.00E-05   2.70E-05   2.40E-05   
6542   0.00E+00   1.10E-04   1.10E-04   1.10E-04   1.10E-04   1.10E-04   1.10E-04   1.10E-04   1.10E-04   1.10E-04   1.10E-04   9.90E-05   9.00E-05   8.10E-05   7.40E-05   6.70E-05   6.00E-05   5.40E-05   4.90E-05   4.50E-05   4.00E-05   3.70E-05   3.30E-05   3.00E-05   2.70E-05   2.40E-05   
6543   0.00E+00   1.10E-04   1.10E-04   1.10E-04   1.10E-04   1.10E-04   1.10E-04   1.10E-04   1.10E-04   1.10E-04   1.10E-04   9.90E-05   9.00E-05   8.10E-05   7.40E-05   6.70E-05   6.00E-05   5.50E-05   4.90E-05   4.50E-05   4.00E-05   3.70E-05   3.30E-05   3.00E-05   2.70E-05   2.50E-05   
6544   0.00E+00   1.10E-04   1.10E-04   1.10E-04   1.10E-04   1.10E-04   1.10E-04   1.10E-04   1.10E-04   1.10E-04   1.10E-04   1.00E-04   9.00E-05   8.10E-05   7.40E-05   6.70E-05   6.00E-05   5.50E-05   4.90E-05   4.50E-05   4.00E-05   3.70E-05   3.30E-05   3.00E-05   2.70E-05   2.50E-05   
6545   0.00E+00   1.10E-04   1.10E-04   1.10E-04   1.10E-04   1.10E-04   1.10E-04   1.10E-04   1.10E-04   1.10E-04   1.10E-04   1.00E-04   9.00E-05   8.20E-05   7.40E-05   6.70E-05   6.00E-05   5.50E-05   5.00E-05   4.50E-05   4.10E-05   3.70E-05   3.30E-05   3.00E-05   2.70E-05   2.50E-05   
6546   0.00E+00   1.10E-04   1.10E-04   1.10E-04   1.10E-04   1.10E-04   1.10E-04   1.10E-04   1.10E-04   1.10E-04   1.10E-04   1.00E-04   9.00E-05   8.20E-05   7.40E-05   6.70E-05   6.10E-05   5.50E-05   5.00E-05   4.50E-05   4.10E-05   3.70E-05   3.30E-05   3.00E-05   2.70E-05   2.50E-05   
6547   0.00E+00   1.10E-04   1.10E-04   1.10E-04   1.10E-04   1.10E-04   1.10E-04   1.10E-04   1.10E-04   1.10E-04   1.10E-04   1.00E-04   9.10E-05   8.20E-05   7.40E-05   6.70E-05   6.10E-05   5.50E-05   5.00E-05   4.50E-05   4.10E-05   3.70E-05   3.30E-05   3.00E-05   2.70E-05   2.50E-05   
6548   0.00E+00   1.10E-04   1.10E-04   1.10E-04   1.10E-04   1.10E-04   1.10E-04   1.10E-04   1.10E-04   1.10E-04   1.10E-04   1.00E-04   9.10E-05   8.20E-05   7.40E-05   6.70E-05   6.10E-05   5.50E-05   5.00E-05   4.50E-05   4.10E-05   3.70E-05   3.30E-05   3.00E-05   2.70E-05   2.50E-05   
6549   0.00E+00   1.10E-04   1.10E-04   1.10E-04   1.10E-04   1.10E-04   1.10E-04   1.10E-04   1.10E-04   1.10E-04   1.10E-04   1.00E-04   9.10E-05   8.20E-05   7.40E-05   6.70E-05   6.10E-05   5.50E-05   5.00E-05   4.50E-05   4.10E-05   3.70E-05   3.30E-05   3.00E-05   2.70E-05   2.50E-05   
6550   0.00E+00   1.10E-04   1.10E-04   1.10E-04   1.10E-04   1.10E-04   1.10E-04   1.10E-04   1.10E-04   1.10E-04   1.10E-04   1.00E-04   9.10E-05   8.20E-05   7.50E-05   6.80E-05   6.10E-05   5.50E-05   5.00E-05   4.50E-05   4.10E-05   3.70E-05   3.40E-05   3.00E-05   2.70E-05   2.50E-05   
6551   0.00E+00   1.10E-04   1.10E-04   1.10E-04   1.10E-04   1.10E-04   1.10E-04   1.10E-04   1.10E-04   1.10E-04   1.10E-04   1.00E-04   9.10E-05   8.30E-05   7.50E-05   6.80E-05   6.10E-05   5.50E-05   5.00E-05   4.50E-05   4.10E-05   3.70E-05   3.40E-05   3.00E-05   2.80E-05   2.50E-05   
6552   0.00E+00   1.10E-04   1.10E-04   1.10E-04   1.10E-04   1.10E-04   1.10E-04   1.10E-04   1.10E-04   1.10E-04   1.10E-04   1.00E-04   9.20E-05   8.30E-05   7.50E-05   6.80E-05   6.10E-05   5.60E-05   5.00E-05   4.50E-05   4.10E-05   3.70E-05   3.40E-05   3.00E-05   2.80E-05   2.50E-05   
6553   0.00E+00   1.10E-04   1.10E-04   1.10E-04   1.10E-04   1.10E-04   1.10E-04   1.10E-04   1.10E-04   1.10E-04   1.10E-04   1.00E-04   9.20E-05   8.30E-05   7.50E-05   6.80E-05   6.10E-05   5.60E-05   5.00E-05   4.60E-05   4.10E-05   3.70E-05   3.40E-05   3.10E-05   2.80E-05   2.50E-05   
6554   0.00E+00   1.10E-04   1.10E-04   1.10E-04   1.10E-04   1.10E-04   1.10E-04   1.10E-04   1.10E-04   1.10E-04   1.10E-04   1.00E-04   9.20E-05   8.30E-05   7.50E-05   6.80E-05   6.20E-05   5.60E-05   5.00E-05   4.60E-05   4.10E-05   3.70E-05   3.40E-05   3.10E-05   2.80E-05   2.50E-05   
6555   0.00E+00   1.10E-04   1.10E-04   1.10E-04   1.10E-04   1.10E-04   1.10E-04   1.10E-04   1.10E-04   1.10E-04   1.10E-04   1.00E-04   9.20E-05   8.40E-05   7.60E-05   6.80E-05   6.20E-05   5.60E-05   5.10E-05   4.60E-05   4.10E-05   3.80E-05   3.40E-05   3.10E-05   2.80E-05   2.50E-05   
6556   0.00E+00   1.10E-04   1.10E-04   1.10E-04   1.10E-04   1.10E-04   1.10E-04   1.10E-04   1.10E-04   1.10E-04   1.10E-04   1.00E-04   9.30E-05   8.40E-05   7.60E-05   6.90E-05   6.20E-05   5.60E-05   5.10E-05   4.60E-05   4.20E-05   3.80E-05   3.40E-05   3.10E-05   2.80E-05   2.50E-05   
6557   0.00E+00   1.10E-04   1.10E-04   1.10E-04   1.10E-04   1.10E-04   1.10E-04   1.10E-04   1.10E-04   1.10E-04   1.10E-04   1.00E-04   9.30E-05   8.40E-05   7.60E-05   6.90E-05   6.20E-05   5.60E-05   5.10E-05   4.60E-05   4.20E-05   3.80E-05   3.40E-05   3.10E-05   2.80E-05   2.50E-05   
6558   0.00E+00   1.10E-04   1.10E-04   1.10E-04   1.10E-04   1.10E-04   1.10E-04   1.10E-04   1.10E-04   1.10E-04   1.10E-04   1.00E-04   9.30E-05   8.40E-05   7.60E-05   6.90E-05   6.20E-05   5.70E-05   5.10E-05   4.60E-05   4.20E-05   3.80E-05   3.40E-05   3.10E-05   2.80E-05   2.50E-05   
6559   0.00E+00   1.10E-04   1.10E-04   1.10E-04   1.10E-04   1.10E-04   1.10E-04   1.10E-04   1.10E-04   1.10E-04   1.10E-04   1.00E-04   9.40E-05   8.50E-05   7.70E-05   6.90E-05   6.30E-05   5.70E-05   5.10E-05   4.60E-05   4.20E-05   3.80E-05   3.40E-05   3.10E-05   2.80E-05   2.50E-05   
6560   0.00E+00   1.10E-04   1.10E-04   1.10E-04   1.10E-04   1.10E-04   1.10E-04   1.10E-04   1.10E-04   1.10E-04   1.10E-04   1.00E-04   9.40E-05   8.50E-05   7.70E-05   7.00E-05   6.30E-05   5.70E-05   5.20E-05   4.70E-05   4.20E-05   3.80E-05   3.50E-05   3.10E-05   2.80E-05   2.60E-05   
6561   0.00E+00   1.10E-04   1.10E-04   1.10E-04   1.10E-04   1.10E-04   1.10E-04   1.10E-04   1.10E-04   1.10E-04   1.10E-04   1.00E-04   9.40E-05   8.50E-05   7.70E-05   7.00E-05   6.30E-05   5.70E-05   5.20E-05   4.70E-05   4.20E-05   3.80E-05   3.50E-05   3.10E-05   2.80E-05   2.60E-05   
6562   0.00E+00   1.10E-04   1.10E-04   1.10E-04   1.10E-04   1.10E-04   1.10E-04   1.10E-04   1.10E-04   1.10E-04   1.10E-04   1.00E-04   9.40E-05   8.50E-05   7.70E-05   7.00E-05   6.30E-05   5.70E-05   5.20E-05   4.70E-05   4.20E-05   3.80E-05   3.50E-05   3.10E-05   2.80E-05   2.60E-05   
6563   0.00E+00   1.10E-04   1.10E-04   1.10E-04   1.10E-04   1.10E-04   1.10E-04   1.10E-04   1.10E-04   1.10E-04   1.10E-04   1.00E-04   9.50E-05   8.60E-05   7.80E-05   7.00E-05   6.40E-05   5.80E-05   5.20E-05   4.70E-05   4.30E-05   3.90E-05   3.50E-05   3.20E-05   2.90E-05   2.60E-05   
6564   0.00E+00   1.10E-04   1.10E-04   1.10E-04   1.10E-04   1.10E-04   1.10E-04   1.10E-04   1.10E-04   1.10E-04   1.10E-04   1.10E-04   9.50E-05   8.60E-05   7.80E-05   7.00E-05   6.40E-05   5.80E-05   5.20E-05   4.70E-05   4.30E-05   3.90E-05   3.50E-05   3.20E-05   2.90E-05   2.60E-05   
6565   0.00E+00   1.10E-04   1.10E-04   1.10E-04   1.10E-04   1.10E-04   1.10E-04   1.10E-04   1.10E-04   1.10E-04   1.10E-04   1.10E-04   9.50E-05   8.60E-05   7.80E-05   7.10E-05   6.40E-05   5.80E-05   5.20E-05   4.70E-05   4.30E-05   3.90E-05   3.50E-05   3.20E-05   2.90E-05   2.60E-05   
6566   0.00E+00   1.10E-04   1.10E-04   1.10E-04   1.10E-04   1.10E-04   1.10E-04   1.10E-04   1.10E-04   1.10E-04   1.10E-04   1.10E-04   9.60E-05   8.70E-05   7.80E-05   7.10E-05   6.40E-05   5.80E-05   5.20E-05   4.80E-05   4.30E-05   3.90E-05   3.50E-05   3.20E-05   2.90E-05   2.60E-05   
6567   0.00E+00   1.10E-04   1.10E-04   1.10E-04   1.10E-04   1.10E-04   1.10E-04   1.10E-04   1.10E-04   1.10E-04   1.10E-04   1.10E-04   9.60E-05   8.70E-05   7.90E-05   7.10E-05   6.40E-05   5.80E-05   5.30E-05   4.80E-05   4.30E-05   3.90E-05   3.50E-05   3.20E-05   2.90E-05   2.60E-05   
6568   0.00E+00   1.10E-04   1.10E-04   1.10E-04   1.10E-04   1.10E-04   1.10E-04   1.10E-04   1.10E-04   1.10E-04   1.10E-04   1.10E-04   9.60E-05   8.70E-05   7.90E-05   7.10E-05   6.40E-05   5.80E-05   5.30E-05   4.80E-05   4.30E-05   3.90E-05   3.50E-05   3.20E-05   2.90E-05   2.60E-05   
6569   0.00E+00   1.10E-04   1.10E-04   1.10E-04   1.10E-04   1.10E-04   1.10E-04   1.10E-04   1.10E-04   1.10E-04   1.10E-04   1.10E-04   9.60E-05   8.70E-05   7.90E-05   7.10E-05   6.50E-05   5.80E-05   5.30E-05   4.80E-05   4.30E-05   3.90E-05   3.50E-05   3.20E-05   2.90E-05   2.60E-05   
6570   0.00E+00   1.10E-04   1.10E-04   1.10E-04   1.10E-04   1.10E-04   1.10E-04   1.10E-04   1.10E-04   1.10E-04   1.10E-04   1.10E-04   9.70E-05   8.70E-05   7.90E-05   7.20E-05   6.50E-05   5.90E-05   5.30E-05   4.80E-05   4.30E-05   3.90E-05   3.60E-05   3.20E-05   2.90E-05   2.60E-05   
6571   0.00E+00   1.10E-04   1.10E-04   1.10E-04   1.10E-04   1.10E-04   1.10E-04   1.10E-04   1.10E-04   1.10E-04   1.10E-04   1.10E-04   9.70E-05   8.80E-05   7.90E-05   7.20E-05   6.50E-05   5.90E-05   5.30E-05   4.80E-05   4.40E-05   3.90E-05   3.60E-05   3.20E-05   2.90E-05   2.60E-05   
6572   0.00E+00   1.10E-04   1.10E-04   1.10E-04   1.10E-04   1.10E-04   1.10E-04   1.10E-04   1.10E-04   1.10E-04   1.10E-04   1.10E-04   9.70E-05   8.80E-05   8.00E-05   7.20E-05   6.50E-05   5.90E-05   5.30E-05   4.80E-05   4.40E-05   4.00E-05   3.60E-05   3.20E-05   2.90E-05   2.70E-05   
6573   0.00E+00   1.10E-04   1.10E-04   1.10E-04   1.10E-04   1.10E-04   1.10E-04   1.10E-04   1.10E-04   1.10E-04   1.10E-04   1.10E-04   9.80E-05   8.80E-05   8.00E-05   7.20E-05   6.50E-05   5.90E-05   5.40E-05   4.80E-05   4.40E-05   4.00E-05   3.60E-05   3.30E-05   2.90E-05   2.70E-05   
6574   0.00E+00   1.10E-04   1.10E-04   1.10E-04   1.10E-04   1.10E-04   1.10E-04   1.10E-04   1.10E-04   1.10E-04   1.10E-04   1.10E-04   9.80E-05   8.90E-05   8.00E-05   7.30E-05   6.60E-05   5.90E-05   5.40E-05   4.90E-05   4.40E-05   4.00E-05   3.60E-05   3.30E-05   3.00E-05   2.70E-05   
6575   0.00E+00   1.10E-04   1.10E-04   1.10E-04   1.10E-04   1.10E-04   1.10E-04   1.10E-04   1.10E-04   1.10E-04   1.10E-04   1.10E-04   9.80E-05   8.90E-05   8.00E-05   7.30E-05   6.60E-05   6.00E-05   5.40E-05   4.90E-05   4.40E-05   4.00E-05   3.60E-05   3.30E-05   3.00E-05   2.70E-05   
6576   0.00E+00   1.10E-04   1.10E-04   1.10E-04   1.10E-04   1.10E-04   1.10E-04   1.10E-04   1.10E-04   1.10E-04   1.10E-04   1.10E-04   9.90E-05   8.90E-05   8.10E-05   7.30E-05   6.60E-05   6.00E-05   5.40E-05   4.90E-05   4.40E-05   4.00E-05   3.60E-05   3.30E-05   3.00E-05   2.70E-05   
6577   0.00E+00   1.10E-04   1.10E-04   1.10E-04   1.10E-04   1.10E-04   1.10E-04   1.10E-04   1.10E-04   1.10E-04   1.10E-04   1.10E-04   9.90E-05   9.00E-05   8.10E-05   7.30E-05   6.60E-05   6.00E-05   5.40E-05   4.90E-05   4.40E-05   4.00E-05   3.60E-05   3.30E-05   3.00E-05   2.70E-05   
6578   0.00E+00   1.10E-04   1.10E-04   1.10E-04   1.10E-04   1.10E-04   1.10E-04   1.10E-04   1.10E-04   1.10E-04   1.10E-04   1.10E-04   9.90E-05   9.00E-05   8.10E-05   7.40E-05   6.70E-05   6.00E-05   5.50E-05   4.90E-05   4.50E-05   4.00E-05   3.70E-05   3.30E-05   3.00E-05   2.70E-05   
6579   0.00E+00   1.10E-04   1.10E-04   1.10E-04   1.10E-04   1.10E-04   1.10E-04   1.10E-04   1.10E-04   1.10E-04   1.10E-04   1.10E-04   1.00E-04   9.00E-05   8.20E-05   7.40E-05   6.70E-05   6.00E-05   5.50E-05   4.90E-05   4.50E-05   4.10E-05   3.70E-05   3.30E-05   3.00E-05   2.70E-05   
6580   0.00E+00   1.10E-04   1.10E-04   1.10E-04   1.10E-04   1.10E-04   1.10E-04   1.10E-04   1.10E-04   1.10E-04   1.10E-04   1.10E-04   1.00E-04   9.00E-05   8.20E-05   7.40E-05   6.70E-05   6.10E-05   5.50E-05   5.00E-05   4.50E-05   4.10E-05   3.70E-05   3.30E-05   3.00E-05   2.70E-05   
6581   0.00E+00   1.10E-04   1.10E-04   1.10E-04   1.10E-04   1.10E-04   1.10E-04   1.10E-04   1.10E-04   1.10E-04   1.10E-04   1.10E-04   1.00E-04   9.10E-05   8.20E-05   7.40E-05   6.70E-05   6.10E-05   5.50E-05   5.00E-05   4.50E-05   4.10E-05   3.70E-05   3.30E-05   3.00E-05   2.70E-05   
6582   0.00E+00   1.10E-04   1.10E-04   1.10E-04   1.10E-04   1.10E-04   1.10E-04   1.10E-04   1.10E-04   1.10E-04   1.10E-04   1.10E-04   1.00E-04   9.10E-05   8.20E-05   7.50E-05   6.70E-05   6.10E-05   5.50E-05   5.00E-05   4.50E-05   4.10E-05   3.70E-05   3.30E-05   3.00E-05   2.70E-05   
6583   0.00E+00   1.10E-04   1.10E-04   1.10E-04   1.10E-04   1.10E-04   1.10E-04   1.10E-04   1.10E-04   1.10E-04   1.10E-04   1.10E-04   1.00E-04   9.10E-05   8.30E-05   7.50E-05   6.80E-05   6.10E-05   5.50E-05   5.00E-05   4.50E-05   4.10E-05   3.70E-05   3.40E-05   3.00E-05   2.70E-05   
6584   0.00E+00   1.10E-04   1.10E-04   1.10E-04   1.10E-04   1.10E-04   1.10E-04   1.10E-04   1.10E-04   1.10E-04   1.10E-04   1.10E-04   1.00E-04   9.20E-05   8.30E-05   7.50E-05   6.80E-05   6.10E-05   5.50E-05   5.00E-05   4.50E-05   4.10E-05   3.70E-05   3.40E-05   3.00E-05   2.80E-05   
6585   0.00E+00   1.10E-04   1.10E-04   1.10E-04   1.10E-04   1.10E-04   1.10E-04   1.10E-04   1.10E-04   1.10E-04   1.10E-04   1.10E-04   1.00E-04   9.20E-05   8.30E-05   7.50E-05   6.80E-05   6.10E-05   5.60E-05   5.00E-05   4.60E-05   4.10E-05   3.70E-05   3.40E-05   3.10E-05   2.80E-05   
6586   0.00E+00   1.10E-04   1.10E-04   1.10E-04   1.10E-04   1.10E-04   1.10E-04   1.10E-04   1.10E-04   1.10E-04   1.10E-04   1.10E-04   1.00E-04   9.20E-05   8.30E-05   7.50E-05   6.80E-05   6.20E-05   5.60E-05   5.00E-05   4.60E-05   4.10E-05   3.70E-05   3.40E-05   3.10E-05   2.80E-05   
6587   0.00E+00   1.10E-04   1.10E-04   1.10E-04   1.10E-04   1.10E-04   1.10E-04   1.10E-04   1.10E-04   1.10E-04   1.10E-04   1.10E-04   1.00E-04   9.20E-05   8.30E-05   7.60E-05   6.80E-05   6.20E-05   5.60E-05   5.10E-05   4.60E-05   4.10E-05   3.80E-05   3.40E-05   3.10E-05   2.80E-05   
6588   0.00E+00   1.10E-04   1.10E-04   1.10E-04   1.10E-04   1.10E-04   1.10E-04   1.10E-04   1.10E-04   1.10E-04   1.10E-04   1.10E-04   1.00E-04   9.20E-05   8.40E-05   7.60E-05   6.90E-05   6.20E-05   5.60E-05   5.10E-05   4.60E-05   4.20E-05   3.80E-05   3.40E-05   3.10E-05   2.80E-05   
6589   0.00E+00   1.10E-04   1.10E-04   1.10E-04   1.10E-04   1.10E-04   1.10E-04   1.10E-04   1.10E-04   1.10E-04   1.10E-04   1.10E-04   1.00E-04   9.30E-05   8.40E-05   7.60E-05   6.90E-05   6.20E-05   5.60E-05   5.10E-05   4.60E-05   4.20E-05   3.80E-05   3.40E-05   3.10E-05   2.80E-05   
6590   0.00E+00   1.10E-04   1.10E-04   1.10E-04   1.10E-04   1.10E-04   1.10E-04   1.10E-04   1.10E-04   1.10E-04   1.10E-04   1.10E-04   1.00E-04   9.30E-05   8.40E-05   7.60E-05   6.90E-05   6.20E-05   5.60E-05   5.10E-05   4.60E-05   4.20E-05   3.80E-05   3.40E-05   3.10E-05   2.80E-05   
6591   0.00E+00   1.10E-04   1.10E-04   1.10E-04   1.10E-04   1.10E-04   1.10E-04   1.10E-04   1.10E-04   1.10E-04   1.10E-04   1.10E-04   1.00E-04   9.30E-05   8.40E-05   7.60E-05   6.90E-05   6.20E-05   5.70E-05   5.10E-05   4.60E-05   4.20E-05   3.80E-05   3.40E-05   3.10E-05   2.80E-05   
6592   0.00E+00   1.10E-04   1.10E-04   1.10E-04   1.10E-04   1.10E-04   1.10E-04   1.10E-04   1.10E-04   1.10E-04   1.10E-04   1.10E-04   1.00E-04   9.30E-05   8.50E-05   7.70E-05   6.90E-05   6.30E-05   5.70E-05   5.10E-05   4.60E-05   4.20E-05   3.80E-05   3.40E-05   3.10E-05   2.80E-05   
6593   0.00E+00   1.10E-04   1.10E-04   1.10E-04   1.10E-04   1.10E-04   1.10E-04   1.10E-04   1.10E-04   1.10E-04   1.10E-04   1.10E-04   1.00E-04   9.40E-05   8.50E-05   7.70E-05   6.90E-05   6.30E-05   5.70E-05   5.10E-05   4.70E-05   4.20E-05   3.80E-05   3.50E-05   3.10E-05   2.80E-05   
6594   0.00E+00   1.10E-04   1.10E-04   1.10E-04   1.10E-04   1.10E-04   1.10E-04   1.10E-04   1.10E-04   1.10E-04   1.10E-04   1.10E-04   1.00E-04   9.40E-05   8.50E-05   7.70E-05   7.00E-05   6.30E-05   5.70E-05   5.20E-05   4.70E-05   4.20E-05   3.80E-05   3.50E-05   3.10E-05   2.80E-05   
6595   0.00E+00   1.10E-04   1.10E-04   1.10E-04   1.10E-04   1.10E-04   1.10E-04   1.10E-04   1.10E-04   1.10E-04   1.10E-04   1.10E-04   1.00E-04   9.50E-05   8.60E-05   7.70E-05   7.00E-05   6.30E-05   5.70E-05   5.20E-05   4.70E-05   4.20E-05   3.80E-05   3.50E-05   3.10E-05   2.80E-05   
6596   0.00E+00   1.10E-04   1.10E-04   1.10E-04   1.10E-04   1.10E-04   1.10E-04   1.10E-04   1.10E-04   1.10E-04   1.10E-04   1.10E-04   1.10E-04   9.50E-05   8.60E-05   7.80E-05   7.00E-05   6.40E-05   5.80E-05   5.20E-05   4.70E-05   4.30E-05   3.90E-05   3.50E-05   3.20E-05   2.90E-05   
6597   0.00E+00   1.10E-04   1.10E-04   1.10E-04   1.10E-04   1.10E-04   1.10E-04   1.10E-04   1.10E-04   1.10E-04   1.10E-04   1.10E-04   1.10E-04   9.60E-05   8.60E-05   7.80E-05   7.10E-05   6.40E-05   5.80E-05   5.20E-05   4.70E-05   4.30E-05   3.90E-05   3.50E-05   3.20E-05   2.90E-05   
6598   0.00E+00   1.10E-04   1.10E-04   1.10E-04   1.10E-04   1.10E-04   1.10E-04   1.10E-04   1.10E-04   1.10E-04   1.10E-04   1.10E-04   1.10E-04   9.60E-05   8.70E-05   7.90E-05   7.10E-05   6.40E-05   5.80E-05   5.30E-05   4.80E-05   4.30E-05   3.90E-05   3.50E-05   3.20E-05   2.90E-05   
6599   0.00E+00   1.10E-04   1.10E-04   1.10E-04   1.10E-04   1.10E-04   1.10E-04   1.10E-04   1.10E-04   1.10E-04   1.10E-04   1.10E-04   1.10E-04   9.60E-05   8.70E-05   7.90E-05   7.10E-05   6.50E-05   5.90E-05   5.30E-05   4.80E-05   4.30E-05   3.90E-05   3.50E-05   3.20E-05   2.90E-05   
6600   0.00E+00   1.10E-04   1.10E-04   1.10E-04   1.10E-04   1.10E-04   1.10E-04   1.10E-04   1.10E-04   1.10E-04   1.10E-04   1.10E-04   1.10E-04   9.70E-05   8.80E-05   7.90E-05   7.20E-05   6.50E-05   5.90E-05   5.30E-05   4.80E-05   4.40E-05   3.90E-05   3.60E-05   3.20E-05   2.90E-05   
6601   0.00E+00   1.10E-04   1.10E-04   1.10E-04   1.10E-04   1.10E-04   1.10E-04   1.10E-04   1.10E-04   1.10E-04   1.10E-04   1.10E-04   1.10E-04   9.70E-05   8.80E-05   8.00E-05   7.20E-05   6.50E-05   5.90E-05   5.30E-05   4.80E-05   4.40E-05   4.00E-05   3.60E-05   3.20E-05   2.90E-05   
6602   0.00E+00   1.10E-04   1.10E-04   1.10E-04   1.10E-04   1.10E-04   1.10E-04   1.10E-04   1.10E-04   1.10E-04   1.10E-04   1.10E-04   1.10E-04   9.80E-05   8.80E-05   8.00E-05   7.20E-05   6.60E-05   5.90E-05   5.40E-05   4.90E-05   4.40E-05   4.00E-05   3.60E-05   3.30E-05   2.90E-05   
6603   0.00E+00   1.10E-04   1.10E-04   1.10E-04   1.10E-04   1.10E-04   1.10E-04   1.10E-04   1.10E-04   1.10E-04   1.10E-04   1.10E-04   1.10E-04   9.80E-05   8.90E-05   8.00E-05   7.30E-05   6.60E-05   6.00E-05   5.40E-05   4.90E-05   4.40E-05   4.00E-05   3.60E-05   3.30E-05   3.00E-05   
6604   0.00E+00   1.10E-04   1.10E-04   1.10E-04   1.10E-04   1.10E-04   1.10E-04   1.10E-04   1.10E-04   1.10E-04   1.10E-04   1.10E-04   1.10E-04   9.90E-05   8.90E-05   8.10E-05   7.30E-05   6.60E-05   6.00E-05   5.40E-05   4.90E-05   4.40E-05   4.00E-05   3.60E-05   3.30E-05   3.00E-05   
6605   0.00E+00   1.10E-04   1.10E-04   1.10E-04   1.10E-04   1.10E-04   1.10E-04   1.10E-04   1.10E-04   1.10E-04   1.10E-04   1.10E-04   1.10E-04   9.90E-05   9.00E-05   8.10E-05   7.30E-05   6.60E-05   6.00E-05   5.40E-05   4.90E-05   4.50E-05   4.00E-05   3.60E-05   3.30E-05   3.00E-05   
6606   0.00E+00   1.10E-04   1.10E-04   1.10E-04   1.10E-04   1.10E-04   1.10E-04   1.10E-04   1.10E-04   1.10E-04   1.10E-04   1.10E-04   1.10E-04   1.00E-04   9.00E-05   8.10E-05   7.40E-05   6.70E-05   6.00E-05   5.50E-05   4.90E-05   4.50E-05   4.00E-05   3.70E-05   3.30E-05   3.00E-05   
6607   0.00E+00   1.10E-04   1.10E-04   1.10E-04   1.10E-04   1.10E-04   1.10E-04   1.10E-04   1.10E-04   1.10E-04   1.10E-04   1.10E-04   1.10E-04   1.00E-04   9.00E-05   8.20E-05   7.40E-05   6.70E-05   6.10E-05   5.50E-05   5.00E-05   4.50E-05   4.10E-05   3.70E-05   3.30E-05   3.00E-05   
6608   0.00E+00   1.10E-04   1.10E-04   1.10E-04   1.10E-04   1.10E-04   1.10E-04   1.10E-04   1.10E-04   1.10E-04   1.10E-04   1.10E-04   1.10E-04   1.00E-04   9.10E-05   8.20E-05   7.40E-05   6.70E-05   6.10E-05   5.50E-05   5.00E-05   4.50E-05   4.10E-05   3.70E-05   3.30E-05   3.00E-05   
6609   0.00E+00   1.10E-04   1.10E-04   1.10E-04   1.10E-04   1.10E-04   1.10E-04   1.10E-04   1.10E-04   1.10E-04   1.10E-04   1.10E-04   1.10E-04   1.00E-04   9.10E-05   8.30E-05   7.50E-05   6.80E-05   6.10E-05   5.50E-05   5.00E-05   4.50E-05   4.10E-05   3.70E-05   3.40E-05   3.00E-05   
6610   0.00E+00   1.10E-04   1.10E-04   1.10E-04   1.10E-04   1.10E-04   1.10E-04   1.10E-04   1.10E-04   1.10E-04   1.10E-04   1.10E-04   1.10E-04   1.00E-04   9.20E-05   8.30E-05   7.50E-05   6.80E-05   6.10E-05   5.60E-05   5.00E-05   4.60E-05   4.10E-05   3.70E-05   3.40E-05   3.10E-05   
6611   0.00E+00   1.10E-04   1.10E-04   1.10E-04   1.10E-04   1.10E-04   1.10E-04   1.10E-04   1.10E-04   1.10E-04   1.10E-04   1.10E-04   1.10E-04   1.00E-04   9.20E-05   8.30E-05   7.50E-05   6.80E-05   6.20E-05   5.60E-05   5.10E-05   4.60E-05   4.10E-05   3.70E-05   3.40E-05   3.10E-05   
6612   0.00E+00   1.10E-04   1.10E-04   1.10E-04   1.10E-04   1.10E-04   1.10E-04   1.10E-04   1.10E-04   1.10E-04   1.10E-04   1.10E-04   1.10E-04   1.00E-04   9.30E-05   8.40E-05   7.60E-05   6.90E-05   6.20E-05   5.60E-05   5.10E-05   4.60E-05   4.20E-05   3.80E-05   3.40E-05   3.10E-05   
6613   0.00E+00   1.10E-04   1.10E-04   1.10E-04   1.10E-04   1.10E-04   1.10E-04   1.10E-04   1.10E-04   1.10E-04   1.10E-04   1.10E-04   1.10E-04   1.00E-04   9.30E-05   8.40E-05   7.60E-05   6.90E-05   6.20E-05   5.60E-05   5.10E-05   4.60E-05   4.20E-05   3.80E-05   3.40E-05   3.10E-05   
6614   0.00E+00   1.10E-04   1.10E-04   1.10E-04   1.10E-04   1.10E-04   1.10E-04   1.10E-04   1.10E-04   1.10E-04   1.10E-04   1.10E-04   1.10E-04   1.00E-04   9.40E-05   8.50E-05   7.70E-05   6.90E-05   6.30E-05   5.70E-05   5.10E-05   4.60E-05   4.20E-05   3.80E-05   3.40E-05   3.10E-05   
6615   0.00E+00   1.10E-04   1.10E-04   1.10E-04   1.10E-04   1.10E-04   1.10E-04   1.10E-04   1.10E-04   1.10E-04   1.10E-04   1.10E-04   1.10E-04   1.00E-04   9.40E-05   8.50E-05   7.70E-05   7.00E-05   6.30E-05   5.70E-05   5.20E-05   4.70E-05   4.20E-05   3.80E-05   3.50E-05   3.10E-05   
6616   0.00E+00   1.10E-04   1.10E-04   1.10E-04   1.10E-04   1.10E-04   1.10E-04   1.10E-04   1.10E-04   1.10E-04   1.10E-04   1.10E-04   1.10E-04   1.00E-04   9.50E-05   8.60E-05   7.70E-05   7.00E-05   6.30E-05   5.70E-05   5.20E-05   4.70E-05   4.30E-05   3.80E-05   3.50E-05   3.10E-05   
6617   0.00E+00   1.10E-04   1.10E-04   1.10E-04   1.10E-04   1.10E-04   1.10E-04   1.10E-04   1.10E-04   1.10E-04   1.10E-04   1.10E-04   1.10E-04   1.10E-04   9.50E-05   8.60E-05   7.80E-05   7.10E-05   6.40E-05   5.80E-05   5.20E-05   4.70E-05   4.30E-05   3.90E-05   3.50E-05   3.20E-05   
6618   0.00E+00   1.10E-04   1.10E-04   1.10E-04   1.10E-04   1.10E-04   1.10E-04   1.10E-04   1.10E-04   1.10E-04   1.10E-04   1.10E-04   1.10E-04   1.10E-04   9.60E-05   8.70E-05   7.80E-05   7.10E-05   6.40E-05   5.80E-05   5.30E-05   4.80E-05   4.30E-05   3.90E-05   3.50E-05   3.20E-05   
6619   0.00E+00   1.10E-04   1.10E-04   1.10E-04   1.10E-04   1.10E-04   1.10E-04   1.10E-04   1.10E-04   1.10E-04   1.10E-04   1.10E-04   1.10E-04   1.10E-04   9.60E-05   8.70E-05   7.90E-05   7.10E-05   6.50E-05   5.90E-05   5.30E-05   4.80E-05   4.30E-05   3.90E-05   3.50E-05   3.20E-05   
6620   0.00E+00   1.10E-04   1.10E-04   1.10E-04   1.10E-04   1.10E-04   1.10E-04   1.10E-04   1.10E-04   1.10E-04   1.10E-04   1.10E-04   1.10E-04   1.10E-04   9.70E-05   8.80E-05   7.90E-05   7.20E-05   6.50E-05   5.90E-05   5.30E-05   4.80E-05   4.40E-05   3.90E-05   3.60E-05   3.20E-05   
6621   0.00E+00   1.10E-04   1.10E-04   1.10E-04   1.10E-04   1.10E-04   1.10E-04   1.10E-04   1.10E-04   1.10E-04   1.10E-04   1.10E-04   1.10E-04   1.10E-04   9.80E-05   8.80E-05   8.00E-05   7.20E-05   6.50E-05   5.90E-05   5.40E-05   4.90E-05   4.40E-05   4.00E-05   3.60E-05   3.30E-05   
6622   0.00E+00   1.10E-04   1.10E-04   1.10E-04   1.10E-04   1.10E-04   1.10E-04   1.10E-04   1.10E-04   1.10E-04   1.10E-04   1.10E-04   1.10E-04   1.10E-04   9.80E-05   8.90E-05   8.10E-05   7.30E-05   6.60E-05   6.00E-05   5.40E-05   4.90E-05   4.40E-05   4.00E-05   3.60E-05   3.30E-05   
6623   0.00E+00   1.10E-04   1.10E-04   1.10E-04   1.10E-04   1.10E-04   1.10E-04   1.10E-04   1.10E-04   1.10E-04   1.10E-04   1.10E-04   1.10E-04   1.10E-04   9.90E-05   9.00E-05   8.10E-05   7.30E-05   6.60E-05   6.00E-05   5.40E-05   4.90E-05   4.40E-05   4.00E-05   3.60E-05   3.30E-05   
6624   0.00E+00   1.10E-04   1.10E-04   1.10E-04   1.10E-04   1.10E-04   1.10E-04   1.10E-04   1.10E-04   1.10E-04   1.10E-04   1.10E-04   1.10E-04   1.10E-04   1.00E-04   9.00E-05   8.20E-05   7.40E-05   6.70E-05   6.00E-05   5.50E-05   4.90E-05   4.50E-05   4.00E-05   3.70E-05   3.30E-05   
6625   0.00E+00   1.10E-04   1.10E-04   1.10E-04   1.10E-04   1.10E-04   1.10E-04   1.10E-04   1.10E-04   1.10E-04   1.10E-04   1.10E-04   1.10E-04   1.10E-04   1.00E-04   9.10E-05   8.20E-05   7.40E-05   6.70E-05   6.10E-05   5.50E-05   5.00E-05   4.50E-05   4.10E-05   3.70E-05   3.30E-05   
6626   0.00E+00   1.10E-04   1.10E-04   1.10E-04   1.10E-04   1.10E-04   1.10E-04   1.10E-04   1.10E-04   1.10E-04   1.10E-04   1.10E-04   1.10E-04   1.10E-04   1.00E-04   9.10E-05   8.30E-05   7.50E-05   6.80E-05   6.10E-05   5.50E-05   5.00E-05   4.50E-05   4.10E-05   3.70E-05   3.40E-05   
6627   0.00E+00   1.10E-04   1.10E-04   1.10E-04   1.10E-04   1.10E-04   1.10E-04   1.10E-04   1.10E-04   1.10E-04   1.10E-04   1.10E-04   1.10E-04   1.10E-04   1.00E-04   9.20E-05   8.30E-05   7.50E-05   6.80E-05   6.10E-05   5.60E-05   5.00E-05   4.60E-05   4.10E-05   3.70E-05   3.40E-05   
6628   0.00E+00   1.10E-04   1.10E-04   1.10E-04   1.10E-04   1.10E-04   1.10E-04   1.10E-04   1.10E-04   1.10E-04   1.10E-04   1.10E-04   1.10E-04   1.10E-04   1.00E-04   9.20E-05   8.40E-05   7.60E-05   6.80E-05   6.20E-05   5.60E-05   5.10E-05   4.60E-05   4.10E-05   3.80E-05   3.40E-05   
6629   0.00E+00   1.10E-04   1.10E-04   1.10E-04   1.10E-04   1.10E-04   1.10E-04   1.10E-04   1.10E-04   1.10E-04   1.10E-04   1.10E-04   1.10E-04   1.10E-04   1.00E-04   9.30E-05   8.40E-05   7.60E-05   6.90E-05   6.20E-05   5.60E-05   5.10E-05   4.60E-05   4.20E-05   3.80E-05   3.40E-05   
6630   0.00E+00   1.10E-04   1.10E-04   1.10E-04   1.10E-04   1.10E-04   1.10E-04   1.10E-04   1.10E-04   1.10E-04   1.10E-04   1.10E-04   1.10E-04   1.10E-04   1.00E-04   9.30E-05   8.40E-05   7.60E-05   6.90E-05   6.30E-05   5.70E-05   5.10E-05   4.60E-05   4.20E-05   3.80E-05   3.40E-05   
6631   0.00E+00   1.10E-04   1.10E-04   1.10E-04   1.10E-04   1.10E-04   1.10E-04   1.10E-04   1.10E-04   1.10E-04   1.10E-04   1.10E-04   1.10E-04   1.10E-04   1.00E-04   9.40E-05   8.50E-05   7.70E-05   7.00E-05   6.30E-05   5.70E-05   5.10E-05   4.70E-05   4.20E-05   3.80E-05   3.50E-05   
6632   0.00E+00   1.10E-04   1.10E-04   1.10E-04   1.10E-04   1.10E-04   1.10E-04   1.10E-04   1.10E-04   1.10E-04   1.10E-04   1.10E-04   1.10E-04   1.10E-04   1.00E-04   9.40E-05   8.50E-05   7.70E-05   7.00E-05   6.30E-05   5.70E-05   5.20E-05   4.70E-05   4.20E-05   3.80E-05   3.50E-05   
6633   0.00E+00   1.10E-04   1.10E-04   1.10E-04   1.10E-04   1.10E-04   1.10E-04   1.10E-04   1.10E-04   1.10E-04   1.10E-04   1.10E-04   1.10E-04   1.10E-04   1.00E-04   9.50E-05   8.60E-05   7.80E-05   7.00E-05   6.40E-05   5.80E-05   5.20E-05   4.70E-05   4.30E-05   3.90E-05   3.50E-05   
6634   0.00E+00   1.10E-04   1.10E-04   1.10E-04   1.10E-04   1.10E-04   1.10E-04   1.10E-04   1.10E-04   1.10E-04   1.10E-04   1.10E-04   1.10E-04   1.10E-04   1.10E-04   9.50E-05   8.60E-05   7.80E-05   7.10E-05   6.40E-05   5.80E-05   5.20E-05   4.70E-05   4.30E-05   3.90E-05   3.50E-05   
6635   0.00E+00   1.10E-04   1.10E-04   1.10E-04   1.10E-04   1.10E-04   1.10E-04   1.10E-04   1.10E-04   1.10E-04   1.10E-04   1.10E-04   1.10E-04   1.10E-04   1.10E-04   9.60E-05   8.70E-05   7.90E-05   7.10E-05   6.40E-05   5.80E-05   5.30E-05   4.80E-05   4.30E-05   3.90E-05   3.50E-05   
6636   0.00E+00   1.10E-04   1.10E-04   1.10E-04   1.10E-04   1.10E-04   1.10E-04   1.10E-04   1.10E-04   1.10E-04   1.10E-04   1.10E-04   1.10E-04   1.10E-04   1.10E-04   9.70E-05   8.80E-05   7.90E-05   7.20E-05   6.50E-05   5.90E-05   5.30E-05   4.80E-05   4.30E-05   3.90E-05   3.60E-05   
6637   0.00E+00   1.10E-04   1.10E-04   1.10E-04   1.10E-04   1.10E-04   1.10E-04   1.10E-04   1.10E-04   1.10E-04   1.10E-04   1.10E-04   1.10E-04   1.10E-04   1.10E-04   9.80E-05   8.80E-05   8.00E-05   7.20E-05   6.50E-05   5.90E-05   5.40E-05   4.80E-05   4.40E-05   4.00E-05   3.60E-05   
6638   0.00E+00   1.10E-04   1.10E-04   1.10E-04   1.10E-04   1.10E-04   1.10E-04   1.10E-04   1.10E-04   1.10E-04   1.10E-04   1.10E-04   1.10E-04   1.10E-04   1.10E-04   9.80E-05   8.90E-05   8.10E-05   7.30E-05   6.60E-05   6.00E-05   5.40E-05   4.90E-05   4.40E-05   4.00E-05   3.60E-05   
6639   0.00E+00   1.10E-04   1.10E-04   1.10E-04   1.10E-04   1.10E-04   1.10E-04   1.10E-04   1.10E-04   1.10E-04   1.10E-04   1.10E-04   1.10E-04   1.10E-04   1.10E-04   9.90E-05   9.00E-05   8.10E-05   7.30E-05   6.60E-05   6.00E-05   5.40E-05   4.90E-05   4.50E-05   4.00E-05   3.60E-05   
6640   0.00E+00   1.10E-04   1.10E-04   1.10E-04   1.10E-04   1.10E-04   1.10E-04   1.10E-04   1.10E-04   1.10E-04   1.10E-04   1.10E-04   1.10E-04   1.10E-04   1.10E-04   1.00E-04   9.00E-05   8.20E-05   7.40E-05   6.70E-05   6.10E-05   5.50E-05   5.00E-05   4.50E-05   4.10E-05   3.70E-05   
6641   0.00E+00   1.10E-04   1.10E-04   1.10E-04   1.10E-04   1.10E-04   1.10E-04   1.10E-04   1.10E-04   1.10E-04   1.10E-04   1.10E-04   1.10E-04   1.10E-04   1.10E-04   1.00E-04   9.10E-05   8.20E-05   7.40E-05   6.70E-05   6.10E-05   5.50E-05   5.00E-05   4.50E-05   4.10E-05   3.70E-05   
6642   0.00E+00   1.10E-04   1.10E-04   1.10E-04   1.10E-04   1.10E-04   1.10E-04   1.10E-04   1.10E-04   1.10E-04   1.10E-04   1.10E-04   1.10E-04   1.10E-04   1.10E-04   1.00E-04   9.20E-05   8.30E-05   7.50E-05   6.80E-05   6.10E-05   5.60E-05   5.00E-05   4.50E-05   4.10E-05   3.70E-05   
6643   0.00E+00   1.10E-04   1.10E-04   1.10E-04   1.10E-04   1.10E-04   1.10E-04   1.10E-04   1.10E-04   1.10E-04   1.10E-04   1.10E-04   1.10E-04   1.10E-04   1.10E-04   1.00E-04   9.20E-05   8.30E-05   7.50E-05   6.80E-05   6.20E-05   5.60E-05   5.10E-05   4.60E-05   4.10E-05   3.70E-05   
6644   0.00E+00   1.10E-04   1.10E-04   1.10E-04   1.10E-04   1.10E-04   1.10E-04   1.10E-04   1.10E-04   1.10E-04   1.10E-04   1.10E-04   1.10E-04   1.10E-04   1.10E-04   1.00E-04   9.30E-05   8.40E-05   7.60E-05   6.90E-05   6.20E-05   5.60E-05   5.10E-05   4.60E-05   4.20E-05   3.80E-05   
6645   0.00E+00   1.10E-04   1.10E-04   1.10E-04   1.10E-04   1.10E-04   1.10E-04   1.10E-04   1.10E-04   1.10E-04   1.10E-04   1.10E-04   1.10E-04   1.10E-04   1.10E-04   1.00E-04   9.30E-05   8.50E-05   7.60E-05   6.90E-05   6.30E-05   5.70E-05   5.10E-05   4.60E-05   4.20E-05   3.80E-05   
6646   0.00E+00   1.10E-04   1.10E-04   1.10E-04   1.10E-04   1.10E-04   1.10E-04   1.10E-04   1.10E-04   1.10E-04   1.10E-04   1.10E-04   1.10E-04   1.10E-04   1.10E-04   1.00E-04   9.40E-05   8.50E-05   7.70E-05   7.00E-05   6.30E-05   5.70E-05   5.20E-05   4.70E-05   4.20E-05   3.80E-05   
6647   0.00E+00   1.10E-04   1.10E-04   1.10E-04   1.10E-04   1.10E-04   1.10E-04   1.10E-04   1.10E-04   1.10E-04   1.10E-04   1.10E-04   1.10E-04   1.10E-04   1.10E-04   1.00E-04   9.40E-05   8.50E-05   7.70E-05   7.00E-05   6.30E-05   5.70E-05   5.20E-05   4.70E-05   4.20E-05   3.80E-05   
6648   0.00E+00   1.10E-04   1.10E-04   1.10E-04   1.10E-04   1.10E-04   1.10E-04   1.10E-04   1.10E-04   1.10E-04   1.10E-04   1.10E-04   1.10E-04   1.10E-04   1.10E-04   1.00E-04   9.50E-05   8.60E-05   7.80E-05   7.00E-05   6.40E-05   5.80E-05   5.20E-05   4.70E-05   4.30E-05   3.90E-05   
6649   0.00E+00   1.10E-04   1.10E-04   1.10E-04   1.10E-04   1.10E-04   1.10E-04   1.10E-04   1.10E-04   1.10E-04   1.10E-04   1.10E-04   1.10E-04   1.10E-04   1.10E-04   1.10E-04   9.60E-05   8.60E-05   7.80E-05   7.10E-05   6.40E-05   5.80E-05   5.20E-05   4.70E-05   4.30E-05   3.90E-05   
6650   0.00E+00   1.10E-04   1.10E-04   1.10E-04   1.10E-04   1.10E-04   1.10E-04   1.10E-04   1.10E-04   1.10E-04   1.10E-04   1.10E-04   1.10E-04   1.10E-04   1.10E-04   1.10E-04   9.60E-05   8.70E-05   7.90E-05   7.10E-05   6.40E-05   5.80E-05   5.30E-05   4.80E-05   4.30E-05   3.90E-05   
6651   0.00E+00   1.10E-04   1.10E-04   1.10E-04   1.10E-04   1.10E-04   1.10E-04   1.10E-04   1.10E-04   1.10E-04   1.10E-04   1.10E-04   1.10E-04   1.10E-04   1.10E-04   1.10E-04   9.70E-05   8.70E-05   7.90E-05   7.20E-05   6.50E-05   5.90E-05   5.30E-05   4.80E-05   4.30E-05   3.90E-05   
6652   0.00E+00   1.10E-04   1.10E-04   1.10E-04   1.10E-04   1.10E-04   1.10E-04   1.10E-04   1.10E-04   1.10E-04   1.10E-04   1.10E-04   1.10E-04   1.10E-04   1.10E-04   1.10E-04   9.70E-05   8.80E-05   8.00E-05   7.20E-05   6.50E-05   5.90E-05   5.30E-05   4.80E-05   4.40E-05   4.00E-05   
6653   0.00E+00   1.10E-04   1.10E-04   1.10E-04   1.10E-04   1.10E-04   1.10E-04   1.10E-04   1.10E-04   1.10E-04   1.10E-04   1.10E-04   1.10E-04   1.10E-04   1.10E-04   1.10E-04   9.80E-05   8.90E-05   8.00E-05   7.30E-05   6.60E-05   5.90E-05   5.40E-05   4.90E-05   4.40E-05   4.00E-05   
6654   0.00E+00   1.10E-04   1.10E-04   1.10E-04   1.10E-04   1.10E-04   1.10E-04   1.10E-04   1.10E-04   1.10E-04   1.10E-04   1.10E-04   1.10E-04   1.10E-04   1.10E-04   1.10E-04   9.90E-05   8.90E-05   8.10E-05   7.30E-05   6.60E-05   6.00E-05   5.40E-05   4.90E-05   4.40E-05   4.00E-05   
6655   0.00E+00   1.10E-04   1.10E-04   1.10E-04   1.10E-04   1.10E-04   1.10E-04   1.10E-04   1.10E-04   1.10E-04   1.10E-04   1.10E-04   1.10E-04   1.10E-04   1.10E-04   1.10E-04   9.90E-05   9.00E-05   8.10E-05   7.40E-05   6.70E-05   6.00E-05   5.40E-05   4.90E-05   4.50E-05   4.00E-05   
6656   0.00E+00   1.10E-04   1.10E-04   1.10E-04   1.10E-04   1.10E-04   1.10E-04   1.10E-04   1.10E-04   1.10E-04   1.10E-04   1.10E-04   1.10E-04   1.10E-04   1.10E-04   1.10E-04   1.00E-04   9.00E-05   8.20E-05   7.40E-05   6.70E-05   6.10E-05   5.50E-05   5.00E-05   4.50E-05   4.10E-05   
6657   0.00E+00   1.10E-04   1.10E-04   1.10E-04   1.10E-04   1.10E-04   1.10E-04   1.10E-04   1.10E-04   1.10E-04   1.10E-04   1.10E-04   1.10E-04   1.10E-04   1.10E-04   1.10E-04   1.00E-04   9.10E-05   8.20E-05   7.40E-05   6.70E-05   6.10E-05   5.50E-05   5.00E-05   4.50E-05   4.10E-05   
6658   0.00E+00   1.10E-04   1.10E-04   1.10E-04   1.10E-04   1.10E-04   1.10E-04   1.10E-04   1.10E-04   1.10E-04   1.10E-04   1.10E-04   1.10E-04   1.10E-04   1.10E-04   1.10E-04   1.00E-04   9.10E-05   8.30E-05   7.50E-05   6.80E-05   6.10E-05   5.50E-05   5.00E-05   4.50E-05   4.10E-05   
6659   0.00E+00   1.10E-04   1.10E-04   1.10E-04   1.10E-04   1.10E-04   1.10E-04   1.10E-04   1.10E-04   1.10E-04   1.10E-04   1.10E-04   1.10E-04   1.10E-04   1.10E-04   1.10E-04   1.00E-04   9.20E-05   8.30E-05   7.50E-05   6.80E-05   6.10E-05   5.60E-05   5.00E-05   4.60E-05   4.10E-05   
6660   0.00E+00   1.10E-04   1.10E-04   1.10E-04   1.10E-04   1.10E-04   1.10E-04   1.10E-04   1.10E-04   1.10E-04   1.10E-04   1.10E-04   1.10E-04   1.10E-04   1.10E-04   1.10E-04   1.00E-04   9.20E-05   8.30E-05   7.50E-05   6.80E-05   6.20E-05   5.60E-05   5.10E-05   4.60E-05   4.10E-05   
6661   0.00E+00   1.10E-04   1.10E-04   1.10E-04   1.10E-04   1.10E-04   1.10E-04   1.10E-04   1.10E-04   1.10E-04   1.10E-04   1.10E-04   1.10E-04   1.10E-04   1.10E-04   1.10E-04   1.00E-04   9.30E-05   8.40E-05   7.60E-05   6.90E-05   6.20E-05   5.60E-05   5.10E-05   4.60E-05   4.20E-05   
6662   0.00E+00   1.10E-04   1.10E-04   1.10E-04   1.10E-04   1.10E-04   1.10E-04   1.10E-04   1.10E-04   1.10E-04   1.10E-04   1.10E-04   1.10E-04   1.10E-04   1.10E-04   1.10E-04   1.00E-04   9.30E-05   8.40E-05   7.60E-05   6.90E-05   6.20E-05   5.60E-05   5.10E-05   4.60E-05   4.20E-05   
6663   0.00E+00   1.10E-04   1.10E-04   1.10E-04   1.10E-04   1.10E-04   1.10E-04   1.10E-04   1.10E-04   1.10E-04   1.10E-04   1.10E-04   1.10E-04   1.10E-04   1.10E-04   1.10E-04   1.00E-04   9.30E-05   8.50E-05   7.60E-05   6.90E-05   6.30E-05   5.70E-05   5.10E-05   4.60E-05   4.20E-05   
6664   0.00E+00   1.10E-04   1.10E-04   1.10E-04   1.10E-04   1.10E-04   1.10E-04   1.10E-04   1.10E-04   1.10E-04   1.10E-04   1.10E-04   1.10E-04   1.10E-04   1.10E-04   1.10E-04   1.00E-04   9.40E-05   8.50E-05   7.70E-05   7.00E-05   6.30E-05   5.70E-05   5.10E-05   4.70E-05   4.20E-05   
6665   0.00E+00   1.10E-04   1.10E-04   1.10E-04   1.10E-04   1.10E-04   1.10E-04   1.10E-04   1.10E-04   1.10E-04   1.10E-04   1.10E-04   1.10E-04   1.10E-04   1.10E-04   1.10E-04   1.00E-04   9.40E-05   8.50E-05   7.70E-05   7.00E-05   6.30E-05   5.70E-05   5.20E-05   4.70E-05   4.20E-05   