1
 20.2099
 20.2093
 20.2088
 20.2082
 20.2075
 20.207
 20.2063
 20.2058
 20.2051
 20.2045
 20.204
 20.2033
 20.2029
 20.2022
 20.2015
 20.201
 20.2003
 20.1998
 20.1991
 20.1985
 20.1979
 20.1974
 20.1967
 20.1961
 20.1955
 20.195
 20.1941
 20.1938
 20.1932
 20.1925
 20.1919
 20.1913
 20.1907
 20.19
 20.1896
 20.1889
 20.1883
 20.1877
 20.187
 20.1865
 20.1859
 20.1853
 20.1846
 20.1842
 20.1836
 20.1829
 20.1824
 20.1818
 20.1811
 20.1804
 20.1798
 20.1794
 20.1787
 20.1781
 20.1774
 20.177
 20.1762
 20.1757
 20.175
 20.1745
 20.1739
 20.1733
 20.1727
 20.172
 20.1714
 20.1709
 20.1703
 20.1697
 20.1691
 20.1686
 20.1679
 20.1673
 20.1667
 20.166
 20.1655
 20.1649
 20.1642
 20.1637
 20.163
 20.1624
 20.1618
 20.1612
 20.1606
 20.1601
 20.1595
 20.1588
 20.1582
 20.1577
 20.157
 20.1564
 20.1559
 20.1552
 20.1546
 20.154
 20.1535
 20.1528
 20.1522
 20.1516
 20.151
 20.1505
 20.1499
 20.1492
 20.1486
 20.148
 20.1473
 20.1469
 20.1462
 20.1456
 20.145
 20.1444
 20.1438
 20.1432
 20.1425
 20.142
 20.1414
 20.1407
 20.1402
 20.1396
 20.139
 20.1384
 20.1376
 20.1372
 20.1367
 20.136
 20.1354
 20.1348
 20.1341
 20.1336
 20.133
 20.1324
 20.1318
 20.1313
 20.1305
 20.1301
 20.1293
 20.1288
 20.1282
 20.1276
 20.127
 20.1265
 20.1258
 20.1251
 20.1246
 20.124
 20.1233
 20.1229
 20.1221
 20.1215
 20.1209
 20.1204
 20.1198
 20.119
 20.1185
 20.118
 20.1175
 20.1168
 20.1161
 20.1156
 20.115
 20.1143
 20.1137
 20.1131
 20.1126
 20.1118
 20.1112
 20.1107
 20.1101
 20.1096
 20.1088
 20.1084
 20.1078
 20.1071
 20.1066
 20.106
 20.1053
 20.1046
 20.1041
 20.1036
 20.1029
 20.1022
 20.1018
 20.1011
 20.1004
 20.0999
 20.0994
 20.0987
 20.0982
 20.0975
 20.097
 20.0963
 20.0958
 20.095
 20.0946
 20.094
 20.0928
 20.0918
 20.0907
 20.0896
 20.0886
 20.0875
 20.0864
 20.0854
 20.0843
 20.0831
 20.0821
 20.081
 20.08
 20.0788
 20.0777
 20.0767
 20.0756
 20.0745
 20.0734
 20.0723
 20.0713
 20.0701
 20.0693
 20.068
 20.067
 20.0659
 20.0649
 20.0638
 20.0626
 20.0616
 20.0605
 20.0594
 20.0583
 20.0572
 20.0562
 20.0552
 20.054
 20.0529
 20.052
 20.0509
 20.0497
 20.0486
 20.0476
 20.0465
 20.0454
 20.0443
 20.0433
 20.0421
 20.041
 20.04
 20.0388
 20.0379
 20.0367
 20.0357
 20.0348
 20.0336
 20.0325
 20.0315
 20.0304
 20.0292
 20.0281
 20.0273
 20.026
 20.025
 20.0238
 20.0228
 20.0218
 20.0205
 20.0196
 20.0185
 20.0175
 20.0163
 20.0153
 20.0142
 20.0131
 20.0121
 20.0109
 20.0099
 20.0088
 20.0077
 20.0066
 20.0055
 20.0045
 20.0033
 20.0022
 20.0013
 20.0001
 19.9992
 19.998
 19.9969
 19.9959
 19.9948
 19.9937
 19.9926
 19.9915
 19.9905
 19.9893
 19.9885
 19.9874
 19.9864
 19.9855
 19.9845
 19.9837
 19.9825
 19.9817
 19.9807
 19.9797
 19.9786
 19.9776
 19.9767
 19.9757
 19.9746
 19.9736
 19.9728
 19.9717
 19.9707
 19.9698
 19.9689
 19.968
 19.967
 19.9658
 19.965
 19.9639
 19.9629
 19.9619
 19.9609
 19.96
 19.959
 19.958
 19.957
 19.956
 19.955
 19.954
 19.953
 19.9522
 19.951
 19.9501
 19.9491
 19.9481
 19.9472
 19.9461
 19.9453
 19.9441
 19.9432
 19.9422
 19.9412
 19.9403
 19.9393
 19.9383
 19.9374
 19.9365
 19.9354
 19.9344
 19.9334
 19.9324
 19.9314
 19.9304
 19.9295
 19.9285
 19.9275
 19.9265
 19.9256
 19.9245
 19.9236
 19.9225
 19.9217
 19.9206
 19.9197
 19.9187
 19.9177
 19.9166
 19.9158
 19.9148
 19.9139
 19.9127
 19.9119
 19.9108
 19.9099
 19.9088
 19.9078
 19.907
 19.9059
 19.905
 19.904
 19.9031
 19.902
 19.901
 19.9001
 19.899
 19.8981
 19.8971
 19.896
 19.8951
 19.8942
 19.8931
 19.8921
 19.8911
 19.8902
 19.8891
 19.8883
 19.8873
 19.8863
 19.8852
 19.8844
 19.8833
 19.8824
 19.8814
 19.8803
 19.8793
 19.8783
 19.8774
 19.8763
 19.8755
 19.8744
 19.8734
 19.8725
 19.8716
 19.8706
 19.8695
 19.8686
 19.8676
 19.8666
 19.8656
 19.8645
 19.8637
 19.8627
 19.8616
 19.8607
 19.8597
 19.8587
 19.8577
 19.8568
 19.8559
 19.8549
 19.854
 19.8528
 19.8519
 19.851
 19.8499
 19.849
 19.8482
 19.8473
 19.8466
 19.8458
 19.8451
 19.8442
 19.8436
 19.8426
 19.842
 19.8412
 19.8404
 19.8396
 19.8388
 19.838
 19.8372
 19.8365
 19.8358
 19.8348
 19.8342
 19.8333
 19.8326
 19.8318
 19.831
 19.8302
 19.8294
 19.8288
 19.8279
 19.827
 19.8264
 19.8256
 19.8247
 19.824
 19.8232
 19.8224
 19.8217
 19.8209
 19.8201
 19.8193
 19.8186
 19.8177
 19.817
 19.8163
 19.8154
 19.8147
 19.8139
 19.813
 19.8123
 19.8117
 19.8108
 19.81
 19.8092
 19.8084
 19.8077
 19.8069
 19.8062
 19.8054
 19.8046
 19.8038
 19.803
 19.8024
 19.8015
 19.8007
 19.8
 19.7991
 19.7984
 19.7976
 19.7969
 19.796
 19.7952
 19.7945
 19.7937
 19.7929
 19.7921
 19.7914
 19.7906
 19.7898
 19.789
 19.7883
 19.7876
 19.7866
 19.786
 19.785
 19.7844
 19.7834
 19.7828
 19.782
 19.7813
 19.7804
 19.7797
 19.7789
 19.7781
 19.7773
 19.7766
 19.7758
 19.775
 19.7741
 19.7734
 19.7727
 19.7719
 19.7711
 19.7705
 19.7695
 19.7688
 19.7681
 19.7672
 19.7665
 19.7657
 19.7649
 19.7642
 19.7633
 19.7626
 19.7618
 19.761
 19.7602
 19.7596
 19.7587
 19.758
 19.7572
 19.7565
 19.7556
 19.7549
 19.754
 19.7533
 19.7525
 19.7518
 19.751
 19.7502
 19.7493
 19.7486
 19.7478
 19.747
 19.7463
 19.7455
 19.7447
 19.744
 19.7432
 19.7424
 19.7416
 19.7407
 19.74
 19.7392
 19.7386
 19.7377
 19.7369
 19.736
 19.7348
 19.7338
 19.7329
 19.7319
 19.7308
 19.7297
 19.7287
 19.7277
 19.7268
 19.7256
 19.7247
 19.7236
 19.7225
 19.7216
 19.7206
 19.7195
 19.7185
 19.7174
 19.7164
 19.7154
 19.7144
 19.7133
 19.7124
 19.7113
 19.7103
 19.7093
 19.7082
 19.7073
 19.7063
 19.7051
 19.7042
 19.7031
 19.7021
 19.701
 19.7
 19.6991
 19.698
 19.697
 19.696
 19.6949
 19.694
 19.6928
 19.692
 19.6909
 19.6899
 19.6888
 19.6878
 19.6869
 19.6857
 19.6847
 19.6837
 19.6826
 19.6817
 19.6805
 19.6797
 19.6785
 19.6775
 19.6765
 19.6755
 19.6746
 19.6734
 19.6725
 19.6714
 19.6703
 19.6693
 19.6682
 19.6675
 19.6662
 19.6653
 19.6642
 19.6632
 19.6621
 19.6611
 19.66
 19.6592
 19.6581
 19.657
 19.656
 19.6551
 19.654
 19.6529
 19.652
 19.651
 19.65
 19.649
 19.6479
 19.6469
 19.6459
 19.6448
 19.6437
 19.6428
 19.6418
 19.6407
 19.6397
 19.6386
 19.6376
 19.6366
 19.6355
 19.6347
 19.6336
 19.6326
 19.6315
 19.6305
 19.6294
 19.6283
 19.6274
 19.6263
 19.6253
 19.6243
 19.6233
 19.6223
 19.6212
 19.6201
 19.6192
 19.6182
 19.6171
 19.6161
 19.615
 19.6142
 19.6129
 19.612
 19.611
 19.61
 19.609
 19.6079
 19.607
 19.606
 19.6049
 19.6039
 19.6028
 19.6019
 19.6008
 19.5998
 19.5987
 19.5978
 19.5966
 19.5956
 19.5948
 19.5935
 19.5926
 19.5916
 19.5905
 19.5895
 19.5882
 19.5869
 19.5856
 19.5843
 19.583
 19.5816
 19.5804
 19.579
 19.5778
 19.5763
 19.5751
 19.5739
 19.5724
 19.5711
 19.5699
 19.5685
 19.5672
 19.5658
 19.5646
 19.5634
 19.562
 19.5606
 19.5594
 19.558
 19.5568
 19.5554
 19.554
 19.5528
 19.5515
 19.5501
 19.549
 19.5475
 19.5462
 19.545
 19.5438
 19.5423
 19.5411
 19.5397
 19.5384
 19.5371
 19.5358
 19.5345
 19.5333
 19.5317
 19.5305
 19.5291
 19.528
 19.5266
 19.5253
 19.524
 19.5227
 19.5213
 19.52
 19.5188
 19.5173
 19.5161
 19.5148
 19.5134
 19.5123
 19.5108
 19.5096
 19.5081
 19.507
 19.5057
 19.5043
 19.503
 19.5017
 19.5004
 19.4991
 19.4977
 19.4965
 19.495
 19.4938
 19.4924
 19.4912
 19.4899
 19.4885
 19.4872
 19.486
 19.4846
 19.4834
 19.4821
 19.4808
 19.4794
 19.4781
 19.4767
 19.4755
 19.4741
 19.4728
 19.4715
 19.4702
 19.4688
 19.4676
 19.4662
 19.465
 19.4636
 19.4623
 19.461
 19.4597
 19.4584
 19.457
 19.4558
 19.4544
 19.4531
 19.4519
 19.4504
 19.4492
 19.4478
 19.4465
 19.4451
 19.4439
 19.4427
 19.4414
 19.44
 19.4388
 19.4374
 19.436
 19.4347
 19.4335
 19.4321
 19.4309
 19.4294
 19.4281
 19.4268
 19.4255
 19.4242
 19.423
 19.4217
 19.4203
 19.419
 19.4178
 19.4164
 19.4151
 19.4138
 19.4125
 19.4111
 19.4099
 19.4085
 19.4072
 19.4059
 19.4047
 19.4032
 19.402
 19.4007
 19.399
 19.3977
 19.3961
 19.3945
 19.393
 19.3916
 19.39
 19.3885
 19.387
 19.3855
 19.384
 19.3825
 19.381
 19.3796
 19.378
 19.3765
 19.375
 19.3734
 19.3719
 19.3704
 19.3689
 19.3674
 19.366
 19.3644
 19.3629
 19.3614
 19.3599
 19.3584
 19.3568
 19.3554
 19.3539
 19.3523
 19.3509
 19.3494
 19.3478
 19.3464
 19.3447
 19.3433
 19.3419
 19.3403
 19.3388
 19.3373
 19.3357
 19.3343
 19.3328
 19.3313
 19.3298
 19.3282
 19.3267
 19.3252
 19.3236
 19.3223
 19.3207
 19.3191
 19.3177
 19.3161
 19.3146
 19.3132
 19.3116
 19.31
 19.3086
 19.3071
 19.3055
 19.3041
 19.3025
 19.301
 19.2996
 19.298
 19.2966
 19.295
 19.2935
 19.292
 19.2904
 19.289
 19.2875
 19.2858
 19.2844
 19.283
 19.2814
 19.28
 19.2784
 19.2769
 19.2754
 19.2739
 19.2723
 19.271
 19.2694
 19.2679
 19.2664
 19.2649
 19.2634
 19.2619
 19.2603
 19.2589
 19.2573
 19.2558
 19.2545
 19.2535
 19.2521
 19.2509
 19.2497
 19.2485
 19.2473
 19.2459
 19.2447
 19.2436
 19.2421
 19.2412
 19.2398
 19.2388
 19.2374
 19.2362
 19.235
 19.2337
 19.2325
 19.2312
 19.23
 19.2287
 19.2276
 19.2265
 19.2251
 19.2239
 19.2227
 19.2215
 19.2202
 19.219
 19.2178
 19.2165
 19.2152
 19.2141
 19.2129
 19.2118
 19.2104
 19.2092
 19.208
 19.2067
 19.2056
 19.2043
 19.2032
 19.2019
 19.2005
 19.1996
 19.1983
 19.1971
 19.1957
 19.1946
 19.1934
 19.192
 19.1909
 19.1896
 19.1884
 19.1871
 19.1859
 19.1848
 19.1835
 19.1822
 19.1811
 19.1799
 19.1785
 19.1773
 19.176
 19.1748
 19.1737
 19.1724
 19.1712
 19.17
 19.1687
 19.1675
 19.1663
 19.1651
 19.1639
 19.1626
 19.1614
 19.1601
 19.159
 19.1578
 19.1565
 19.1552
 19.1542
 19.1528
 19.1516
 19.1503
 19.1492
 19.1478
 19.1467
 19.1455
 19.1443
 19.1431
 19.1419
 19.1406
 19.1395
 19.138
 19.137
 19.1357
 19.1345
 19.1332
 19.132
 19.1309
 19.1296
 19.1283
 19.1273
 19.126
 19.1246
 19.1235
 19.1223
 19.121
 19.1197
 19.1186
 19.1174
 19.1161
 19.1148
 19.1136
 19.1125
 19.1111
 19.11
 19.1087
 19.1075
 19.1063
 19.105
 19.1039
 19.1025
 19.1014
 19.1001
 19.0989
 19.0977
 19.0964
 19.0953
 19.0939
 19.0929
 19.0915
 19.0903
 19.0891
 19.0879
 19.0867
 19.0854
 19.0841
 19.083
 19.0818
 19.0805
 19.0793
 19.0783
 19.0768
 19.0758
 19.0744
 19.0733
 19.072
 19.0707
 19.0696
 19.0683
 19.0671
 19.0659
 19.0646
 19.0634
 19.0622
 19.061
 19.0597
 19.0586
 19.0572
 19.056
 19.0548
 19.0536
 19.0524
 19.0512
 19.0499
 19.0488
 19.0475
 19.0461
 19.045
 19.0439
 19.0426
 19.0412
 19.04
 19.0389
 19.0377
 19.0363
 19.0352
 19.034
 19.0326
 19.0316
 19.0303
 19.0291
 19.0278
 19.0266
 19.0255
 19.0241
 19.0229
 19.0218
 19.0205
 19.02
 19.0196
 19.0193
 19.0186
 19.0182
 19.0178
 19.0174
 19.017
 19.0166
 19.0162
 19.0155
 19.0151
 19.0148
 19.0144
 19.0139
 19.0133
 19.013
 19.0125
 19.0121
 19.0117
 19.0113
 19.0107
 19.0102
 19.0099
 19.0094
 19.009
 19.0086
 19.008
 19.0076
 19.0072
 19.0068
 19.0063
 19.0059
 19.0055
 19.005
 19.0045
 19.004
 19.0036
 19.0033
 19.0028
 19.0023
 19.0019
 19.0014
 19.001
 19.0005
 19.0001
 18.9997
 18.9992
 18.9988
 18.9984
 18.998
 18.9975
 18.997
 18.9966
 18.9961
 18.9958
 18.9953
 18.9948
 18.9943
 18.994
 18.9935
 18.9931
 18.9926
 18.9922
 18.9919
 18.9913
 18.9908
 18.9904
 18.99
 18.9894
 18.9891
 18.9887
 18.9883
 18.9878
 18.9872
 18.9869
 18.9864
 18.986
 18.9856
 18.9851
 18.9846
 18.984
 18.9838
 18.9834
 18.9829
 18.9825
 18.982
 18.9816
 18.981
 18.9808
 18.9801
 18.9799
 18.9793
 18.9788
 18.9785
 18.978
 18.9776
 18.9772
 18.9767
 18.9762
 18.9758
 18.9754
 18.9749
 18.9745
 18.974
 18.9735
 18.9731
 18.9728
 18.9723
 18.9718
 18.9713
 18.971
 18.9704
 18.97
 18.9696
 18.9691
 18.9688
 18.9683
 18.9679
 18.9675
 18.967
 18.9665
 18.966
 18.9657
 18.9652
 18.9648
 18.9643
 18.9639
 18.9634
 18.9629
 18.9626
 18.9621
 18.9617
 18.9612
 18.9608
 18.9603
 18.9599
 18.9594
 18.9589
 18.9586
 18.958
 18.9577
 18.9572
 18.9568
 18.9568
 18.9565
 18.9563
 18.9564
 18.9563
 18.9561
 18.956
 18.9558
 18.9557
 18.9557
 18.9555
 18.9554
 18.9553
 18.9551
 18.955
 18.955
 18.9548
 18.9549
 18.9545
 18.9545
 18.9544
 18.9541
 18.9542
 18.954
 18.9539
 18.9538
 18.9537
 18.9536
 18.9536
 18.9534
 18.9532
 18.9531
 18.953
 18.9529
 18.9529
 18.9527
 18.9525
 18.9524
 18.9523
 18.9523
 18.9521
 18.9519
 18.9519
 18.9518
 18.9516
 18.9515
 18.9515
 18.9512
 18.9508
 18.9503
 18.95
 18.9495
 18.949
 18.9487
 18.9482
 18.9478
 18.9475
 18.9469
 18.9465
 18.9461
 18.9457
 18.9452
 18.9447
 18.9443
 18.9439
 18.9434
 18.943
 18.9425
 18.9421
 18.9417
 18.9413
 18.9409
 18.9403
 18.9399
 18.9395
 18.939
 18.9386
 18.9382
 18.9378
 18.9372
 18.9369
 18.9365
 18.9361
 18.9355
 18.9352
 18.9347
 18.9343
 18.9339
 18.9334
 18.933
 18.9325
 18.9321
 18.9317
 18.9312
 18.9308
 18.9303
 18.93
 18.9294
 18.929
 18.9287
 18.9281
 18.9275
 18.9274
 18.9269
 18.9264
 18.926
 18.9256
 18.9251
 18.9246
 18.9242
 18.9239
 18.9233
 18.923
 18.9225
 18.922
 18.9216
 18.9212
 18.9207
 18.9203
 18.9199
 18.9193
 18.919
 18.9185
 18.9181
 18.9177
 18.9172
 18.9167
 18.9164
 18.9159
 18.9153
 18.915
 18.9146
 18.9141
 18.9137
 18.9133
 18.9129
 18.9124
 18.9119
 18.9117
 18.9111
 18.9107
 18.9102
 18.9098
 18.9092
 18.9089
 18.9084
 18.9081
 18.9076
 18.9071
 18.9068
 18.9062
 18.9058
 18.9054
 18.905
 18.9044
 18.9041
 18.9037
 18.9032
 18.9029
 18.9023
 18.9019
 18.9015
 18.901
 18.9006
 18.9001
 18.8996
 18.8992
 18.8989
 18.8985
 18.898
 18.8975
 18.8971
 18.8966
 18.8961
 18.8958
 18.8954
 18.8947
 18.8944
 18.894
 18.8937
 18.8931
 18.8927
 18.8923
 18.8918
 18.8913
 18.8909
 18.8905
 18.89
 18.8896
 18.8892
 18.8888
 18.8884
 18.8879
 18.8875
 18.887
 18.8865
 18.8862
 18.8857
 18.8853
 18.8849
 18.8844
 18.884
 18.8835
 18.8832
 18.8827
 18.8823
 18.8817
 18.8813
 18.8809
 18.8804
 18.8801
 18.8796
 18.8791
 18.8786
 18.8784
 18.8779
 18.8774
 18.877
 18.8765
 18.876
 18.8756
 18.8753
 18.8748
 18.8743
 18.8739
 18.8734
 18.873
 18.8727
 18.872
 18.8717
 18.8712
 18.8709
 18.8704
 18.87
 18.8695
 18.8691
 18.8686
 18.8681
 18.8678
 18.8673
 18.8671
 18.8669
 18.8666
 18.8663
 18.8662
 18.866
 18.8658
 18.8655
 18.8652
 18.8651
 18.8647
 18.8647
 18.8643
 18.8642
 18.864
 18.8637
 18.8635
 18.8634
 18.863
 18.8628
 18.8626
 18.8624
 18.862
 18.8619
 18.8616
 18.8614
 18.8612
 18.861
 18.8608
 18.8605
 18.8603
 18.86
 18.8598
 18.8596
 18.8593
 18.8591
 18.8589
 18.8587
 18.8584
 18.8582
 18.858
 18.8579
 18.8575
 18.8573
 18.857
 18.8569
 18.8565
 18.8564
 18.8561
 18.8559
 18.8557
 18.8554
 18.8552
 18.855
 18.8548
 18.8545
 18.8542
 18.8541
 18.8539
 18.8536
 18.8534
 18.8532
 18.8529
 18.8528
 18.8526
 18.8522
 18.852
 18.8518
 18.8516
 18.8514
 18.8513
 18.8509
 18.8508
 18.8505
 18.8502
 18.85
 18.8499
 18.8495
 18.8492
 18.8491
 18.849
 18.8486
 18.8484
 18.8482
 18.848
 18.8476
 18.8476
 18.8471
 18.847
 18.8468
 18.8466
 18.8463
 18.846
 18.846
 18.8456
 18.8453
 18.8451
 18.845
 18.8447
 18.8445
 18.8443
 18.844
 18.8439
 18.8436
 18.8434
 18.8432
 18.8428
 18.8426
 18.8424
 18.8422
 18.842
 18.8417
 18.8415
 18.8413
 18.8411
 18.8409
 18.8408
 18.8404
 18.84
 18.84
 18.8397
 18.8395
 18.8393
 18.8391
 18.8388
 18.8386
 18.8385
 18.8381
 18.838
 18.8377
 18.8375
 18.8371
 18.837
 18.8367
 18.8366
 18.8363
 18.8362
 18.8358
 18.8357
 18.8354
 18.8351
 18.835
 18.8348
 18.8343
 18.8342
 18.834
 18.8339
 18.8335
 18.8333
 18.8331
 18.8329
 18.8326
 18.8324
 18.8321
 18.8319
 18.8317
 18.8315
 18.8313
 18.8311
 18.8307
 18.8305
 18.8304
 18.8301
 18.8299
 18.8297
 18.8294
 18.8292
 18.829
 18.8289
 18.8287
 18.8283
 18.8281
 18.828
 18.8277
 18.8274
 18.8272
 18.8269
 18.8267
 18.8266
 18.8263
 18.8261
 18.8259
 18.8257
 18.8253
 18.8251
 18.8249
 18.8247
 18.8245
 18.8242
 18.824
 18.8239
 18.8234
 18.8233
 18.8231
 18.823
 18.8225
 18.8222
 18.8222
 18.8219
 18.8217
 18.8214
 18.8213
 18.8209
 18.8207
 18.8206
 18.8203
 18.82
 18.8198
 18.8196
 18.8194
 18.8191
 18.819
 18.8187
 18.8185
 18.8183
 18.8181
 18.8179
 18.8175
 18.8174
 18.8171
 18.8169
 18.8167
 18.8164
 18.8163
 18.8159
 18.8159
 18.8156
 18.8153
 18.8151
 18.8149
 18.8147
 18.8143
 18.8141
 18.814
 18.8138
 18.8135
 18.8131
 18.8131
 18.8128
 18.8125
 18.8129
 18.813
 18.8132
 18.8134
 18.8136
 18.8138
 18.8141
 18.8142
 18.8145
 18.8146
 18.8149
 18.8152
 18.8152
 18.8155
 18.8157
 18.816
 18.8161
 18.8164
 18.8165
 18.8169
 18.817
 18.8172
 18.8175
 18.8177
 18.8178
 18.8181
 18.8182
 18.8184
 18.8187
 18.819
 18.8191
 18.8194
 18.8196
 18.8197
 18.82
 18.8202
 18.8204
 18.8207
 18.8208
 18.8212
 18.8212
 18.8216
 18.8217
 18.822
 18.8221
 18.8223
 18.8225
 18.8228
 18.8231
 18.8236
 18.8241
 18.8245
 18.825
 18.8255
 18.8259
 18.8263
 18.8268
 18.8273
 18.8278
 18.8281
 18.8286
 18.8291
 18.8295
 18.83
 18.8305
 18.8309
 18.8313
 18.8319
 18.8322
 18.8327
 18.8331
 18.8336
 18.834
 18.8345
 18.8349
 18.8355
 18.8358
 18.8363
 18.8368
 18.8371
 18.8377
 18.8381
 18.8386
 18.839
 18.8395
 18.8399
 18.8404
 18.841
 18.8413
 18.8418
 18.8422
 18.8427
 18.843
 18.8436
 18.8441
 18.8445
 18.8451
 18.846
 18.8468
 18.8475
 18.8482
 18.849
 18.8498
 18.8505
 18.8513
 18.852
 18.8528
 18.8535
 18.8542
 18.855
 18.8558
 18.8565
 18.8572
 18.8581
 18.8588
 18.8595
 18.8604
 18.861
 18.8618
 18.8625
 18.8633
 18.864
 18.8648
 18.8657
 18.8663
 18.8672
 18.8679
 18.8687
 18.8694
 18.87
 18.871
 18.8716
 18.8723
 18.8731
 18.8739
 18.8747
 18.8754
 18.8761
 18.8769
 18.8777
 18.8785
 18.879
 18.8799
 18.8807
 18.8812
 18.8819
 18.8826
 18.8829
 18.8836
 18.8841
 18.8848
 18.8852
 18.8859
 18.8864
 18.8869
 18.8875
 18.8882
 18.8887
 18.8892
 18.8898
 18.8904
 18.8908
 18.8915
 18.8921
 18.8927
 18.8931
 18.8939
 18.8943
 18.895
 18.8955
 18.896
 18.8967
 18.8971
 18.8977
 18.8983
 18.8989
 18.8996
 18.9001
 18.9006
 18.9012
 18.9018
 18.9023
 18.903
 18.9034
 18.904
 18.9046
 18.9052
 18.9057
 18.9064
 18.9069
 18.9075
 18.908
 18.9087
 18.909
 18.9097
 18.9103
 18.911
 18.9114
 18.912
 18.9128
 18.913
 18.9137
 18.9143
 18.9149
 18.9154
 18.916
 18.9165
 18.917
 18.9177
 18.9183
 18.9188
 18.9195
 18.9201
 18.9206
 18.9211
 18.9217
 18.9223
 18.9229
 18.9235
 18.9239
 18.9246
 18.9251
 18.9257
 18.9262
 18.9269
 18.9272
 18.928
 18.9286
 18.9291
 18.9296
 18.9302
 18.9308
 18.9314
 18.9319
 18.9325
 18.9331
 18.9336
 18.9343
 18.9349
 18.9353
 18.936
 18.9365
 18.937
 18.9376
 18.9382
 18.9388
 18.9393
 18.9398
 18.9405
 18.9411
 18.9415
 18.9421
 18.9428
 18.9432
 18.9439
 18.9445
 18.945
 18.9456
 18.9462
 18.9468
 18.9474
 18.9478
 18.9484
 18.949
 18.9495
 18.9501
 18.9506
 18.9513
 18.9519
 18.9524
 18.953
 18.9535
 18.9541
 18.9548
 18.9553
 18.9559
 18.9565
 18.957
 18.9576
 18.9581
 18.9587
 18.9594
 18.9597
 18.9604
 18.9609
 18.9617
 18.962
 18.9627
 18.9632
 18.9638
 18.9644
 18.965
 18.9655
 18.966
 18.9666
 18.9672
 18.9678
 18.9683
 18.969
 18.9696
 18.97
 18.9708
 18.9712
 18.9717
 18.9724
 18.9729
 18.9734
 18.974
 18.9746
 18.9753
 18.9758
 18.9764
 18.9768
 18.9776
 18.978
 18.9786
 18.9792
 18.9798
 18.9802
 18.9809
 18.9815
 18.982
 18.9827
 18.9832
 18.9838
 18.9843
 18.9849
 18.9855
 18.986
 18.9865
 18.9872
 18.9878
 18.9883
 18.9889
 18.9894
 18.99
 18.9905
 18.9911
 18.9917
 18.9923
 18.9928
 18.9936
 18.9941
 18.9945
 18.9951
 18.9959
 18.9962
 18.9968
 18.9974
 18.998
 18.9986
 18.9992
 18.9997
 19.0003
 19.0008
 19.0014
 19.002
 19.0026
 19.003
 19.0036
 19.0041
 19.0049
 19.0053
 19.006
 19.0066
 19.007
 19.0076
 19.0083
 19.0089
 19.0094
 19.0099
 19.0105
 19.0111
 19.0116
 19.0123
 19.0128
 19.0132
 19.014
 19.0145
 19.015
 19.0156
 19.0163
 19.0167
 19.0174
 19.0173
 19.0169
 19.0168
 19.0166
 19.0164
 19.0162
 19.016
 19.0159
 19.0156
 19.0154
 19.0153
 19.0151
 19.0148
 19.0148
 19.0145
 19.0141
 19.0142
 19.0139
 19.0138
 19.0136
 19.0134
 19.0131
 19.0131
 19.0128
 19.0126
 19.0125
 19.0123
 19.012
 19.012
 19.0117
 19.0115
 19.0113
 19.0111
 19.011
 19.0108
 19.0105
 19.0105
 19.01
 19.01
 19.01
 19.0095
 19.0095
 19.0093
 19.009
 19.0089
 19.0087
 19.0086
 19.0083
 19.008
 19.008
 19.0079
 19.0074
 19.0075
 19.0071
 19.007
 19.0068
 19.0067
 19.0065
 19.0062
 19.006
 19.0059
 19.0056
 19.0056
 19.0052
 19.005
 19.0049
 19.0048
 19.0045
 19.0044
 19.0043
 19.004
 19.0038
 19.0037
 19.0034
 19.0031
 19.003
 19.0028
 19.0027
 19.0026
 19.0022
 19.0021
 19.002
 19.0018
 19.0015
 19.0013
 19.0012
 19.001
 19.0007
 19.0006
 19.0004
 19.0002
 19
 18.9999
 18.9997
 18.9995
 18.9993
 18.9991
 18.9989
 18.9989
 18.9986
 18.9985
 18.9982
 18.9982
 18.998
 18.9978
 18.9977
 18.9976
 18.9973
 18.9972
 18.9971
 18.9969
 18.9967
 18.9967
 18.9964
 18.9962
 18.996
 18.9958
 18.9958
 18.9957
 18.9954
 18.9953
 18.9952
 18.995
 18.9947
 18.9948
 18.9945
 18.9943
 18.9941
 18.994
 18.9937
 18.9937
 18.9936
 18.9935
 18.9931
 18.9932
 18.993
 18.9926
 18.9925
 18.9925
 18.9922
 18.992
 18.992
 18.9918
 18.9917
 18.9914
 18.9914
 18.991
 18.991
 18.9908
 18.9907
 18.9905
 18.9903
 18.99
 18.9901
 18.9899
 18.9897
 18.9895
 18.9893
 18.9892
 18.989
 18.9889
 18.9888
 18.9886
 18.9884
 18.9883
 18.9881
 18.9879
 18.9878
 18.9876
 18.9874
 18.9872
 18.9872
 18.9869
 18.9868
 18.9867
 18.9865
 18.9864
 18.9862
 18.986
 18.9858
 18.9856
 18.9855
 18.9854
 18.9852
 18.985
 18.9849
 18.9848
 18.9847
 18.9843
 18.9843
 18.9841
 18.984
 18.9838
 18.9836
 18.9834
 18.9833
 18.9832
 18.983
 18.9828
 18.9828
 18.9824
 18.9823
 18.9822
 18.982
 18.9818
 18.9817
 18.9816
 18.9814
 18.9812
 18.981
 18.981
 18.9807
 18.9805
 18.9804
 18.9803
 18.9801
 18.9799
 18.9799
 18.9796
 18.9795
 18.9793
 18.9791
 18.9789
 18.9789
 18.9787
 18.9785
 18.9782
 18.9783
 18.978
 18.9779
 18.9777
 18.9776
 18.9774
 18.9771
 18.9771
 18.9769
 18.9767
 18.9766
 18.9765
 18.9762
 18.9761
 18.976
 18.9759
 18.9758
 18.9753
 18.9753
 18.9751
 18.9749
 18.9748
 18.9747
 18.9745
 18.9744
 18.9742
 18.9741
 18.974
 18.9738
 18.9735
 18.9735
 18.9731
 18.973
 18.9729
 18.9727
 18.9725
 18.9725
 18.9724
 18.9721
 18.972
 18.9719
 18.9717
 18.9714
 18.9713
 18.9711
 18.9709
 18.9709
 18.9707
 18.9705
 18.9704
 18.9702
 18.97
 18.9699
 18.9699
 18.9695
 18.9694
 18.9692
 18.969
 18.969
 18.9688
 18.9687
 18.9684
 18.9682
 18.9681
 18.9679
 18.9678
 18.9676
 18.9674
 18.9674
 18.9672
 18.9669
 18.9668
 18.9667
 18.9665
 18.9663
 18.9661
 18.966
 18.9659
 18.9657
 18.9657
 18.9654
 18.9653
 18.9651
 18.965
 18.9647
 18.9645
 18.9644
 18.9642
 18.964
 18.9641
 18.9638
 18.9637
 18.9636
 18.9634
 18.963
 18.963
 18.9628
 18.9627
 18.9624
 18.9623
 18.9623
 18.962
 18.962
 18.9617
 18.9616
 18.9614
 18.9612
 18.961
 18.9609
 18.9608
 18.9605
 18.9605
 18.9603
 18.9601
 18.96
 18.96
 18.9595
 18.9595
 18.9592
 18.9592
 18.959
 18.9588
 18.9587
 18.9587
 18.9583
 18.9583
 18.9579
 18.9578
 18.9577
 18.9576
 18.9574
 18.9571
 18.9571
 18.957
 18.9568
 18.9566
 18.9565
 18.9563
 18.9561
 18.9559
 18.9557
 18.9557
 18.9555
 18.9553
 18.9551
 18.9551
 18.9549
 18.9546
 18.9545
 18.9544
 18.9541
 18.9541
 18.9539
 18.9537
 18.9535
 18.9535
 18.9533
 18.9527
 18.9525
 18.952
 18.9516
 18.9512
 18.9508
 18.9503
 18.9499
 18.9497
 18.9491
 18.949
 18.9483
 18.948
 18.9476
 18.9472
 18.9468
 18.9463
 18.946
 18.9455
 18.9451
 18.9448
 18.9444
 18.9439
 18.9435
 18.9432
 18.9427
 18.9422
 18.942
 18.9415
 18.941
 18.9407
 18.9403
 18.9398
 18.9395
 18.9391
 18.9387
 18.9383
 18.9377
 18.9375
 18.9369
 18.9367
 18.9363
 18.9359
 18.9353
 18.9351
 18.9346
 18.9342
 18.9339
 18.9332
 18.933
 18.9326
 18.9322
 18.9316
 18.9314
 18.931
 18.9305
 18.9301
 18.9297
 18.9292
 18.929
 18.9284
 18.928
 18.9276
 18.9273
 18.9269
 18.9265
 18.9262
 18.9257
 18.9252
 18.9248
 18.9244
 18.924
 18.9237
 18.9232
 18.9228
 18.9224
 18.922
 18.9217
 18.9212
 18.9208
 18.9204
 18.9199
 18.9195
 18.9191
 18.9187
 18.9185
 18.918
 18.9177
 18.9171
 18.9168
 18.9163
 18.916
 18.9155
 18.915
 18.9147
 18.9142
 18.914
 18.9138
 18.9135
 18.9132
 18.9129
 18.9125
 18.9121
 18.912
 18.9115
 18.9114
 18.9111
 18.9109
 18.9106
 18.9102
 18.91
 18.9096
 18.9093
 18.9091
 18.9088
 18.9084
 18.9082
 18.908
 18.9076
 18.9073
 18.9071
 18.9068
 18.9064
 18.9062
 18.9059
 18.9055
 18.9052
 18.905
 18.9047
 18.9045
 18.9041
 18.904
 18.9036
 18.9033
 18.9029
 18.9026
 18.9023
 18.9021
 18.9018
 18.9015
 18.9013
 18.901
 18.9007
 18.9005
 18.9
 18.8997
 18.8995
 18.8992
 18.8988
 18.8987
 18.8984
 18.898
 18.8978
 18.8975
 18.8972
 18.8969
 18.8966
 18.8964
 18.896
 18.8958
 18.8954
 18.8952
 18.8948
 18.8947
 18.8943
 18.894
 18.8936
 18.8933
 18.8931
 18.8928
 18.8925
 18.8922
 18.892
 18.8918
 18.8914
 18.8911
 18.8907
 18.8905
 18.8902
 18.89
 18.8897
 18.8893
 18.889
 18.8888
 18.8885
 18.8882
 18.888
 18.8876
 18.8872
 18.887
 18.8866
 18.8864
 18.8861
 18.886
 18.8858
 18.8857
 18.8855
 18.8851
 18.8849
 18.8848
 18.8845
 18.8842
 18.8841
 18.8838
 18.8837
 18.8835
 18.8833
 18.883
 18.8827
 18.8827
 18.8824
 18.8822
 18.882
 18.8816
 18.8815
 18.8812
 18.8812
 18.8809
 18.8807
 18.8805
 18.8803
 18.8801
 18.8799
 18.8795
 18.8794
 18.8791
 18.8788
 18.8787
 18.8786
 18.8784
 18.8782
 18.8779
 18.8778
 18.8775
 18.8772
 18.877
 18.8769
 18.8766
 18.8764
 18.8763
 18.8759
 18.8757
 18.8756
 18.8754
 18.875
 18.875
 18.8747
 18.8744
 18.8743
 18.874
 18.8739
 18.8737
 18.8735
 18.8732
 18.873
 18.8727
 18.8725
 18.8722
 18.8722
 18.8719
 18.8718
 18.8716
 18.8714
 18.871
 18.8708
 18.8708
 18.8703
 18.8701
 18.87
 18.8698
 18.8696
 18.8694
 18.8692
 18.8689
 18.8688
 18.8686
 18.8683
 18.868
 18.8679
 18.8676
 18.8673
 18.8672
 18.8671
 18.8669
 18.8667
 18.8664
 18.8662
 18.8659
 18.8655
 18.8648
 18.8642
 18.8638
 18.8633
 18.8627
 18.8623
 18.8617
 18.861
 18.8605
 18.86
 18.8594
 18.8589
 18.8585
 18.8578
 18.8573
 18.8569
 18.8563
 18.8557
 18.8552
 18.8547
 18.854
 18.8536
 18.853
 18.8524
 18.8519
 18.8516
 18.8509
 18.8502
 18.8498
 18.8493
 18.8487
 18.8482
 18.8476
 18.847
 18.8466
 18.846
 18.8455
 18.845
 18.8445
 18.8439
 18.8433
 18.8428
 18.8421
 18.8417
 18.8411
 18.8407
 18.84
 18.84
 18.8399
 18.8398
 18.8395
 18.8394
 18.8393
 18.8391
 18.839
 18.8389
 18.8386
 18.8386
 18.8385
 18.8383
 18.8382
 18.838
 18.838
 18.8378
 18.8377
 18.8375
 18.8374
 18.8372
 18.8371
 18.837
 18.8367
 18.8368
 18.8365
 18.8364
 18.8362
 18.8362
 18.836
 18.836
 18.8358
 18.8356
 18.8355
 18.8352
 18.8351
 18.835
 18.835
 18.8348
 18.8347
 18.8346
 18.8343
 18.8342
 18.8342
 18.834
 18.8339
 18.8337
 18.8336
 18.8334
 18.8332
 18.833
 18.833
 18.8329
 18.8326
 18.8326
 18.8324
 18.8324
 18.8322
 18.8322
 18.832
 18.8318
 18.8317
 18.8315
 18.8313
 18.8311
 18.831
 18.831
 18.8309
 18.8308
 18.8306
 18.8305
 18.8303
 18.8302
 18.83
 18.8298
 18.8297
 18.8296
 18.8295
 18.8293
 18.8292
 18.8291
 18.829
 18.8288
 18.8287
 18.8285
 18.8283
 18.8282
 18.8281
 18.828
 18.8279
 18.8277
 18.8276
 18.8274
 18.8273
 18.8271
 18.827
 18.8268
 18.8267
 18.8267
 18.8265
 18.8264
 18.8262
 18.8261
 18.826
 18.8259
 18.8257
 18.8254
 18.8253
 18.8252
 18.8252
 18.825
 18.825
 18.8248
 18.8245
 18.8243
 18.8242
 18.8241
 18.824
 18.8238
 18.8238
 18.8237
 18.8236
 18.8233
 18.8232
 18.823
 18.8229
 18.8228
 18.8227
 18.8225
 18.8224
 18.8223
 18.8221
 18.8221
 18.8219
 18.8218
 18.8216
 18.8214
 18.8213
 18.8211
 18.821
 18.8209
 18.8208
 18.8206
 18.8205
 18.8206
 18.8207
 18.8207
 18.8209
 18.8209
 18.821
 18.821
 18.821
 18.8211
 18.8213
 18.8212
 18.8213
 18.8214
 18.8216
 18.8216
 18.8217
 18.8218
 18.8219
 18.8218
 18.822
 18.822
 18.8221
 18.8222
 18.8222
 18.8223
 18.8225
 18.8226
 18.8226
 18.8226
 18.8227
 18.8228
 18.8229
 18.8231
 18.8231
 18.823
 18.8231
 18.8233
 18.8233
 18.8233
 18.8234
 18.8235
 18.8236
 18.8238
 18.8237
 18.8239
 18.8239
 18.8241
 18.8241
 18.8241
 18.8243
 18.8242
 18.8243
 18.8245
 18.8246
 18.8245
 18.8247
 18.8247
 18.8249
 18.825
 18.825
 18.825
 18.8251
 18.8252
 18.8253
 18.8254
 18.8255
 18.8254
 18.8254
 18.8257
 18.8258
 18.8258
 18.8257
 18.826
 18.826
 18.8261
 18.8262
 18.8263
 18.8263
 18.8264
 18.8266
 18.8265
 18.8267
 18.8267
 18.8267
 18.8268
 18.827
 18.8269
 18.827
 18.8271
 18.8272
 18.8273
 18.8274
 18.8274
 18.8275
 18.8276
 18.8276
 18.828
 18.8283
 18.8287
 18.8288
 18.8292
 18.8295
 18.8299
 18.83
 18.8306
 18.8309
 18.8311
 18.8315
 18.8317
 18.8321
 18.8323
 18.8328
 18.833
 18.8333
 18.8337
 18.834
 18.8341
 18.8346
 18.8349
 18.8352
 18.8356
 18.8359
 18.8361
 18.8365
 18.8368
 18.8371
 18.8372
 18.8376
 18.838
 18.8383
 18.8387
 18.839
 18.8392
 18.8396
 18.84
 18.8402
 18.8406
 18.8409
 18.8411
 18.8415
 18.8418
 18.8422
 18.8423
 18.8427
 18.8431
 18.8433
 18.8436
 18.8439
 18.8443
 18.8445
 18.845
 18.8453
 18.8456
 18.8459
 18.8462
 18.8466
 18.8468
 18.8471
 18.8473
 18.8476
 18.8481
 18.8485
 18.8487
 18.8491
 18.8493
 18.8497
 18.85
 18.8502
 18.8505
 18.851
 18.8512
 18.8516
 18.8519
 18.8521
 18.8525
 18.8527
 18.8531
 18.8535
 18.8537
 18.854
 18.8545
 18.8547
 18.855
 18.8553
 18.8557
 18.856
 18.8562
 18.8567
 18.8569
 18.8571
 18.8573
 18.8578
 18.8578
 18.858
 18.8579
 18.858
 18.858
 18.858
 18.858
 18.8581
 18.858
 18.8582
 18.8583
 18.8582
 18.8583
 18.8583
 18.8583
 18.8582
 18.8583
 18.8584
 18.8585
 18.8585
 18.8586
 18.8586
 18.8585
 18.8587
 18.8586
 18.8586
 18.8586
 18.8587
 18.8588
 18.8588
 18.8589
 18.859
 18.859
 18.859
 18.859
 18.859
 18.859
 18.8591
 18.859
 18.8591
 18.8591
 18.8592
 18.8592
 18.8591
 18.8593
 18.8593
 18.8594
 18.8593
 18.8595
 18.8597
 18.86
 18.86
 18.8601
 18.8603
 18.8602
 18.8604
 18.8606
 18.8608
 18.8609
 18.861
 18.8613
 18.8614
 18.8614
 18.8615
 18.8617
 18.8618
 18.862
 18.8622
 18.8623
 18.8623
 18.8624
 18.8627
 18.8628
 18.8629
 18.8631
 18.8632
 18.8633
 18.8636
 18.8636
 18.8637
 18.8638
 18.864
 18.8641
 18.8643
 18.8644
 18.8645
 18.8646
 18.8647
 18.865
 18.8651
 18.8651
 18.8654
 18.8656
 18.8658
 18.8659
 18.8659
 18.866
 18.8661
 18.8663
 18.8665
 18.8666
 18.8668
 18.8668
 18.867
 18.8672
 18.8672
 18.8673
 18.8676
 18.8676
 18.8679
 18.8679
 18.8681
 18.8682
 18.8683
 18.8685
 18.8687
 18.8688
 18.8689
 18.869
 18.8691
 18.8694
 18.8694
 18.8696
 18.8697
 18.8699
 18.87
 18.8701
 18.8702
 18.8703
 18.8705
 18.8706
 18.8708
 18.871
 18.871
 18.8712
 18.8712
 18.8714
 18.8717
 18.8717
 18.872
 18.8721
 18.8723
 18.8723
 18.8724
 18.8726
 18.8729
 18.873
 18.8733
 18.8736
 18.8738
 18.874
 18.8741
 18.8744
 18.8748
 18.8749
 18.8751
 18.8754
 18.8757
 18.8759
 18.876
 18.8763
 18.8765
 18.8767
 18.8769
 18.8772
 18.8775
 18.8777
 18.8779
 18.8781
 18.8783
 18.8786
 18.8787
 18.879
 18.8793
 18.8795
 18.8797
 18.8799
 18.8801
 18.8803
 18.8806
 18.8809
 18.8812
 18.8812
 18.8815
 18.8817
 18.882
 18.8822
 18.8824
 18.8826
 18.8829
 18.8831
 18.8833
 18.8837
 18.884
 18.8844
 18.8848
 18.8853
 18.8856
 18.886
 18.8864
 18.8868
 18.8871
 18.8875
 18.8879
 18.8882
 18.8886
 18.8891
 18.8894
 18.8898
 18.8901
 18.8905
 18.8909
 18.8913
 18.8918
 18.892
 18.8924
 18.8928
 18.8932
 18.8935
 18.894
 18.8943
 18.8946
 18.895
 18.8954
 18.8958
 18.8962
 18.8966
 18.897
 18.8974
 18.8979
 18.8982
 18.8985
 18.8988
 18.8992
 18.8995
 18.8999
 18.9004
 18.9007
 18.9011
 18.9015
 18.9022
 18.9031
 18.9039
 18.9047
 18.9054
 18.9063
 18.9071
 18.9078
 18.9086
 18.9094
 18.9101
 18.9109
 18.9117
 18.9124
 18.9134
 18.9142
 18.915
 18.9157
 18.9165
 18.9172
 18.918
 18.9188
 18.9196
 18.9203
 18.9211
 18.922
 18.9227
 18.9235
 18.9244
 18.9252
 18.926
 18.9268
 18.9276
 18.9283
 18.929
 18.9298
 18.9307
 18.9313
 18.9323
 18.933
 18.9339
 18.9345
 18.9353
 18.9361
 18.9369
 18.9377
 18.9385
 18.9394
 18.9394
 18.9396
 18.9397
 18.9398
 18.94
 18.9401
 18.9403
 18.9404
 18.9405
 18.9407
 18.9408
 18.9409
 18.9411
 18.9413
 18.9412
 18.9413
 18.9416
 18.9417
 18.9417
 18.9419
 18.9422
 18.9422
 18.9423
 18.9425
 18.9426
 18.9426
 18.9429
 18.943
 18.9431
 18.9433
 18.9434
 18.9436
 18.9437
 18.9439
 18.944
 18.944
 18.9442
 18.9443
 18.9443
 18.9446
 18.9448
 18.9448
 18.945
 18.9451
 18.9452
 18.9453
 18.9455
 18.9458
 18.9459
 18.946
 18.9461
 18.9461
 18.9462
 18.9464
 18.9464
 18.9468
 18.9469
 18.9471
 18.9471
 18.9472
 18.9474
 18.9476
 18.9476
 18.9479
 18.9479
 18.948
 18.9481
 18.9482
 18.9484
 18.9485
 18.9487
 18.9489
 18.9491
 18.9492
 18.9492
 18.9494
 18.9496
 18.9496
 18.9497
 18.9499
 18.9501
 18.9501
 18.9501
 18.9504
 18.9504
 18.9507
 18.9509
 18.951
 18.9511
 18.9514
 18.9513
 18.9515
 18.9516
 18.9519
 18.9518
 18.9519
 18.9524
 18.9526
 18.9527
 18.953
 18.9534
 18.9537
 18.9538
 18.954
 18.9544
 18.9545
 18.9548
 18.955
 18.9552
 18.9555
 18.9558
 18.9561
 18.9563
 18.9567
 18.9569
 18.9572
 18.9574
 18.9577
 18.9579
 18.9581
 18.9584
 18.9588
 18.959
 18.9592
 18.9594
 18.9597
 18.96
 18.9601
 18.9605
 18.9608
 18.961
 18.9612
 18.9615
 18.9618
 18.9619
 18.9623
 18.9626
 18.9629
 18.963
 18.9633
 18.9635
 18.9638
 18.964
 18.9643
 18.9646
 18.9647
 18.9649
 18.965
 18.9652
 18.9653
 18.9656
 18.9657
 18.9659
 18.9661
 18.9662
 18.9664
 18.9666
 18.9667
 18.9669
 18.9671
 18.9673
 18.9674
 18.9677
 18.9678
 18.968
 18.9682
 18.9684
 18.9686
 18.9686
 18.9688
 18.969
 18.9691
 18.9693
 18.9695
 18.9697
 18.9699
 18.9701
 18.9704
 18.9705
 18.9707
 18.9709
 18.9709
 18.9711
 18.9713
 18.9716
 18.9717
 18.9719
 18.972
 18.9722
 18.9724
 18.9726
 18.9727
 18.973
 18.9734
 18.9737
 18.974
 18.9743
 18.9747
 18.975
 18.9753
 18.9756
 18.9758
 18.9763
 18.9764
 18.977
 18.9772
 18.9776
 18.9778
 18.9781
 18.9786
 18.9789
 18.9791
 18.9794
 18.9797
 18.98
 18.9804
 18.9807
 18.981
 18.9813
 18.9818
 18.9821
 18.9823
 18.9826
 18.983
 18.9833
 18.9837
 18.984
 18.9844
 18.9846
 18.985
 18.9853
 18.9856
 18.9859
 18.986
 18.9866
 18.987
 18.9873
 18.9875
 18.9879
 18.9882
 18.9885
 18.9887
 18.989
 18.9893
 18.9896
 18.9899
 18.9901
 18.9904
 18.9907
 18.991
 18.9913
 18.9916
 18.992
 18.9922
 18.9924
 18.9927
 18.993
 18.9932
 18.9935
 18.9938
 18.9941
 18.9942
 18.9946
 18.9949
 18.9952
 18.9955
 18.9958
 18.996
 18.9964
 18.9967
 18.9969
 18.9972
 18.9974
 18.9977
 18.998
 18.9984
 18.9986
 18.9988
 18.9992
 18.9996
 18.9997
 19
 19.0003
 19.0006
 19.0009
 19.0012
 19.0015
 19.0016
 19.0023
 19.003
 19.0036
 19.0041
 19.0049
 19.0055
 19.006
 19.0068
 19.0073
 19.008
 19.0085
 19.0092
 19.0098
 19.0103
 19.011
 19.0117
 19.0122
 19.0128
 19.0135
 19.0142
 19.0149
 19.0153
 19.016
 19.0167
 19.0172
 19.0178
 19.0184
 19.019
 19.0197
 19.0203
 19.021
 19.0215
 19.0221
 19.0226
 19.0233
 19.024
 19.0246
 19.0253
 19.0258
 19.0265
 19.0271
 19.0278
 19.0282
 19.0289
 19.0296
 19.0303
 19.0308
 19.0314
 19.0321
 19.0326
 19.033
 19.0336
 19.0342
 19.0347
 19.0353
 19.0358
 19.0364
 19.037
 19.0375
 19.038
 19.0387
 19.0391
 19.0396
 19.0401
 19.0408
 19.0413
 19.0419
 19.0425
 19.0431
 19.0435
 19.0441
 19.0447
 19.0452
 19.0457
 19.0463
 19.0468
 19.0473
 19.0479
 19.0484
 19.0489
 19.0495
 19.0501
 19.0506
 19.0511
 19.0518
 19.0524
 19.0529
 19.0533
 19.054
 19.0544
 19.0549
 19.0555
 19.056
 19.0566
 19.0571
 19.0579
 19.0584
 19.0589
 19.0594
 19.06
 19.0606
 19.061
 19.0615
 19.0622
 19.0627
 19.0631
 19.0638
 19.0644
 19.065
 19.0654
 19.0661
 19.0667
 19.0672
 19.0678
 19.0683
 19.0688
 19.0692
 19.0698
 19.0704
 19.071
 19.0715
 19.0721
 19.0725
 19.0732
 19.0737
 19.0744
 19.0748
 19.0755
 19.076
 19.0764
 19.077
 19.0775
 19.0781
 19.0786
 19.0792
 19.0797
 19.0803
 19.0808
 19.0813
 19.0819
 19.0826
 19.083
 19.0835
 19.0842
 19.0847
 19.0851
 19.0857
 19.0863
 19.0868
 19.0873
 19.088
 19.0886
 19.0891
 19.0896
 19.0902
 19.0907
 19.0912
 19.0918
 19.0924
 19.093
 19.0935
 19.094
 19.0946
 19.0952
 19.0956
 19.0961
 19.0968
 19.0973
 19.0977
 19.0983
 19.099
 19.0995
 19.1
 19.1006
 19.1011
 19.1017
 19.1022
 19.1028
 19.1033
 19.1039
 19.1046
 19.1049
 19.1055
 19.1061
 19.1066
 19.107
 19.1077
 19.1083
 19.1088
 19.1092
 19.11
 19.1105
 19.111
 19.1115
 19.1121
 19.1125
 19.1131
 19.1137
 19.1142
 19.1148
 19.1154
 19.116
 19.1164
 19.1171
 19.1176
 19.1182
 19.1187
 19.1193
 19.1198
 19.1203
 19.1209
 19.1213
 19.122
 19.1224
 19.123
 19.1236
 19.1243
 19.1248
 19.1253
 19.1259
 19.1264
 19.1269
 19.1274
 19.128
 19.1285
 19.129
 19.1297
 19.1302
 19.1307
 19.1314
 19.1318
 19.1325
 19.133
 19.1336
 19.134
 19.1345
 19.1351
 19.1357
 19.1362
 19.1367
 19.1373
 19.1378
 19.1383
 19.139
 19.1396
 19.1401
 19.1407
 19.1413
 19.1418
 19.1422
 19.1428
 19.1433
 19.1438
 19.1444
 19.1449
 19.1455
 19.1462
 19.1467
 19.1471
 19.1477
 19.1484
 19.1489
 19.1494
 19.15
 19.1506
 19.151
 19.1516
 19.1521
 19.1528
 19.1531
 19.1538
 19.1543
 19.1549
 19.1553
 19.156
 19.1566
 19.1571
 19.1576
 19.1581
 19.1586
 19.1593
 19.1598
 19.1603
 19.1609
 19.1615
 19.1621
 19.1625
 19.1631
 19.1636
 19.1643
 19.1648
 19.1653
 19.1659
 19.1664
 19.1669
 19.1674
 19.1682
 19.1685
 19.169
 19.1696
 19.1703
 19.1707
 19.1712
 19.1719
 19.1724
 19.173
 19.1736
 19.1741
 19.1746
 19.1752
 19.1757
 19.1763
 19.1768
 19.1774
 19.178
 19.1785
 19.179
 19.1794
 19.18
 19.1807
 19.1812
 19.1818
 19.1823
 19.1829
 19.1835
 19.1839
 19.1845
 19.185
 19.1856
 19.1862
 19.1867
 19.1872
 19.1877
 19.1883
 19.1889
 19.1895
 19.19
 19.1906
 19.1911
 19.1917
 19.1922
 19.1927
 19.1933
 19.1938
 19.1944
 19.1948
 19.1954
 19.196
 19.1965
 19.1971
 19.1977
 19.1982
 19.1988
 19.1992
 19.1999
 19.2004
 19.201
 19.2014
 19.202
 19.2027
 19.2031
 19.2036
 19.2042
 19.2049
 19.2053
 19.2059
 19.2065
 19.207
 19.2076
 19.2083
 19.2088
 19.2092
 19.2098
 19.2102
 19.2108
 19.2113
 19.212
 19.2124
 19.213
 19.2137
 19.2143
 19.2147
 19.2154
 19.2158
 19.2163
 19.2168
 19.2175
 19.218
 19.2185
 19.2191
 19.2196
 19.2202
 19.2206
 19.2213
 19.2219
 19.2224
 19.223
 19.2235
 19.2241
 19.2245
 19.2251
 19.2256
 19.2262
 19.2267
 19.2272
 19.2278
 19.2283
 19.2289
 19.2295
 19.2301
 19.2306
 19.2312
 19.2317
 19.2322
 19.2328
 19.2333
 19.2338
 19.2343
 19.235
 19.2356
 19.236
 19.2366
 19.2372
 19.2378
 19.2384
 19.2389
 19.2394
 19.2399
 19.2405
 19.241
 19.2415
 19.242
 19.2428
 19.2431
 19.2437
 19.2443
 19.2449
 19.2454
 19.246
 19.2466
 19.2471
 19.2475
 19.2482
 19.2487
 19.2493
 19.2498
 19.2503
 19.251
 19.2515
 19.252
 19.2524
 19.253
 19.2537
 19.2542
 19.2547
 19.2553
 19.2558
 19.2563
 19.2569
 19.2574
 19.258
 19.2585
 19.2591
 19.2596
 19.2602
 19.2608
 19.2612
 19.2619
 19.2625
 19.263
 19.2634
 19.264
 19.2646
 19.2651
 19.2657
 19.2663
 19.2669
 19.2674
 19.2679
 19.2684
 19.2689
 19.2694
 19.27
 19.2707
 19.2712
 19.2718
 19.2723
 19.2729
 19.2734
 19.2739
 19.2745
 19.2751
 19.2756
 19.276
 19.2766
 19.2772
 19.2777
 19.2782
 19.2788
 19.2795
 19.28
 19.2805
 19.2811
 19.2817
 19.2822
 19.2827
 19.2832
 19.2837
 19.2843
 19.2848
 19.2853
 19.286
 19.2866
 19.2871
 19.2876
 19.2882
 19.2888
 19.2892
 19.2898
 19.2904
 19.2909
 19.2913
 19.2918
 19.2925
 19.2931
 19.2936
 19.2941
 19.5295
 19.5297
 19.53
 19.5302
 19.5304
 19.5308
 19.531
 19.5312
 19.5314
 19.5317
 19.5319
 19.5321
 19.5324
 19.5327
 19.533
 19.5333
 19.5336
 19.5337
 19.534
 19.5343
 19.5344
 19.5348
 19.535
 19.5353
 19.5355
 19.5359
 19.536
 19.5362
 19.5366
 19.5369
 19.5371
 19.5374
 19.5376
 19.5378
 19.538
 19.5383
 19.5384
 19.5388
 19.539
 19.5394
 19.5396
 19.5399
 19.54
 19.5404
 19.5407
 19.5409
 19.5411
 19.5414
 19.5417
 19.5419
 19.5421
 19.5425
 19.5427
 19.5429
 19.5432
 19.5434
 19.5437
 19.5439
 19.5442
 19.5445
 19.5447
 19.545
 19.5452
 19.5456
 19.5457
 19.5461
 19.5462
 19.5465
 19.5468
 19.5471
 19.5473
 19.5475
 19.5479
 19.5481
 19.5483
 19.5485
 19.5488
 19.5491
 19.5493
 19.5496
 19.5499
 19.5502
 19.5505
 19.5507
 19.5509
 19.5511
 19.5512
 19.5517
 19.552
 19.5521
 19.5524
 19.5528
 19.553
 19.5531
 19.5534
 19.5538
 19.5539
 19.5542
 19.5545
 19.5546
 19.5549
 19.5552
 19.5556
 19.5558
 19.556
 19.5564
 19.5565
 19.5568
 19.557
 19.5574
 19.5576
 19.5579
 19.5581
 19.5583
 19.5586
 19.5588
 19.559
 19.5594
 19.5596
 19.5599
 19.5602
 19.5605
 19.5606
 19.561
 19.5611
 19.5614
 19.5615
 19.562
 19.5622
 19.5623
 19.5626
 19.5629
 19.5632
 19.5634
 19.5638
 19.564
 19.5643
 19.5646
 19.5647
 19.565
 19.5651
 19.5655
 19.5656
 19.5659
 19.5662
 19.5665
 19.5667
 19.567
 19.5674
 19.5676
 19.5677
 19.568
 19.5682
 19.5686
 19.5688
 19.569
 19.5693
 19.5696
 19.5699
 19.57
 19.5703
 19.5707
 19.5709
 19.571
 19.5714
 19.5716
 19.5718
 19.5721
 19.5725
 19.5726
 19.5728
 19.5732
 19.5734
 19.5736
 19.5739
 19.5741
 19.5745
 19.5747
 19.575
 19.5752
 19.5754
 19.5758
 19.576
 19.5762
 19.5765
 19.5768
 19.577
 19.5771
 19.5775
 19.5777
 19.578
 19.5781
 19.5785
 19.5787
 19.5789
 19.5791
 19.5793
 19.5796
 19.5796
 19.5799
 19.5801
 19.5804
 19.5804
 19.5807
 19.581
 19.581
 19.5812
 19.5815
 19.5817
 19.5818
 19.582
 19.5824
 19.5825
 19.5827
 19.5829
 19.5831
 19.5833
 19.5834
 19.5836
 19.5839
 19.584
 19.5843
 19.5845
 19.5847
 19.5849
 19.5852
 19.5852
 19.5855
 19.5856
 19.5859
 19.586
 19.5863
 19.5864
 19.5866
 19.5868
 19.587
 19.5871
 19.5875
 19.5876
 19.5879
 19.5881
 19.5884
 19.5885
 19.5886
 19.589
 19.5891
 19.5892
 19.5894
 19.5896
 19.5897
 19.59
 19.5902
 19.5905
 19.5907
 19.5908
 19.591
 19.5911
 19.5914
 19.5916
 19.5919
 19.592
 19.5921
 19.5925
 19.5926
 19.5928
 19.593
 19.5933
 19.5934
 19.5935
 19.5938
 19.594
 19.5941
 19.5943
 19.5946
 19.5948
 19.595
 19.595
 19.5954
 19.5955
 19.5958
 19.596
 19.5962
 19.5963
 19.5966
 19.5969
 19.597
 19.5971
 19.5974
 19.5977
 19.5979
 19.598
 19.5982
 19.5985
 19.5985
 19.5988
 19.599
 19.5992
 19.5994
 19.5996
 19.5998
 19.6
 19.6002
 19.6003
 19.6005
 19.6007
 19.601
 19.6011
 19.6013
 19.6014
 19.6018
 19.602
 19.6021
 19.6023
 19.6025
 19.6027
 19.6029
 19.603
 19.6034
 19.6035
 19.6037
 19.604
 19.604
 19.6042
 19.6044
 19.6047
 19.6049
 19.6051
 19.6053
 19.6056
 19.6059
 19.606
 19.6062
 19.6064
 19.6067
 19.6067
 19.607
 19.6071
 19.6079
 19.6086
 19.6093
 19.6101
 19.6107
 19.6114
 19.6122
 19.6129
 19.6136
 19.6143
 19.615
 19.6157
 19.6164
 19.6172
 19.6178
 19.6185
 19.6193
 19.62
 19.6207
 19.6214
 19.6222
 19.6229
 19.6235
 19.6242
 19.625
 19.6255
 19.6263
 19.6271
 19.6278
 19.6285
 19.6291
 19.63
 19.6306
 19.6314
 19.632
 19.6329
 19.6336
 19.6343
 19.635
 19.6357
 19.6365
 19.6371
 19.6379
 19.6385
 19.6392
 19.6399
 19.6407
 19.6414
 19.6421
 19.6428
 19.6436
 19.6442
 19.645
 19.6456
 19.6464
 19.6471
 19.6479
 19.6485
 19.6492
 19.65
 19.6507
 19.6513
 19.652
 19.6528
 19.6536
 19.6542
 19.655
 19.6557
 19.6564
 19.6571
 19.6578
 19.6585
 19.6591
 19.6599
 19.6605
 19.6613
 19.6621
 19.6627
 19.6635
 19.6642
 19.6649
 19.6655
 19.6664
 19.6671
 19.6678
 19.6685
 19.6693
 19.6699
 19.6705
 19.6712
 19.672
 19.6727
 19.6734
 19.6741
 19.675
 19.6756
 19.6764
 19.6771
 19.6779
 19.6784
 19.6793
 19.68
 19.6806
 19.6812
 19.682
 19.6828
 19.6835
 19.6842
 19.6849
 19.6856
 19.6863
 19.6871
 19.6878
 19.6885
 19.6892
 19.69
 19.6906
 19.6913
 19.6919
 19.6929
 19.6933
 19.6941
 19.6949
 19.6955
 19.6963
 19.697
 19.6978
 19.6984
 19.6991
 19.6999
 19.7006
 19.7012
 19.702
 19.7027
 19.7034
 19.7041
 19.7049
 19.7055
 19.7062
 19.707
 19.7078
 19.7084
 19.7091
 19.7099
 19.7104
 19.711
 19.7113
 19.7119
 19.7124
 19.7131
 19.7134
 19.7139
 19.7144
 19.7149
 19.7155
 19.7159
 19.7164
 19.7169
 19.7174
 19.718
 19.7185
 19.719
 19.7195
 19.72
 19.7205
 19.721
 19.7215
 19.722
 19.7226
 19.723
 19.7236
 19.7241
 19.7246
 19.7253
 19.7257
 19.7262
 19.7266
 19.7271
 19.7277
 19.7281
 19.7286
 19.7292
 19.7297
 19.7301
 19.7308
 19.7312
 19.7318
 19.7322
 19.7328
 19.7333
 19.7337
 19.7343
 19.7348
 19.7353
 19.7357
 19.7364
 19.7367
 19.7372
 19.7378
 19.7384
 19.7389
 19.7393
 19.7398
 19.7405
 19.7408
 19.7413
 19.7419
 19.7424
 19.743
 19.7434
 19.744
 19.7445
 19.745
 19.7455
 19.746
 19.7465
 19.747
 19.7476
 19.748
 19.7486
 19.749
 19.7496
 19.75
 19.7506
 19.7511
 19.7515
 19.752
 19.7527
 19.7533
 19.7537
 19.7542
 19.7546
 19.7551
 19.7556
 19.756
 19.7566
 19.7571
 19.7577
 19.7581
 19.7587
 19.759
 19.7592
 19.7595
 19.7599
 19.7601
 19.7604
 19.7608
 19.761
 19.7613
 19.7617
 19.762
 19.7622
 19.7625
 19.7628
 19.7631
 19.7634
 19.7637
 19.764
 19.7644
 19.7646
 19.7649
 19.7651
 19.7655
 19.7658
 19.766
 19.7663
 19.7667
 19.767
 19.7671
 19.7675
 19.7678
 19.768
 19.7683
 19.7687
 19.769
 19.7691
 19.7695
 19.7699
 19.7701
 19.7704
 19.7707
 19.771
 19.7713
 19.7716
 19.7718
 19.7719
 19.7724
 19.7727
 19.7729
 19.7732
 19.7736
 19.7739
 19.7742
 19.7745
 19.7748
 19.775
 19.7753
 19.7757
 19.7758
 19.7761
 19.7764
 19.7768
 19.777
 19.7774
 19.7777
 19.778
 19.7782
 19.7785
 19.7789
 19.7792
 19.7794
 19.7796
 19.78
 19.7802
 19.7805
 19.7808
 19.7811
 19.7814
 19.7817
 19.7821
 19.7823
 19.7827
 19.783
 19.7832
 19.7835
 19.7838
 19.7841
 19.7843
 19.7845
 19.7849
 19.7852
 19.7854
 19.7858
 19.7862
 19.7865
 19.7868
 19.787
 19.7872
 19.7875
 19.7878
 19.7881
 19.7884
 19.7888
 19.7889
 19.7891
 19.7896
 19.7899
 19.7902
 19.7904
 19.7907
 19.791
 19.7912
 19.7916
 19.7919
 19.7922
 19.7925
 19.7928
 19.7931
 19.7933
 19.7937
 19.794
 19.7942
 19.7946
 19.795
 19.7951
 19.7954
 19.7957
 19.796
 19.7963
 19.7966
 19.797
 19.7971
 19.7975
 19.7978
 19.798
 19.7983
 19.7986
 19.7988
 19.7991
 19.7994
 19.7998
 19.8
 19.8004
 19.8007
 19.8001
 19.7998
 19.7992
 19.7989
 19.7984
 19.7981
 19.7976
 19.797
 19.7968
 19.7962
 19.7957
 19.7954
 19.795
 19.7945
 19.794
 19.7937
 19.7933
 19.7928
 19.7923
 19.792
 19.7915
 19.791
 19.7906
 19.7902
 19.7898
 19.7894
 19.789
 19.7886
 19.788
 19.7876
 19.7872
 19.7868
 19.7863
 19.7859
 19.7853
 19.785
 19.7845
 19.784
 19.7837
 19.7832
 19.7828
 19.7823
 19.7819
 19.7815
 19.781
 19.7806
 19.7802
 19.7798
 19.7785
 19.7774
 19.7761
 19.775
 19.7737
 19.7725
 19.7713
 19.77
 19.7688
 19.7676
 19.7663
 19.7652
 19.7641
 19.7628
 19.7617
 19.7605
 19.7592
 19.758
 19.7568
 19.7556
 19.7545
 19.7531
 19.7521
 19.7508
 19.7496
 19.7482
 19.7471
 19.7459
 19.7446
 19.7434
 19.7423
 19.7411
 19.7398
 19.7387
 19.7374
 19.7362
 19.735
 19.734
 19.7326
 19.7314
 19.7302
 19.729
 19.7277
 19.7265
 19.7254
 19.724
 19.723
 19.7218
 19.7205
 19.7193
 19.7182
 19.7169
 19.7158
 19.7146
 19.7132
 19.712
 19.7108
 19.7097
 19.7084
 19.7072
 19.706
 19.7049
 19.7035
 19.7024
 19.7012
 19.7
 19.699
 19.6976
 19.6964
 19.6952
 19.694
 19.6927
 19.6915
 19.6903
 19.6891
 19.6878
 19.6867
 19.6855
 19.6842
 19.683
 19.6818
 19.6807
 19.6795
 19.6783
 19.677
 19.676
 19.6747
 19.6735
 19.6721
 19.671
 19.6699
 19.6685
 19.6673
 19.6662
 19.6649
 19.6638
 19.6626
 19.6613
 19.6601
 19.659
 19.6578
 19.6565
 19.6553
 19.654
 19.6529
 19.6516
 19.6505
 19.6493
 19.648
 19.6469
 19.6457
 19.6444
 19.6432
 19.642
 19.6408
 19.6396
 19.6384
 19.6372
 19.636
 19.6347
 19.6336
 19.6323
 19.6311
 19.6298
 19.6287
 19.6275
 19.6263
 19.625
 19.6239
 19.6227
 19.6214
 19.6202
 19.619
 19.6179
 19.6165
 19.6154
 19.6141
 19.6129
 19.6116
 19.6105
 19.6093
 19.608
 19.6069
 19.6057
 19.6042
 19.6027
 19.6012
 19.5998
 19.5982
 19.5968
 19.5955
 19.5938
 19.5924
 19.5909
 19.5894
 19.588
 19.5864
 19.5849
 19.5833
 19.582
 19.5804
 19.579
 19.5774
 19.5761
 19.5744
 19.573
 19.5716
 19.57
 19.5685
 19.5671
 19.5656
 19.5641
 19.5626
 19.561
 19.5596
 19.5581
 19.5567
 19.5551
 19.5536
 19.5522
 19.5506
 19.549
 19.5476
 19.5461
 19.5447
 19.5432
 19.5417
 19.5402
 19.5388
 19.5373
 19.5358
 19.5343
 19.5326
 19.5307
 19.529
 19.5272
 19.5255
 19.5235
 19.522
 19.5202
 19.5182
 19.5165
 19.5148
 19.513
 19.5111
 19.5095
 19.5076
 19.5058
 19.5041
 19.5024
 19.5005
 19.4987
 19.497
 19.4952
 19.4933
 19.4916
 19.4898
 19.488
 19.4862
 19.4844
 19.4827
 19.4809
 19.4792
 19.4773
 19.4755
 19.4738
 19.472
 19.4702
 19.4685
 19.4666
 19.4649
 19.4631
 19.4612
 19.4594
 19.4579
 19.456
 19.4542
 19.4525
 19.4508
 19.449
 19.447
 19.4452
 19.4433
 19.4414
 19.4397
 19.4378
 19.4359
 19.434
 19.4321
 19.4302
 19.4284
 19.4266
 19.4245
 19.4228
 19.421
 19.4191
 19.4171
 19.4154
 19.4136
 19.4117
 19.4098
 19.408
 19.406
 19.4043
 19.4024
 19.4005
 19.3985
 19.3967
 19.3948
 19.393
 19.3911
 19.3894
 19.3875
 19.3856
 19.3838
 19.3818
 19.38
 19.3782
 19.3763
 19.3744
 19.3725
 19.3707
 19.3688
 19.367
 19.3651
 19.3634
 19.3614
 19.3596
 19.3578
 19.3559
 19.354
 19.352
 19.3503
 19.3484
 19.3465
 19.3445
 19.3428
 19.341
 19.339
 19.3372
 19.3354
 19.3334
 19.3317
 19.3297
 19.3279
 19.326
 19.3242
 19.3224
 19.3205
 19.3187
 19.3168
 19.3148
 19.313
 19.3112
 19.3093
 19.3073
 19.3055
 19.3038
 19.3019
 19.2999
 19.2982
 19.2963
 19.2945
 19.2926
 19.2907
 19.2889
 19.287
 19.2851
 19.2833
 19.2814
 19.2795
 19.2778
 19.2759
 19.2739
 19.2721
 19.2703
 19.2684
 19.2665
 19.2647
 19.2629
 19.261
 19.2591
 19.2573
 19.2554
 19.2535
 19.2517
 19.2499
 19.248
 19.2462
 19.2441
 19.2423
 19.2406
 19.2386
 19.2368
 19.2348
 19.2331
 19.2311
 19.2293
 19.2275
 19.2257
 19.2237
 19.2219
 19.22
 19.2181
 19.2163
 19.2143
 19.2125
 19.2107
 19.2088
 19.207
 19.205
 19.2032
 19.2014
 19.1995
 19.1978
 19.1959
 19.194
 19.1921
 19.1902
 19.1883
 19.1865
 19.1848
 19.1828
 19.181
 19.1787
 19.1766
 19.1744
 19.1722
 19.17
 19.1677
 19.1656
 19.1633
 19.1612
 19.159
 19.1569
 19.1546
 19.1525
 19.1502
 19.148
 19.1458
 19.1435
 19.1414
 19.1391
 19.137
 19.1347
 19.1325
 19.1304
 19.1282
 19.126
 19.1237
 19.1217
 19.1195
 19.1172
 19.115
 19.1128
 19.1107
 19.1084
 19.1062
 19.1041
 19.1019
 19.0998
 19.0975
 19.0953
 19.093
 19.0909
 19.0886
 19.0864
 19.0843
 19.082
 19.0799
 19.0777
 19.0756
 19.0733
 19.0711
 19.069
 19.0669
 19.0645
 19.0624
 19.0601
 19.0578
 19.0557
 19.0536
 19.0512
 19.049
 19.047
 19.0447
 19.0425
 19.0404
 19.0382
 19.036
 19.0338
 19.0316
 19.0293
 19.0272
 19.025
 19.0228
 19.0205
 19.0184
 19.0161
 19.014
 19.0117
 19.0098
 19.0075
 19.005
 19.0031
 19.0008
 18.9987
 18.9964
 18.9942
 18.9922
 18.99
 18.9877
 18.9855
 18.9832
 18.9811
 18.9788
 18.9766
 18.9745
 18.9722
 18.97
 18.968
 18.9657
 18.9634
 18.9613
 18.9592
 18.957
 18.9547
 18.9525
 18.9501
 18.948
 18.946
 18.9436
 18.9415
 18.9393
 18.9372
 18.9348
 18.9329
 18.9306
 18.9283
 18.9263
 18.9239
 18.9217
 18.9195
 18.9174
 18.9152
 18.913
 18.9108
 18.9086
 18.9064
 18.9042
 18.9021
 18.8998
 18.8976
 18.8955
 18.8931
 18.891
 18.8889
 18.8866
 18.8844
 18.8822
 18.8801
 18.8777
 18.8757
 18.8735
 18.8712
 18.869
 18.8669
 18.8646
 18.8624
 18.8603
 18.858
 18.8559
 18.8537
 18.8516
 18.8492
 18.8471
 18.8449
 18.8426
 18.8404
 18.8382
 18.8361
 18.8338
 18.8317
 18.8295
 18.8273
 18.8252
 18.823
 18.8208
 18.8186
 18.8163
 18.8141
 18.8118
 18.8096
 18.8075
 18.8052
 18.8031
 18.801
 18.7986
 18.7966
 18.7945
 18.7921
 18.79
 18.7878
 18.7855
 18.7834
 18.7813
 18.7791
 18.7769
 18.7748
 18.7724
 18.7702
 18.7681
 18.7659
 18.7636
 18.7613
 18.7592
 18.757
 18.7549
 18.7527
 18.7505
 18.7482
 18.746
 18.744
 18.7418
 18.7395
 18.7373
 18.735
 18.7328
 18.7307
 18.7284
 18.7263
 18.7241
 18.722
 18.7196
 18.7176
 18.7153
 18.7131
 18.7109
 18.7087
 18.7065
 18.7043
 18.7021
 18.7
 18.6978
 18.6956
 18.6934
 18.6911
 18.689
 18.6868
 18.6846
 18.6824
 18.6801
 18.678
 18.6759
 18.6736
 18.6714
 18.6692
 18.667
 18.6649
 18.6626
 18.6604
 18.6582
 18.656
 18.6538
 18.6517
 18.6498
 18.6478
 18.6457
 18.6437
 18.6417
 18.6396
 18.6376
 18.6356
 18.6336
 18.6317
 18.6295
 18.6275
 18.6255
 18.6234
 18.6214
 18.6194
 18.6174
 18.6155
 18.6133
 18.6113
 18.6093
 18.6073
 18.6052
 18.6032
 18.6012
 18.5991
 18.5972
 18.5951
 18.5931
 18.5911
 18.5891
 18.5872
 18.5851
 18.583
 18.5811
 18.5789
 18.5769
 18.5749
 18.5728
 18.5708
 18.5687
 18.5668
 18.5647
 18.5628
 18.5608
 18.5587
 18.5567
 18.5547
 18.5526
 18.5506
 18.5486
 18.5467
 18.5446
 18.5425
 18.5404
 18.5384
 18.5364
 18.5343
 18.5324
 18.5303
 18.5283
 18.5263
 18.5242
 18.5223
 18.5203
 18.5183
 18.5163
 18.5143
 18.5122
 18.5102
 18.5082
 18.506
 18.5042
 18.5019
 18.5
 18.498
 18.496
 18.4939
 18.492
 18.4899
 18.4879
 18.4859
 18.4839
 18.4818
 18.4798
 18.4779
 18.4757
 18.4736
 18.4717
 18.4696
 18.4676
 18.4656
 18.4635
 18.4616
 18.4595
 18.4576
 18.4554
 18.4535
 18.4514
 18.4494
 18.4475
 18.4454
 18.4433
 18.4412
 18.4392
 18.4372
 18.4353
 18.4333
 18.4311
 18.4292
 18.427
 18.4251
 18.4231
 18.421
 18.4191
 18.417
 18.415
 18.413
 18.4111
 18.409
 18.407
 18.405
 18.4028
 18.4008
 18.3988
 18.3967
 18.3948
 18.3929
 18.3907
 18.3886
 18.3868
 18.3847
 18.3826
 18.3806
 18.3786
 18.3766
 18.3744
 18.3726
 18.3704
 18.3685
 18.3665
 18.3644
 18.3624
 18.3605
 18.3586
 18.3565
 18.3545
 18.3527
 18.3507
 18.3486
 18.3468
 18.3448
 18.3428
 18.341
 18.339
 18.337
 18.3352
 18.3331
 18.3312
 18.3293
 18.3274
 18.3254
 18.3235
 18.3215
 18.3196
 18.3177
 18.3157
 18.3138
 18.3117
 18.31
 18.3078
 18.3059
 18.304
 18.302
 18.3001
 18.2981
 18.2962
 18.2942
 18.2924
 18.2905
 18.2885
 18.2866
 18.2846
 18.2826
 18.2806
 18.2787
 18.2768
 18.2748
 18.2729
 18.2709
 18.269
 18.2674
 18.266
 18.2647
 18.263
 18.2616
 18.2602
 18.2585
 18.257
 18.2557
 18.2541
 18.2528
 18.2514
 18.2498
 18.2483
 18.2469
 18.2453
 18.2438
 18.2424
 18.241
 18.2393
 18.2379
 18.2364
 18.235
 18.2334
 18.232
 18.2305
 18.229
 18.2276
 18.2261
 18.2245
 18.2231
 18.2216
 18.2201
 18.2187
 18.2171
 18.2157
 18.2142
 18.2128
 18.2113
 18.2098
 18.2081
 18.2068
 18.2052
 18.2038
 18.2023
 18.2009
 18.1994
 18.1979
 18.1965
 18.1948
 18.1935
 18.192
 18.1904
 18.189
 18.1876
 18.186
 18.1845
 18.1832
 18.1816
 18.1802
 18.1788
 18.1772
 18.1758
 18.1743
 18.1728
 18.1713
 18.1698
 18.1683
 18.1668
 18.1653
 18.1638
 18.1624
 18.1609
 18.1594
 18.1579
 18.1564
 18.155
 18.1534
 18.1521
 18.1506
 18.149
 18.1476
 18.146
 18.1446
 18.1431
 18.1416
 18.1401
 18.1387
 18.1371
 18.1356
 18.1342
 18.1326
 18.1312
 18.1297
 18.1283
 18.1268
 18.1254
 18.1239
 18.1224
 18.121
 18.1196
 18.118
 18.1165
 18.115
 18.1134
 18.1121
 18.1106
 18.1089
 18.1075
 18.106
 18.1045
 18.1031
 18.1016
 18.1002
 18.0987
 18.0973
 18.0957
 18.0942
 18.0927
 18.0913
 18.0899
 18.0882
 18.0868
 18.0853
 18.0839
 18.0823
 18.0809
 18.0794
 18.0779
 18.0765
 18.0749
 18.0735
 18.0721
 18.0706
 18.069
 18.0675
 18.0661
 18.0647
 18.0631
 18.0616
 18.0602
 18.0587
 18.0572
 18.0558
 18.0541
 18.0527
 18.0514
 18.05
 18.0485
 18.0471
 18.0455
 18.0441
 18.0427
 18.0412
 18.0398
 18.0383
 18.0369
 18.0354
 18.0339
 18.0325
 18.031
 18.0295
 18.0281
 18.0267
 18.0251
 18.0238
 18.0225
 18.0208
 18.0194
 18.018
 18.0165
 18.015
 18.0136
 18.0122
 18.0108
 18.0092
 18.0078
 18.0062
 18.0049
 18.0035
 18.0019
 18.0005
 17.999
 17.9976
 17.996
 17.9946
 17.9932
 17.9917
 17.9902
 17.9889
 17.9873
 17.9859
 17.9845
 17.9829
 17.9813
 17.9799
 17.9783
 17.9768
 17.9753
 17.9737
 17.9722
 17.9706
 17.9691
 17.9675
 17.966
 17.9646
 17.963
 17.9615
 17.96
 17.9584
 17.9569
 17.9554
 17.9538
 17.9521
 17.9506
 17.9493
 17.9477
 17.9461
 17.9446
 17.943
 17.9415
 17.94
 17.9384
 17.9369
 17.9354
 17.9339
 17.9322
 17.9308
 17.9292
 17.9277
 17.9261
 17.9246
 17.923
 17.9215
 17.92
 17.9185
 17.9169
 17.9155
 17.914
 17.9123
 17.9108
 17.9094
 17.9078
 17.9063
 17.9049
 17.9031
 17.9018
 17.9002
 17.8986
 17.897
 17.8956
 17.894
 17.8925
 17.891
 17.8894
 17.8879
 17.8863
 17.8849
 17.8833
 17.8817
 17.8801
 17.8787
 17.8771
 17.8756
 17.874
 17.8726
 17.8709
 17.8695
 17.8678
 17.8663
 17.8649
 17.8634
 17.8618
 17.8603
 17.8588
 17.8571
 17.8557
 17.8541
 17.8525
 17.8511
 17.8495
 17.848
 17.8464
 17.845
 17.8435
 17.8419
 17.8404
 17.8388
 17.8373
 17.8359
 17.8343
 17.8327
 17.8313
 17.8297
 17.828
 17.8266
 17.825
 17.8235
 17.8219
 17.8204
 17.8189
 17.8173
 17.8158
 17.8143
 17.8128
 17.8111
 17.8097
 17.8082
 17.8066
 17.8052
 17.8035
 17.802
 17.8004
 17.799
 17.7973
 17.7958
 17.7945
 17.7927
 17.7913
 17.7898
 17.7883
 17.7867
 17.7852
 17.7836
 17.782
 17.7806
 17.7791
 17.7775
 17.776
 17.7744
 17.773
 17.7714
 17.7699
 17.7683
 17.7667
 17.7653
 17.7637
 17.7622
 17.7607
 17.7592
 17.7576
 17.7562
 17.7545
 17.753
 17.7515
 17.7499
 17.7485
 17.7469
 17.7452
 17.7438
 17.7422
 17.7407
 17.7392
 17.7377
 17.736
 17.7346
 17.7331
 17.7316
 17.7301
 17.7285
 17.7269
 17.7253
 17.7239
 17.7222
 17.7208
 17.7193
 17.7177
 17.7162
 17.7148
 17.713
 17.7115
 17.71
 17.7086
 17.707
 17.7056
 17.704
 17.7024
 17.7009
 17.6993
 17.6978
 17.6962
 17.6948
 17.6931
 17.6918
 17.6901
 17.6887
 17.687
 17.6855
 17.6841
 17.6826
 17.681
 17.6794
 17.678
 17.6764
 17.6749
 17.6734
 17.6717
 17.6701
 17.6687
 17.6671
 17.6656
 17.6641
 17.6626
 17.661
 17.6596
 17.6579
 17.6565
 17.655
 17.6533
 17.6518
 17.6502
 17.6488
 17.6471
 17.6457
 17.6442
 17.6426
 17.641
 17.6395
 17.638
 17.6365
 17.635
 17.6334
 17.632
 17.6303
 17.6288
 17.6274
 17.6258
 17.6243
 17.6228
 17.6212
 17.6197
 17.6182
 17.6166
 17.615
 17.6135
 17.612
 17.6105
 17.6089
 17.6074
 17.6058
 17.6043
 17.6029
 17.6013
 17.5997
 17.5982
 17.5966
 17.595
 17.5935
 17.5921
 17.5905
 17.589
 17.5875
 17.5859
 17.5843
 17.5828
 17.5812
 17.5797
 17.5783
 17.5767
 17.5752
 17.5736
 17.5721
 17.5706
 17.5692
 17.5676
 17.566
 17.5644
 17.563
 17.5615
 17.56
 17.5583
 17.5568
 17.5552
 17.5537
 17.5522
 17.5506
 17.5491
 17.5478
 17.5461
 17.5446
 17.543
 17.5415
 17.5399
 17.5384
 17.5369
 17.5353
 17.5338
 17.5323
 17.5307
 17.529
 17.5277
 17.526
 17.5246
 17.5231
 17.5215
 17.52
 17.5185
 17.517
 17.5154
 17.5139
 17.5124
 17.5108
 17.5092
 17.5079
 17.5062
 17.5047
 17.5031
 17.5016
 17.5
 17.4987
 17.497
 17.4956
 17.494
 17.4924
 17.491
 17.4894
 17.4879
 17.4864
 17.4849
 17.4832
 17.4817
 17.4801
 17.4787
 17.4771
 17.4755
 17.474
 17.4725
 17.4709
 17.4702
 17.4695
 17.4686
 17.4679
 17.4671
 17.4663
 17.4655
 17.4648
 17.464
 17.4632
 17.4624
 17.4617
 17.4609
 17.4601
 17.4594
 17.4585
 17.4578
 17.4571
 17.4563
 17.4554
 17.4547
 17.454
 17.453
 17.4525
 17.4517
 17.4509
 17.45
 17.4493
 17.4484
 17.4477
 17.447
 17.4462
 17.4455
 17.4448
 17.4439
 17.4431
 17.4423
 17.4415
 17.4408
 17.4399
 17.4392
 17.4384
 17.4376
 17.4368
 17.4362
 17.4353
 17.4345
 17.4338
 17.4332
 17.4328
 17.4323
 17.4319
 17.4313
 17.4308
 17.4303
 17.4297
 17.4292
 17.4287
 17.4281
 17.4277
 17.4272
 17.4266
 17.4262
 17.4257
 17.4251
 17.4246
 17.4241
 17.4236
 17.4231
 17.4226
 17.4222
 17.4216
 17.4211
 17.4206
 17.42
 17.4196
 17.4191
 17.4185
 17.4179
 17.4174
 17.4169
 17.4165
 17.416
 17.4154
 17.415
 17.4144
 17.414
 17.4134
 17.4129
 17.4124
 17.4119
 17.4114
 17.4109
 17.4104
 17.4098
 17.4093
 17.4089
 17.4083
 17.4079
 17.4074
 17.4069
 17.4062
 17.4058
 17.4053
 17.4047
 17.4043
 17.4037
 17.4033
 17.4028
 17.4022
 17.4016
 17.4012
 17.4008
 17.4002
 17.3997
 17.399
 17.3987
 17.3982
 17.3978
 17.3971
 17.3966
 17.3961
 17.3956
 17.3951
 17.3946
 17.394
 17.3936
 17.3931
 17.3926
 17.392
 17.3915
 17.3909
 17.3905
 17.39
 17.3895
 17.389
 17.3885
 17.388
 17.3874
 17.387
 17.3864
 17.386
 17.3855
 17.3849
 17.3854
 17.3858
 17.3862
 17.3865
 17.3869
 17.3874
 17.3878
 17.3883
 17.3886
 17.389
 17.3896
 17.39
 17.3904
 17.3908
 17.3912
 17.3917
 17.3921
 17.3924
 17.3929
 17.3933
 17.3937
 17.3941
 17.3946
 17.395
 17.3953
 17.3958
 17.3961
 17.3966
 17.3971
 17.3976
 17.3979
 17.3984
 17.3988
 17.3991
 17.3996
 17.4
 17.4003
 17.401
 17.4013
 17.4017
 17.402
 17.4025
 17.403
 17.4034
 17.4037
 17.4041
 17.4046
 17.405
 17.4066
 17.4083
 17.41
 17.4115
 17.413
 17.4146
 17.4161
 17.4177
 17.4193
 17.421
 17.4226
 17.4241
 17.4257
 17.4273
 17.429
 17.4304
 17.4322
 17.4337
 17.4355
 17.437
 17.4386
 17.4401
 17.4418
 17.4433
 17.445
 17.4465
 17.4482
 17.4499
 17.4513
 17.453
 17.4545
 17.4562
 17.4578
 17.4594
 17.4608
 17.4627
 17.4643
 17.4659
 17.4673
 17.469
 17.4705
 17.4721
 17.4738
 17.4752
 17.4769
 17.4786
 17.4802
 17.4818
 17.4841
 17.4863
 17.4886
 17.4909
 17.4931
 17.4955
 17.4977
 17.5
 17.5022
 17.5045
 17.5068
 17.5091
 17.5113
 17.5136
 17.5159
 17.5182
 17.5204
 17.5228
 17.5249
 17.5273
 17.5297
 17.532
 17.5341
 17.5364
 17.5387
 17.541
 17.5431
 17.5455
 17.5477
 17.55
 17.5523
 17.5546
 17.5568
 17.5591
 17.5614
 17.5638
 17.5661
 17.5684
 17.5706
 17.5729
 17.5751
 17.5772
 17.5797
 17.582
 17.5842
 17.5866
 17.5889
 17.5911
 17.5933
 17.5955
 17.5979
 17.6001
 17.6025
 17.6047
 17.6071
 17.6094
 17.6116
 17.614
 17.6161
 17.6184
 17.6206
 17.623
 17.6253
 17.6276
 17.6298
 17.6322
 17.6345
 17.6367
 17.6389
 17.6412
 17.6435
 17.6457
 17.6481
 17.6504
 17.6526
 17.6549
 17.6571
 17.6594
 17.6617
 17.664
 17.6663
 17.6686
 17.6709
 17.673
 17.6753
 17.6776
 17.6798
 17.6822
 17.6846
 17.6869
 17.689
 17.6914
 17.6936
 17.6959
 17.6981
 17.7004
 17.7035
 17.7066
 17.7097
 17.7129
 17.7159
 17.719
 17.722
 17.7252
 17.7282
 17.7313
 17.7343
 17.7376
 17.7406
 17.7437
 17.7469
 17.7499
 17.753
 17.756
 17.7591
 17.7622
 17.7653
 17.7684
 17.7715
 17.7745
 17.7777
 17.7807
 17.7838
 17.7869
 17.79
 17.793
 17.7961
 17.7991
 17.8023
 17.8053
 17.8086
 17.8116
 17.8147
 17.8179
 17.8209
 17.824
 17.827
 17.8301
 17.8332
 17.8364
 17.8395
 17.8425
 17.8456
 17.8486
 17.8517
 17.8548
 17.858
 17.861
 17.8641
 17.8673
 17.8703
 17.8733
 17.8763
 17.8795
 17.8827
 17.8857
 17.889
 17.892
 17.8951
 17.898
 17.9011
 17.9042
 17.9073
 17.9105
 17.9135
 17.9166
 17.9198
 17.9228
 17.9258
 17.9289
 17.932
 17.935
 17.9383
 17.9412
 17.9443
 17.9474
 17.9505
 17.9538
 17.9568
 17.9599
 17.963
 17.9661
 17.9691
 17.9722
 17.9753
 17.9783
 17.9814
 17.9845
 17.9876
 17.9907
 17.9938
 17.9969
 18
 18.003
 18.006
 18.0093
 18.0122
 18.0153
 18.0186
 18.0216
 18.0248
 18.0277
 18.0308
 18.034
 18.037
 18.04
 18.0431
 18.0463
 18.0493
 18.0525
 18.0555
 18.0586
 18.0617
 18.0648
 18.068
 18.071
 18.074
 18.0771
 18.0802
 18.0832
 18.0862
 18.0895
 18.0927
 18.0957
 18.0988
 18.1019
 18.1049
 18.108
 18.111
 18.1142
 18.1174
 18.1204
 18.1234
 18.1265
 18.1297
 18.1327
 18.1358
 18.1389
 18.142
 18.145
 18.148
 18.151
 18.1538
 18.1569
 18.16
 18.163
 18.166
 18.169
 18.1718
 18.1748
 18.1779
 18.1808
 18.1837
 18.1868
 18.1896
 18.1927
 18.1958
 18.1988
 18.2016
 18.2048
 18.2076
 18.2107
 18.2135
 18.2166
 18.2196
 18.2225
 18.2255
 18.2287
 18.2315
 18.2345
 18.2374
 18.2405
 18.2434
 18.2465
 18.2494
 18.2523
 18.2553
 18.2583
 18.2613
 18.2642
 18.2672
 18.2702
 18.2733
 18.2762
 18.2791
 18.2821
 18.2851
 18.288
 18.2912
 18.2945
 18.2977
 18.3008
 18.304
 18.3071
 18.3103
 18.3134
 18.3166
 18.3196
 18.3229
 18.3261
 18.3291
 18.3323
 18.3356
 18.3386
 18.3418
 18.345
 18.3482
 18.3512
 18.3545
 18.3576
 18.3608
 18.3639
 18.367
 18.3703
 18.3735
 18.3766
 18.3798
 18.3829
 18.3861
 18.3893
 18.3924
 18.3955
 18.3987
 18.4019
 18.405
 18.4082
 18.4114
 18.4144
 18.4177
 18.4208
 18.4239
 18.4271
 18.4302
 18.4334
 18.4367
 18.4398
 18.4429
 18.4458
 18.4489
 18.4519
 18.455
 18.4581
 18.461
 18.4641
 18.4671
 18.4702
 18.4732
 18.4763
 18.4793
 18.4823
 18.4854
 18.4884
 18.4914
 18.4944
 18.4974
 18.5004
 18.5036
 18.5065
 18.5096
 18.5126
 18.5157
 18.5187
 18.5218
 18.5248
 18.5278
 18.5308
 18.534
 18.537
 18.54
 18.543
 18.546
 18.5491
 18.5521
 18.5551
 18.5583
 18.5612
 18.5643
 18.5673
 18.5704
 18.5733
 18.5764
 18.5795
 18.5826
 18.5856
 18.5886
 18.5916
 18.5947
 18.5977
 18.6007
 18.6037
 18.6069
 18.6099
 18.6128
 18.616
 18.619
 18.6219
 18.625
 18.628
 18.631
 18.6341
 18.6371
 18.6402
 18.6432
 18.6463
 18.6493
 18.6524
 18.6553
 18.6583
 18.6615
 18.6645
 18.6674
 18.6705
 18.6735
 18.6766
 18.6796
 18.6827
 18.6857
 18.6888
 18.6917
 18.6948
 18.6978
 18.7008
 18.7038
 18.707
 18.71
 18.7131
 18.716
 18.7191
 18.7222
 18.7251
 18.7282
 18.7313
 18.7343
 18.7374
 18.7403
 18.7434
 18.7465
 18.7495
 18.7525
 18.7556
 18.7587
 18.7616
 18.7647
 18.7676
 18.7706
 18.7738
 18.7768
 18.7798
 18.7829
 18.7859
 18.789
 18.7921
 18.7949
 18.798
 18.8011
 18.8041
 18.8071
 18.8102
 18.8132
 18.8162
 18.8194
 18.8224
 18.8254
 18.8284
 18.8314
 18.8345
 18.8375
 18.8405
 18.8436
 18.8466
 18.8496
 18.8526
 18.8556
 18.8587
 18.8618
 18.8648
 18.8678
 18.871
 18.8739
 18.8769
 18.8799
 18.883
 18.886
 18.8892
 18.8922
 18.8951
 18.8982
 18.9013
 18.9043
 18.9072
 18.9103
 18.9134
 18.9165
 18.9196
 18.9225
 18.9255
 18.9287
 18.9318
 18.9346
 18.9377
 18.9408
 18.9438
 18.9469
 18.9499
 18.9529
 18.956
 18.959
 18.962
 18.965
 18.9681
 18.971
 18.9741
 18.9772
 18.9802
 18.9833
 18.9863
 18.9893
 18.9922
 18.9954
 18.9984
 19.0015
 19.0044
 19.0076
 19.0105
 19.0137
 19.0166
 19.0196
 19.0226
 19.0255
 19.0284
 19.0313
 19.034
 19.037
 19.0398
 19.0428
 19.0456
 19.0485
 19.0512
 19.0542
 19.057
 19.0599
 19.0628
 19.0658
 19.0686
 19.0714
 19.0743
 19.0771
 19.0799
 19.0829
 19.0857
 19.0887
 19.0916
 19.0944
 19.0971
 19.1002
 19.1029
 19.1057
 19.1087
 19.1116
 19.1145
 19.1174
 19.1202
 19.123
 19.1258
 19.1288
 19.1317
 19.1345
 19.1374
 19.1402
 19.1431
 19.146
 19.1489
 19.1517
 19.1545
 19.1574
 19.1602
 19.1632
 19.166
 19.1688
 19.1717
 19.1746
 19.1774
 19.1803
 19.1832
 19.186
 19.189
 19.1917
 19.1948
 19.1976
 19.2004
 19.2032
 19.2061
 19.209
 19.2119
 19.2148
 19.2176
 19.2204
 19.2234
 19.2261
 19.229
 19.2319
 19.2347
 19.2376
 19.2406
 19.2435
 19.2463
 19.2491
 19.252
 19.2549
 19.2578
 19.2607
 19.2635
 19.2662
 19.2692
 19.2721
 19.275
 19.2778
 19.2807
 19.2836
 19.2864
 19.2892
 19.292
 19.2949
 19.2979
 19.3006
 19.3033
 19.306
 19.3087
 19.3114
 19.3141
 19.3169
 19.3194
 19.3222
 19.3251
 19.3278
 19.3304
 19.3331
 19.3358
 19.3384
 19.3412
 19.3439
 19.3466
 19.3493
 19.3521
 19.3548
 19.3574
 19.3601
 19.3629
 19.3655
 19.3683
 19.371
 19.3737
 19.3765
 19.3792
 19.3818
 19.3846
 19.3873
 19.39
 19.3927
 19.3955
 19.3982
 19.401
 19.4036
 19.4064
 19.4091
 19.4118
 19.4144
 19.4172
 19.4198
 19.4226
 19.4254
 19.4281
 19.4309
 19.4337
 19.4364
 19.4392
 19.442
 19.4449
 19.4477
 19.4506
 19.4533
 19.4562
 19.459
 19.4618
 19.4647
 19.4674
 19.4702
 19.473
 19.4759
 19.4786
 19.4815
 19.4843
 19.4871
 19.49
 19.4928
 19.4955
 19.4983
 19.5011
 19.504
 19.5068
 19.5095
 19.5124
 19.5153
 19.518
 19.5209
 19.5236
 19.5265
 19.5294
 19.5322
 19.535
 19.5378
 19.5405
 19.5433
 19.5461
 19.549
 19.5516
 19.5547
 19.5574
 19.5603
 19.5631
 19.5659
 19.5687
 19.5715
 19.5743
 19.577
 19.58
 19.5829
 19.5857
 19.5885
 19.5913
 19.594
 19.5969
 19.5996
 19.6025
 19.6052
 19.608
 19.611
 19.6138
 19.6165
 19.6194
 19.6221
 19.6249
 19.6278
 19.6305
 19.6335
 19.6364
 19.639
 19.6419
 19.6447
 19.6475
 19.6502
 19.6532
 19.6559
 19.6588
 19.6616
 19.6644
 19.6672
 19.6698
 19.6727
 19.6756
 19.6784
 19.6811
 19.6841
 19.6868
 19.6896
 19.6925
 19.6953
 19.698
 19.7015
 19.7046
 19.708
 19.7114
 19.7147
 19.718
 19.7213
 19.7246
 19.7279
 19.7312
 19.7345
 19.7378
 19.741
 19.7445
 19.7478
 19.751
 19.7543
 19.7577
 19.761
 19.7642
 19.7676
 19.7708
 19.7742
 19.7775
 19.7808
 19.7841
 19.7875
 19.7907
 19.794
 19.7974
 19.8006
 19.8039
 19.8072
 19.8106
 19.8138
 19.8171
 19.8204
 19.8238
 19.827
 19.8303
 19.8335
 19.837
 19.8402
 19.8436
 19.8468
 19.8501
 19.8534
 19.8568
 19.86
 19.8633
 19.8667
 19.87
 19.8733
 19.8767
 19.8799
 19.8831
 19.8864
 19.8898
 19.893
 19.8965
 19.8998
 19.903
 19.9063
 19.9097
 19.9129
 19.9162
 19.9195
 19.9229
 19.9262
 19.9294
 19.9329
 19.9361
 19.9394
 19.9427
 19.946
 19.9492
 19.9527
 19.9559
 19.9592
 19.9626
 19.9659
 19.9691
 19.9725
 19.9758
 19.979
 19.9823
 19.9857
 19.9889
 19.9923
 19.9956
 19.9988
 20.0022
 20.0054
 20.0088
 20.0121
 20.0154
 20.0181
 20.021
 20.0238
 20.0264
 20.0293
 20.032
 20.0348
 20.0375
 20.0403
 20.0431
 20.0458
 20.0485
 20.0512
 20.0541
 20.0568
 20.0596
 20.0623
 20.0651
 20.0679
 20.0707
 20.0734
 20.0764
 20.079
 20.0817
 20.0846
 20.0872
 20.09
 20.0928
 20.0955
 20.0984
 20.1012
 20.104
 20.1068
 20.1095
 20.1122
 20.115
 20.1177
 20.1205
 20.1232
 20.1261
 20.1289
 20.1316
 20.1343
 20.1371
 20.14
 20.1427
 20.1454
 20.1482
 20.151
 20.1535
 20.1563
 20.1589
 20.1616
 20.1643
 20.167
 20.1698
 20.1725
 20.175
 20.1779
 20.1805
 20.1832
 20.1858
 20.1885
 20.1912
 20.194
 20.1966
 20.1994
 20.2021
 20.2048
 20.2075
 20.2101
 20.2127
 20.2156
 20.2182
 20.2209
 20.2236
 20.2263
 20.2289
 20.2318
 20.2343
 20.237
 20.2396
 20.2425
 20.2451
 20.2478
 20.2506
 20.2532
 20.2558
 20.2587
 20.2612
 20.264
 20.2668
 20.2693
 20.2721
 20.2748
 20.2774
 20.2801
 20.2829
 20.2857
 20.2882
 20.291
 20.2937
 20.2963
 20.299
 20.3017
 20.3044
 20.307
 20.3097
 20.3125
 20.3151
 20.3179
 20.3206
 20.3232
 20.326
 20.3287
 20.3313
 20.334
 20.3368
 20.3394
 20.342
 20.3448
 20.3475
 20.3501
 20.353
 20.3556
 20.3583
 20.361
 20.3636
 20.3664
 20.369
 20.3716
 20.3745
 20.3772
 20.3798
 20.3826
 20.3852
 20.3879
 20.3906
 20.3933
 20.396
 20.3987
 20.4014
 20.4041
 20.4068
 20.4091
 20.4113
 20.4136
 20.416
 20.4183
 20.4207
 20.4229
 20.4252
 20.4276
 20.4298
 20.4321
 20.4345
 20.4368
 20.4391
 20.4416
 20.4436
 20.4462
 20.4484
 20.4507
 20.453
 20.4553
 20.4576
 20.46
 20.4622
 20.4646
 20.467
 20.4692
 20.4715
 20.4738
 20.476
 20.4783
 20.4807
 20.483
 20.4853
 20.4876
 20.4899
 20.4923
 20.4947
 20.4969
 20.4992
 20.5016
 20.5038
 20.5061
 20.5085
 20.5107
 20.5131
 20.5153
 20.5177
 20.5195
 20.5213
 20.523
 20.5248
 20.5265
 20.5282
 20.5301
 20.5319
 20.5336
 20.5353
 20.537
 20.5389
 20.5406
 20.5423
 20.5441
 20.5459
 20.5478
 20.5494
 20.5511
 20.553
 20.5549
 20.5564
 20.5582
 20.56
 20.5619
 20.5635
 20.5653
 20.567
 20.5688
 20.5707
 20.5723
 20.5741
 20.576
 20.5777
 20.5795
 20.5811
 20.583
 20.5846
 20.5864
 20.5883
 20.59
 20.5917
 20.5936
 20.5954
 20.597
 20.5989
 20.6006
 20.6023
 20.6041
 20.606
 20.6075
 20.6095
 20.6112
 20.613
 20.6147
 20.6163
 20.6181
 20.62
 20.6218
 20.6235
 20.6252
 20.6269
 20.6289
 20.6305
 20.6322
 20.6341
 20.6359
 20.6376
 20.6394
 20.6411
 20.6429
 20.6446
 20.6463
 20.6481
 20.65
 20.6519
 20.6535
 20.6553
 20.657
 20.6588
 20.6605
 20.6623
 20.664
 20.6658
 20.6676
 20.6694
 20.671
 20.6729
 20.6746
 20.6764
 20.6782
 20.68
 20.6817
 20.6835
 20.6853
 20.687
 20.6887
 20.6906
 20.6922
 20.694
 20.6959
 20.6975
 20.6993
 20.7011
 20.7029
 20.7046
 20.7063
 20.7082
 20.71
 20.7117
 20.7135
 20.7151
 20.717
 20.7187
 20.7205
 20.7221
 20.724
 20.7258
 20.7276
 20.7292
 20.7311
 20.7328
 20.7347
 20.7364
 20.7381
 20.7398
 20.7417
 20.7433
 20.7451
 20.747
 20.7486
 20.7505
 20.7522
 20.754
 20.7558
 20.7576
 20.7592
 20.7611
 20.7627
 20.7645
 20.7663
 20.7681
 20.7699
 20.7717
 20.7733
 20.7751
 20.777
 20.7787
 20.7803
 20.7824
 20.784
 20.7857
 20.7875
 20.7892
 20.791
 20.7928
 20.7945
 20.7963
 20.7981
 20.7999
 20.8017
 20.8034
 20.8051
 20.807
 20.8087
 20.8104
 20.8123
 20.814
 20.8158
 20.8176
 20.8192
 20.8209
 20.8228
 20.8246
 20.8263
 20.8281
 20.8298
 20.8316
 20.8333
 20.8351
 20.8368
 20.8386
 20.8403
 20.8421
 20.8439
 20.8456
 20.8475
 20.8492
 20.851
 20.8526
 20.8545
 20.8562
 20.8575
 20.8588
 20.8598
 20.861
 20.8622
 20.8635
 20.8647
 20.8659
 20.8669
 20.8682
 20.8695
 20.8706
 20.8718
 20.873
 20.8742
 20.8754
 20.8767
 20.8777
 20.879
 20.8802
 20.8814
 20.8825
 20.8838
 20.885
 20.8861
 20.8873
 20.8886
 20.8897
 20.891
 20.8921
 20.8933
 20.8945
 20.8956
 20.897
 20.898
 20.8992
 20.9004
 20.9016
 20.903
 20.9041
 20.9052
 20.9066
 20.9076
 20.9089
 20.91
 20.9112
 20.9123
 20.9136
 20.9138
 20.914
 20.914
 20.9142
 20.9142
 20.9144
 20.9146
 20.9147
 20.9148
 20.9149
 20.915
 20.9153
 20.9153
 20.9155
 20.9155
 20.9157
 20.9159
 20.916
 20.9161
 20.9162
 20.9164
 20.9165
 20.9167
 20.9168
 20.917
 20.9171
 20.9172
 20.9172
 20.9175
 20.9176
 20.9178
 20.9178
 20.918
 20.918
 20.9182
 20.9184
 20.9185
 20.9186
 20.9188
 20.919
 20.919
 20.9191
 20.9192
 20.9194
 20.9194
 20.9197
 20.9198
 20.9199
 20.9205
 20.921
 20.9214
 20.922
 20.9224
 20.9229
 20.9234
 20.9239
 20.9244
 20.9249
 20.9254
 20.9259
 20.9265
 20.9269
 20.9273
 20.9279
 20.9284
 20.929
 20.9295
 20.93
 20.9304
 20.9309
 20.9314
 20.9321
 20.9323
 20.933
 20.9335
 20.9339
 20.9344
 20.935
 20.9354
 20.9359
 20.9366
 20.937
 20.9374
 20.938
 20.9385
 20.939
 20.9394
 20.94
 20.9405
 20.9409
 20.9414
 20.942
 20.9424
 20.9431
 20.9435
 20.944
 20.9444
 20.9449
 20.9455
 20.946
 20.9464
 20.947
 20.9474
 20.948
 20.9485
 20.949
 20.9494
 20.9499
 20.9505
 20.9508
 20.9514
 20.9519
 20.9523
 20.953
 20.9535
 20.9539
 20.9546
 20.9549
 20.9554
 20.956
 20.9564
 20.957
 20.9575
 20.9579
 20.9585
 20.9589
 20.9594
 20.9599
 20.9604
 20.961
 20.9616
 20.962
 20.9624
 20.963
 20.9635
 20.9639
 20.9646
 20.965
 20.9653
 20.966
 20.9665
 20.967
 20.9674
 20.968
 20.9685
 20.969
 20.9696
 20.9703
 20.9709
 20.9715
 20.972
 20.9727
 20.9731
 20.9738
 20.9744
 20.9748
 20.9755
 20.9761
 20.9767
 20.9772
 20.9779
 20.9783
 20.979
 20.9797
 20.9801
 20.9807
 20.9813
 20.9819
 20.9824
 20.9831
 20.9836
 20.9842
 20.9849
 20.9854
 20.986
 20.9864
 20.9871
 20.9877
 20.9883
 20.9888
 20.9894
 20.9899
 20.9907
 20.9912
 20.9918
 20.9923
 20.993
 20.9935
 20.994
 20.9948
 20.9951
 20.9958
 20.9965
 20.997
 20.9976
 20.9982
 20.9988
 20.9994
 20.9999
 21.0006
 21.0011
 21.0016
 21.0023
 21.0027
 21.0034
 21.004
 21.0047
 21.0051
 21.0058
 21.0062
 21.0069
 21.0075
 21.008
 21.0086
 21.0092
 21.0097
 21.0103
 21.011
 21.0114
 21.0122
 21.0127
 21.0132
 21.0139
 21.0143
 21.015
 21.0155
 21.0162
 21.0168
 21.0173
 21.0179
 21.0184
 21.0191
 21.0197
 21.0202
 21.0209
 21.0213
 21.0219
 21.0226
 21.023
 21.0238
 21.0242
 21.0249
 21.0254
 21.026
 21.0264
 21.0273
 21.0277
 21.0284
 21.029
 21.0295
 21.0301
 21.0308
 21.0313
 21.0318
 21.0325
 21.033
 21.0336
 21.0341
 21.0348
 21.0353
 21.036
 21.0365
 21.0372
 21.0375
 21.0382
 21.0389
 21.0394
 21.04
 21.0405
 21.0411
 21.0418
 21.0423
 21.043
 21.0434
 21.044
 21.0447
 21.0452
 21.0458
 21.0463
 21.0469
 21.0475
 21.0481
 21.0488
 21.0492
 21.0499
 21.0505
 21.051
 21.0517
 21.0522
 21.0527
 21.0534
 21.0539
 21.0545
 21.055
 21.0556
 21.0563
 21.0568
 21.0576
 21.058
 21.0585
 21.0592
 21.0597
 21.0603
 21.0608
 21.0615
 21.062
 21.0626
 21.0632
 21.0638
 21.0644
 21.065
 21.0656
 21.0661
 21.0666
 21.0673
 21.068
 21.0684
 21.0691
 21.0696
 21.0702
 21.0709
 21.0714
 21.072
 21.0725
 21.0731
 21.0738
 21.0742
 21.0749
 21.0754
 21.076
 21.0766
 21.0772
 21.0777
 21.0782
 21.0789
 21.0796
 21.08
 21.0806
 21.0812
 21.0817
 21.0824
 21.083
 21.0835
 21.0841
 21.0847
 21.0852
 21.086
 21.0864
 21.087
 21.0877
 21.0882
 21.0887
 21.0893
 21.09
 21.0905
 21.0911
 21.0916
 21.0922
 21.0929
 21.0933
 21.0941
 21.0945
 21.0951
 21.0958
 21.0964
 21.097
 21.0975
 21.0981
 21.0987
 21.0992
 21.1
 21.1004
 21.101
 21.1018
 21.1021
 21.1027
 21.1033
 21.1039
 21.1045
 21.1051
 21.1055
 21.1062
 21.1067
 21.1073
 21.108
 21.1085
 21.1091
 21.1098
 21.1102
 21.1109
 21.1114
 21.112
 21.1125
 21.1133
 21.1136
 21.1143
 21.1149
 21.1155
 21.116
 21.1168
 21.1172
 21.1178
 21.1184
 21.1189
 21.1195
 21.1201
 21.1207
 21.1212
 21.122
 21.1223
 21.123
 21.1236
 21.1242
 21.1249
 21.1253
 21.1259
 21.1266
 21.127
 21.1277
 21.1283
 21.1287
 21.1294
 21.13
 21.1306
 21.1311
 21.1318
 21.1322
 21.133
 21.1336
 21.134
 21.1347
 21.1352
 21.1359
 21.1365
 21.137
 21.1376
 21.1382
 21.1387
 21.1394
 21.1399
 21.1405
 21.141
 21.1417
 21.1423
 21.1428
 21.1434
 21.1439
 21.1445
 21.1452
 21.1457
 21.1463
 21.1469
 21.1474
 21.148
 21.1486
 21.1491
 21.1498
 21.1503
 21.1509
 21.1515
 21.152
 21.1527
 21.1533
 21.1538
 21.1544
 21.155
 21.1555
 21.1561
 21.1568
 21.1573
 21.1579
 21.1586
 21.159
 21.1596
 21.1601
 21.1608
 21.1614
 21.162
 21.1624
 21.163
 21.163
 21.1631
 21.163
 21.1631
 21.163
 21.163
 21.1631
 21.1629
 21.163
 21.163
 21.1628
 21.163
 21.1628
 21.1627
 21.1628
 21.1627
 21.1628
 21.1626
 21.1627
 21.1626
 21.1626
 21.1626
 21.1626
 21.1625
 21.1625
 21.1625
 21.1625
 21.1623
 21.1624
 21.1623
 21.1622
 21.1623
 21.1623
 21.1622
 21.1623
 21.1622
 21.1622
 21.1622
 21.1622
 21.1621
 21.162
 21.162
 21.162
 21.1619
 21.162
 21.1619
 21.162
 21.162
 21.1617
 21.1617
 21.1614
 21.1613
 21.1611
 21.1609
 21.1607
 21.1607
 21.1604
 21.1603
 21.1601
 21.1601
 21.1599
 21.1598
 21.1595
 21.1593
 21.1593
 21.159
 21.1589
 21.1589
 21.1586
 21.1584
 21.1585
 21.1582
 21.1581
 21.158
 21.1577
 21.1575
 21.1573
 21.1571
 21.157
 21.157
 21.1567
 21.1567
 21.1565
 21.1564
 21.1563
 21.156
 21.1558
 21.1557
 21.1555
 21.1553
 21.1552
 21.155
 21.1548
 21.1548
 21.1546
 21.1545
 21.1536
 21.1528
 21.152
 21.1513
 21.1503
 21.1495
 21.1489
 21.1479
 21.1473
 21.1465
 21.1457
 21.1449
 21.1441
 21.1432
 21.1424
 21.1416
 21.1408
 21.14
 21.1392
 21.1384
 21.1378
 21.1369
 21.136
 21.1352
 21.1345
 21.1337
 21.133
 21.1321
 21.1312
 21.1305
 21.1297
 21.129
 21.1282
 21.1273
 21.1266
 21.1257
 21.1249
 21.124
 21.1233
 21.1224
 21.1218
 21.121
 21.12
 21.1194
 21.1185
 21.1178
 21.117
 21.1162
 21.1152
 21.1145
 21.1136
 21.113
 21.1121
 21.1114
 21.1105
 21.1098
 21.109
 21.1082
 21.1074
 21.1065
 21.1057
 21.1049
 21.1041
 21.1033
 21.1026
 21.1018
 21.101
 21.1001
 21.0993
 21.0986
 21.0977
 21.097
 21.0961
 21.0954
 21.0945
 21.0939
 21.093
 21.0921
 21.0914
 21.0906
 21.0898
 21.0889
 21.0881
 21.0874
 21.0866
 21.0857
 21.0851
 21.0842
 21.0835
 21.0827
 21.0819
 21.081
 21.0802
 21.0794
 21.0786
 21.0778
 21.077
 21.0762
 21.0753
 21.0746
 21.0738
 21.0731
 21.0722
 21.0715
 21.0707
 21.0698
 21.069
 21.0682
 21.0674
 21.0667
 21.066
 21.065
 21.0643
 21.0635
 21.0628
 21.0619
 21.0611
 21.0602
 21.0594
 21.0586
 21.0578
 21.0571
 21.0563
 21.0555
 21.0547
 21.0538
 21.053
 21.0522
 21.0514
 21.0507
 21.0499
 21.049
 21.0483
 21.0475
 21.0467
 21.0459
 21.0451
 21.0443
 21.0434
 21.0428
 21.0419
 21.041
 21.0404
 21.0396
 21.0383
 21.0374
 21.0362
 21.035
 21.034
 21.0329
 21.0316
 21.0305
 21.0295
 21.0283
 21.0272
 21.0261
 21.025
 21.0239
 21.0228
 21.0217
 21.0205
 21.0193
 21.0182
 21.0171
 21.016
 21.015
 21.0139
 21.0127
 21.0116
 21.0104
 21.0093
 21.0083
 21.0072
 21.0059
 21.0049
 21.0038
 21.0027
 21.0016
 21.0005
 20.9992
 20.9982
 20.997
 20.996
 20.9948
 20.9937
 20.9925
 20.9915
 20.9904
 20.9892
 20.9881
 20.987
 20.986
 20.9849
 20.9836
 20.9826
 20.9813
 20.9801
 20.9791
 20.978
 20.977
 20.9758
 20.9748
 20.9736
 20.9726
 20.9714
 20.9703
 20.9692
 20.968
 20.9669
 20.9658
 20.9647
 20.9636
 20.9624
 20.9614
 20.9602
 20.959
 20.958
 20.9568
 20.9556
 20.9546
 20.9535
 20.9523
 20.9513
 20.9502
 20.949
 20.948
 20.9468
 20.9456
 20.9445
 20.9435
 20.9422
 20.9412
 20.9401
 20.9389
 20.9379
 20.9368
 20.9356
 20.9344
 20.9333
 20.9321
 20.9312
 20.93
 20.9289
 20.9278
 20.9267
 20.9256
 20.9244
 20.9233
 20.9223
 20.921
 20.9199
 20.9189
 20.9176
 20.9165
 20.9155
 20.9145
 20.9132
 20.9122
 20.911
 20.9099
 20.909
 20.9076
 20.9066
 20.9055
 20.9043
 20.903
 20.9021
 20.9009
 20.9
 20.8988
 20.8977
 20.8965
 20.8953
 20.8944
 20.8932
 20.892
 20.8908
 20.8898
 20.8886
 20.8876
 20.8865
 20.8854
 20.8842
 20.8833
 20.882
 20.8807
 20.8797
 20.8786
 20.8775
 20.8764
 20.8753
 20.8742
 20.873
 20.872
 20.8709
 20.8696
 20.8685
 20.8674
 20.8662
 20.8651
 20.864
 20.863
 20.8618
 20.8609
 20.8596
 20.8587
 20.8574
 20.8563
 20.8551
 20.854
 20.8529
 20.8519
 20.8507
 20.8496
 20.8485
 20.8472
 20.8462
 20.845
 20.844
 20.843
 20.8417
 20.8406
 20.8395
 20.8384
 20.8373
 20.8361
 20.8351
 20.8339
 20.8329
 20.8317
 20.8306
 20.8295
 20.8284
 20.8273
 20.826
 20.8249
 20.824
 20.8231
 20.8222
 20.8212
 20.8204
 20.8193
 20.8183
 20.8174
 20.8164
 20.8155
 20.8147
 20.8137
 20.8126
 20.8119
 20.8109
 20.8099
 20.8089
 20.808
 20.807
 20.806
 20.8051
 20.8041
 20.8031
 20.8023
 20.8013
 20.8004
 20.7994
 20.7984
 20.7975
 20.7966
 20.7956
 20.7947
 20.7937
 20.7928
 20.7919
 20.791
 20.79
 20.789
 20.788
 20.7872
 20.7862
 20.7851
 20.7843
 20.7833
 20.7823
 20.7816
 20.7806
 20.7795
 20.7786
 20.7776
 20.7767
 20.7758
 20.7748
 20.774
 20.7729
 20.7721
 20.771
 20.77
 20.7691
 20.7681
 20.7672
 20.7663
 20.7652
 20.7644
 20.7635
 20.7625
 20.7616
 20.7606
 20.7596
 20.7587
 20.7578
 20.7568
 20.756
 20.7549
 20.754
 20.753
 20.752
 20.7511
 20.7502
 20.7491
 20.7483
 20.7474
 20.7464
 20.7455
 20.7446
 20.7435
 20.7426
 20.7417
 20.7408
 20.7397
 20.7389
 20.7378
 20.7369
 20.736
 20.735
 20.7341
 20.733
 20.7321
 20.7312
 20.7303
 20.7293
 20.7285
 20.7274
 20.7265
 20.7257
 20.7246
 20.7237
 20.7228
 20.7217
 20.7208
 20.72
 20.719
 20.718
 20.7172
 20.716
 20.7153
 20.7142
 20.7132
 20.7122
 20.7114
 20.7104
 20.7095
 20.7086
 20.7077
 20.7066
 20.7056
 20.7047
 20.7038
 20.7028
 20.7019
 20.701
 20.7
 20.6991
 20.698
 20.6972
 20.6962
 20.6953
 20.6942
 20.6933
 20.6923
 20.6914
 20.6906
 20.6896
 20.6886
 20.6875
 20.6862
 20.685
 20.6841
 20.6829
 20.6817
 20.6805
 20.6793
 20.6781
 20.677
 20.676
 20.6747
 20.6736
 20.6723
 20.6713
 20.67
 20.669
 20.6678
 20.6667
 20.6654
 20.6643
 20.6632
 20.662
 20.6609
 20.6597
 20.6587
 20.6574
 20.6564
 20.6551
 20.654
 20.6528
 20.6516
 20.6505
 20.6492
 20.648
 20.647
 20.6459
 20.6447
 20.6436
 20.6424
 20.6412
 20.64
 20.6389
 20.6378
 20.6365
 20.6354
 20.6342
 20.6331
 20.6314
 20.6298
 20.6281
 20.6265
 20.6249
 20.6233
 20.6216
 20.6202
 20.6184
 20.6167
 20.6151
 20.6135
 20.6118
 20.6102
 20.6086
 20.607
 20.6052
 20.6037
 20.602
 20.6004
 20.5988
 20.597
 20.5955
 20.5938
 20.5921
 20.5906
 20.589
 20.5873
 20.5857
 20.584
 20.5823
 20.5808
 20.5792
 20.5775
 20.5759
 20.5742
 20.5727
 20.571
 20.5693
 20.5678
 20.5662
 20.5643
 20.5629
 20.5612
 20.5594
 20.5579
 20.5563
 20.5547
 20.5531
 20.5515
 20.5497
 20.5481
 20.5465
 20.5447
 20.5432
 20.5416
 20.54
 20.5383
 20.5367
 20.535
 20.5334
 20.5317
 20.5301
 20.5285
 20.5269
 20.5252
 20.5235
 20.5219
 20.5202
 20.5187
 20.5169
 20.5153
 20.5138
 20.5121
 20.5105
 20.509
 20.5071
 20.5055
 20.5039
 20.5023
 20.5007
 20.499
 20.4974
 20.4958
 20.494
 20.4925
 20.491
 20.4892
 20.4876
 20.486
 20.4844
 20.4827
 20.481
 20.4794
 20.4778
 20.4763
 20.4747
 20.473
 20.4713
 20.4696
 20.4679
 20.4663
 20.4646
 20.4631
 20.4615
 20.4598
 20.4582
 20.4567
 20.455
 20.4533
 20.4517
 20.4499
 20.4484
 20.4467
 20.4451
 20.4434
 20.4419
 20.4401
 20.4386
 20.4369
 20.4354
 20.4336
 20.432
 20.4304
 20.4288
 20.4271
 20.4254
 20.4238
 20.4223
 20.4206
 20.419
 20.4174
 20.4157
 20.414
 20.4123
 20.4108
 20.409
 20.4075
 20.406
 20.4042
 20.4026
 20.401
 20.3993
 20.3976
 20.3957
 20.3936
 20.3915
 20.3894
 20.3874
 20.3853
 20.3832
 20.3813
 20.3793
 20.3773
 20.3751
 20.3731
 20.371
 20.369
 20.3668
 20.3649
 20.3627
 20.3608
 20.3586
 20.3568
 20.3546
 20.3525
 20.3507
 20.3484
 20.3464
 20.3443
 20.3423
 20.3401
 20.3382
 20.3361
 20.334
 20.332
 20.33
 20.328
 20.3258
 20.3239
 20.3217
 20.3197
 20.3176
 20.3157
 20.3135
 20.3115
 20.3094
 20.3073
 20.3054
 20.3031
 20.3011
 20.2991
 20.2973
 20.2954
 20.2936
 20.2917
 20.29
 20.288
 20.2862
 20.2843
 20.2824
 20.2805
 20.2787
 20.2768
 20.275
 20.2732
 20.2713
 20.2695
 20.2678
 20.2659
 20.2639
 20.2622
 20.2602
 20.2582
 20.2566
 20.2546
 20.2529
 20.2509
 20.249
 20.2471
 20.2453
 20.2436
 20.2417
 20.2399
 20.238
 20.2361
 20.2342
 20.2323
 20.2305
 20.2286
 20.2267
 20.225
 20.223
 20.2212
 20.2194
 20.2174
 20.2157
 20.2139
 20.2119
 20.2101
 20.209
 20.2075
 20.2061
 20.2049
 20.2035
 20.2021
 20.2008
 20.1995
 20.1981
 20.197
 20.1956
 20.1943
 20.1928
 20.1917
 20.1903
 20.189
 20.1876
 20.1863
 20.185
 20.1836
 20.1823
 20.181
 20.1797
 20.1784
 20.1771
 20.1758
 20.1745
 20.173
 20.1718
 20.1704
 20.169
 20.1678
 20.1665
 20.1652
 20.1639
 20.1626
 20.161
 20.1599
 20.1585
 20.1573
 20.1559
 20.1545
 20.1534
 20.1519
 20.1506
 20.1493
 20.148
 20.1466
 20.1454
 20.144
 20.1427
 20.1412
 20.14
 20.1386
 20.1374
 20.136
 20.1348
 20.1335
 20.1321
 20.1308
 20.1295
 20.128
 20.1267
 20.1254
 20.124
 20.1228
 20.1215
 20.1201
 20.1189
 20.1176
 20.1162
 20.1149
 20.1136
 20.1123
 20.111
 20.1094
 20.1081
 20.1069
 20.1055
 20.1042
 20.103
 20.1017
 20.1004
 20.0991
 20.0978
 20.0963
 20.095
 20.0937
 20.0923
 20.0911
 20.0898
 20.0884
 20.0871
 20.0859
 20.0844
 20.0831
 20.0818
 20.0805
 20.0791
 20.0779
 20.0765
 20.0752
 20.074
 20.0726
 20.0712
 20.0699
 20.0687
 20.0671
 20.066
 20.0646
 20.0633
 20.0619
 20.0607
 20.0593
 20.058
 20.0567
 20.0554
 20.054
 20.0528
 20.0513
 20.05
 20.0488
 20.0474
 20.0461
 20.0447
 20.0434
 20.0421
 20.0409
 20.0395
 20.0382
 20.037
 20.0354
 20.0342
 20.0328
 20.0316
 20.0301
 20.029
 20.0276
 20.0263
 20.0249
 20.0237
 20.0224
 20.021
 20.0196
 20.0182
 20.0168
 20.0153
 20.014
 20.0125
 20.0111
 20.0098
 20.0083
 20.0068
 20.0054
 20.0039
 20.0024
 20.0011
 19.9996
 19.9982
 19.9968
 19.9954
 19.994
 19.9927
 19.991
 19.9897
 19.9883
 19.9867
 19.9853
 19.984
 19.9825
 19.981
 19.9797
 19.9781
 19.9769
 19.9754
 19.9739
 19.9726
 19.9711
 19.9696
 19.9682
 19.9668
 19.9653
 19.9639
 19.9625
 19.961
 19.9597
 19.9582
 19.9567
 19.9553
 19.9539
 19.9525
 19.951
 19.9496
 19.9483
 19.9468
 19.9453
 19.944
 19.9425
 19.941
 19.9397
 19.9383
 19.9368
 19.9355
 19.9339
 19.9325
 19.9311
 19.9297
 19.9283
 19.927
 19.9254
 19.924
 19.9226
 19.9209
 19.9196
 19.9182
 19.9167
 19.9153
 19.914
 19.9125
 19.9111
 19.9097
 19.9082
 19.9068
 19.9054
 19.904
 19.9026
 19.9012
 19.8996
 19.8982
 19.8967
 19.8954
 19.894
 19.8925
 19.891
 19.8897
 19.8883
 19.8869
 19.8854
 19.8839
 19.8825
 19.8811
 19.8796
 19.8782
 19.8769
 19.8752
 19.8739
 19.8725
 19.871
 19.8697
 19.8683
 19.8669
 19.8654
 19.864
 19.8624
 19.8611
 19.8596
 19.8582
 19.8568
 19.8554
 19.854
 19.8525
 19.8511
 19.8497
 19.8483
 19.8468
 19.8455
 19.844
 19.8425
 19.8411
 19.8397
 19.8381
 19.8369
 19.8353
 19.8339
 19.8326
 19.8311
 19.8297
 19.8283
 19.8269
 19.8253
 19.824
 19.8226
 19.8211
 19.8197
 19.8183
 19.8168
 19.8154
 19.814
 19.8126
 19.8111
 19.8096
 19.8082
 19.8068
 19.8054
 19.804
 19.8026
 19.801
 19.7997
 19.7983
 19.7969
 19.7953
 19.794
 19.7925
 19.7911
 19.7897
 19.7882
 19.7869
 19.7854
 19.784
 19.7825
 19.7811
 19.7796
 19.7782
 19.7768
 19.7754
 19.7739
 19.7726
 19.7711
 19.7698
 19.7683
 19.7669
 19.7654
 19.764
 19.7626
 19.761
 19.7597
 19.7582
 19.7569
 19.7554
 19.754
 19.7525
 19.751
 19.7497
 19.7483
 19.7469
 19.7453
 19.7439
 19.7422
 19.7408
 19.739
 19.7375
 19.736
 19.7344
 19.7328
 19.7313
 19.7297
 19.728
 19.7266
 19.7249
 19.7234
 19.7218
 19.7203
 19.7186
 19.7172
 19.7155
 19.7139
 19.7124
 19.7108
 19.7091
 19.7075
 19.706
 19.7045
 19.703
 19.7013
 19.6999
 19.6983
 19.6966
 19.6951
 19.6935
 19.6919
 19.6903
 19.6888
 19.6871
 19.6856
 19.684
 19.6825
 19.6811
 19.6796
 19.6779
 19.6763
 19.6747
 19.673
 19.6715
 19.6699
 19.6684
 19.6668
 19.6653
 19.6637
 19.662
 19.6605
 19.659
 19.6574
 19.6558
 19.6543
 19.6528
 19.6511
 19.6495
 19.648
 19.6463
 19.6449
 19.6433
 19.6417
 19.6401
 19.6384
 19.637
 19.6354
 19.6339
 19.6322
 19.6308
 19.6291
 19.6275
 19.626
 19.6243
 19.6228
 19.6212
 19.6196
 19.618
 19.6165
 19.615
 19.6134
 19.6119
 19.6102
 19.6087
 19.6071
 19.6055
 19.604
 19.6023
 19.6006
 19.5992
 19.5975
 19.596
 19.5944
 19.5935
 19.5923
 19.5915
 19.5905
 19.5893
 19.5883
 19.5872
 19.5861
 19.5852
 19.5841
 19.583
 19.582
 19.5809
 19.5799
 19.5788
 19.5778
 19.5767
 19.5757
 19.5747
 19.5736
 19.5726
 19.5716
 19.5705
 19.5693
 19.5684
 19.5673
 19.5662
 19.5651
 19.5643
 19.563
 19.5621
 19.5611
 19.5601
 19.559
 19.558
 19.5569
 19.5558
 19.5549
 19.5538
 19.5527
 19.5516
 19.5506
 19.5495
 19.5485
 19.5474
 19.5464
 19.5455
 19.5442
 19.5439
 19.5433
 19.5428
 19.5421
 19.5417
 19.5411
 19.5406
 19.5401
 19.5396
 19.539
 19.5386
 19.538
 19.5376
 19.537
 19.5365
 19.536
 19.5354
 19.5349
 19.5344
 19.534
 19.5333
 19.5329
 19.5323
 19.5316
 19.5312
 19.5307
 19.53
 19.5296
 19.5292
 19.5285
 19.5281
 19.5276
 19.527
 19.5266
 19.5261
 19.5253
 19.525
 19.5244
 19.5238
 19.5233
 19.5229
 19.5223
 19.5219
 19.5213
 19.5208
 19.5202
 19.5197
 19.5192
 19.5186
 19.5181
 19.5176
 19.5171
 19.5164
 19.516
 19.5155
 19.5149
 19.5145
 19.514
 19.5134
 19.5128
 19.5123
 19.5117
 19.5113
 19.5107
 19.5102
 19.5098
 19.5091
 19.5086
 19.5082
 19.5075
 19.5071
 19.5067
 19.506
 19.5057
 19.505
 19.5045
 19.504
 19.5035
 19.5029
 19.5025
 19.5019
 19.5014
 19.501
 19.5002
 19.4997
 19.4993
 19.4988
 19.4981
 19.4978
 19.4972
 19.4966
 19.4961
 19.4956
 19.495
 19.4945
 19.494
 19.4941
 19.4944
 19.4946
 19.4948
 19.4948
 19.4951
 19.4953
 19.4954
 19.4956
 19.4958
 19.4959
 19.496
 19.4962
 19.4964
 19.4967
 19.4969
 19.497
 19.4972
 19.4974
 19.4975
 19.4977
 19.4979
 19.498
 19.4982
 19.4983
 19.4986
 19.4988
 19.499
 19.4991
 19.4993
 19.4995
 19.4996
 19.4999
 19.5
 19.5002
 19.5004
 19.5006
 19.5007
 19.501
 19.501
 19.5013
 19.5015
 19.5017
 19.5018
 19.502
 19.5022
 19.5022
 19.5026
 19.5027
 19.5029
 19.5031
 19.5032
 19.5033
 19.5037
 19.5038
 19.504
 19.5042
 19.5043
 19.5045
 19.5046
 19.5049
 19.505
 19.5053
 19.5054
 19.5056
 19.5058
 19.5059
 19.506
 19.5063
 19.5065
 19.5066
 19.5068
 19.5069
 19.5071
 19.5072
 19.5075
 19.5076
 19.5079
 19.5081
 19.5082
 19.5083
 19.5085
 19.5088
 19.5088
 19.5091
 19.5092
 19.5095
 19.5095
 19.5098
 19.51
 19.5102
 19.5104
 19.5106
 19.5108
 19.5109
 19.511
 19.511
 19.5112
 19.5112
 19.5113
 19.5113
 19.5115
 19.5116
 19.5117
 19.5117
 19.5119
 19.5119
 19.5118
 19.512
 19.512
 19.5122
 19.5122
 19.5123
 19.5123
 19.5125
 19.5124
 19.5125
 19.5126
 19.5126
 19.5128
 19.5129
 19.513
 19.513
 19.513
 19.513
 19.5131
 19.5132
 19.5133
 19.5134
 19.5135
 19.5135
 19.5135
 19.5137
 19.5137
 19.5138
 19.5139
 19.5139
 19.514
 19.5142
 19.5141
 19.5143
 19.5143
 19.5143
 19.5145
 19.5145
 19.5145
 19.5146
 19.5147
 19.5148
 19.515
 19.515
 19.5151
 19.5152
 19.5153
 19.5153
 19.5152
 19.5152
 19.5155
 19.5155
 19.5156
 19.5157
 19.5158
 19.5158
 19.5159
 19.516
 19.516
 19.5161
 19.5161
 19.5163
 19.5164
 19.5164
 19.5164
 19.5166
 19.5165
 19.5166
 19.5169
 19.5168
 19.5169
 19.517
 19.517
 19.517
 19.5172
 19.5172
 19.5173
 19.5173
 19.5174
 19.5176
 19.5176
 19.5176
 19.5177
 19.5177
 19.5178
 19.518
 19.518
 19.5181
 19.5182
 19.5182
 19.5183
 19.5184
 19.5185
 19.5186
 19.5185
 19.5186
 19.5186
 19.5187
 19.5188
 19.5189
 19.519
 19.519
 19.5192
 19.5193
 19.5193
 19.5194
 19.5194
 19.5195
 19.5196
 19.5197
 19.5197
 19.5197
 19.5198
 19.52
 19.52
 19.5201
 19.5203
 19.5202
 19.5203
 19.5204
 19.5204
 19.5205
 19.5207
 19.5206
 19.5207
 19.5208
 19.5208
 19.521
 19.521
 19.521
 19.5211
 19.5211
 19.5213
 19.5213
 19.5215
 19.5216
 19.5216
 19.5217
 19.5218
 19.5218
 19.5218
 19.5218
 19.5219
 19.522
 19.5222
 19.5222
 19.5223
 19.5224
 19.5224
 19.5225
 19.5227
 19.5227
 19.5226
 19.5229
 19.5227
 19.5229
 19.5229
 19.5229
 19.5231
 19.5232
 19.5232
 19.5233
 19.5234
 19.5235
 19.5237
 19.5236
 19.5237
 19.5238
 19.5238
 19.5239
 19.524
 19.524
 19.5242
 19.5243
 19.5242
 19.5244
 19.5244
 19.5245
 19.5245
 19.5247
 19.5247
 19.5248
 19.5249
 19.525
 19.525
 19.525
 19.5251
 19.5252
 19.5253
 19.5253
 19.5253
 19.5254
 19.5256
 19.5255
 19.5256
 19.5258
 19.5259
 19.5259
 19.526
 19.526
 19.5261
 19.5262
 19.5263
 19.5263
 19.5264
 19.5265
 19.5265
 19.5266
 19.5266
 19.5267
 19.5269
 19.5269
 19.527
 19.527
 19.527
 19.5271
 19.5272
 19.5272
 19.5274
 19.5275
 19.5276
 19.5276
 19.5277
 19.5278
 19.5278
 19.5279
 19.528
 19.528
 19.5281
 19.5282
 19.5283
 19.5285
 19.5284
 19.5285
 19.5286
 19.5286
 19.5287
 19.5288
 19.5288
 19.529
 19.529
 19.529
 19.529
 19.5291
 19.5291
 19.5294
 19.5295
 19.5296
 19.5295
 19.5296
 19.5297
 19.5297
 19.5298
 19.5299
 19.5299
 19.53
 19.5301
 19.5301
 19.5302
 19.5304
 19.5304
 19.5305
 19.5306
 19.5306
 19.5306
 19.5308
 19.5308
 19.5309
 19.531
 19.531
 19.531
 19.5312
 19.5311
 19.5312
 19.5313
 19.5314
 19.5316
 19.5313
 19.5311
 19.5309
 19.5306
 19.5303
 19.5302
 19.53
 19.5297
 19.5296
 19.5293
 19.5291
 19.5289
 19.5288
 19.5284
 19.5283
 19.528
 19.5278
 19.5277
 19.5275
 19.5271
 19.527
 19.5267
 19.5264
 19.5262
 19.526
 19.5258
 19.5256
 19.5254
 19.5251
 19.525
 19.5248
 19.5244
 19.5242
 19.5241
 19.5238
 19.5235
 19.5235
 19.5233
 19.523
 19.5228
 19.5226
 19.5224
 19.5222
 19.5219
 19.5217
 19.5215
 19.5212
 19.521
 19.5207
 19.5206
 19.5203
 19.5201
 19.52
 19.5197
 19.5194
 19.5192
 19.519
 19.5188
 19.5187
 19.5184
 19.5181
 19.518
 19.5177
 19.5173
 19.5173
 19.5172
 19.5169
 19.5167
 19.5164
 19.5162
 19.516
 19.5158
 19.5156
 19.5154
 19.5151
 19.515
 19.5148
 19.5144
 19.5142
 19.514
 19.5137
 19.5135
 19.5134
 19.513
 19.513
 19.5128
 19.5125
 19.5124
 19.5121
 19.5118
 19.5117
 19.5113
 19.511
 19.511
 19.5107
 19.5105
 19.5108
 19.5111
 19.5115
 19.5119
 19.5122
 19.5126
 19.5128
 19.513
 19.5135
 19.5136
 19.514
 19.5144
 19.5147
 19.515
 19.5154
 19.5156
 19.516
 19.5163
 19.5166
 19.5169
 19.5172
 19.5176
 19.5179
 19.5183
 19.5185
 19.519
 19.5193
 19.5196
 19.5198
 19.5203
 19.5205
 19.521
 19.5212
 19.5215
 19.522
 19.5221
 19.5225
 19.5228
 19.5232
 19.5235
 19.524
 19.5241
 19.5244
 19.5248
 19.525
 19.5253
 19.5257
 19.5261
 19.5266
 19.5272
 19.5277
 19.5283
 19.5288
 19.5295
 19.53
 19.5305
 19.531
 19.5315
 19.5321
 19.5326
 19.5332
 19.5338
 19.5345
 19.5348
 19.5355
 19.536
 19.5365
 19.537
 19.5376
 19.5381
 19.5387
 19.5392
 19.5398
 19.5404
 19.541
 19.5414
 19.5419
 19.5426
 19.543
 19.5436
 19.5441
 19.5448
 19.5454
 19.5459
 19.5464
 19.547
 19.5476
 19.5481
 19.5487
 19.5492
 19.5497
 19.5503
 19.5509
 19.5514
 19.5519
 19.5524
 19.5534
 19.5543
 19.5551
 19.556
 19.557
 19.558
 19.5589
 19.5597
 19.5607
 19.5615
 19.5624
 19.5633
 19.5641
 19.5652
 19.5662
 19.567
 19.5679
 19.569
 19.5697
 19.5706
 19.5715
 19.5725
 19.5733
 19.5742
 19.5752
 19.5761
 19.577
 19.578
 19.5787
 19.5796
 19.5806
 19.5815
 19.5824
 19.5833
 19.5843
 19.5852
 19.5861
 19.5869
 19.5878
 19.5887
 19.5897
 19.5906
 19.5915
 19.5924
 19.5933
 19.5942
 19.5951
 19.596
 19.597
 19.598
 19.5989
 19.5998
 19.6007
 19.6016
 19.6025
 19.6033
 19.6042
 19.6051
 19.6061
 19.607
 19.608
 19.6089
 19.6099
 19.6106
 19.6116
 19.6125
 19.6135
 19.6144
 19.6152
 19.6161
 19.6171
 19.618
 19.6189
 19.6198
 19.6208
 19.6218
 19.6226
 19.6234
 19.6244
 19.6253
 19.6262
 19.6272
 19.628
 19.629
 19.6299
 19.6308
 19.6318
 19.6327
 19.6335
 19.6344
 19.6354
 19.6362
 19.6372
 19.6381
 19.6391
 19.64
 19.6409
 19.6419
 19.6427
 19.6436
 19.6445
 19.6455
 19.6464
 19.6473
 19.6482
 19.6491
 19.65
 19.651
 19.6519
 19.653
 19.6538
 19.6547
 19.6556
 19.6565
 19.6574
 19.6582
 19.6591
 19.66
 19.6611
 19.6619
 19.6629
 19.6639
 19.6647
 19.6656
 19.6666
 19.6674
 19.6684
 19.6693
 19.6701
 19.6712
 19.672
 19.6729
 19.6739
 19.6748
 19.6756
 19.6766
 19.6775
 19.6785
 19.6795
 19.6801
 19.6812
 19.6821
 19.683
 19.6839
 19.6849
 19.6858
 19.6867
 19.6876
 19.6885
 19.6894
 19.6903
 19.6912
 19.6921
 19.693
 19.6941
 19.6949
 19.6958
 19.6968
 19.6978
 19.6986
 19.6995
 19.7004
 19.7013
 19.7022
 19.7031
 19.704
 19.705
 19.7059
 19.7068
 19.7077
 19.7087
 19.7095
 19.7106
 19.7114
 19.7123
 19.7132
 19.7141
 19.715
 19.716
 19.7168
 19.7179
 19.7187
 19.7196
 19.7206
 19.7215
 19.7223
 19.7234
 19.7243
 19.725
 19.7262
 19.7268
 19.7278
 19.7291
 19.7304
 19.7316
 19.7327
 19.7339
 19.7352
 19.7364
 19.7375
 19.7388
 19.74
 19.7413
 19.7425
 19.7436
 19.7449
 19.7461
 19.7472
 19.7485
 19.7497
 19.751
 19.7522
 19.7534
 19.7547
 19.7558
 19.7572
 19.7581
 19.7595
 19.7607
 19.7619
 19.7632
 19.7644
 19.7655
 19.7667
 19.768
 19.7691
 19.7704
 19.7716
 19.7729
 19.7741
 19.7753
 19.7766
 19.7778
 19.7789
 19.7802
 19.7813
 19.7825
 19.7838
 19.785
 19.7862
 19.7875
 19.7888
 19.79
 19.791
 19.7922
 19.7936
 19.7949
 19.7959
 19.7973
 19.7984
 19.7997
 19.8007
 19.8019
 19.8031
 19.8045
 19.8056
 19.8069
 19.8081
 19.8093
 19.8105
 19.8118
 19.813
 19.8141
 19.8154
 19.8166
 19.8178
 19.8191
 19.8201
 19.8215
 19.8227
 19.8239
 19.825
 19.8264
 19.8275
 19.8289
 19.83
 19.8312
 19.8325
 19.8337
 19.8348
 19.836
 19.8373
 19.8384
 19.8396
 19.8408
 19.8421
 19.8434
 19.8446
 19.8459
 19.847
 19.8483
 19.8496
 19.8507
 19.8519
 19.8531
 19.8543
 19.8556
 19.8567
 19.858
 19.8591
 19.8605
 19.8616
 19.8628
 19.864
 19.8653
 19.8665
 19.8676
 19.869
 19.8701
 19.8715
 19.8725
 19.8737
 19.8749
 19.8761
 19.8774
 19.8786
 19.8798
 19.881
 19.8823
 19.8833
 19.8847
 19.8859
 19.887
 19.8883
 19.8896
 19.8908
 19.8921
 19.8931
 19.8944
 19.8957
 19.8968
 19.898
 19.8992
 19.9005
 19.9016
 19.903
 19.9038
 19.9048
 19.9057
 19.9067
 19.9075
 19.9085
 19.9096
 19.9104
 19.9114
 19.9122
 19.9133
 19.9141
 19.9151
 19.916
 19.917
 19.9179
 19.919
 19.9198
 19.9208
 19.9217
 19.9226
 19.9235
 19.9246
 19.9254
 19.9264
 19.9274
 19.9282
 19.9292
 19.9301
 19.9311
 19.932
 19.9329
 19.9338
 19.9348
 19.9357
 19.9366
 19.9377
 19.9386
 19.9396
 19.9404
 19.9413
 19.9423
 19.9433
 19.9442
 19.9452
 19.946
 19.947
 19.9479
 19.9489
 19.9498
 19.9508
 19.9518
 19.9526
 19.9536
 19.9545
 19.9555
 19.9563
 19.9573
 19.9583
 19.9591
 19.9601
 19.9611
 19.962
 19.9629
 19.9639
 19.9649
 19.9658
 19.9667
 19.9676
 19.9686
 19.9697
 19.9705
 19.9715
 19.9724
 19.9733
 19.9742
 19.9751
 19.9761
 19.977
 19.9781
 19.9789
 19.98
 19.9809
 19.9817
 19.9827
 19.9836
 19.9845
 19.9854
 19.9864
 19.9873
 19.9883
 19.9892
 19.9901
 19.9911
 19.992
 19.9929
 19.9935
 19.994
 19.9946
 19.9951
 19.9956
 19.996
 19.9966
 19.997
 19.9976
 19.9981
 19.9988
 19.9992
 19.9997
 20.0003
 20.0008
 20.0012
 20.0019
 20.0022
 20.0028
 20.0032
 20.0039
 20.0044
 20.0049
 20.0053
 20.0058
 20.0064
 20.0068
 20.0073
 20.008
 20.0084
 20.009
 20.0095
 20.0099
 20.0104
 20.0111
 20.0115
 20.012
 20.0126
 20.0132
 20.0136
 20.014
 20.0145
 20.0152
 20.0157
 20.0162
 20.0167
 20.0171
 20.0178
 20.0182
 20.0187
 20.0192
 20.0198
 20.0203
 20.0209
 20.0214
 20.0219
 20.0225
 20.0229
 20.0235
 20.0239
 20.0244
 20.025
 20.0255
 20.026
 20.0266
 20.0271
 20.0276
 20.028
 20.0285
 20.029
 20.0297
 20.0302
 20.0306
 20.0312
 20.0317
 20.0321
 20.0326
 20.0332
 20.0336
 20.0342
 20.0347
 20.0352
 20.0359
 20.0363
 20.0367
 20.0373
 20.0379
 20.0383
 20.0388
 20.0394
 20.0399
 20.0404
 20.0409
 20.0415
 20.042
 20.0425
 20.0436
 20.0447
 20.0459
 20.047
 20.0481
 20.0493
 20.0504
 20.0515
 20.0526
 20.0537
 20.0549
 20.056
 20.0572
 20.0583
 20.0595
 20.0606
 20.0617
 20.0629
 20.064
 20.065
 20.0661
 20.0674
 20.0685
 20.0696
 20.0708
 20.072
 20.0731
 20.0741
 20.0752
 20.0762
 20.0776
 20.0785
 20.0799
 20.0808
 20.082
 20.0831
 20.0842
 20.0853
 20.0865
 20.0876
 20.0888
 20.09
 20.091
 20.0922
 20.0933
 20.0945
 20.0955
 20.0966
 20.0976
 20.0985
 20.0995
 20.1004
 20.1014
 20.1022
 20.1032
 20.104
 20.105
 20.1059
 20.1068
 20.1078
 20.1088
 20.1098
 20.1106
 20.1115
 20.1124
 20.1134
 20.1143
 20.1152
 20.116
 20.1171
 20.118
 20.119
 20.1198
 20.1207
 20.1217
 20.1227
 20.1234
 20.1243
 20.1255
 20.1262
 20.1273
 20.1281
 20.1289
 20.13
 20.131
 20.1318
 20.1328
 20.1338
 20.1346
 20.1356
 20.1363
 20.1374
 20.1383
 20.1392
 20.1401
 20.141
 20.142
 20.143
 20.1438
 20.1449
 20.1457
 20.1467
 20.1476
 20.1484
 20.1495
 20.1503
 20.1513
 20.1522
 20.1531
 20.154
 20.155
 20.1559
 20.1569
 20.1578
 20.1587
 20.1598
 20.1604
 20.1615
 20.1624
 20.1633
 20.1643
 20.1652
 20.1661
 20.167
 20.168
 20.1688
 20.1698
 20.1707
 20.1717
 20.1725
 20.1735
 20.1744
 20.1753
 20.1762
 20.1772
 20.1781
 20.179
 20.18
 20.1808
 20.1818
 20.1827
 20.1837
 20.1845
 20.1855
 20.1863
 20.187
 20.1878
 20.1885
 20.1892
 20.1899
 20.1907
 20.1913
 20.1922
 20.193
 20.1938
 20.1944
 20.1952
 20.1959
 20.1967
 20.1974
 20.198
 20.1989
 20.1998
 20.2005
 20.2011
 20.202
 20.2026
 20.2035
 20.204
 20.2049
 20.2055
 20.2063
 20.2072
 20.2079
 20.2086
 20.2092
 20.21
 20.2107
 20.2115
 20.2122
 20.213
 20.2139
 20.2146
 20.2153
 20.2159
 20.2168
 20.2174
 20.2182
 20.219
 20.2197
 20.2204
 20.2212
 20.222
 20.2228
 20.2233
 20.2242
 20.2248
 20.2256
 20.2264
 20.2271
 20.2279
 20.2287
 20.2295
 20.2301
 20.231
 20.2316
 20.2324
 20.2331
 20.2339
 20.2346
 20.2354
 20.2362
 20.2369
 20.2376
 20.2383
 20.2391
 20.2398
 20.2405
 20.2413
 20.242
 20.2429
 20.2435
 20.2443
 20.2451
 20.2458
 20.2464
 20.2473
 20.2479
 20.2489
 20.2495
 20.2502
 20.251
 20.2517
 20.2524
 20.253
 20.2539
 20.2547
 20.2554
 20.2562
 20.257
 20.2576
 20.2585
 20.2592
 20.2599
 20.2607
 20.2614
 20.2621
 20.2629
 20.2637
 20.2643
 20.2651
 20.2658
 20.2666
 20.2673
 20.2682
 20.2689
 20.2695
 20.2703
 20.271
 20.2719
 20.2725
 20.2733
 20.274
 20.2749
 20.2756
 20.2763
 20.277
 20.2778
 20.2785
 20.2792
 20.2799
 20.2807
 20.2815
 20.2822
 20.283
 20.2837
 20.2843
 20.2852
 20.286
 20.2866
 20.2874
 20.2882
 20.2889
 20.2897
 20.2903
 20.2911
 20.2918
 20.2927
 20.2933
 20.2943
 20.295
 20.2958
 20.2965
 20.2973
 20.2981
 20.2988
 20.2996
 20.3003
 20.3013
 20.3021
 20.3029
 20.3036
 20.3043
 20.3051
 20.306
 20.3066
 20.3075
 20.3083
 20.3091
 20.3099
 20.3106
 20.3113
 20.3122
 20.3129
 20.3138
 20.3145
 20.3153
 20.3161
 20.317
 20.3176
 20.3185
 20.3191
 20.32
 20.3207
 20.3216
 20.3223
 20.3231
 20.3239
 20.3247
 20.3255
 20.3261
 20.3269
 20.3278
 20.3286
 20.3293
 20.3301
 20.3312
 20.3321
 20.3332
 20.3342
 20.3353
 20.3363
 20.3374
 20.3384
 20.3395
 20.3405
 20.3415
 20.3425
 20.3436
 20.3445
 20.3455
 20.3467
 20.3478
 20.3488
 20.3497
 20.3508
 20.3517
 20.3529
 20.3538
 20.3548
 20.3562
 20.3571
 20.358
 20.359
 20.3601
 20.3612
 20.3621
 20.3631
 20.3642
 20.3653
 20.3663
 20.3672
 20.3682
 20.3693
 20.3704
 20.3714
 20.3724
 20.3734
 20.3745
 20.3756
 20.3765
 20.3776
 20.3785
 20.3797
 20.3804
 20.3813
 20.3821
 20.3828
 20.3837
 20.3845
 20.3853
 20.3861
 20.3869
 20.3877
 20.3885
 20.3893
 20.39
 20.391
 20.3917
 20.3927
 20.3933
 20.3942
 20.3951
 20.3958
 20.3966
 20.3975
 20.3982
 20.3989
 20.3999
 20.4007
 20.4014
 20.4022
 20.4031
 20.4037
 20.4047
 20.4055
 20.4061
 20.407
 20.4079
 20.4087
 20.4095
 20.4104
 20.411
 20.4119
 20.4126
 20.4135
 20.4143
 20.4151
 20.416
 20.4166
 20.4175
 20.4182
 20.4191
 20.42
 20.421
 20.4217
 20.4227
 20.4234
 20.4244
 20.4252
 20.426
 20.4269
 20.4278
 20.4286
 20.4295
 20.4304
 20.4313
 20.4321
 20.4329
 20.4338
 20.4346
 20.4355
 20.4364
 20.4372
 20.4382
 20.439
 20.4398
 20.4406
 20.4416
 20.4425
 20.4433
 20.4442
 20.445
 20.446
 20.4466
 20.4476
 20.4485
 20.4493
 20.4501
 20.451
 20.4518
 20.4528
 20.4536
 20.4544
 20.4552
 20.4561
 20.457
 20.4579
 20.4587
 20.4597
 20.4605
 20.4613
 20.4621
 20.4629
 20.464
 20.4649
 20.4656
 20.4665
 20.4673
 20.4682
 20.469
 20.47
 20.4707
 20.4716
 20.4725
 20.4734
 20.4742
 20.4751
 20.476
 20.4768
 20.4777
 20.4785
 20.4794
 20.4803
 20.4811
 20.482
 20.4829
 20.4836
 20.4845
 20.4854
 20.4863
 20.4872
 20.488
 20.4889
 20.4897
 20.4906
 20.4914
 20.4923
 20.4932
 20.494
 20.4949
 20.4957
 20.4967
 20.4975
 20.4982
 20.4991
 20.5
 20.5008
 20.5018
 20.5025
 20.5035
 20.5043
 20.5052
 20.5059
 20.5069
 20.5077
 20.5086
 20.5094
 20.5103
 20.5113
 20.5121
 20.513
 20.5138
 20.5146
 20.5155
 20.5163
 20.5172
 20.518
 20.519
 20.5199
 20.5205
 20.5215
 20.5224
 20.5232
 20.5241
 20.525
 20.5257
 20.5268
 20.5275
 20.5284
 20.5293
 20.5301
 20.531
 20.5318
 20.5327
 20.5337
 20.5344
 20.5354
 20.5361
 20.537
 20.5377
 20.5387
 20.5396
 20.5404
 20.5413
 20.5421
 20.543
 20.5439
 20.5448
 20.5455
 20.5464
 20.5473
 20.5481
 20.549
 20.5498
 20.5508
 20.5517
 20.5525
 20.5533
 20.5541
 20.555
 20.5559
 20.5568
 20.5577
 20.5585
 20.5593
 20.5601
 20.5612
 20.562
 20.5627
 20.5638
 20.5645
 20.5655
 20.5662
 20.5671
 20.568
 20.5689
 20.5696
 20.5706
 20.5714
 20.5723
 20.5731
 20.574
 20.5749
 20.5757
 20.5765
 20.5774
 20.5784
 20.5791
 20.58
 20.5808
 20.5818
 20.5826
 20.5834
 20.5843
 20.585
 20.586
 20.5868
 20.5877
 20.5886
 20.5894
 20.5902
 20.5912
 20.5919
 20.5928
 20.5937
 20.5945
 20.5955
 20.5964
 20.5971
 20.598
 20.599
 20.5998
 20.6006
 20.6013
 20.6023
 20.6031
 20.604
 20.605
 20.6057
 20.6067
 20.6076
 20.6083
 20.609
 20.6101
 20.611
 20.6119
 20.6127
 20.6136
 20.6145
 20.6153
 20.6162
 20.6169
 20.618
 20.6187
 20.6196
 20.6204
 20.6214
 20.6221
 20.6229
 20.6238
 20.6246
 20.6255
 20.6265
 20.6273
 20.6282
 20.629
 20.6299
 20.6308
 20.6316
 20.6325
 20.6332
 20.6341
 20.635
 20.6359
 20.6368
 20.6376
 20.6385
 20.6392
 20.6402
 20.6408
 20.642
 20.6428
 20.6436
 20.6445
 20.6453
 20.6462
 20.647
 20.6479
 20.6489
 20.6498
 20.6504
 20.6515
 20.6522
 20.6531
 20.6539
 20.6548
 20.6557
 20.6566
 20.6575
 20.6582
 20.6592
 20.66
 20.6608
 20.6617
 20.6626
 20.6633
 20.6643
 20.6652
 20.666
 20.6665
 20.6668
 20.6671
 20.6677
 20.6682
 20.6684
 20.6689
 20.6693
 20.6698
 20.6701
 20.6705
 20.6709
 20.6714
 20.6719
 20.6723
 20.6726
 20.6731
 20.6736
 20.6739
 20.6743
 20.6748
 20.6752
 20.6757
 20.6761
 20.6765
 20.6768
 20.6774
 20.6776
 20.6782
 20.6786
 20.679
 20.6794
 20.6799
 20.6802
 20.6807
 20.6812
 20.6815
 20.682
 20.6824
 20.6828
 20.6833
 20.6837
 20.684
 20.6845
 20.6849
 20.6853
 20.6857
 20.6861
 20.6862
 20.6865
 20.6865
 20.6866
 20.6869
 20.6869
 20.6871
 20.6873
 20.6874
 20.6875
 20.6876
 20.6878
 20.6879
 20.688
 20.6881
 20.6882
 20.6883
 20.6887
 20.6887
 20.689
 20.689
 20.6891
 20.6892
 20.6893
 20.6895
 20.6896
 20.6898
 20.69
 20.69
 20.6903
 20.6904
 20.6905
 20.6908
 20.6907
 20.691
 20.691
 20.6912
 20.6914
 20.6915
 20.6916
 20.6917
 20.6919
 20.692
 20.692
 20.6923
 20.6925
 20.6926
 20.6928
 20.6928
 20.6929
 20.6931
 20.6931
 20.6934
 20.6936
 20.6936
 20.6938
 20.694
 20.694
 20.6943
 20.6942
 20.6943
 20.6946
 20.6948
 20.6949
 20.6949
 20.6952
 20.6954
 20.6955
 20.6955
 20.6957
 20.6958
 20.696
 20.6961
 20.6961
 20.6963
 20.6966
 20.6967
 20.6968
 20.697
 20.697
 20.6971
 20.6974
 20.6975
 20.6976
 20.6979
 20.6979
 20.698
 20.6982
 20.6983
 20.6984
 20.6987
 20.6988
 20.6989
 20.699
 20.6991
 20.6993
 20.6994
 20.6996
 20.6997
 20.6998
 20.6999
 20.7
 20.7002
 20.7003
 20.7004
 20.7005
 20.7008
 20.701
 20.701
 20.7011
 20.7014
 20.7015
 20.7016
 20.7017
 20.7019
 20.702
 20.7021
 20.7023
 20.7023
 20.7026
 20.7027
 20.7028
 20.7029
 20.7031
 20.7031
 20.7033
 20.7035
 20.7036
 20.7039
 20.7039
 20.7041
 20.7042
 20.7044
 20.7045
 20.7046
 20.7048
 20.7048
 20.705
 20.7052
 20.7053
 20.7054
 20.7056
 20.7056
 20.7058
 20.706
 20.7062
 20.7062
 20.7064
 20.7065
 20.7066
 20.7068
 20.7069
 20.707
 20.7071
 20.7074
 20.7074
 20.7076
 20.7078
 20.7079
 20.708
 20.7081
 20.7082
 20.7083
 20.7086
 20.7089
 20.7088
 20.709
 20.7091
 20.7093
 20.7094
 20.7094
 20.7096
 20.7098
 20.7099
 20.7101
 20.71
 20.7104
 20.7105
 20.7107
 20.7107
 20.7108
 20.711
 20.7112
 20.7113
 20.7115
 20.7117
 20.7116
 20.7119
 20.7119
 20.7122
 20.7123
 20.7124
 20.7126
 20.7128
 20.7128
 20.713
 20.713
 20.7131
 20.7134
 20.7135
 20.7135
 20.7137
 20.7138
 20.7141
 20.7142
 20.7143
 20.7144
 20.7145
 20.7148
 20.7149
 20.7149
 20.7151
 20.7152
 20.7154
 20.7155
 20.7156
 20.7158
 20.7159
 20.7161
 20.7161
 20.7164
 20.7165
 20.7167
 20.7168
 20.7168
 20.717
 20.7171
 20.7174
 20.7175
 20.7177
 20.7178
 20.7179
 20.718
 20.7181
 20.7183
 20.7184
 20.7185
 20.7187
 20.7188
 20.719
 20.7191
 20.7192
 20.7193
 20.7194
 20.7196
 20.7196
 20.7198
 20.72
 20.7199
 20.72
 20.7201
 20.7202
 20.7203
 20.7205
 20.7206
 20.7207
 20.7208
 20.7209
 20.721
 20.7211
 20.7213
 20.7213
 20.7214
 20.7215
 20.7218
 20.7219
 20.722
 20.722
 20.7221
 20.7223
 20.7224
 20.7224
 20.7226
 20.7228
 20.7229
 20.7229
 20.723
 20.7232
 20.7233
 20.7235
 20.7234
 20.7235
 20.7237
 20.7239
 20.724
 20.7241
 20.7242
 20.7242
 20.7244
 20.7244
 20.7247
 20.7248
 20.7249
 20.725
 20.725
 20.7252
 20.7251
 20.7252
 20.7254
 20.7255
 20.7257
 20.7258
 20.7259
 20.726
 20.7262
 20.7263
 20.7264
 20.7264
 20.7265
 20.7268
 20.7269
 20.7269
 20.7269
 20.7271
 20.7273
 20.7273
 20.7274
 20.7275
 20.7276
 20.7279
 20.7278
 20.728
 20.7281
 20.7283
 20.7284
 20.7285
 20.7285
 20.7288
 20.7288
 20.7289
 20.729
 20.7291
 20.7292
 20.7293
 20.7294
 20.7295
 20.7297
 20.7297
 20.73
 20.7301
 20.7302
 20.7302
 20.7304
 20.7305
 20.7305
 20.7306
 20.7307
 20.731
 20.731
 20.731
 20.7312
 20.7313
 20.7314
 20.7316
 20.7316
 20.7317
 20.732
 20.732
 20.732
 20.7322
 20.7323
 20.7324
 20.7325
 20.7326
 20.7328
 20.733
 20.733
 20.7331
 20.7332
 20.7332
 20.7334
 20.7337
 20.7337
 20.7338
 20.7339
 20.734
 20.734
 20.7341
 20.7343
 20.7344
 20.7345
 20.7346
 20.7347
 20.7349
 20.7348
 20.7344
 20.7342
 20.734
 20.7338
 20.7335
 20.7332
 20.733
 20.7328
 20.7325
 20.7322
 20.732
 20.7318
 20.7317
 20.7312
 20.7311
 20.7309
 20.7308
 20.7305
 20.7303
 20.73
 20.7298
 20.7296
 20.7293
 20.729
 20.7289
 20.7287
 20.7283
 20.7282
 20.7278
 20.7276
 20.7274
 20.7273
 20.727
 20.7267
 20.7266
 20.7262
 20.7261
 20.726
 20.7256
 20.7254
 20.7252
 20.7249
 20.7246
 20.7244
 20.7242
 20.7241
 20.7238
 20.7236
 20.7234
 20.7232
 20.723
 20.7229
 20.7227
 20.7225
 20.7224
 20.7222
 20.722
 20.7219
 20.7216
 20.7213
 20.7214
 20.7211
 20.7209
 20.7208
 20.7206
 20.7203
 20.7203
 20.72
 20.7199
 20.7197
 20.7194
 20.7194
 20.7191
 20.719
 20.7187
 20.7187
 20.7184
 20.7183
 20.7181
 20.718
 20.7178
 20.7177
 20.7174
 20.7172
 20.7171
 20.7169
 20.7169
 20.7165
 20.7164
 20.7162
 20.716
 20.7159
 20.7158
 20.7155
 20.7153
 20.7158
 20.716
 20.7165
 20.717
 20.7173
 20.7177
 20.7181
 20.7184
 20.7188
 20.7192
 20.7195
 20.7199
 20.7201
 20.7207
 20.721
 20.7214
 20.7217
 20.7221
 20.7225
 20.723
 20.7231
 20.7236
 20.7241
 20.7244
 20.7248
 20.7251
 20.7256
 20.7259
 20.7263
 20.7266
 20.727
 20.7274
 20.7278
 20.7282
 20.7285
 20.729
 20.7293
 20.7298
 20.73
 20.7306
 20.7307
 20.7312
 20.7317
 20.732
 20.7322
 20.7328
 20.7331
 20.7334
 20.734
 20.7342
 20.7347
 20.735
 20.7354
 20.7358
 20.7362
 20.7365
 20.7369
 20.7372
 20.7376
 20.7381
 20.7384
 20.7389
 20.7392
 20.7396
 20.7399
 20.7402
 20.7406
 20.7411
 20.7415
 20.7419
 20.7421
 20.7425
 20.743
 20.7432
 20.7438
 20.744
 20.7444
 20.7449
 20.7452
 20.7456
 20.746
 20.7463
 20.7468
 20.7472
 20.7475
 20.7479
 20.7483
 20.7487
 20.749
 20.7494
 20.7497
 20.7501
 20.7505
 20.7509
 20.7511
 20.7516
 20.7511
 20.7504
 20.7499
 20.7492
 20.7485
 20.748
 20.7472
 20.7465
 20.746
 20.7453
 20.7446
 20.744
 20.7435
 20.7428
 20.742
 20.7415
 20.7408
 20.7402
 20.7395
 20.739
 20.7383
 20.7377
 20.737
 20.7363
 20.7358
 20.7351
 20.7344
 20.7338
 20.7332
 20.7326
 20.732
 20.7312
 20.7307
 20.73
 20.7293
 20.7288
 20.728
 20.7275
 20.7269
 20.7261
 20.7256
 20.725
 20.7242
 20.7237
 20.723
 20.7223
 20.7218
 20.7211
 20.7206
 20.72
 20.7192
 20.7186
 20.718
 20.7174
 20.7167
 20.716
 20.7154
 20.7147
 20.7142
 20.7135
 20.7128
 20.7122
 20.7116
 20.711
 20.7105
 20.7096
 20.709
 20.7084
 20.7077
 20.7071
 20.7065
 20.7058
 20.7051
 20.7046
 20.704
 20.7032
 20.7027
 20.702
 20.7013
 20.7008
 20.7
 20.6995
 20.6989
 20.6982
 20.6977
 20.697
 20.6963
 20.6957
 20.695
 20.6945
 20.6938
 20.693
 20.6925
 20.6918
 20.6912
 20.6905
 20.6903
 20.6902
 20.69
 20.6897
 20.6895
 20.6893
 20.6892
 20.689
 20.6887
 20.6884
 20.6882
 20.6881
 20.6878
 20.6876
 20.6874
 20.6872
 20.687
 20.6867
 20.6864
 20.6863
 20.686
 20.6859
 20.6856
 20.6854
 20.6851
 20.685
 20.6849
 20.6846
 20.6844
 20.6841
 20.6839
 20.6838
 20.6835
 20.6834
 20.683
 20.6829
 20.6827
 20.6825
 20.6821
 20.6822
 20.6818
 20.6815
 20.6814
 20.6811
 20.6809
 20.6808
 20.6804
 20.6803
 20.6793
 20.6783
 20.6771
 20.6761
 20.675
 20.674
 20.673
 20.6719
 20.6708
 20.6696
 20.6686
 20.6677
 20.6666
 20.6654
 20.6644
 20.6634
 20.6623
 20.6613
 20.6601
 20.6591
 20.658
 20.657
 20.6559
 20.6549
 20.654
 20.6526
 20.6517
 20.6506
 20.6495
 20.6484
 20.6475
 20.6464
 20.6454
 20.6441
 20.6431
 20.6422
 20.641
 20.64
 20.639
 20.638
 20.6369
 20.6358
 20.6346
 20.6336
 20.6326
 20.6316
 20.6304
 20.6293
 20.6284
 20.6272
 20.6263
 20.6253
 20.624
 20.623
 20.622
 20.621
 20.6199
 20.6188
 20.6177
 20.6168
 20.6158
 20.6146
 20.6135
 20.6126
 20.6114
 20.6104
 20.6092
 20.6083
 20.6071
 20.6061
 20.605
 20.604
 20.6029
 20.6018
 20.6008
 20.5997
 20.5988
 20.5977
 20.5966
 20.5955
 20.5944
 20.5933
 20.5923
 20.5913
 20.5902
 20.5891
 20.5881
 20.587
 20.5859
 20.585
 20.5838
 20.5828
 20.5817
 20.5805
 20.5796
 20.5785
 20.5769
 20.5753
 20.5738
 20.5721
 20.5705
 20.5689
 20.5672
 20.5657
 20.5641
 20.5623
 20.5609
 20.5592
 20.5575
 20.556
 20.5544
 20.5529
 20.5511
 20.5495
 20.548
 20.5463
 20.5448
 20.5432
 20.5415
 20.5398
 20.5382
 20.5366
 20.5352
 20.5334
 20.5319
 20.5302
 20.5286
 20.527
 20.5253
 20.5238
 20.5222
 20.5206
 20.519
 20.5173
 20.5157
 20.5142
 20.5125
 20.511
 20.5093
 20.5076
 20.506
 20.5045
 20.503
 20.5013
 20.4996
 20.498
 20.4965
 20.4949
 20.4933
 20.4916
 20.49
 20.4883
 20.4868
 20.4852
 20.4836
 20.4821
 20.4803
 20.4788
 20.477
 20.4755
 20.474
 20.4723
 20.4708
 20.4692
 20.4674
 20.4659
 20.4643
 20.4625
 20.461
 20.4594
 20.4578
 20.4562
 20.4545
 20.453
 20.4513
 20.4498
 20.4481
 20.4466
 20.445
 20.4433
 20.4417
 20.4402
 20.4385
 20.4369
 20.4352
 20.4336
 20.4321
 20.4305
 20.4287
 20.4272
 20.4256
 20.424
 20.4221
 20.4205
 20.4186
 20.4169
 20.4151
 20.4134
 20.4116
 20.4097
 20.4079
 20.4062
 20.4043
 20.4026
 20.4008
 20.399
 20.3972
 20.3954
 20.3937
 20.392
 20.39
 20.3883
 20.3865
 20.3846
 20.383
 20.3811
 20.3794
 20.3776
 20.3759
 20.374
 20.3722
 20.3704
 20.3687
 20.3669
 20.365
 20.3633
 20.3615
 20.3597
 20.3579
 20.3562
 20.3544
 20.3525
 20.3508
 20.349
 20.3474
 20.3454
 20.3436
 20.3418
 20.34
 20.3383
 20.3366
 20.3348
 20.333
 20.3312
 20.3294
 20.3275
 20.3258
 20.324
 20.3222
 20.3204
 20.3186
 20.3167
 20.3151
 20.3134
 20.3115
 20.3098
 20.308
 20.3063
 20.3044
 20.3026
 20.3008
 20.2991
 20.2972
 20.2955
 20.2937
 20.2919
 20.2901
 20.2882
 20.2865
 20.2848
 20.2829
 20.2811
 20.2794
 20.2777
 20.2759
 20.274
 20.2722
 20.2705
 20.2687
 20.267
 20.2651
 20.2632
 20.2614
 20.2598
 20.258
 20.256
 20.2543
 20.2526
 20.2509
 20.249
 20.2471
 20.2454
 20.2436
 20.242
 20.24
 20.2383
 20.2366
 20.2347
 20.233
 20.2311
 20.2293
 20.2277
 20.2258
 20.224
 20.2222
 20.2203
 20.2187
 20.217
 20.2151
 20.2134
 20.2114
 20.2097
 20.208
 20.206
 20.2044
 20.2026
 20.2009
 20.199
 20.1973
 20.1954
 20.1937
 20.1919
 20.1901
 20.1883
 20.1865
 20.1848
 20.183
 20.1812
 20.1793
 20.1776
 20.1757
 20.1739
 20.1723
 20.1705
 20.1687
 20.1668
 20.165
 20.1629
 20.1611
 20.1593
 20.1574
 20.1553
 20.1535
 20.1516
 20.1496
 20.1477
 20.1458
 20.1439
 20.1419
 20.14
 20.1382
 20.1361
 20.1343
 20.1324
 20.1304
 20.1286
 20.1266
 20.1247
 20.1228
 20.1209
 20.119
 20.117
 20.115
 20.1132
 20.1112
 20.1094
 20.1074
 20.1056
 20.1036
 20.1016
 20.0998
 20.098
 20.096
 20.094
 20.092
 20.0903
 20.0882
 20.0863
 20.0844
 20.0825
 20.0806
 20.0787
 20.0766
 20.0749
 20.0729
 20.071
 20.0691
 20.0671
 20.0653
 20.0634
 20.0613
 20.0594
 20.0576
 20.0557
 20.0538
 20.0519
 20.0498
 20.0481
 20.046
 20.0442
 20.0422
 20.0403
 20.0384
 20.0365
 20.0347
 20.0327
 20.0307
 20.0288
 20.0269
 20.0249
 20.0232
 20.0211
 20.0192
 20.0173
 20.0153
 20.0134
 20.0117
 20.0096
 20.0078
 20.0059
 20.0039
 20.002
 20
 19.998
 19.9963
 19.9943
 19.9924
 19.9904
 19.9885
 19.9866
 19.9847
 19.9828
 19.981
 19.979
 19.9772
 19.9754
 19.9735
 19.9717
 19.9698
 19.9679
 19.966
 19.964
 19.9622
 19.9605
 19.9586
 19.9567
 19.9548
 19.953
 19.9511
 19.9492
 19.9475
 19.9456
 19.9436
 19.9419
 19.94
 19.938
 19.9362
 19.9343
 19.9325
 19.9306
 19.9287
 19.9269
 19.925
 19.9232
 19.9213
 19.9194
 19.9175
 19.9158
 19.9138
 19.9119
 19.9101
 19.9082
 19.9064
 19.9045
 19.9026
 19.9009
 19.8989
 19.8969
 19.8952
 19.8932
 19.8914
 19.8898
 19.8877
 19.8858
 19.8839
 19.8822
 19.8802
 19.8784
 19.8765
 19.8747
 19.8729
 19.871
 19.8691
 19.8671
 19.8653
 19.8634
 19.8616
 19.8598
 19.858
 19.8561
 19.854
 19.8522
 19.8505
 19.8485
 19.8467
 19.8448
 19.843
 19.841
 19.8393
 19.8372
 19.8355
 19.8337
 19.8318
 19.83
 19.828
 19.8261
 19.8244
 19.8225
 19.8206
 19.8188
 19.8168
 19.815
 19.8132
 19.8112
 19.8094
 19.8075
 19.8057
 19.8038
 19.802
 19.8002
 19.7983
 19.7964
 19.7945
 19.7926
 19.7908
 19.789
 19.787
 19.7852
 19.7833
 19.7814
 19.7796
 19.7778
 19.776
 19.774
 19.7721
 19.7702
 19.7684
 19.7665
 19.7647
 19.7629
 19.7609
 19.7591
 19.7572
 19.7553
 19.7534
 19.7517
 19.7498
 19.748
 19.7461
 19.7441
 19.7423
 19.7405
 19.7386
 19.7367
 19.7349
 19.733
 19.7311
 19.7294
 19.7274
 19.7254
 19.7236
 19.7217
 19.7199
 19.7181
 19.7162
 19.7143
 19.7124
 19.7106
 19.7089
 19.7069
 19.7049
 19.7032
 19.7013
 19.6994
 19.6975
 19.6958
 19.6938
 19.692
 19.6901
 19.6882
 19.6864
 19.6845
 19.6826
 19.6809
 19.6788
 19.677
 19.6753
 19.6732
 19.6714
 19.6697
 19.6677
 19.6659
 19.664
 19.6621
 19.6602
 19.6584
 19.6565
 19.6546
 19.6529
 19.6509
 19.6491
 19.6472
 19.6453
 19.6436
 19.6417
 19.6396
 19.6379
 19.6361
 19.6341
 19.6322
 19.6305
 19.6286
 19.6268
 19.6249
 19.6229
 19.621
 19.6193
 19.6174
 19.6156
 19.6137
 19.6118
 19.6099
 19.608
 19.6062
 19.6043
 19.6024
 19.6007
 19.5987
 19.5969
 19.595
 19.5932
 19.5913
 19.5894
 19.5876
 19.5858
 19.5838
 19.582
 19.58
 19.5783
 19.5764
 19.5745
 19.5725
 19.5708
 19.569
 19.567
 19.5652
 19.5633
 19.5615
 19.5596
 19.5578
 19.5559
 19.5541
 19.5521
 19.5503
 19.5485
 19.5465
 19.5447
 19.5429
 19.5409
 19.539
 19.5372
 19.5353
 19.5339
 19.5326
 19.5311
 19.5296
 19.5283
 19.5268
 19.5252
 19.524
 19.5224
 19.5209
 19.5197
 19.5181
 19.5167
 19.5153
 19.5137
 19.5124
 19.511
 19.5095
 19.508
 19.5066
 19.5052
 19.5039
 19.5023
 19.5008
 19.4995
 19.498
 19.4965
 19.4951
 19.4938
 19.4922
 19.4909
 19.4894
 19.488
 19.4867
 19.4851
 19.4836
 19.4822
 19.4809
 19.4793
 19.4779
 19.4765
 19.475
 19.4738
 19.472
 19.4707
 19.4693
 19.4678
 19.4664
 19.4652
 19.4636
 19.4621
 19.4609
 19.4592
 19.4578
 19.4564
 19.455
 19.4537
 19.452
 19.4506
 19.4493
 19.4478
 19.4462
 19.4449
 19.4433
 19.442
 19.4406
 19.4392
 19.4377
 19.4363
 19.4349
 19.4333
 19.4319
 19.4306
 19.429
 19.4277
 19.4262
 19.4248
 19.4233
 19.4219
 19.4205
 19.4191
 19.4176
 19.4161
 19.4149
 19.4132
 19.4119
 19.4105
 19.4091
 19.4075
 19.4061
 19.4047
 19.4032
 19.4019
 19.4004
 19.399
 19.3975
 19.3966
 19.3957
 19.3946
 19.3937
 19.3926
 19.3918
 19.3907
 19.3899
 19.3889
 19.3879
 19.3868
 19.3859
 19.385
 19.384
 19.383
 19.382
 19.3811
 19.3802
 19.379
 19.3782
 19.3773
 19.3763
 19.3753
 19.3743
 19.3734
 19.3724
 19.3713
 19.3706
 19.3694
 19.3685
 19.3676
 19.3666
 19.3657
 19.3648
 19.3638
 19.3628
 19.3619
 19.3609
 19.36
 19.359
 19.358
 19.3569
 19.356
 19.3551
 19.3541
 19.3531
 19.3522
 19.3512
 19.3502
 19.3492
 19.3484
 19.3475
 19.3464
 19.3454
 19.3445
 19.3435
 19.3426
 19.3415
 19.3405
 19.3395
 19.3387
 19.3376
 19.3368
 19.3358
 19.3348
 19.3338
 19.3329
 19.3319
 19.331
 19.33
 19.3291
 19.3281
 19.327
 19.3262
 19.3252
 19.324
 19.3232
 19.3223
 19.3213
 19.3203
 19.3194
 19.3184
 19.3175
 19.3166
 19.3155
 19.3144
 19.3136
 19.3127
 19.3118
 19.3107
 19.3097
 19.3089
 19.3078
 19.3068
 19.3059
 19.305
 19.3033
 19.3021
 19.3007
 19.2991
 19.2978
 19.2964
 19.2947
 19.2934
 19.292
 19.2905
 19.2891
 19.2877
 19.2862
 19.2848
 19.2833
 19.2819
 19.2805
 19.279
 19.2776
 19.2762
 19.2748
 19.2733
 19.272
 19.2705
 19.2689
 19.2675
 19.2662
 19.2647
 19.2632
 19.2619
 19.2604
 19.259
 19.2575
 19.2561
 19.2547
 19.2532
 19.2519
 19.2504
 19.249
 19.2475
 19.2461
 19.2446
 19.2432
 19.2417
 19.2403
 19.2388
 19.2375
 19.236
 19.2348
 19.2335
 19.232
 19.231
 19.2297
 19.2285
 19.2272
 19.2259
 19.2246
 19.2234
 19.2221
 19.2207
 19.2195
 19.2182
 19.217
 19.2157
 19.2144
 19.2131
 19.212
 19.2107
 19.2093
 19.2081
 19.2069
 19.2054
 19.2043
 19.203
 19.2017
 19.2005
 19.1992
 19.1979
 19.1968
 19.1955
 19.1941
 19.1929
 19.1916
 19.1903
 19.189
 19.1879
 19.1865
 19.1853
 19.184
 19.1827
 19.1815
 19.1801
 19.1789
 19.1777
 19.1763
 19.1751
 19.1744
 19.1739
 19.1731
 19.1724
 19.1717
 19.1711
 19.1704
 19.1698
 19.169
 19.1685
 19.1679
 19.167
 19.1665
 19.1658
 19.165
 19.1643
 19.1638
 19.1632
 19.1625
 19.1618
 19.1611
 19.1605
 19.1597
 19.1591
 19.1584
 19.1577
 19.1572
 19.1565
 19.1557
 19.1551
 19.1544
 19.1538
 19.1531
 19.1524
 19.1518
 19.151
 19.1504
 19.15
 19.1492
 19.1485
 19.1478
 19.1471
 19.1465
 19.1458
 19.1452
 19.1445
 19.1437
 19.143
 19.1427
 19.142
 19.1414
 19.141
 19.1402
 19.1399
 19.1392
 19.1387
 19.1382
 19.1376
 19.137
 19.1365
 19.136
 19.1354
 19.1349
 19.1342
 19.1338
 19.1332
 19.1326
 19.132
 19.1316
 19.1309
 19.1303
 19.1299
 19.1293
 19.1287
 19.1281
 19.1277
 19.1271
 19.1265
 19.126
 19.1253
 19.1249
 19.1243
 19.1237
 19.1233
 19.1226
 19.122
 19.1216
 19.121
 19.1205
 19.1199
 19.1192
 19.1188
 19.1182
 19.1177
 19.117
 19.1165
 19.116
 19.1155
 19.1149
 19.1143
 19.1138
 19.1132
 19.1127
 19.1121
 19.1116
 19.111
 19.1105
 19.1099
 19.1094
 19.1088
 19.1082
 19.1076
 19.1072
 19.1065
 19.106
 19.1056
 19.1049
 19.1043
 19.1038
 19.1033
 19.1026
 19.1022
 19.1015
 19.101
 19.1006
 19.1
 19.0992
 19.0989
 19.0982
 19.0977
 19.0972
 19.0965
 19.0961
 19.0954
 19.0949
 19.0943
 19.0939
 19.0934
 19.0928
 19.0921
 19.0916
 19.0911
 19.0906
 19.0899
 19.089
 19.088
 19.087
 19.0862
 19.0852
 19.0841
 19.0832
 19.0822
 19.0813
 19.0802
 19.0793
 19.0784
 19.0775
 19.0764
 19.0756
 19.0747
 19.0735
 19.0726
 19.0717
 19.0706
 19.0697
 19.0687
 19.0678
 19.0669
 19.066
 19.0649
 19.064
 19.063
 19.062
 19.0611
 19.0601
 19.0591
 19.0582
 19.0572
 19.0562
 19.0553
 19.0543
 19.0533
 19.0524
 19.0514
 19.0504
 19.0495
 19.0486
 19.0474
 19.0466
 19.0457
 19.0446
 19.0438
 19.0428
 19.0423
 19.0415
 19.0407
 19.04
 19.0393
 19.0384
 19.0378
 19.037
 19.0362
 19.0355
 19.0347
 19.0341
 19.0332
 19.0325
 19.0318
 19.031
 19.0303
 19.0294
 19.0289
 19.028
 19.0272
 19.0265
 19.026
 19.0251
 19.0244
 19.0236
 19.0228
 19.0222
 19.0213
 19.0205
 19.02
 19.0191
 19.0183
 19.0176
 19.0168
 19.0161
 19.0154
 19.0146
 19.0139
 19.0131
 19.0123
 19.0118
 19.011
 19.01
 19.0095
 19.0087
 19.0079
 19.0082
 19.0083
 19.0086
 19.0089
 19.009
 19.0092
 19.0094
 19.0098
 19.0099
 19.0101
 19.0104
 19.0105
 19.0109
 19.011
 19.0112
 19.0116
 19.0118
 19.0119
 19.0121
 19.0124
 19.0126
 19.0128
 19.013
 19.0132
 19.0135
 19.0137
 19.014
 19.0141
 19.0144
 19.0145
 19.0149
 19.015
 19.0153
 19.0153
 19.0157
 19.016
 19.0161
 19.0163
 19.0166
 19.0169
 19.017
 19.0172
 19.0175
 19.0178
 19.0179
 19.0181
 19.0184
 19.0187
 19.0187
 19.0189
 19.0193
 19.0195
 19.0196
 19.0199
 19.0203
 19.0202
 19.0206
 19.0209
 19.021
 19.0212
 19.0215
 19.0218
 19.0219
 19.0221
 19.0223
 19.0225
 19.0228
 19.023
 19.0232
 19.0235
 19.0235
 19.024
 19.0241
 19.0243
 19.0247
 19.0249
 19.025
 19.0252
 19.0254
 19.0257
 19.026
 19.0261
 19.0264
 19.0265
 19.0267
 19.027
 19.0272
 19.0274
 19.0278
 19.0278
 19.028
 19.0284
 19.0285
 19.0288
 19.0291
 19.0292
 19.0292
 19.0293
 19.0294
 19.0294
 19.0294
 19.0294
 19.0294
 19.0295
 19.0296
 19.0296
 19.0297
 19.0297
 19.0296
 19.0297
 19.0298
 19.0298
 19.0299
 19.0299
 19.0299
 19.03
 19.03
 19.0301
 19.0301
 19.03
 19.0302
 19.0302
 19.0301
 19.0302
 19.0301
 19.0303
 19.0303
 19.0302
 19.0304
 19.0304
 19.0304
 19.0305
 19.0305
 19.0305
 19.0306
 19.0307
 19.0306
 19.0308
 19.0307
 19.0308
 19.0308
 19.0308
 19.0309
 19.031
 19.0309
 19.031
 19.0309
 19.031
 19.0311
 19.031
 19.0311
 19.0311
 19.0313
 19.0312
 19.0313
 19.0313
 19.0314
 19.0314
 19.0315
 19.0314
 19.0315
 19.0316
 19.0315
 19.0317
 19.0316
 19.0317
 19.0317
 19.0318
 19.0318
 19.0318
 19.0318
 19.0319
 19.0319
 19.0319
 19.0321
 19.032
 19.032
 19.0321
 19.0321
 19.0321
 19.0322
 19.0322
 19.0324
 19.0322
 19.0323
 19.0324
 19.0325
 19.0324
 19.0325
 19.0325
 19.0324
 19.0326
 19.0327
 19.0326
 19.0326
 19.0329
 19.0328
 19.0328
 19.0329
 19.0329
 19.0328
 19.033
 19.0331
 19.033
 19.0331
 19.033
 19.0331
 19.0332
 19.0331
 19.0333
 19.0332
 19.0333
 19.0333
 19.0334
 19.0334
 19.0334
 19.0334
 19.0335
 19.0335
 19.0335
 19.0336
 19.0335
 19.0338
 19.0337
 19.0336
 19.0338
 19.0338
 19.0338
 19.0339
 19.0339
 19.0339
 19.0339
 19.034
 19.0342
 19.0341
 19.0341
 19.0342
 19.0341
 19.0342
 19.0343
 19.0347
 19.0352
 19.0356
 19.036
 19.0364
 19.037
 19.0373
 19.0377
 19.0384
 19.0387
 19.0392
 19.0395
 19.0401
 19.0405
 19.041
 19.0414
 19.0417
 19.0423
 19.0427
 19.0431
 19.0436
 19.044
 19.0444
 19.045
 19.0453
 19.0459
 19.0463
 19.0466
 19.0472
 19.0475
 19.048
 19.0485
 19.0489
 19.0493
 19.0499
 19.0501
 19.0506
 19.0512
 19.0515
 19.0521
 19.0525
 19.0529
 19.0534
 19.0538
 19.0542
 19.0547
 19.0551
 19.0556
 19.056
 19.0565
 19.0569
 19.0572
 19.0579
 19.0583
 19.0587
 19.0592
 19.0596
 19.06
 19.0605
 19.0609
 19.0614
 19.0618
 19.0622
 19.0628
 19.0631
 19.0635
 19.064
 19.0643
 19.0648
 19.0655
 19.0658
 19.0661
 19.0668
 19.067
 19.0676
 19.068
 19.0684
 19.069
 19.0693
 19.0698
 19.0703
 19.0706
 19.0711
 19.0716
 19.0721
 19.0723
 19.0727
 19.0735
 19.0737
 19.0742
 19.0747
 19.0753
 19.0755
 19.076
 19.0765
 19.0769
 19.0773
 19.0778
 19.0783
 19.0787
 19.0791
 19.0796
 19.08
 19.0804
 19.0809
 19.0814
 19.0818
 19.0821
 19.0827
 19.0831
 19.0836
 19.084
 19.0843
 19.085
 19.0854
 19.0858
 19.0861
 19.0866
 19.0871
 19.0875
 19.088
 19.0884
 19.089
 19.0893
 19.0898
 19.0902
 19.0905
 19.091
 19.0917
 19.092
 19.0924
 19.093
 19.0932
 19.0939
 19.0942
 19.0946
 19.0952
 19.0955
 19.096
 19.0965
 19.097
 19.0973
 19.0978
 19.0982
 19.0986
 19.0991
 19.0995
 19.0999
 19.1004
 19.1009
 19.1012
 19.1018
 19.1022
 19.1026
 19.1031
 19.1036
 19.1039
 19.1045
 19.1049
 19.1054
 19.1058
 19.1062
 19.1066
 19.1071
 19.1074
 19.108
 19.1085
 19.1087
 19.1094
 19.1097
 19.1101
 19.1106
 19.1111
 19.1116
 19.1121
 19.1124
 19.1129
 19.1134
 19.1136
 19.1142
 19.1146
 19.1151
 19.1155
 19.116
 19.1165
 19.1169
 19.1172
 19.1178
 19.1182
 19.1185
 19.1191
 19.1196
 19.12
 19.1204
 19.1208
 19.1214
 19.1218
 19.1221
 19.1227
 19.123
 19.1236
 19.124
 19.1244
 19.1248
 19.1253
 19.1257
 19.1262
 19.1266
 19.127
 19.1275
 19.128
 19.1285
 19.1289
 19.1292
 19.1297
 19.1303
 19.1306
 19.131
 19.1315
 19.1321
 19.1324
 19.1328
 19.1334
 19.1337
 19.1341
 19.1347
 19.1351
 19.1354
 19.136
 19.1364
 19.1368
 19.1373
 19.1377
 19.1382
 19.1387
 19.1391
 19.1397
 19.1399
 19.1404
 19.1408
 19.1407
 19.1407
 19.1406
 19.1406
 19.1404
 19.1404
 19.1404
 19.1402
 19.14
 19.1401
 19.1401
 19.14
 19.1398
 19.1398
 19.1398
 19.1397
 19.1397
 19.1396
 19.1394
 19.1395
 19.1394
 19.1391
 19.1392
 19.1391
 19.139
 19.139
 19.139
 19.1388
 19.1388
 19.1387
 19.1387
 19.1386
 19.1385
 19.1385
 19.1383
 19.1383
 19.1382
 19.1382
 19.1381
 19.138
 19.138
 19.138
 19.1378
 19.1377
 19.1376
 19.1375
 19.1376
 19.1374
 19.1373
 19.1373
 19.1373
 19.1371
 19.1371
 19.137
 19.1369
 19.1368
 19.1368
 19.1367
 19.1366
 19.1365
 19.1365
 19.1364
 19.1363
 19.1363
 19.136
 19.1362
 19.136
 19.136
 19.1359
 19.1358
 19.1357
 19.1358
 19.1357
 19.1356
 19.1355
 19.1354
 19.1355
 19.1352
 19.1352
 19.1352
 19.135
 19.135
 19.135
 19.1348
 19.1348
 19.1348
 19.1346
 19.1346
 19.1345
 19.1344
 19.1344
 19.1342
 19.1342
 19.1342
 19.1341
 19.134
 19.1344
 19.1346
 19.135
 19.1354
 19.1359
 19.136
 19.1365
 19.1369
 19.137
 19.1375
 19.1379
 19.1382
 19.1386
 19.139
 19.1393
 19.1397
 19.14
 19.1403
 19.1408
 19.141
 19.1414
 19.1418
 19.142
 19.1424
 19.1428
 19.143
 19.1435
 19.1438
 19.1442
 19.1445
 19.1448
 19.1452
 19.1456
 19.146
 19.1461
 19.1467
 19.147
 19.1474
 19.1476
 19.148
 19.1484
 19.1488
 19.1491
 19.1495
 19.1497
 19.1501
 19.1506
 19.1509
 19.1516
 19.1523
 19.1531
 19.1538
 19.1546
 19.1554
 19.156
 19.157
 19.1577
 19.1583
 19.1591
 19.16
 19.1606
 19.1614
 19.1621
 19.1629
 19.1636
 19.1644
 19.1651
 19.1659
 19.1666
 19.1674
 19.1681
 19.1688
 19.1696
 19.1704
 19.1712
 19.1719
 19.1727
 19.1735
 19.1742
 19.1749
 19.1757
 19.1764
 19.1771
 19.1779
 19.1785
 19.1794
 19.18
 19.1808
 19.1816
 19.1824
 19.183
 19.1838
 19.1848
 19.1853
 19.1861
 19.187
 19.1874
 19.188
 19.1887
 19.1893
 19.1899
 19.1904
 19.191
 19.1917
 19.1922
 19.1928
 19.1934
 19.1941
 19.1946
 19.1952
 19.1956
 19.1964
 19.197
 19.1976
 19.1981
 19.1988
 19.1992
 19.2
 19.2006
 19.201
 19.2017
 19.2022
 19.203
 19.2034
 19.2039
 19.2046
 19.2052
 19.2059
 19.2063
 19.207
 19.2075
 19.2081
 19.2089
 19.2094
 19.21
 19.2106
 19.2112
 19.2117
 19.2123
 19.213
 19.2134
 19.2142
 19.2147
 19.2153
 19.2159
 19.2163
 19.2169
 19.2173
 19.2179
 19.2184
 19.219
 19.2196
 19.2201
 19.2207
 19.2211
 19.2218
 19.2223
 19.2229
 19.2234
 19.2239
 19.2244
 19.2249
 19.2254
 19.226
 19.2266
 19.2271
 19.2276
 19.2282
 19.2287
 19.2293
 19.2296
 19.2304
 19.2309
 19.2314
 19.232
 19.2325
 19.233
 19.2336
 19.2342
 19.2348
 19.2352
 19.2358
 19.2362
 19.2368
 19.2373
 19.2378
 19.2385
 19.239
 19.2396
 19.24
 19.2406
 19.2411
 19.2416
 19.2424
 19.2429
 19.2432
 19.2438
 19.2445
 19.2449
 19.2455
 19.246
 19.2466
 19.2471
 19.2477
 19.2482
 19.2488
 19.2492
 19.2498
 19.2502
 19.2509
 19.2512
 19.2519
 19.2525
 19.2529
 19.2535
 19.2541
 19.2546
 19.2551
 19.2557
 19.2562
 19.2567
 19.2573
 19.2578
 19.2583
 19.2589
 19.2594
 19.26
 19.2606
 19.2609
 19.2616
 19.2621
 19.2627
 19.2632
 19.2638
 19.2643
 19.2649
 19.2653
 19.266
 19.2664
 19.2671
 19.2676
 19.268
 19.2686
 19.2691
 19.2698
 19.2702
 19.2707
 19.2713
 19.2718
 19.2725
 19.273
 19.2735
 19.2741
 19.2746
 19.2752
 19.2756
 19.2761
 19.2768
 19.2771
 19.2778
 19.2783
 19.2788
 19.2794
 19.28
 19.2806
 19.281
 19.2815
 19.2822
 19.2826
 19.2832
 19.2837
 19.2844
 19.2847
 19.2854
 19.2859
 19.2863
 19.287
 19.2875
 19.288
 19.2886
 19.2891
 19.2896
 19.2901
 19.2907
 19.2912
 19.2918
 19.2923
 19.2929
 19.2934
 19.294
 19.2946
 19.2953
 19.2958
 19.2965
 19.297
 19.2977
 19.2981
 19.2989
 19.2993
 19.2999
 19.3006
 19.3011
 19.3017
 19.3024
 19.3029
 19.3034
 19.3042
 19.3045
 19.3052
 19.3058
 19.3065
 19.3071
 19.3076
 19.3083
 19.3088
 19.3095
 19.31
 19.3107
 19.3112
 19.3118
 19.3124
 19.313
 19.3135
 19.3142
 19.3146
 19.3154
 19.3159
 19.3165
 19.3171
 19.3177
 19.3183
 19.3189
 19.3195
 19.3201
 19.3207
 19.3213
 19.3218
 19.3223
 19.323
 19.3237
 19.3242
 19.3249
 19.3253
 19.3261
 19.3265
 19.327
 19.3278
 19.3283
 19.3289
 19.3294
 19.3301
 19.3307
 19.3312
 19.332
 19.3325
 19.3331
 19.3336
 19.3342
 19.3348
 19.3354
 19.3359
 19.3366
 19.3372
 19.3378
 19.3383
 19.3391
 19.3396
 19.3401
 19.3408
 19.3413
 19.3419
 19.3426
 19.3431
 19.3437
 19.3443
 19.3448
 19.3456
 19.3461
 19.3467
 19.3473
 19.348
 19.3485
 19.349
 19.3496
 19.3505
 19.3514
 19.3522
 19.3531
 19.3539
 19.3548
 19.3556
 19.3567
 19.3574
 19.3582
 19.3591
 19.36
 19.3608
 19.3616
 19.3625
 19.3635
 19.3643
 19.3651
 19.366
 19.3668
 19.3676
 19.3686
 19.3695
 19.3702
 19.3711
 19.372
 19.3728
 19.3739
 19.3746
 19.3754
 19.3765
 19.3773
 19.378
 19.379
 19.3797
 19.3806
 19.3815
 19.3824
 19.3832
 19.3841
 19.385
 19.3859
 19.3867
 19.3876
 19.3884
 19.3894
 19.3902
 19.3911
 19.3919
 19.3927
 19.3936
 19.3946
 19.3953
 19.3962
 19.3971
 19.3979
 19.3987
 19.3997
 19.4005
 19.4013
 19.4022
 19.4031
 19.404
 19.4048
 19.4057
 19.4065
 19.4074
 19.4084
 19.4092
 19.41
 19.4109
 19.4118
 19.4125
 19.4136
 19.4143
 19.4153
 19.4161
 19.417
 19.4177
 19.4187
 19.4194
 19.4204
 19.4212
 19.4221
 19.4229
 19.4237
 19.4247
 19.4256
 19.4264
 19.4273
 19.4281
 19.429
 19.4299
 19.4308
 19.4317
 19.4324
 19.433
 19.4336
 19.434
 19.4346
 19.4351
 19.4358
 19.4363
 19.4369
 19.4374
 19.438
 19.4386
 19.4391
 19.4396
 19.4401
 19.4408
 19.4412
 19.4417
 19.4425
 19.4429
 19.4434
 19.4441
 19.4447
 19.445
 19.4458
 19.4462
 19.4469
 19.4473
 19.4479
 19.4486
 19.449
 19.4495
 19.4502
 19.4506
 19.4513
 19.4518
 19.4524
 19.4529
 19.4535
 19.454
 19.4545
 19.4551
 19.4557
 19.4562
 19.4568
 19.4574
 19.4579
 19.4584
 19.459
 19.4595
 19.46
 19.4605
 19.4611
 19.4617
 19.4621
 19.4628
 19.4633
 19.4638
 19.4646
 19.4651
 19.4655
 19.4661
 19.4667
 19.4672
 19.4678
 19.4683
 19.4689
 19.4695
 19.47
 19.4705
 19.471
 19.4716
 19.4722
 19.4728
 19.4733
 19.4738
 19.4744
 19.4749
 19.4756
 19.476
 19.4767
 19.4772
 19.4777
 19.4783
 19.4788
 19.4795
 19.4799
 19.4805
 19.481
 19.4816
 19.4821
 19.4828
 19.4832
 19.4838
 19.4844
 19.485
 19.4855
 19.4864
 19.4874
 19.4883
 19.4893
 19.4902
 19.4913
 19.4922
 19.4933
 19.4941
 19.4951
 19.4961
 19.4971
 19.498
 19.499
 19.5
 19.501
 19.5019
 19.5029
 19.5039
 19.5048
 19.5058
 19.5068
 19.5078
 19.5087
 19.5096
 19.5106
 19.5116
 19.5127
 19.5136
 19.5146
 19.5154
 19.5164
 19.5175
 19.5184
 19.5194
 19.5204
 19.5213
 19.5224
 19.5233
 19.5241
 19.5252
 19.5262
 19.5271
 19.5281
 19.529
 19.53
 19.531
 19.532
 19.5333
 19.5349
 19.5364
 19.5379
 19.5393
 19.5409
 19.5423
 19.5438
 19.5453
 19.5467
 19.5482
 19.5498
 19.5511
 19.5527
 19.5541
 19.5555
 19.5571
 19.5586
 19.5601
 19.5616
 19.563
 19.5645
 19.5659
 19.5674
 19.5689
 19.5705
 19.5719
 19.5734
 19.5748
 19.5764
 19.5777
 19.5793
 19.5807
 19.5822
 19.5836
 19.5853
 19.5866
 19.5881
 19.5895
 19.591
 19.5926
 19.5941
 19.5955
 19.5969
 19.5983
 19.5999
 19.6014
 19.6028
 19.6031
 19.6035
 19.6036
 19.6041
 19.6042
 19.6045
 19.605
 19.6052
 19.6055
 19.6057
 19.606
 19.6063
 19.6066
 19.607
 19.6071
 19.6075
 19.6078
 19.6081
 19.6084
 19.6087
 19.6089
 19.6091
 19.6095
 19.6098
 19.61
 19.6103
 19.6105
 19.6111
 19.6111
 19.6116
 19.6118
 19.6121
 19.6123
 19.6127
 19.6129
 19.6132
 19.6136
 19.6138
 19.6141
 19.6144
 19.6146
 19.615
 19.6152
 19.6155
 19.6157
 19.616
 19.6163
 19.6166
 19.6169
 19.6172
 19.6175
 19.6179
 19.618
 19.6184
 19.6186
 19.619
 19.6192
 19.6195
 19.6197
 19.6202
 19.6204
 19.6206
 19.621
 19.6212
 19.6215
 19.6218
 19.622
 19.6224
 19.6227
 19.6229
 19.6232
 19.6235
 19.6239
 19.6242
 19.6244
 19.6245
 19.625
 19.6252
 19.6256
 19.626
 19.6261
 19.6264
 19.6266
 19.627
 19.6273
 19.6275
 19.6278
 19.6281
 19.6284
 19.6288
 19.629
 19.6292
 19.6296
 19.63
 19.6301
 19.6304
 19.6307
 19.631
 19.6312
 19.6316
 19.6318
 19.6322
 19.6324
 19.6328
 19.633
 19.6333
 19.6336
 19.634
 19.6341
 19.6344
 19.6347
 19.635
 19.6353
 19.6355
 19.6359
 19.6361
 19.6365
 19.6367
 19.637
 19.6372
 19.6375
 19.6378
 19.6381
 19.6384
 19.6388
 19.639
 19.6393
 19.6397
 19.6399
 19.6403
 19.6404
 19.6406
 19.641
 19.6413
 19.6415
 19.6418
 19.6421
 19.6424
 19.6428
 19.6431
 19.6432
 19.6435
 19.6439
 19.6441
 19.6443
 19.6445
 19.6444
 19.6446
 19.6447
 19.6448
 19.645
 19.645
 19.6451
 19.6452
 19.6454
 19.6454
 19.6455
 19.6456
 19.6457
 19.646
 19.646
 19.646
 19.6462
 19.6462
 19.6464
 19.6465
 19.6465
 19.6467
 19.6469
 19.6469
 19.6469
 19.6471
 19.647
 19.6473
 19.6472
 19.6476
 19.6475
 19.6476
 19.6478
 19.6478
 19.648
 19.6481
 19.6482
 19.6482
 19.6483
 19.6485
 19.6485
 19.6487
 19.6488
 19.649
 19.649
 19.6491
 19.6493
 19.6495
 19.6497
 19.65
 19.65
 19.6503
 19.6504
 19.6508
 19.6509
 19.6511
 19.6512
 19.6516
 19.6517
 19.6521
 19.6521
 19.6522
 19.6525
 19.6526
 19.653
 19.6532
 19.6532
 19.6536
 19.6537
 19.654
 19.654
 19.6544
 19.6545
 19.6547
 19.6549
 19.655
 19.6552
 19.6554
 19.6557
 19.656
 19.6561
 19.6562
 19.6565
 19.6567
 19.6569
 19.657
 19.6573
 19.6575
 19.6577
 19.6577
 19.6581
 19.6583
 19.6585
 19.6587
 19.6588
 19.6591
 19.6592
 19.6595
 19.6596
 19.6599
 19.66
 19.6603
 19.6605
 19.6607
 19.6608
 19.6611
 19.6611
 19.6615
 19.6617
 19.6619
 19.662
 19.6622
 19.6625
 19.6627
 19.6629
 19.6631
 19.6633
 19.6634
 19.6637
 19.6639
 19.6641
 19.6643
 19.6644
 19.6646
 19.6648
 19.6651
 19.6652
 19.6653
 19.6656
 19.6659
 19.666
 19.6664
 19.6663
 19.6666
 19.6669
 19.6671
 19.6671
 19.6675
 19.6676
 19.6678
 19.6681
 19.6682
 19.6684
 19.6687
 19.6688
 19.6692
 19.6691
 19.6694
 19.6697
 19.6698
 19.67
 19.6703
 19.6703
 19.6707
 19.6708
 19.6711
 19.6712
 19.6714
 19.6716
 19.6718
 19.672
 19.6722
 19.6723
 19.6726
 19.6729
 19.6729
 19.6732
 19.6734
 19.6737
 19.6739
 19.6739
 19.6743
 19.6742
 19.6746
 19.6748
 19.675
 19.6751
 19.6755
 19.6756
 19.6757
 19.676
 19.6763
 19.6763
 19.6766
 19.6768
 19.6769
 19.6773
 19.6774
 19.6776
 19.6778
 19.678
 19.6782
 19.6785
 19.6786
 19.6789
 19.6791
 19.6793
 19.6796
 19.6798
 19.68
 19.6802
 19.6805
 19.6806
 19.681
 19.6812
 19.6813
 19.6817
 19.6818
 19.682
 19.6822
 19.6824
 19.6827
 19.6829
 19.6831
 19.6833
 19.6835
 19.6838
 19.6839
 19.6841
 19.6844
 19.6846
 19.6848
 19.685
 19.6852
 19.6855
 19.6858
 19.6859
 19.6861
 19.6863
 19.6867
 19.6869
 19.687
 19.6872
 19.6874
 19.6878
 19.6879
 19.6882
 19.6882
 19.6882
 19.6882
 19.6882
 19.6882
 19.688
 19.688
 19.6879
 19.6878
 19.6877
 19.6878
 19.6876
 19.6876
 19.6875
 19.6876
 19.6874
 19.6874
 19.6872
 19.6872
 19.6871
 19.6872
 19.687
 19.6869
 19.6869
 19.6868
 19.6869
 19.6867
 19.6867
 19.6866
 19.6865
 19.6865
 19.6863
 19.6864
 19.6862
 19.6862
 19.6861
 19.6861
 19.686
 19.686
 19.6859
 19.686
 19.6858
 19.6857
 19.6856
 19.6855
 19.6855
 19.6854
 19.6853
 19.6853
 19.6848
 19.6844
 19.6838
 19.6834
 19.683
 19.6826
 19.682
 19.6816
 19.681
 19.6808
 19.6802
 19.6798
 19.6791
 19.6789
 19.6783
 19.678
 19.6775
 19.677
 19.6766
 19.676
 19.6757
 19.6753
 19.6747
 19.6741
 19.6737
 19.6732
 19.6729
 19.6725
 19.672
 19.6715
 19.6711
 19.6707
 19.6701
 19.6698
 19.6691
 19.6687
 19.6683
 19.6679
 19.6672
 19.667
 19.6664
 19.666
 19.6656
 19.6651
 19.6647
 19.6641
 19.6637
 19.6632
 19.6628
 19.6623
 19.662
 19.6614
 19.661
 19.6605
 19.66
 19.6595
 19.6591
 19.6586
 19.6581
 19.6578
 19.6572
 19.6568
 19.6563
 19.6558
 19.6554
 19.655
 19.6546
 19.654
 19.6535
 19.6531
 19.6527
 19.6523
 19.6516
 19.6512
 19.6507
 19.6503
 19.6499
 19.6494
 19.6488
 19.6485
 19.648
 19.6476
 19.647
 19.6467
 19.646
 19.6458
 19.6452
 19.645
 19.6443
 19.6439
 19.6433
 19.643
 19.6425
 19.642
 19.6417
 19.6411
 19.6407
 19.6403
 19.6398
 19.6394
 19.6389
 19.6385
 19.6381
 19.6378
 19.6372
 19.637
 19.6364
 19.636
 19.6355
 19.6352
 19.6345
 19.6342
 19.6338
 19.6333
 19.6329
 19.6325
 19.632
 19.6317
 19.6312
 19.6308
 19.6303
 19.6298
 19.6294
 19.6289
 19.6286
 19.6282
 19.6278
 19.6273
 19.6269
 19.6264
 19.6261
 19.6257
 19.6252
 19.6247
 19.6242
 19.6238
 19.6234
 19.623
 19.6226
 19.622
 19.6217
 19.6213
 19.6209
 19.6204
 19.6199
 19.6193
 19.6188
 19.6183
 19.6178
 19.6172
 19.6167
 19.6162
 19.6158
 19.6152
 19.6146
 19.6141
 19.6135
 19.6131
 19.6126
 19.612
 19.6115
 19.611
 19.6105
 19.6099
 19.6093
 19.6089
 19.6083
 19.6078
 19.6074
 19.6067
 19.6063
 19.6057
 19.6052
 19.6046
 19.6042
 19.6036
 19.603
 19.6025
 19.602
 19.6015
 19.601
 19.6005
 19.5999
 19.5994
 19.5988
 19.5984
 19.5978
 19.5972
 19.5968
 19.5961
 19.5958
 19.5953
 19.5947
 19.5942
 19.5936
 19.5931
 19.5926
 19.5921
 19.5916
 19.591
 19.5905
 19.59
 19.5895
 19.589
 19.5885
 19.588
 19.5874
 19.5869
 19.5863
 19.5858
 19.5852
 19.5847
 19.5842
 19.5837
 19.5832
 19.5827
 19.582
 19.5817
 19.5812
 19.5806
 19.58
 19.5796
 19.5789
 19.5785
 19.578
 19.5773
 19.5769
 19.5764
 19.5759
 19.5754
 19.5747
 19.5743
 19.5737
 19.5732
 19.5727
 19.5721
 19.5716
 19.571
 19.5707
 19.57
 19.5697
 19.5694
 19.5689
 19.5686
 19.5682
 19.5678
 19.5674
 19.5671
 19.5668
 19.5662
 19.5659
 19.5655
 19.5652
 19.5648
 19.5644
 19.564
 19.5637
 19.5633
 19.5629
 19.5626
 19.5621
 19.5618
 19.5614
 19.561
 19.5607
 19.5602
 19.5599
 19.5595
 19.5591
 19.5588
 19.5585
 19.558
 19.5576
 19.5572
 19.557
 19.5564
 19.5562
 19.5558
 19.5554
 19.555
 19.5546
 19.5543
 19.554
 19.5535
 19.5531
 19.5527
 19.5523
 19.552
 19.5516
 19.5512
 19.5509
 19.5505
 19.55
 19.5499
 19.5494
 19.549
 19.5486
 19.5483
 19.5477
 19.5475
 19.5471
 19.5467
 19.5463
 19.546
 19.5456
 19.5453
 19.5449
 19.5445
 19.544
 19.5438
 19.5433
 19.543
 19.5426
 19.5422
 19.5419
 19.5415
 19.5409
 19.5407
 19.5403
 19.5399
 19.5395
 19.539
 19.5388
 19.5384
 19.538
 19.5376
 19.5373
 19.5368
 19.5364
 19.5362
 19.5358
 19.5354
 19.535
 19.5346
 19.5342
 19.5339
 19.5335
 19.5332
 19.5327
 19.5323
 19.532
 19.5315
 19.5312
 19.5308
 19.5305
 19.5301
 19.5297
 19.5293
 19.529
 19.5286
 19.5282
 19.5278
 19.5275
 19.5271
 19.5268
 19.5263
 19.5259
 19.5255
 19.5252
 19.5249
 19.5245
 19.524
 19.5237
 19.5232
 19.5228
 19.5226
 19.5223
 19.5219
 19.5215
 19.521
 19.5208
 19.5203
 19.52
 19.5196
 19.5191
 19.5189
 19.5183
 19.518
 19.5177
 19.5173
 19.5169
 19.5166
 19.5161
 19.5157
 19.5154
 19.515
 19.5147
 19.5143
 19.514
 19.5135
 19.5131
 19.5127
 19.5124
 19.512
 19.5116
 19.5112
 19.5109
 19.5105
 19.51
 19.5097
 19.5094
 19.509
 19.5087
 19.5083
 19.5078
 19.5074
 19.5071
 19.5066
 19.5063
 19.506
 19.5056
 19.5052
 19.5048
 19.5044
 19.504
 19.5037
 19.5033
 19.5029
 19.5025
 19.5022
 19.5018
 19.5014
 19.5011
 19.5008
 19.5003
 19.5
 19.4997
 19.4992
 19.4988
 19.4985
 19.498
 19.4977
 19.4975
 19.4973
 19.4971
 19.497
 19.4967
 19.4963
 19.4963
 19.4961
 19.4958
 19.4957
 19.4953
 19.4952
 19.495
 19.495
 19.4945
 19.4944
 19.4941
 19.4941
 19.4938
 19.4936
 19.4934
 19.4932
 19.4929
 19.4928
 19.4926
 19.4923
 19.4922
 19.4919
 19.4917
 19.4915
 19.4914
 19.491
 19.491
 19.4907
 19.4904
 19.4902
 19.4901
 19.4898
 19.4897
 19.4895
 19.4893
 19.4889
 19.4889
 19.4887
 19.4885
 19.4883
 19.4881
 19.4878
 19.4876
 19.4876
 19.4875
 19.4873
 19.4873
 19.4871
 19.487
 19.4869
 19.4869
 19.4866
 19.4865
 19.4864
 19.4863
 19.4862
 19.486
 19.4859
 19.4859
 19.4857
 19.4855
 19.4855
 19.4853
 19.4851
 19.485
 19.4848
 19.4848
 19.4847
 19.4846
 19.4844
 19.4842
 19.4841
 19.484
 19.484
 19.4837
 19.4837
 19.4836
 19.4834
 19.4832
 19.4833
 19.483
 19.483
 19.4828
 19.4828
 19.4825
 19.4824
 19.4822
 19.4823
 19.4821
 19.482
 19.4829
 19.4837
 19.4845
 19.4855
 19.4862
 19.4871
 19.488
 19.4888
 19.4898
 19.4905
 19.4914
 19.4921
 19.493
 19.494
 19.4948
 19.4956
 19.4964
 19.4974
 19.4982
 19.4991
 19.5
 19.5008
 19.5015
 19.5025
 19.5034
 19.5042
 19.5051
 19.5058
 19.5068
 19.5076
 19.5084
 19.5093
 19.5102
 19.511
 19.5119
 19.5128
 19.5135
 19.5144
 19.5151
 19.5161
 19.5169
 19.5178
 19.5187
 19.5196
 19.5203
 19.5212
 19.5222
 19.5229
 19.5237
 19.5246
 19.5255
 19.5263
 19.5272
 19.528
 19.5289
 19.5298
 19.5307
 19.5314
 19.5323
 19.5331
 19.534
 19.5349
 19.5358
 19.5366
 19.5374
 19.5383
 19.5391
 19.54
 19.5409
 19.5419
 19.5426
 19.5433
 19.5442
 19.545
 19.546
 19.5468
 19.5477
 19.5485
 19.5494
 19.5502
 19.5512
 19.5521
 19.5528
 19.5536
 19.5546
 19.5554
 19.5563
 19.5571
 19.558
 19.5589
 19.5597
 19.5604
 19.5614
 19.562
 19.563
 19.564
 19.5648
 19.5655
 19.5666
 19.5674
 19.5681
 19.569
 19.5699
 19.5707
 19.5716
 19.5725
 19.5733
 19.5742
 19.575
 19.5759
 19.5767
 19.5776
 19.5784
 19.5793
 19.58
 19.581
 19.5818
 19.5828
 19.5836
 19.5845
 19.5852
 19.5861
 19.587
 19.5878
 19.5888
 19.5896
 19.5903
 19.5911
 19.592
 19.5929
 19.5938
 19.5947
 19.5954
 19.5964
 19.5972
 19.5982
 19.5988
 19.5998
 19.6006
 19.6015
 19.6024
 19.6033
 19.6041
 19.605
 19.6058
 19.6067
 19.6075
 19.6083
 19.609
 19.6099
 19.6109
 19.6118
 19.6125
 19.6135
 19.6143
 19.6151
 19.616
 19.6169
 19.6177
 19.6185
 19.6195
 19.6202
 19.6211
 19.6218
 19.6229
 19.6237
 19.6246
 19.6254
 19.6263
 19.627
 19.628
 19.6287
 19.6297
 19.6305
 19.6314
 19.6322
 19.6331
 19.634
 19.6349
 19.6356
 19.6365
 19.6373
 19.638
 19.639
 19.6398
 19.6408
 19.6415
 19.6425
 19.6433
 19.6441
 19.645
 19.6459
 19.6467
 19.6476
 19.6486
 19.6495
 19.6504
 19.6512
 19.6522
 19.6531
 19.654
 19.6549
 19.6558
 19.6566
 19.6575
 19.6584
 19.6594
 19.6602
 19.6611
 19.662
 19.6629
 19.664
 19.6647
 19.6656
 19.6665
 19.6674
 19.6682
 19.6692
 19.67
 19.671
 19.6718
 19.6729
 19.6737
 19.6746
 19.6754
 19.6763
 19.6772
 19.6781
 19.679
 19.68
 19.6809
 19.6818
 19.6827
 19.6836
 19.6844
 19.6852
 19.6862
 19.6872
 19.688
 19.6889
 19.6899
 19.6907
 19.6916
 19.6925
 19.6935
 19.6942
 19.6952
 19.696
 19.6971
 19.6979
 19.6988
 19.6999
 19.7005
 19.7015
 19.7022
 19.7033
 19.7041
 19.7051
 19.706
 19.7069
 19.7078
 19.7087
 19.7095
 19.7105
 19.7113
 19.7122
 19.7131
 19.714
 19.7149
 19.7157
 19.7167
 19.7175
 19.7186
 19.7194
 19.7204
 19.7211
 19.7221
 19.723
 19.7239
 19.7247
 19.7256
 19.7265
 19.7274
 19.7284
 19.7292
 19.7302
 19.731
 19.732
 19.7327
 19.7338
 19.7346
 19.7354
 19.7364
 19.7373
 19.7382
 19.7391
 19.74
 19.7408
 19.7418
 19.7427
 19.7436
 19.7444
 19.7453
 19.7463
 19.7471
 19.748
 19.7491
 19.7499
 19.7508
 19.7516
 19.7526
 19.7534
 19.7544
 19.7552
 19.756
 19.7569
 19.758
 19.7589
 19.7598
 19.7606
 19.7616
 19.7624
 19.7633
 19.7641
 19.7651
 19.766
 19.7669
 19.7679
 19.7687
 19.7697
 19.7704
 19.7714
 19.7722
 19.7733
 19.774
 19.775
 19.7758
 19.7769
 19.7776
 19.7787
 19.7794
 19.7802
 19.7812
 19.7821
 19.7831
 19.7838
 19.7849
 19.7858
 19.7867
 19.7876
 19.7885
 19.7893
 19.7902
 19.7911
 19.792
 19.793
 19.7938
 19.7946
 19.7956
 19.7966
 19.7973
 19.7983
 19.7992
 19.8001
 19.8009
 19.8019
 19.8028
 19.8037
 19.8045
 19.8054
 19.8063
 19.8071
 19.8081
 19.809
 19.81
 19.8107
 19.8117
 19.8127
 19.8136
 19.8143
 19.8153
 19.8163
 19.8172
 19.818
 19.819
 19.8198
 19.8207
 19.8215
 19.8226
 19.8234
 19.8244
 19.8251
 19.8262
 19.827
 19.828
 19.8287
 19.8296
 19.8305
 19.8315
 19.8324
 19.8332
 19.8341
 19.835
 19.836
 19.8368
 19.8379
 19.8386
 19.8396
 19.8404
 19.8414
 19.8423
 19.8432
 19.844
 19.8448
 19.8458
 19.8468
 19.8477
 19.8485
 19.8494
 19.8503
 19.8513
 19.852
 19.8531
 19.8538
 19.8548
 19.8558
 19.8566
 19.8574
 19.8583
 19.8592
 19.8601
 19.861
 19.8619
 19.8629
 19.8637
 19.8647
 19.8655
 19.8665
 19.8674
 19.8683
 19.8691
 19.87
 19.871
 19.8719
 19.8728
 19.8736
 19.8745
 19.8754
 19.8763
 19.8772
 19.8781
 19.879
 19.8799
 19.8808
 19.8818
 19.8827
 19.8835
 19.8843
 19.8853
 19.8862
 19.8872
 19.888
 19.8888
 19.8897
 19.8907
 19.8916
 19.8924
 19.8933
 19.8943
 19.8951
 19.896
 19.897
 19.8977
 19.8988
 19.8996
 19.9005
 19.9013
 19.9024
 19.9032
 19.9041
 19.905
 19.906
 19.9068
 19.9077
 19.9085
 19.9094
 19.9103
 19.9112
 19.9122
 19.913
 19.914
 19.9149
 19.9158
 19.9167
 19.9177
 19.9184
 19.9193
 19.9202
 19.9212
 19.9221
 19.923
 19.9239
 19.9247
 19.9257
 19.9265
 19.9273
 19.9283
 19.9292
 19.9301
 19.931
 19.9319
 19.9328
 19.9336
 19.9345
 19.9356
 19.9364
 19.9373
 19.938
 19.939
 19.9399
 19.9408
 19.9418
 19.9426
 19.9435
 19.9445
 19.9453
 19.9464
 19.9471
 19.9479
 19.9488
 19.9498
 19.9506
 19.9514
 19.9522
 19.9531
 19.9539
 19.9548
 19.9557
 19.9564
 19.9572
 19.9581
 19.9591
 19.9599
 19.9608
 19.9616
 19.9624
 19.9632
 19.9641
 19.9649
 19.9659
 19.9666
 19.9676
 19.9683
 19.9693
 19.9701
 19.971
 19.9718
 19.9727
 19.9735
 19.9744
 19.9753
 19.976
 19.9769
 19.9778
 19.9787
 19.9796
 19.9803
 19.9813
 19.9821
 19.983
 19.9838
 19.9847
 19.9854
 19.9862
 19.9872
 19.988
 19.9889
 19.9898
 19.9906
 19.9915
 19.9923
 19.9931
 19.9941
 19.9948
 19.9957
 19.9966
 19.9975
 19.9983
 19.999
 20
 20.0009
 20.0016
 20.0026
 20.0033
 20.0041
 20.005
 20.006
 20.0069
 20.0077
 20.0085
 20.0093
 20.0101
 20.0111
 20.0119
 20.0128
 20.0135
 20.0145
 20.0153
 20.0161
 20.0169
 20.0179
 20.0187
 20.0196
 20.0204
 20.0212
 20.0221
 20.023
 20.0239
 20.0246
 20.0255
 20.0265
 20.0273
 20.0281
 20.029
 20.0298
 20.0308
 20.0316
 20.0323
 20.0332
 20.0341
 20.035
 20.0358
 20.0367
 20.0375
 20.0384
 20.0392
 20.04
 20.0409
 20.0417
 20.0426
 20.0435
 20.0444
 20.0453
 20.046
 20.0468
 20.0477
 20.0485
 20.0495
 20.0503
 20.0511
 20.0518
 20.0529
 20.0537
 20.0546
 20.0553
 20.0562
 20.0572
 20.0578
 20.0589
 20.0597
 20.0605
 20.0612
 20.0622
 20.0631
 20.0639
 20.0648
 20.0656
 20.0664
 20.0673
 20.0682
 20.069
 20.0698
 20.0707
 20.0716
 20.0724
 20.0734
 20.0741
 20.0751
 20.076
 20.0766
 20.0775
 20.0785
 20.0792
 20.0801
 20.081
 20.082
 20.0828
 20.0836
 20.0843
 20.0853
 20.0861
 20.087
 20.0878
 20.0886
 20.0894
 20.0903
 20.0913
 20.0921
 20.093
 20.0938
 20.0945
 20.0955
 20.0963
 20.0972
 20.098
 20.0988
 20.0997
 20.1005
 20.1016
 20.1022
 20.103
 20.104
 20.1049
 20.1057
 20.1066
 20.1073
 20.1082
 20.109
 20.11
 20.1109
 20.1116
 20.1125
 20.1133
 20.1142
 20.115
 20.1159
 20.1168
 20.1175
 20.1185
 20.1192
 20.1203
 20.121
 20.122
 20.1227
 20.1236
 20.1244
 20.1253
 20.1261
 20.1271
 20.1279
 20.1288
 20.1296
 20.1305
 20.1313
 20.1321
 20.1329
 20.1338
 20.1348
 20.1355
 20.1364
 20.1371
 20.138
 20.139
 20.1398
 20.1406
 20.1414
 20.1423
 20.1432
 20.144
 20.1449
 20.1457
 20.1466
 20.1474
 20.1483
 20.1491
 20.15
 20.1508
 20.1517
 20.1523
 20.1528
 20.1532
 20.1539
 20.1545
 20.1551
 20.1557
 20.1562
 20.1566
 20.1572
 20.1578
 20.1583
 20.1589
 20.1596
 20.1599
 20.1605
 20.1611
 20.1618
 20.1622
 20.1628
 20.1632
 20.1639
 20.1645
 20.1651
 20.1656
 20.1661
 20.1667
 20.1672
 20.1677
 20.1684
 20.1688
 20.1695
 20.17
 20.1706
 20.1712
 20.1717
 20.1723
 20.1727
 20.1734
 20.174
 20.1746
 20.175
 20.1756
 20.1761
 20.1767
 20.1771
 20.1779
 20.1783
 20.1788
 20.179
 20.1794
 20.1797
 20.18
 20.1803
 20.1806
 20.1811
 20.1813
 20.1816
 20.182
 20.1823
 20.1827
 20.183
 20.1834
 20.1837
 20.184
 20.1844
 20.1848
 20.185
 20.1853
 20.1856
 20.186
 20.1863
 20.1867
 20.187
 20.1873
 20.1876
 20.188
 20.1884
 20.1888
 20.1891
 20.1894
 20.1897
 20.19
 20.1904
 20.1907
 20.191
 20.1912
 20.1917
 20.1921
 20.1924
 20.1927
 20.193
 20.1934
 20.1937
 20.1941
 20.1944
 20.1949
 20.195
 20.1953
 20.1958
 20.1961
 20.1964
 20.1967
 20.1971
 20.1975
 20.1977
 20.198
 20.1983
 20.1987
 20.199
 20.1995
 20.1998
 20.2
 20.2003
 20.2008
 20.2012
 20.2014
 20.2017
 20.2021
 20.2024
 20.2026
 20.2031
 20.2035
 20.2038
 20.204
 20.2044
 20.2047
 20.2051
 20.2053
 20.2057
 20.206
 20.2064
 20.2067
 20.2071
 20.2073
 20.2078
 20.208
 20.2085
 20.2088
 20.2091
 20.2094
 20.2097
 20.2101
 20.2103
 20.2108
 20.211
 20.2114
 20.2117
 20.212
 20.2124
 20.2127
 20.2132
 20.2134
 20.2137
 20.214
 20.2144
 20.2146
 20.215
 20.2154
 20.2157
 20.216
 20.2162
 20.2166
 20.2169
 20.2172
 20.2176
 20.218
 20.2183
 20.2185
 20.2189
 20.2192
 20.2195
 20.2199
 20.2201
 20.2206
 20.2208
 20.2212
 20.2214
 20.222
 20.222
 20.2226
 20.2228
 20.2231
 20.2234
 20.2238
 20.2241
 20.2244
 20.2248
 20.2252
 20.2253
 20.2257
 20.226
 20.2264
 20.2267
 20.227
 20.2274
 20.2276
 20.228
 20.2283
 20.2287
 20.229
 20.2293
 20.2296
 20.23
 20.2303
 20.2305
 20.231
 20.2312
 20.2316
 20.2319
 20.2323
 20.2326
 20.2329
 20.2333
 20.2336
 20.2339
 20.234
 20.2345
 20.2349
 20.2351
 20.2354
 20.2359
 20.2362
 20.2364
 20.2368
 20.2371
 20.2375
 20.2377
 20.238
 20.2385
 20.2387
 20.2391
 20.2393
 20.2397
 20.24
 20.2403
 20.2407
 20.241
 20.2411
 20.2416
 20.242
 20.2423
 20.2426
 20.243
 20.2433
 20.2436
 20.2439
 20.2442
 20.2446
 20.2449
 20.2452
 20.2455
 20.2459
 20.2461
 20.2466
 20.2468
 20.2473
 20.2476
 20.2479
 20.2481
 20.2484
 20.2488
 20.249
 20.2495
 20.2498
 20.2502
 20.2503
 20.2508
 20.251
 20.2514
 20.2518
 20.2521
 20.2524
 20.2528
 20.2531
 20.2534
 20.2538
 20.254
 20.2544
 20.2547
 20.2549
 20.2553
 20.2556
 20.256
 20.2564
 20.2567
 20.257
 20.2573
 20.2576
 20.258
 20.2583
 20.2586
 20.259
 20.2592
 20.2595
 20.2598
 20.2602
 20.2606
 20.2609
 20.2611
 20.2616
 20.2618
 20.2621
 20.2624
 20.2628
 20.2631
 20.2635
 20.2638
 20.2641
 20.2645
 20.2648
 20.265
 20.2654
 20.2658
 20.2661
 20.2663
 20.2667
 20.267
 20.2674
 20.2677
 20.2681
 20.2683
 20.2687
 20.2689
 20.2693
 20.2695
 20.27
 20.2702
 20.2707
 20.271
 20.2713
 20.2717
 20.272
 20.2723
 20.2726
 20.2729
 20.2734
 20.2739
 20.2743
 20.275
 20.2755
 20.276
 20.2764
 20.2771
 20.2775
 20.278
 20.2785
 20.279
 20.2794
 20.28
 20.2805
 20.281
 20.2815
 20.282
 20.2825
 20.2831
 20.2835
 20.284
 20.2846
 20.285
 20.2856
 20.286
 20.2867
 20.2872
 20.2876
 20.2882
 20.2886
 20.2892
 20.2895
 20.2902
 20.2906
 20.2912
 20.2916
 20.2922
 20.2928
 20.2932
 20.2937
 20.294
 20.2947
 20.2952
 20.2956
 20.2962
 20.2968
 20.2972
 20.2969
 20.2967
 20.2965
 20.2962
 20.296
 20.2957
 20.2955
 20.2952
 20.295
 20.2947
 20.2944
 20.2941
 20.2941
 20.2936
 20.2935
 20.2931
 20.2929
 20.2927
 20.2924
 20.2921
 20.292
 20.2916
 20.2915
 20.2911
 20.2909
 20.2906
 20.2903
 20.29
 20.2898
 20.2896
 20.2892
 20.2891
 20.2888
 20.2886
 20.2883
 20.2881
 20.2877
 20.2874
 20.2874
 20.287
 20.2868
 20.2864
 20.2863
 20.286
 20.2857
 20.2856
 20.2853
 20.285
 20.2848
 20.2848
 20.2847
 20.2847
 20.2844
 20.2844
 20.2843
 20.2843
 20.2842
 20.2842
 20.284
 20.2838
 20.2838
 20.2838
 20.2837
 20.2834
 20.2835
 20.2834
 20.2833
 20.2832
 20.2832
 20.283
 20.283
 20.2828
 20.2827
 20.2827
 20.2826
 20.2824
 20.2825
 20.2824
 20.2823
 20.2823
 20.282
 20.282
 20.2819
 20.2819
 20.2817
 20.2816
 20.2815
 20.2814
 20.2815
 20.2812
 20.2813
 20.281
 20.281
 20.281
 20.2809
 20.2809
 20.2807
 20.2807
 20.2805
 20.2806
 20.2806
 20.2805
 20.2802
 20.2803
 20.2803
 20.2802
 20.2802
 20.2801
 20.28
 20.2801
 20.28
 20.28
 20.28
 20.2799
 20.2797
 20.2796
 20.2797
 20.2796
 20.2795
 20.2794
 20.2795
 20.2795
 20.2795
 20.2794
 20.2793
 20.2792
 20.2792
 20.2792
 20.2791
 20.2791
 20.279
 20.279
 20.279
 20.2788
 20.2789
 20.2787
 20.2787
 20.2787
 20.2787
 20.2787
 20.2786
 20.2786
 20.2784
 20.2784
 20.2781
 20.2777
 20.2774
 20.2771
 20.2768
 20.2765
 20.2762
 20.2758
 20.2755
 20.2753
 20.275
 20.2747
 20.2744
 20.274
 20.2737
 20.2733
 20.2731
 20.2727
 20.2724
 20.2721
 20.2718
 20.2716
 20.2711
 20.2709
 20.2706
 20.2702
 20.27
 20.2697
 20.2694
 20.269
 20.2687
 20.2684
 20.268
 20.2679
 20.2674
 20.2672
 20.2669
 20.2664
 20.2662
 20.266
 20.2656
 20.2652
 20.265
 20.2648
 20.2644
 20.264
 20.2637
 20.2635
 20.263
 20.2628
 20.2626
 20.2622
 20.262
 20.2616
 20.2612
 20.261
 20.2606
 20.2602
 20.26
 20.2598
 20.2593
 20.259
 20.2588
 20.2583
 20.2582
 20.2579
 20.2576
 20.2572
 20.2569
 20.2566
 20.2562
 20.2559
 20.2556
 20.2552
 20.255
 20.2547
 20.2543
 20.2541
 20.2538
 20.2534
 20.2531
 20.2529
 20.2525
 20.2522
 20.2519
 20.2515
 20.2513
 20.2509
 20.2506
 20.2503
 20.25
 20.2497
 20.2494
 20.2491
 20.2489
 20.2485
 20.2484
 20.2482
 20.2484
 20.2482
 20.2481
 20.248
 20.248
 20.248
 20.2478
 20.2478
 20.2477
 20.2477
 20.2477
 20.2476
 20.2475
 20.2476
 20.2475
 20.2472
 20.2473
 20.2471
 20.2471
 20.247
 20.247
 20.2468
 20.2469
 20.2468
 20.2467
 20.2466
 20.2467
 20.2466
 20.2465
 20.2464
 20.2462
 20.2462
 20.2462
 20.246
 20.246
 20.2459
 20.2459
 20.2458
 20.2457
 20.2458
 20.2457
 20.2456
 20.2455
 20.2454
 20.2455
 20.2453
 20.2453
 20.2452
 20.2451
 20.245
 20.245
 20.2448
 20.2449
 20.2448
 20.2446
 20.2447
 20.2446
 20.2446
 20.2443
 20.2444
 20.2443
 20.2442
 20.2442
 20.2442
 20.2441
 20.2439
 20.244
 20.2439
 20.2438
 20.2438
 20.2437
 20.2436
 20.2436
 20.2435
 20.2433
 20.2434
 20.2432
 20.243
 20.2432
 20.2431
 20.243
 20.2429
 20.2428
 20.2429
 20.2427
 20.2426
 20.2425
 20.2425
 20.2424
 20.2424
 20.2423
 20.2422
 20.2421
 20.2422
 20.2421
 20.242
 20.242
 20.242
 20.242
 20.2418
 20.2419
 20.2419
 20.2418
 20.2419
 20.2417
 20.2418
 20.2417
 20.2417
 20.2417
 20.2416
 20.2416
 20.2415
 20.2416
 20.2415
 20.2415
 20.2414
 20.2414
 20.2413
 20.2412
 20.2414
 20.2413
 20.2411
 20.2412
 20.2413
 20.2413
 20.2412
 20.2411
 20.2412
 20.2411
 20.2411
 20.241
 20.2411
 20.241
 20.2408
 20.241
 20.2409
 20.2409
 20.2408
 20.2407
 20.2408
 20.2407
 20.2407
 20.2407
 20.2406
 20.2406
 20.2405
 20.2406
 20.2405
 20.2405
 20.2404
 20.2403
 20.2404
 20.2402
 20.2404
 20.2402
 20.2403
 20.2402
 20.2402
 20.2402
 20.2401
 20.24
 20.2401
 20.24
 20.24
 20.2399
 20.24
 20.2399
 20.2399
 20.2399
 20.2398
 20.2398
 20.2398
 20.2398
 20.2398
 20.2397
 20.2397
 20.2396
 20.2396
 20.2396
 20.2396
 20.2394
 20.2395
 20.2395
 20.2394
 20.2394
 20.2394
 20.2394
 20.2394
 20.2393
 20.2393
 20.2387
 20.238
 20.2374
 20.2368
 20.2362
 20.2354
 20.235
 20.2342
 20.2336
 20.233
 20.2323
 20.2318
 20.2312
 20.2305
 20.23
 20.2293
 20.2285
 20.228
 20.2275
 20.2268
 20.2261
 20.2255
 20.225
 20.2243
 20.2236
 20.2231
 20.2224
 20.2218
 20.2212
 20.2205
 20.22
 20.2193
 20.2188
 20.218
 20.2175
 20.2168
 20.2162
 20.2156
 20.2149
 20.2142
 20.2137
 20.2131
 20.2124
 20.2118
 20.2113
 20.2106
 20.2099
 20.2093
 20.2088
 20.2082
 20.2075
 20.207
 20.2063
 20.2058
 20.2051
 20.2045
 20.204
 20.2033
 20.2029
 20.2022
 20.2015
 20.201
 20.2003
 20.1998
 20.1991
 20.1985
 20.1979
 20.1974
 20.1967
 20.1961
 20.1955
 20.195
 20.1941
 20.1938
 20.1932
 20.1925
 20.1919
 20.1913
 20.1907
 20.19
 20.1896
 20.1889
 20.1883
 20.1877
 20.187
 20.1865
 20.1859
 20.1853
 20.1846
 20.1842
 20.1836
 20.1829
 20.1824
 20.1818
 20.1811
 20.1804
 20.1798
 20.1794
 20.1787
 20.1781
 20.1774
 20.177
 20.1762
 20.1757
 20.175
 20.1745
 20.1739
 20.1733
 20.1727
 20.172
 20.1714
 20.1709
 20.1703
 20.1697
 20.1691
 20.1686
 20.1679
 20.1673
 20.1667
 20.166
 20.1655
 20.1649
 20.1642
 20.1637
 20.163
 20.1624
 20.1618
 20.1612
 20.1606
 20.1601
 20.1595
 20.1588
 20.1582
 20.1577
 20.157
 20.1564
 20.1559
 20.1552
 20.1546
 20.154
 20.1535
 20.1528
 20.1522
 20.1516
 20.151
 20.1505
 20.1499
 20.1492
 20.1486
 20.148
 20.1473
 20.1469
 20.1462
 20.1456
 20.145
 20.1444
 20.1438
 20.1432
 20.1425
 20.142
 20.1414
 20.1407
 20.1402
 20.1396
 20.139
 20.1384
 20.1376
 20.1372
 20.1367
 20.136
 20.1354
 20.1348
 20.1341
 20.1336
 20.133
 20.1324
 20.1318
 20.1313
 20.1305
 20.1301
 20.1293
 20.1288
 20.1282
 20.1276
 20.127
 20.1265
 20.1258
 20.1251
 20.1246
 20.124
 20.1233
 20.1229
 20.1221
 20.1215
 20.1209
 20.1204
 20.1198
 20.119
 20.1185
 20.118
 20.1175
 20.1168
 20.1161
 20.1156
 20.115
 20.1143
 20.1137
 20.1131
 20.1126
 20.1118
 20.1112
 20.1107
 20.1101
 20.1096
 20.1088
 20.1084
 20.1078
 20.1071
 20.1066
 20.106
 20.1053
 20.1046
 20.1041
 20.1036
 20.1029
 20.1022
 20.1018
 20.1011
 20.1004
 20.0999
 20.0994
 20.0987
 20.0982
 20.0975
 20.097
 20.0963
 20.0958
 20.095
 20.0946
 20.094
 20.0928
 20.0918
 20.0907
 20.0896
 20.0886
 20.0875
 20.0864
 20.0854
 20.0843
 20.0831
 20.0821
 20.081
 20.08
 20.0788
 20.0777
 20.0767
 20.0756
 20.0745
 20.0734
 20.0723
 20.0713
 20.0701
 20.0693
 20.068
 20.067
 20.0659
 20.0649
 20.0638
 20.0626
 20.0616
 20.0605
 20.0594
 20.0583
 20.0572
 20.0562
 20.0552
 20.054
 20.0529
 20.052
 20.0509
 20.0497
 20.0486
 20.0476
 20.0465
 20.0454
 20.0443
 20.0433
 20.0421
 20.041
 20.04
 20.0388
 20.0379
 20.0367
 20.0357
 20.0348
 20.0336
 20.0325
 20.0315
 20.0304
 20.0292
 20.0281
 20.0273
 20.026
 20.025
 20.0238
 20.0228
 20.0218
 20.0205
 20.0196
 20.0185
 20.0175
 20.0163
 20.0153
 20.0142
 20.0131
 20.0121
 20.0109
 20.0099
 20.0088
 20.0077
 20.0066
 20.0055
 20.0045
 20.0033
 20.0022
 20.0013
 20.0001
 19.9992
 19.998
 19.9969
 19.9959
 19.9948
 19.9937
 19.9926
 19.9915
 19.9905
 19.9893
 19.9885
 19.9874
 19.9864
 19.9855
 19.9845
 19.9837
 19.9825
 19.9817
 19.9807
 19.9797
 19.9786
 19.9776
 19.9767
 19.9757
 19.9746
 19.9736
 19.9728
 19.9717
 19.9707
 19.9698
 19.9689
 19.968
 19.967
 19.9658
 19.965
 19.9639
 19.9629
 19.9619
 19.9609
 19.96
 19.959
 19.958
 19.957
 19.956
 19.955
 19.954
 19.953
 19.9522
 19.951
 19.9501
 19.9491
 19.9481
 19.9472
 19.9461
 19.9453
 19.9441
 19.9432
 19.9422
 19.9412
 19.9403
 19.9393
 19.9383
 19.9374
 19.9365
 19.9354
 19.9344
 19.9334
 19.9324
 19.9314
 19.9304
 19.9295
 19.9285
 19.9275
 19.9265
 19.9256
 19.9245
 19.9236
 19.9225
 19.9217
 19.9206
 19.9197
 19.9187
 19.9177
 19.9166
 19.9158
 19.9148
 19.9139
 19.9127
 19.9119
 19.9108
 19.9099
 19.9088
 19.9078
 19.907
 19.9059
 19.905
 19.904
 19.9031
 19.902
 19.901
 19.9001
 19.899
 19.8981
 19.8971
 19.896
 19.8951
 19.8942
 19.8931
 19.8921
 19.8911
 19.8902
 19.8891
 19.8883
 19.8873
 19.8863
 19.8852
 19.8844
 19.8833
 19.8824
 19.8814
 19.8803
 19.8793
 19.8783
 19.8774
 19.8763
 19.8755
 19.8744
 19.8734
 19.8725
 19.8716
 19.8706
 19.8695
 19.8686
 19.8676
 19.8666
 19.8656
 19.8645
 19.8637
 19.8627
 19.8616
 19.8607
 19.8597
 19.8587
 19.8577
 19.8568
 19.8559
 19.8549
 19.854
 19.8528
 19.8519
 19.851
 19.8499
 19.849
 19.8482
 19.8473
 19.8466
 19.8458
 19.8451
 19.8442
 19.8436
 19.8426
 19.842
 19.8412
 19.8404
 19.8396
 19.8388
 19.838
 19.8372
 19.8365
 19.8358
 19.8348
 19.8342
 19.8333
 19.8326
 19.8318
 19.831
 19.8302
 19.8294
 19.8288
 19.8279
 19.827
 19.8264
 19.8256
 19.8247
 19.824
 19.8232
 19.8224
 19.8217
 19.8209
 19.8201
 19.8193
 19.8186
 19.8177
 19.817
 19.8163
 19.8154
 19.8147
 19.8139
 19.813
 19.8123
 19.8117
 19.8108
 19.81
 19.8092
 19.8084
 19.8077
 19.8069
 19.8062
 19.8054
 19.8046
 19.8038
 19.803
 19.8024
 19.8015
 19.8007
 19.8
 19.7991
 19.7984
 19.7976
 19.7969
 19.796
 19.7952
 19.7945
 19.7937
 19.7929
 19.7921
 19.7914
 19.7906
 19.7898
 19.789
 19.7883
 19.7876
 19.7866
 19.786
 19.785
 19.7844
 19.7834
 19.7828
 19.782
 19.7813
 19.7804
 19.7797
 19.7789
 19.7781
 19.7773
 19.7766
 19.7758
 19.775
 19.7741
 19.7734
 19.7727
 19.7719
 19.7711
 19.7705
 19.7695
 19.7688
 19.7681
 19.7672
 19.7665
 19.7657
 19.7649
 19.7642
 19.7633
 19.7626
 19.7618
 19.761
 19.7602
 19.7596
 19.7587
 19.758
 19.7572
 19.7565
 19.7556
 19.7549
 19.754
 19.7533
 19.7525
 19.7518
 19.751
 19.7502
 19.7493
 19.7486
 19.7478
 19.747
 19.7463
 19.7455
 19.7447
 19.744
 19.7432
 19.7424
 19.7416
 19.7407
 19.74
 19.7392
 19.7386
 19.7377
 19.7369
 19.736
 19.7348
 19.7338
 19.7329
 19.7319
 19.7308
 19.7297
 19.7287
 19.7277
 19.7268
 19.7256
 19.7247
 19.7236
 19.7225
 19.7216
 19.7206
 19.7195
 19.7185
 19.7174
 19.7164
 19.7154
 19.7144
 19.7133
 19.7124
 19.7113
 19.7103
 19.7093
 19.7082
 19.7073
 19.7063
 19.7051
 19.7042
 19.7031
 19.7021
 19.701
 19.7
 19.6991
 19.698
 19.697
 19.696
 19.6949
 19.694
 19.6928
 19.692
 19.6909
 19.6899
 19.6888
 19.6878
 19.6869
 19.6857
 19.6847
 19.6837
 19.6826
 19.6817
 19.6805
 19.6797
 19.6785
 19.6775
 19.6765
 19.6755
 19.6746
 19.6734
 19.6725
 19.6714
 19.6703
 19.6693
 19.6682
 19.6675
 19.6662
 19.6653
 19.6642
 19.6632
 19.6621
 19.6611
 19.66
 19.6592
 19.6581
 19.657
 19.656
 19.6551
 19.654
 19.6529
 19.652
 19.651
 19.65
 19.649
 19.6479
 19.6469
 19.6459
 19.6448
 19.6437
 19.6428
 19.6418
 19.6407
 19.6397
 19.6386
 19.6376
 19.6366
 19.6355
 19.6347
 19.6336
 19.6326
 19.6315
 19.6305
 19.6294
 19.6283
 19.6274
 19.6263
 19.6253
 19.6243
 19.6233
 19.6223
 19.6212
 19.6201
 19.6192
 19.6182
 19.6171
 19.6161
 19.615
 19.6142
 19.6129
 19.612
 19.611
 19.61
 19.609
 19.6079
 19.607
 19.606
 19.6049
 19.6039
 19.6028
 19.6019
 19.6008
 19.5998
 19.5987
 19.5978
 19.5966
 19.5956
 19.5948
 19.5935
 19.5926
 19.5916
 19.5905
 19.5895
 19.5882
 19.5869
 19.5856
 19.5843
 19.583
 19.5816
 19.5804
 19.579
 19.5778
 19.5763
 19.5751
 19.5739
 19.5724
 19.5711
 19.5699
 19.5685
 19.5672
 19.5658
 19.5646
 19.5634
 19.562
 19.5606
 19.5594
 19.558
 19.5568
 19.5554
 19.554
 19.5528
 19.5515
 19.5501
 19.549
 19.5475
 19.5462
 19.545
 19.5438
 19.5423
 19.5411
 19.5397
 19.5384
 19.5371
 19.5358
 19.5345
 19.5333
 19.5317
 19.5305
 19.5291
 19.528
 19.5266
 19.5253
 19.524
 19.5227
 19.5213
 19.52
 19.5188
 19.5173
 19.5161
 19.5148
 19.5134
 19.5123
 19.5108
 19.5096
 19.5081
 19.507
 19.5057
 19.5043
 19.503
 19.5017
 19.5004
 19.4991
 19.4977
 19.4965
 19.495
 19.4938
 19.4924
 19.4912
 19.4899
 19.4885
 19.4872
 19.486
 19.4846
 19.4834
 19.4821
 19.4808
 19.4794
 19.4781
 19.4767
 19.4755
 19.4741
 19.4728
 19.4715
 19.4702
 19.4688
 19.4676
 19.4662
 19.465
 19.4636
 19.4623
 19.461
 19.4597
 19.4584
 19.457
 19.4558
 19.4544
 19.4531
 19.4519
 19.4504
 19.4492
 19.4478
 19.4465
 19.4451
 19.4439
 19.4427
 19.4414
 19.44
 19.4388
 19.4374
 19.436
 19.4347
 19.4335
 19.4321
 19.4309
 19.4294
 19.4281
 19.4268
 19.4255
 19.4242
 19.423
 19.4217
 19.4203
 19.419
 19.4178
 19.4164
 19.4151
 19.4138
 19.4125
 19.4111
 19.4099
 19.4085
 19.4072
 19.4059
 19.4047
 19.4032
 19.402
 19.4007
 19.399
 19.3977
 19.3961
 19.3945
 19.393
 19.3916
 19.39
 19.3885
 19.387
 19.3855
 19.384
 19.3825
 19.381
 19.3796
 19.378
 19.3765
 19.375
 19.3734
 19.3719
 19.3704
 19.3689
 19.3674
 19.366
 19.3644
 19.3629
 19.3614
 19.3599
 19.3584
 19.3568
 19.3554
 19.3539
 19.3523
 19.3509
 19.3494
 19.3478
 19.3464
 19.3447
 19.3433
 19.3419
 19.3403
 19.3388
 19.3373
 19.3357
 19.3343
 19.3328
 19.3313
 19.3298
 19.3282
 19.3267
 19.3252
 19.3236
 19.3223
 19.3207
 19.3191
 19.3177
 19.3161
 19.3146
 19.3132
 19.3116
 19.31
 19.3086
 19.3071
 19.3055
 19.3041
 19.3025
 19.301
 19.2996
 19.298
 19.2966
 19.295
 19.2935
 19.292
 19.2904
 19.289
 19.2875
 19.2858
 19.2844
 19.283
 19.2814
 19.28
 19.2784
 19.2769
 19.2754
 19.2739
 19.2723
 19.271
 19.2694
 19.2679
 19.2664
 19.2649
 19.2634
 19.2619
 19.2603
 19.2589
 19.2573
 19.2558
 19.2545
 19.2535
 19.2521
 19.2509
 19.2497
 19.2485
 19.2473
 19.2459
 19.2447
 19.2436
 19.2421
 19.2412
 19.2398
 19.2388
 19.2374
 19.2362
 19.235
 19.2337
 19.2325
 19.2312
 19.23
 19.2287
 19.2276
 19.2265
 19.2251
 19.2239
 19.2227
 19.2215
 19.2202
 19.219
 19.2178
 19.2165
 19.2152
 19.2141
 19.2129
 19.2118
 19.2104
 19.2092
 19.208
 19.2067
 19.2056
 19.2043
 19.2032
 19.2019
 19.2005
 19.1996
 19.1983
 19.1971
 19.1957
 19.1946
 19.1934
 19.192
 19.1909
 19.1896
 19.1884
 19.1871
 19.1859
 19.1848
 19.1835
 19.1822
 19.1811
 19.1799
 19.1785
 19.1773
 19.176
 19.1748
 19.1737
 19.1724
 19.1712
 19.17
 19.1687
 19.1675
 19.1663
 19.1651
 19.1639
 19.1626
 19.1614
 19.1601
 19.159
 19.1578
 19.1565
 19.1552
 19.1542
 19.1528
 19.1516
 19.1503
 19.1492
 19.1478
 19.1467
 19.1455
 19.1443
 19.1431
 19.1419
 19.1406
 19.1395
 19.138
 19.137
 19.1357
 19.1345
 19.1332
 19.132
 19.1309
 19.1296
 19.1283
 19.1273
 19.126
 19.1246
 19.1235
 19.1223
 19.121
 19.1197
 19.1186
 19.1174
 19.1161
 19.1148
 19.1136
 19.1125
 19.1111
 19.11
 19.1087
 19.1075
 19.1063
 19.105
 19.1039
 19.1025
 19.1014
 19.1001
 19.0989
 19.0977
 19.0964
 19.0953
 19.0939
 19.0929
 19.0915
 19.0903
 19.0891
 19.0879
 19.0867
 19.0854
 19.0841
 19.083
 19.0818
 19.0805
 19.0793
 19.0783
 19.0768
 19.0758
 19.0744
 19.0733
 19.072
 19.0707
 19.0696
 19.0683
 19.0671
 19.0659
 19.0646
 19.0634
 19.0622
 19.061
 19.0597
 19.0586
 19.0572
 19.056
 19.0548
 19.0536
 19.0524
 19.0512
 19.0499
 19.0488
 19.0475
 19.0461
 19.045
 19.0439
 19.0426
 19.0412
 19.04
 19.0389
 19.0377
 19.0363
 19.0352
 19.034
 19.0326
 19.0316
 19.0303
 19.0291
 19.0278
 19.0266
 19.0255
 19.0241
 19.0229
 19.0218
 19.0205
 19.02
 19.0196
 19.0193
 19.0186
 19.0182
 19.0178
 19.0174
 19.017
 19.0166
 19.0162
 19.0155
 19.0151
 19.0148
 19.0144
 19.0139
 19.0133
 19.013
 19.0125
 19.0121
 19.0117
 19.0113
 19.0107
 19.0102
 19.0099
 19.0094
 19.009
 19.0086
 19.008
 19.0076
 19.0072
 19.0068
 19.0063
 19.0059
 19.0055
 19.005
 19.0045
 19.004
 19.0036
 19.0033
 19.0028
 19.0023
 19.0019
 19.0014
 19.001
 19.0005
 19.0001
 18.9997
 18.9992
 18.9988
 18.9984
 18.998
 18.9975
 18.997
 18.9966
 18.9961
 18.9958
 18.9953
 18.9948
 18.9943
 18.994
 18.9935
 18.9931
 18.9926
 18.9922
 18.9919
 18.9913
 18.9908
 18.9904
 18.99
 18.9894
 18.9891
 18.9887
 18.9883
 18.9878
 18.9872
 18.9869
 18.9864
 18.986
 18.9856
 18.9851
 18.9846
 18.984
 18.9838
 18.9834
 18.9829
 18.9825
 18.982
 18.9816
 18.981
 18.9808
 18.9801
 18.9799
 18.9793
 18.9788
 18.9785
 18.978
 18.9776
 18.9772
 18.9767
 18.9762
 18.9758
 18.9754
 18.9749
 18.9745
 18.974
 18.9735
 18.9731
 18.9728
 18.9723
 18.9718
 18.9713
 18.971
 18.9704
 18.97
 18.9696
 18.9691
 18.9688
 18.9683
 18.9679
 18.9675
 18.967
 18.9665
 18.966
 18.9657
 18.9652
 18.9648
 18.9643
 18.9639
 18.9634
 18.9629
 18.9626
 18.9621
 18.9617
 18.9612
 18.9608
 18.9603
 18.9599
 18.9594
 18.9589
 18.9586
 18.958
 18.9577
 18.9572
 18.9568
 18.9568
 18.9565
 18.9563
 18.9564
 18.9563
 18.9561
 18.956
 18.9558
 18.9557
 18.9557
 18.9555
 18.9554
 18.9553
 18.9551
 18.955
 18.955
 18.9548
 18.9549
 18.9545
 18.9545
 18.9544
 18.9541
 18.9542
 18.954
 18.9539
 18.9538
 18.9537
 18.9536
 18.9536
 18.9534
 18.9532
 18.9531
 18.953
 18.9529
 18.9529
 18.9527
 18.9525
 18.9524
 18.9523
 18.9523
 18.9521
 18.9519
 18.9519
 18.9518
 18.9516
 18.9515
 18.9515
 18.9512
 18.9508
 18.9503
 18.95
 18.9495
 18.949
 18.9487
 18.9482
 18.9478
 18.9475
 18.9469
 18.9465
 18.9461
 18.9457
 18.9452
 18.9447
 18.9443
 18.9439
 18.9434
 18.943
 18.9425
 18.9421
 18.9417
 18.9413
 18.9409
 18.9403
 18.9399
 18.9395
 18.939
 18.9386
 18.9382
 18.9378
 18.9372
 18.9369
 18.9365
 18.9361
 18.9355
 18.9352
 18.9347
 18.9343
 18.9339
 18.9334
 18.933
 18.9325
 18.9321
 18.9317
 18.9312
 18.9308
 18.9303
 18.93
 18.9294
 18.929
 18.9287
 18.9281
 18.9275
 18.9274
 18.9269
 18.9264
 18.926
 18.9256
 18.9251
 18.9246
 18.9242
 18.9239
 18.9233
 18.923
 18.9225
 18.922
 18.9216
 18.9212
 18.9207
 18.9203
 18.9199
 18.9193
 18.919
 18.9185
 18.9181
 18.9177
 18.9172
 18.9167
 18.9164
 18.9159
 18.9153
 18.915
 18.9146
 18.9141
 18.9137
 18.9133
 18.9129
 18.9124
 18.9119
 18.9117
 18.9111
 18.9107
 18.9102
 18.9098
 18.9092
 18.9089
 18.9084
 18.9081
 18.9076
 18.9071
 18.9068
 18.9062
 18.9058
 18.9054
 18.905
 18.9044
 18.9041
 18.9037
 18.9032
 18.9029
 18.9023
 18.9019
 18.9015
 18.901
 18.9006
 18.9001
 18.8996
 18.8992
 18.8989
 18.8985
 18.898
 18.8975
 18.8971
 18.8966
 18.8961
 18.8958
 18.8954
 18.8947
 18.8944
 18.894
 18.8937
 18.8931
 18.8927
 18.8923
 18.8918
 18.8913
 18.8909
 18.8905
 18.89
 18.8896
 18.8892
 18.8888
 18.8884
 18.8879
 18.8875
 18.887
 18.8865
 18.8862
 18.8857
 18.8853
 18.8849
 18.8844
 18.884
 18.8835
 18.8832
 18.8827
 18.8823
 18.8817
 18.8813
 18.8809
 18.8804
 18.8801
 18.8796
 18.8791
 18.8786
 18.8784
 18.8779
 18.8774
 18.877
 18.8765
 18.876
 18.8756
 18.8753
 18.8748
 18.8743
 18.8739
 18.8734
 18.873
 18.8727
 18.872
 18.8717
 18.8712
 18.8709
 18.8704
 18.87
 18.8695
 18.8691
 18.8686
 18.8681
 18.8678
 18.8673
 18.8671
 18.8669
 18.8666
 18.8663
 18.8662
 18.866
 18.8658
 18.8655
 18.8652
 18.8651
 18.8647
 18.8647
 18.8643
 18.8642
 18.864
 18.8637
 18.8635
 18.8634
 18.863
 18.8628
 18.8626
 18.8624
 18.862
 18.8619
 18.8616
 18.8614
 18.8612
 18.861
 18.8608
 18.8605
 18.8603
 18.86
 18.8598
 18.8596
 18.8593
 18.8591
 18.8589
 18.8587
 18.8584
 18.8582
 18.858
 18.8579
 18.8575
 18.8573
 18.857
 18.8569
 18.8565
 18.8564
 18.8561
 18.8559
 18.8557
 18.8554
 18.8552
 18.855
 18.8548
 18.8545
 18.8542
 18.8541
 18.8539
 18.8536
 18.8534
 18.8532
 18.8529
 18.8528
 18.8526
 18.8522
 18.852
 18.8518
 18.8516
 18.8514
 18.8513
 18.8509
 18.8508
 18.8505
 18.8502
 18.85
 18.8499
 18.8495
 18.8492
 18.8491
 18.849
 18.8486
 18.8484
 18.8482
 18.848
 18.8476
 18.8476
 18.8471
 18.847
 18.8468
 18.8466
 18.8463
 18.846
 18.846
 18.8456
 18.8453
 18.8451
 18.845
 18.8447
 18.8445
 18.8443
 18.844
 18.8439
 18.8436
 18.8434
 18.8432
 18.8428
 18.8426
 18.8424
 18.8422
 18.842
 18.8417
 18.8415
 18.8413
 18.8411
 18.8409
 18.8408
 18.8404
 18.84
 18.84
 18.8397
 18.8395
 18.8393
 18.8391
 18.8388
 18.8386
 18.8385
 18.8381
 18.838
 18.8377
 18.8375
 18.8371
 18.837
 18.8367
 18.8366
 18.8363
 18.8362
 18.8358
 18.8357
 18.8354
 18.8351
 18.835
 18.8348
 18.8343
 18.8342
 18.834
 18.8339
 18.8335
 18.8333
 18.8331
 18.8329
 18.8326
 18.8324
 18.8321
 18.8319
 18.8317
 18.8315
 18.8313
 18.8311
 18.8307
 18.8305
 18.8304
 18.8301
 18.8299
 18.8297
 18.8294
 18.8292
 18.829
 18.8289
 18.8287
 18.8283
 18.8281
 18.828
 18.8277
 18.8274
 18.8272
 18.8269
 18.8267
 18.8266
 18.8263
 18.8261
 18.8259
 18.8257
 18.8253
 18.8251
 18.8249
 18.8247
 18.8245
 18.8242
 18.824
 18.8239
 18.8234
 18.8233
 18.8231
 18.823
 18.8225
 18.8222
 18.8222
 18.8219
 18.8217
 18.8214
 18.8213
 18.8209
 18.8207
 18.8206
 18.8203
 18.82
 18.8198
 18.8196
 18.8194
 18.8191
 18.819
 18.8187
 18.8185
 18.8183
 18.8181
 18.8179
 18.8175
 18.8174
 18.8171
 18.8169
 18.8167
 18.8164
 18.8163
 18.8159
 18.8159
 18.8156
 18.8153
 18.8151
 18.8149
 18.8147
 18.8143
 18.8141
 18.814
 18.8138
 18.8135
 18.8131
 18.8131
 18.8128
 18.8125
 18.8129
 18.813
 18.8132
 18.8134
 18.8136
 18.8138
 18.8141
 18.8142
 18.8145
 18.8146
 18.8149
 18.8152
 18.8152
 18.8155
 18.8157
 18.816
 18.8161
 18.8164
 18.8165
 18.8169
 18.817
 18.8172
 18.8175
 18.8177
 18.8178
 18.8181
 18.8182
 18.8184
 18.8187
 18.819
 18.8191
 18.8194
 18.8196
 18.8197
 18.82
 18.8202
 18.8204
 18.8207
 18.8208
 18.8212
 18.8212
 18.8216
 18.8217
 18.822
 18.8221
 18.8223
 18.8225
 18.8228
 18.8231
 18.8236
 18.8241
 18.8245
 18.825
 18.8255
 18.8259
 18.8263
 18.8268
 18.8273
 18.8278
 18.8281
 18.8286
 18.8291
 18.8295
 18.83
 18.8305
 18.8309
 18.8313
 18.8319
 18.8322
 18.8327
 18.8331
 18.8336
 18.834
 18.8345
 18.8349
 18.8355
 18.8358
 18.8363
 18.8368
 18.8371
 18.8377
 18.8381
 18.8386
 18.839
 18.8395
 18.8399
 18.8404
 18.841
 18.8413
 18.8418
 18.8422
 18.8427
 18.843
 18.8436
 18.8441
 18.8445
 18.8451
 18.846
 18.8468
 18.8475
 18.8482
 18.849
 18.8498
 18.8505
 18.8513
 18.852
 18.8528
 18.8535
 18.8542
 18.855
 18.8558
 18.8565
 18.8572
 18.8581
 18.8588
 18.8595
 18.8604
 18.861
 18.8618
 18.8625
 18.8633
 18.864
 18.8648
 18.8657
 18.8663
 18.8672
 18.8679
 18.8687
 18.8694
 18.87
 18.871
 18.8716
 18.8723
 18.8731
 18.8739
 18.8747
 18.8754
 18.8761
 18.8769
 18.8777
 18.8785
 18.879
 18.8799
 18.8807
 18.8812
 18.8819
 18.8826
 18.8829
 18.8836
 18.8841
 18.8848
 18.8852
 18.8859
 18.8864
 18.8869
 18.8875
 18.8882
 18.8887
 18.8892
 18.8898
 18.8904
 18.8908
 18.8915
 18.8921
 18.8927
 18.8931
 18.8939
 18.8943
 18.895
 18.8955
 18.896
 18.8967
 18.8971
 18.8977
 18.8983
 18.8989
 18.8996
 18.9001
 18.9006
 18.9012
 18.9018
 18.9023
 18.903
 18.9034
 18.904
 18.9046
 18.9052
 18.9057
 18.9064
 18.9069
 18.9075
 18.908
 18.9087
 18.909
 18.9097
 18.9103
 18.911
 18.9114
 18.912
 18.9128
 18.913
 18.9137
 18.9143
 18.9149
 18.9154
 18.916
 18.9165
 18.917
 18.9177
 18.9183
 18.9188
 18.9195
 18.9201
 18.9206
 18.9211
 18.9217
 18.9223
 18.9229
 18.9235
 18.9239
 18.9246
 18.9251
 18.9257
 18.9262
 18.9269
 18.9272
 18.928
 18.9286
 18.9291
 18.9296
 18.9302
 18.9308
 18.9314
 18.9319
 18.9325
 18.9331
 18.9336
 18.9343
 18.9349
 18.9353
 18.936
 18.9365
 18.937
 18.9376
 18.9382
 18.9388
 18.9393
 18.9398
 18.9405
 18.9411
 18.9415
 18.9421
 18.9428
 18.9432
 18.9439
 18.9445
 18.945
 18.9456
 18.9462
 18.9468
 18.9474
 18.9478
 18.9484
 18.949
 18.9495
 18.9501
 18.9506
 18.9513
 18.9519
 18.9524
 18.953
 18.9535
 18.9541
 18.9548
 18.9553
 18.9559
 18.9565
 18.957
 18.9576
 18.9581
 18.9587
 18.9594
 18.9597
 18.9604
 18.9609
 18.9617
 18.962
 18.9627
 18.9632
 18.9638
 18.9644
 18.965
 18.9655
 18.966
 18.9666
 18.9672
 18.9678
 18.9683
 18.969
 18.9696
 18.97
 18.9708
 18.9712
 18.9717
 18.9724
 18.9729
 18.9734
 18.974
 18.9746
 18.9753
 18.9758
 18.9764
 18.9768
 18.9776
 18.978
 18.9786
 18.9792
 18.9798
 18.9802
 18.9809
 18.9815
 18.982
 18.9827
 18.9832
 18.9838
 18.9843
 18.9849
 18.9855
 18.986
 18.9865
 18.9872
 18.9878
 18.9883
 18.9889
 18.9894
 18.99
 18.9905
 18.9911
 18.9917
 18.9923
 18.9928
 18.9936
 18.9941
 18.9945
 18.9951
 18.9959
 18.9962
 18.9968
 18.9974
 18.998
 18.9986
 18.9992
 18.9997
 19.0003
 19.0008
 19.0014
 19.002
 19.0026
 19.003
 19.0036
 19.0041
 19.0049
 19.0053
 19.006
 19.0066
 19.007
 19.0076
 19.0083
 19.0089
 19.0094
 19.0099
 19.0105
 19.0111
 19.0116
 19.0123
 19.0128
 19.0132
 19.014
 19.0145
 19.015
 19.0156
 19.0163
 19.0167
 19.0174
 19.0173
 19.0169
 19.0168
 19.0166
 19.0164
 19.0162
 19.016
 19.0159
 19.0156
 19.0154
 19.0153
 19.0151
 19.0148
 19.0148
 19.0145
 19.0141
 19.0142
 19.0139
 19.0138
 19.0136
 19.0134
 19.0131
 19.0131
 19.0128
 19.0126
 19.0125
 19.0123
 19.012
 19.012
 19.0117
 19.0115
 19.0113
 19.0111
 19.011
 19.0108
 19.0105
 19.0105
 19.01
 19.01
 19.01
 19.0095
 19.0095
 19.0093
 19.009
 19.0089
 19.0087
 19.0086
 19.0083
 19.008
 19.008
 19.0079
 19.0074
 19.0075
 19.0071
 19.007
 19.0068
 19.0067
 19.0065
 19.0062
 19.006
 19.0059
 19.0056
 19.0056
 19.0052
 19.005
 19.0049
 19.0048
 19.0045
 19.0044
 19.0043
 19.004
 19.0038
 19.0037
 19.0034
 19.0031
 19.003
 19.0028
 19.0027
 19.0026
 19.0022
 19.0021
 19.002
 19.0018
 19.0015
 19.0013
 19.0012
 19.001
 19.0007
 19.0006
 19.0004
 19.0002
 19
 18.9999
 18.9997
 18.9995
 18.9993
 18.9991
 18.9989
 18.9989
 18.9986
 18.9985
 18.9982
 18.9982
 18.998
 18.9978
 18.9977
 18.9976
 18.9973
 18.9972
 18.9971
 18.9969
 18.9967
 18.9967
 18.9964
 18.9962
 18.996
 18.9958
 18.9958
 18.9957
 18.9954
 18.9953
 18.9952
 18.995
 18.9947
 18.9948
 18.9945
 18.9943
 18.9941
 18.994
 18.9937
 18.9937
 18.9936
 18.9935
 18.9931
 18.9932
 18.993
 18.9926
 18.9925
 18.9925
 18.9922
 18.992
 18.992
 18.9918
 18.9917
 18.9914
 18.9914
 18.991
 18.991
 18.9908
 18.9907
 18.9905
 18.9903
 18.99
 18.9901
 18.9899
 18.9897
 18.9895
 18.9893
 18.9892
 18.989
 18.9889
 18.9888
 18.9886
 18.9884
 18.9883
 18.9881
 18.9879
 18.9878
 18.9876
 18.9874
 18.9872
 18.9872
 18.9869
 18.9868
 18.9867
 18.9865
 18.9864
 18.9862
 18.986
 18.9858
 18.9856
 18.9855
 18.9854
 18.9852
 18.985
 18.9849
 18.9848
 18.9847
 18.9843
 18.9843
 18.9841
 18.984
 18.9838
 18.9836
 18.9834
 18.9833
 18.9832
 18.983
 18.9828
 18.9828
 18.9824
 18.9823
 18.9822
 18.982
 18.9818
 18.9817
 18.9816
 18.9814
 18.9812
 18.981
 18.981
 18.9807
 18.9805
 18.9804
 18.9803
 18.9801
 18.9799
 18.9799
 18.9796
 18.9795
 18.9793
 18.9791
 18.9789
 18.9789
 18.9787
 18.9785
 18.9782
 18.9783
 18.978
 18.9779
 18.9777
 18.9776
 18.9774
 18.9771
 18.9771
 18.9769
 18.9767
 18.9766
 18.9765
 18.9762
 18.9761
 18.976
 18.9759
 18.9758
 18.9753
 18.9753
 18.9751
 18.9749
 18.9748
 18.9747
 18.9745
 18.9744
 18.9742
 18.9741
 18.974
 18.9738
 18.9735
 18.9735
 18.9731
 18.973
 18.9729
 18.9727
 18.9725
 18.9725
 18.9724
 18.9721
 18.972
 18.9719
 18.9717
 18.9714
 18.9713
 18.9711
 18.9709
 18.9709
 18.9707
 18.9705
 18.9704
 18.9702
 18.97
 18.9699
 18.9699
 18.9695
 18.9694
 18.9692
 18.969
 18.969
 18.9688
 18.9687
 18.9684
 18.9682
 18.9681
 18.9679
 18.9678
 18.9676
 18.9674
 18.9674
 18.9672
 18.9669
 18.9668
 18.9667
 18.9665
 18.9663
 18.9661
 18.966
 18.9659
 18.9657
 18.9657
 18.9654
 18.9653
 18.9651
 18.965
 18.9647
 18.9645
 18.9644
 18.9642
 18.964
 18.9641
 18.9638
 18.9637
 18.9636
 18.9634
 18.963
 18.963
 18.9628
 18.9627
 18.9624
 18.9623
 18.9623
 18.962
 18.962
 18.9617
 18.9616
 18.9614
 18.9612
 18.961
 18.9609
 18.9608
 18.9605
 18.9605
 18.9603
 18.9601
 18.96
 18.96
 18.9595
 18.9595
 18.9592
 18.9592
 18.959
 18.9588
 18.9587
 18.9587
 18.9583
 18.9583
 18.9579
 18.9578
 18.9577
 18.9576
 18.9574
 18.9571
 18.9571
 18.957
 18.9568
 18.9566
 18.9565
 18.9563
 18.9561
 18.9559
 18.9557
 18.9557
 18.9555
 18.9553
 18.9551
 18.9551
 18.9549
 18.9546
 18.9545
 18.9544
 18.9541
 18.9541
 18.9539
 18.9537
 18.9535
 18.9535
 18.9533
 18.9527
 18.9525
 18.952
 18.9516
 18.9512
 18.9508
 18.9503
 18.9499
 18.9497
 18.9491
 18.949
 18.9483
 18.948
 18.9476
 18.9472
 18.9468
 18.9463
 18.946
 18.9455
 18.9451
 18.9448
 18.9444
 18.9439
 18.9435
 18.9432
 18.9427
 18.9422
 18.942
 18.9415
 18.941
 18.9407
 18.9403
 18.9398
 18.9395
 18.9391
 18.9387
 18.9383
 18.9377
 18.9375
 18.9369
 18.9367
 18.9363
 18.9359
 18.9353
 18.9351
 18.9346
 18.9342
 18.9339
 18.9332
 18.933
 18.9326
 18.9322
 18.9316
 18.9314
 18.931
 18.9305
 18.9301
 18.9297
 18.9292
 18.929
 18.9284
 18.928
 18.9276
 18.9273
 18.9269
 18.9265
 18.9262
 18.9257
 18.9252
 18.9248
 18.9244
 18.924
 18.9237
 18.9232
 18.9228
 18.9224
 18.922
 18.9217
 18.9212
 18.9208
 18.9204
 18.9199
 18.9195
 18.9191
 18.9187
 18.9185
 18.918
 18.9177
 18.9171
 18.9168
 18.9163
 18.916
 18.9155
 18.915
 18.9147
 18.9142
 18.914
 18.9138
 18.9135
 18.9132
 18.9129
 18.9125
 18.9121
 18.912
 18.9115
 18.9114
 18.9111
 18.9109
 18.9106
 18.9102
 18.91
 18.9096
 18.9093
 18.9091
 18.9088
 18.9084
 18.9082
 18.908
 18.9076
 18.9073
 18.9071
 18.9068
 18.9064
 18.9062
 18.9059
 18.9055
 18.9052
 18.905
 18.9047
 18.9045
 18.9041
 18.904
 18.9036
 18.9033
 18.9029
 18.9026
 18.9023
 18.9021
 18.9018
 18.9015
 18.9013
 18.901
 18.9007
 18.9005
 18.9
 18.8997
 18.8995
 18.8992
 18.8988
 18.8987
 18.8984
 18.898
 18.8978
 18.8975
 18.8972
 18.8969
 18.8966
 18.8964
 18.896
 18.8958
 18.8954
 18.8952
 18.8948
 18.8947
 18.8943
 18.894
 18.8936
 18.8933
 18.8931
 18.8928
 18.8925
 18.8922
 18.892
 18.8918
 18.8914
 18.8911
 18.8907
 18.8905
 18.8902
 18.89
 18.8897
 18.8893
 18.889
 18.8888
 18.8885
 18.8882
 18.888
 18.8876
 18.8872
 18.887
 18.8866
 18.8864
 18.8861
 18.886
 18.8858
 18.8857
 18.8855
 18.8851
 18.8849
 18.8848
 18.8845
 18.8842
 18.8841
 18.8838
 18.8837
 18.8835
 18.8833
 18.883
 18.8827
 18.8827
 18.8824
 18.8822
 18.882
 18.8816
 18.8815
 18.8812
 18.8812
 18.8809
 18.8807
 18.8805
 18.8803
 18.8801
 18.8799
 18.8795
 18.8794
 18.8791
 18.8788
 18.8787
 18.8786
 18.8784
 18.8782
 18.8779
 18.8778
 18.8775
 18.8772
 18.877
 18.8769
 18.8766
 18.8764
 18.8763
 18.8759
 18.8757
 18.8756
 18.8754
 18.875
 18.875
 18.8747
 18.8744
 18.8743
 18.874
 18.8739
 18.8737
 18.8735
 18.8732
 18.873
 18.8727
 18.8725
 18.8722
 18.8722
 18.8719
 18.8718
 18.8716
 18.8714
 18.871
 18.8708
 18.8708
 18.8703
 18.8701
 18.87
 18.8698
 18.8696
 18.8694
 18.8692
 18.8689
 18.8688
 18.8686
 18.8683
 18.868
 18.8679
 18.8676
 18.8673
 18.8672
 18.8671
 18.8669
 18.8667
 18.8664
 18.8662
 18.8659
 18.8655
 18.8648
 18.8642
 18.8638
 18.8633
 18.8627
 18.8623
 18.8617
 18.861
 18.8605
 18.86
 18.8594
 18.8589
 18.8585
 18.8578
 18.8573
 18.8569
 18.8563
 18.8557
 18.8552
 18.8547
 18.854
 18.8536
 18.853
 18.8524
 18.8519
 18.8516
 18.8509
 18.8502
 18.8498
 18.8493
 18.8487
 18.8482
 18.8476
 18.847
 18.8466
 18.846
 18.8455
 18.845
 18.8445
 18.8439
 18.8433
 18.8428
 18.8421
 18.8417
 18.8411
 18.8407
 18.84
 18.84
 18.8399
 18.8398
 18.8395
 18.8394
 18.8393
 18.8391
 18.839
 18.8389
 18.8386
 18.8386
 18.8385
 18.8383
 18.8382
 18.838
 18.838
 18.8378
 18.8377
 18.8375
 18.8374
 18.8372
 18.8371
 18.837
 18.8367
 18.8368
 18.8365
 18.8364
 18.8362
 18.8362
 18.836
 18.836
 18.8358
 18.8356
 18.8355
 18.8352
 18.8351
 18.835
 18.835
 18.8348
 18.8347
 18.8346
 18.8343
 18.8342
 18.8342
 18.834
 18.8339
 18.8337
 18.8336
 18.8334
 18.8332
 18.833
 18.833
 18.8329
 18.8326
 18.8326
 18.8324
 18.8324
 18.8322
 18.8322
 18.832
 18.8318
 18.8317
 18.8315
 18.8313
 18.8311
 18.831
 18.831
 18.8309
 18.8308
 18.8306
 18.8305
 18.8303
 18.8302
 18.83
 18.8298
 18.8297
 18.8296
 18.8295
 18.8293
 18.8292
 18.8291
 18.829
 18.8288
 18.8287
 18.8285
 18.8283
 18.8282
 18.8281
 18.828
 18.8279
 18.8277
 18.8276
 18.8274
 18.8273
 18.8271
 18.827
 18.8268
 18.8267
 18.8267
 18.8265
 18.8264
 18.8262
 18.8261
 18.826
 18.8259
 18.8257
 18.8254
 18.8253
 18.8252
 18.8252
 18.825
 18.825
 18.8248
 18.8245
 18.8243
 18.8242
 18.8241
 18.824
 18.8238
 18.8238
 18.8237
 18.8236
 18.8233
 18.8232
 18.823
 18.8229
 18.8228
 18.8227
 18.8225
 18.8224
 18.8223
 18.8221
 18.8221
 18.8219
 18.8218
 18.8216
 18.8214
 18.8213
 18.8211
 18.821
 18.8209
 18.8208
 18.8206
 18.8205
 18.8206
 18.8207
 18.8207
 18.8209
 18.8209
 18.821
 18.821
 18.821
 18.8211
 18.8213
 18.8212
 18.8213
 18.8214
 18.8216
 18.8216
 18.8217
 18.8218
 18.8219
 18.8218
 18.822
 18.822
 18.8221
 18.8222
 18.8222
 18.8223
 18.8225
 18.8226
 18.8226
 18.8226
 18.8227
 18.8228
 18.8229
 18.8231
 18.8231
 18.823
 18.8231
 18.8233
 18.8233
 18.8233
 18.8234
 18.8235
 18.8236
 18.8238
 18.8237
 18.8239
 18.8239
 18.8241
 18.8241
 18.8241
 18.8243
 18.8242
 18.8243
 18.8245
 18.8246
 18.8245
 18.8247
 18.8247
 18.8249
 18.825
 18.825
 18.825
 18.8251
 18.8252
 18.8253
 18.8254
 18.8255
 18.8254
 18.8254
 18.8257
 18.8258
 18.8258
 18.8257
 18.826
 18.826
 18.8261
 18.8262
 18.8263
 18.8263
 18.8264
 18.8266
 18.8265
 18.8267
 18.8267
 18.8267
 18.8268
 18.827
 18.8269
 18.827
 18.8271
 18.8272
 18.8273
 18.8274
 18.8274
 18.8275
 18.8276
 18.8276
 18.828
 18.8283
 18.8287
 18.8288
 18.8292
 18.8295
 18.8299
 18.83
 18.8306
 18.8309
 18.8311
 18.8315
 18.8317
 18.8321
 18.8323
 18.8328
 18.833
 18.8333
 18.8337
 18.834
 18.8341
 18.8346
 18.8349
 18.8352
 18.8356
 18.8359
 18.8361
 18.8365
 18.8368
 18.8371
 18.8372
 18.8376
 18.838
 18.8383
 18.8387
 18.839
 18.8392
 18.8396
 18.84
 18.8402
 18.8406
 18.8409
 18.8411
 18.8415
 18.8418
 18.8422
 18.8423
 18.8427
 18.8431
 18.8433
 18.8436
 18.8439
 18.8443
 18.8445
 18.845
 18.8453
 18.8456
 18.8459
 18.8462
 18.8466
 18.8468
 18.8471
 18.8473
 18.8476
 18.8481
 18.8485
 18.8487
 18.8491
 18.8493
 18.8497
 18.85
 18.8502
 18.8505
 18.851
 18.8512
 18.8516
 18.8519
 18.8521
 18.8525
 18.8527
 18.8531
 18.8535
 18.8537
 18.854
 18.8545
 18.8547
 18.855
 18.8553
 18.8557
 18.856
 18.8562
 18.8567
 18.8569
 18.8571
 18.8573
 18.8578
 18.8578
 18.858
 18.8579
 18.858
 18.858
 18.858
 18.858
 18.8581
 18.858
 18.8582
 18.8583
 18.8582
 18.8583
 18.8583
 18.8583
 18.8582
 18.8583
 18.8584
 18.8585
 18.8585
 18.8586
 18.8586
 18.8585
 18.8587
 18.8586
 18.8586
 18.8586
 18.8587
 18.8588
 18.8588
 18.8589
 18.859
 18.859
 18.859
 18.859
 18.859
 18.859
 18.8591
 18.859
 18.8591
 18.8591
 18.8592
 18.8592
 18.8591
 18.8593
 18.8593
 18.8594
 18.8593
 18.8595
 18.8597
 18.86
 18.86
 18.8601
 18.8603
 18.8602
 18.8604
 18.8606
 18.8608
 18.8609
 18.861
 18.8613
 18.8614
 18.8614
 18.8615
 18.8617
 18.8618
 18.862
 18.8622
 18.8623
 18.8623
 18.8624
 18.8627
 18.8628
 18.8629
 18.8631
 18.8632
 18.8633
 18.8636
 18.8636
 18.8637
 18.8638
 18.864
 18.8641
 18.8643
 18.8644
 18.8645
 18.8646
 18.8647
 18.865
 18.8651
 18.8651
 18.8654
 18.8656
 18.8658
 18.8659
 18.8659
 18.866
 18.8661
 18.8663
 18.8665
 18.8666
 18.8668
 18.8668
 18.867
 18.8672
 18.8672
 18.8673
 18.8676
 18.8676
 18.8679
 18.8679
 18.8681
 18.8682
 18.8683
 18.8685
 18.8687
 18.8688
 18.8689
 18.869
 18.8691
 18.8694
 18.8694
 18.8696
 18.8697
 18.8699
 18.87
 18.8701
 18.8702
 18.8703
 18.8705
 18.8706
 18.8708
 18.871
 18.871
 18.8712
 18.8712
 18.8714
 18.8717
 18.8717
 18.872
 18.8721
 18.8723
 18.8723
 18.8724
 18.8726
 18.8729
 18.873
 18.8733
 18.8736
 18.8738
 18.874
 18.8741
 18.8744
 18.8748
 18.8749
 18.8751
 18.8754
 18.8757
 18.8759
 18.876
 18.8763
 18.8765
 18.8767
 18.8769
 18.8772
 18.8775
 18.8777
 18.8779
 18.8781
 18.8783
 18.8786
 18.8787
 18.879
 18.8793
 18.8795
 18.8797
 18.8799
 18.8801
 18.8803
 18.8806
 18.8809
 18.8812
 18.8812
 18.8815
 18.8817
 18.882
 18.8822
 18.8824
 18.8826
 18.8829
 18.8831
 18.8833
 18.8837
 18.884
 18.8844
 18.8848
 18.8853
 18.8856
 18.886
 18.8864
 18.8868
 18.8871
 18.8875
 18.8879
 18.8882
 18.8886
 18.8891
 18.8894
 18.8898
 18.8901
 18.8905
 18.8909
 18.8913
 18.8918
 18.892
 18.8924
 18.8928
 18.8932
 18.8935
 18.894
 18.8943
 18.8946
 18.895
 18.8954
 18.8958
 18.8962
 18.8966
 18.897
 18.8974
 18.8979
 18.8982
 18.8985
 18.8988
 18.8992
 18.8995
 18.8999
 18.9004
 18.9007
 18.9011
 18.9015
 18.9022
 18.9031
 18.9039
 18.9047
 18.9054
 18.9063
 18.9071
 18.9078
 18.9086
 18.9094
 18.9101
 18.9109
 18.9117
 18.9124
 18.9134
 18.9142
 18.915
 18.9157
 18.9165
 18.9172
 18.918
 18.9188
 18.9196
 18.9203
 18.9211
 18.922
 18.9227
 18.9235
 18.9244
 18.9252
 18.926
 18.9268
 18.9276
 18.9283
 18.929
 18.9298
 18.9307
 18.9313
 18.9323
 18.933
 18.9339
 18.9345
 18.9353
 18.9361
 18.9369
 18.9377
 18.9385
 18.9394
 18.9394
 18.9396
 18.9397
 18.9398
 18.94
 18.9401
 18.9403
 18.9404
 18.9405
 18.9407
 18.9408
 18.9409
 18.9411
 18.9413
 18.9412
 18.9413
 18.9416
 18.9417
 18.9417
 18.9419
 18.9422
 18.9422
 18.9423
 18.9425
 18.9426
 18.9426
 18.9429
 18.943
 18.9431
 18.9433
 18.9434
 18.9436
 18.9437
 18.9439
 18.944
 18.944
 18.9442
 18.9443
 18.9443
 18.9446
 18.9448
 18.9448
 18.945
 18.9451
 18.9452
 18.9453
 18.9455
 18.9458
 18.9459
 18.946
 18.9461
 18.9461
 18.9462
 18.9464
 18.9464
 18.9468
 18.9469
 18.9471
 18.9471
 18.9472
 18.9474
 18.9476
 18.9476
 18.9479
 18.9479
 18.948
 18.9481
 18.9482
 18.9484
 18.9485
 18.9487
 18.9489
 18.9491
 18.9492
 18.9492
 18.9494
 18.9496
 18.9496
 18.9497
 18.9499
 18.9501
 18.9501
 18.9501
 18.9504
 18.9504
 18.9507
 18.9509
 18.951
 18.9511
 18.9514
 18.9513
 18.9515
 18.9516
 18.9519
 18.9518
 18.9519
 18.9524
 18.9526
 18.9527
 18.953
 18.9534
 18.9537
 18.9538
 18.954
 18.9544
 18.9545
 18.9548
 18.955
 18.9552
 18.9555
 18.9558
 18.9561
 18.9563
 18.9567
 18.9569
 18.9572
 18.9574
 18.9577
 18.9579
 18.9581
 18.9584
 18.9588
 18.959
 18.9592
 18.9594
 18.9597
 18.96
 18.9601
 18.9605
 18.9608
 18.961
 18.9612
 18.9615
 18.9618
 18.9619
 18.9623
 18.9626
 18.9629
 18.963
 18.9633
 18.9635
 18.9638
 18.964
 18.9643
 18.9646
 18.9647
 18.9649
 18.965
 18.9652
 18.9653
 18.9656
 18.9657
 18.9659
 18.9661
 18.9662
 18.9664
 18.9666
 18.9667
 18.9669
 18.9671
 18.9673
 18.9674
 18.9677
 18.9678
 18.968
 18.9682
 18.9684
 18.9686
 18.9686
 18.9688
 18.969
 18.9691
 18.9693
 18.9695
 18.9697
 18.9699
 18.9701
 18.9704
 18.9705
 18.9707
 18.9709
 18.9709
 18.9711
 18.9713
 18.9716
 18.9717
 18.9719
 18.972
 18.9722
 18.9724
 18.9726
 18.9727
 18.973
 18.9734
 18.9737
 18.974
 18.9743
 18.9747
 18.975
 18.9753
 18.9756
 18.9758
 18.9763
 18.9764
 18.977
 18.9772
 18.9776
 18.9778
 18.9781
 18.9786
 18.9789
 18.9791
 18.9794
 18.9797
 18.98
 18.9804
 18.9807
 18.981
 18.9813
 18.9818
 18.9821
 18.9823
 18.9826
 18.983
 18.9833
 18.9837
 18.984
 18.9844
 18.9846
 18.985
 18.9853
 18.9856
 18.9859
 18.986
 18.9866
 18.987
 18.9873
 18.9875
 18.9879
 18.9882
 18.9885
 18.9887
 18.989
 18.9893
 18.9896
 18.9899
 18.9901
 18.9904
 18.9907
 18.991
 18.9913
 18.9916
 18.992
 18.9922
 18.9924
 18.9927
 18.993
 18.9932
 18.9935
 18.9938
 18.9941
 18.9942
 18.9946
 18.9949
 18.9952
 18.9955
 18.9958
 18.996
 18.9964
 18.9967
 18.9969
 18.9972
 18.9974
 18.9977
 18.998
 18.9984
 18.9986
 18.9988
 18.9992
 18.9996
 18.9997
 19
 19.0003
 19.0006
 19.0009
 19.0012
 19.0015
 19.0016
 19.0023
 19.003
 19.0036
 19.0041
 19.0049
 19.0055
 19.006
 19.0068
 19.0073
 19.008
 19.0085
 19.0092
 19.0098
 19.0103
 19.011
 19.0117
 19.0122
 19.0128
 19.0135
 19.0142
 19.0149
 19.0153
 19.016
 19.0167
 19.0172
 19.0178
 19.0184
 19.019
 19.0197
 19.0203
 19.021
 19.0215
 19.0221
 19.0226
 19.0233
 19.024
 19.0246
 19.0253
 19.0258
 19.0265
 19.0271
 19.0278
 19.0282
 19.0289
 19.0296
 19.0303
 19.0308
 19.0314
 19.0321
 19.0326
 19.033
 19.0336
 19.0342
 19.0347
 19.0353
 19.0358
 19.0364
 19.037
 19.0375
 19.038
 19.0387
 19.0391
 19.0396
 19.0401
 19.0408
 19.0413
 19.0419
 19.0425
 19.0431
 19.0435
 19.0441
 19.0447
 19.0452
 19.0457
 19.0463
 19.0468
 19.0473
 19.0479
 19.0484
 19.0489
 19.0495
 19.0501
 19.0506
 19.0511
 19.0518
 19.0524
 19.0529
 19.0533
 19.054
 19.0544
 19.0549
 19.0555
 19.056
 19.0566
 19.0571
 19.0579
 19.0584
 19.0589
 19.0594
 19.06
 19.0606
 19.061
 19.0615
 19.0622
 19.0627
 19.0631
 19.0638
 19.0644
 19.065
 19.0654
 19.0661
 19.0667
 19.0672
 19.0678
 19.0683
 19.0688
 19.0692
 19.0698
 19.0704
 19.071
 19.0715
 19.0721
 19.0725
 19.0732
 19.0737
 19.0744
 19.0748
 19.0755
 19.076
 19.0764
 19.077
 19.0775
 19.0781
 19.0786
 19.0792
 19.0797
 19.0803
 19.0808
 19.0813
 19.0819
 19.0826
 19.083
 19.0835
 19.0842
 19.0847
 19.0851
 19.0857
 19.0863
 19.0868
 19.0873
 19.088
 19.0886
 19.0891
 19.0896
 19.0902
 19.0907
 19.0912
 19.0918
 19.0924
 19.093
 19.0935
 19.094
 19.0946
 19.0952
 19.0956
 19.0961
 19.0968
 19.0973
 19.0977
 19.0983
 19.099
 19.0995
 19.1
 19.1006
 19.1011
 19.1017
 19.1022
 19.1028
 19.1033
 19.1039
 19.1046
 19.1049
 19.1055
 19.1061
 19.1066
 19.107
 19.1077
 19.1083
 19.1088
 19.1092
 19.11
 19.1105
 19.111
 19.1115
 19.1121
 19.1125
 19.1131
 19.1137
 19.1142
 19.1148
 19.1154
 19.116
 19.1164
 19.1171
 19.1176
 19.1182
 19.1187
 19.1193
 19.1198
 19.1203
 19.1209
 19.1213
 19.122
 19.1224
 19.123
 19.1236
 19.1243
 19.1248
 19.1253
 19.1259
 19.1264
 19.1269
 19.1274
 19.128
 19.1285
 19.129
 19.1297
 19.1302
 19.1307
 19.1314
 19.1318
 19.1325
 19.133
 19.1336
 19.134
 19.1345
 19.1351
 19.1357
 19.1362
 19.1367
 19.1373
 19.1378
 19.1383
 19.139
 19.1396
 19.1401
 19.1407
 19.1413
 19.1418
 19.1422
 19.1428
 19.1433
 19.1438
 19.1444
 19.1449
 19.1455
 19.1462
 19.1467
 19.1471
 19.1477
 19.1484
 19.1489
 19.1494
 19.15
 19.1506
 19.151
 19.1516
 19.1521
 19.1528
 19.1531
 19.1538
 19.1543
 19.1549
 19.1553
 19.156
 19.1566
 19.1571
 19.1576
 19.1581
 19.1586
 19.1593
 19.1598
 19.1603
 19.1609
 19.1615
 19.1621
 19.1625
 19.1631
 19.1636
 19.1643
 19.1648
 19.1653
 19.1659
 19.1664
 19.1669
 19.1674
 19.1682
 19.1685
 19.169
 19.1696
 19.1703
 19.1707
 19.1712
 19.1719
 19.1724
 19.173
 19.1736
 19.1741
 19.1746
 19.1752
 19.1757
 19.1763
 19.1768
 19.1774
 19.178
 19.1785
 19.179
 19.1794
 19.18
 19.1807
 19.1812
 19.1818
 19.1823
 19.1829
 19.1835
 19.1839
 19.1845
 19.185
 19.1856
 19.1862
 19.1867
 19.1872
 19.1877
 19.1883
 19.1889
 19.1895
 19.19
 19.1906
 19.1911
 19.1917
 19.1922
 19.1927
 19.1933
 19.1938
 19.1944
 19.1948
 19.1954
 19.196
 19.1965
 19.1971
 19.1977
 19.1982
 19.1988
 19.1992
 19.1999
 19.2004
 19.201
 19.2014
 19.202
 19.2027
 19.2031
 19.2036
 19.2042
 19.2049
 19.2053
 19.2059
 19.2065
 19.207
 19.2076
 19.2083
 19.2088
 19.2092
 19.2098
 19.2102
 19.2108
 19.2113
 19.212
 19.2124
 19.213
 19.2137
 19.2143
 19.2147
 19.2154
 19.2158
 19.2163
 19.2168
 19.2175
 19.218
 19.2185
 19.2191
 19.2196
 19.2202
 19.2206
 19.2213
 19.2219
 19.2224
 19.223
 19.2235
 19.2241
 19.2245
 19.2251
 19.2256
 19.2262
 19.2267
 19.2272
 19.2278
 19.2283
 19.2289
 19.2295
 19.2301
 19.2306
 19.2312
 19.2317
 19.2322
 19.2328
 19.2333
 19.2338
 19.2343
 19.235
 19.2356
 19.236
 19.2366
 19.2372
 19.2378
 19.2384
 19.2389
 19.2394
 19.2399
 19.2405
 19.241
 19.2415
 19.242
 19.2428
 19.2431
 19.2437
 19.2443
 19.2449
 19.2454
 19.246
 19.2466
 19.2471
 19.2475
 19.2482
 19.2487
 19.2493
 19.2498
 19.2503
 19.251
 19.2515
 19.252
 19.2524
 19.253
 19.2537
 19.2542
 19.2547
 19.2553
 19.2558
 19.2563
 19.2569
 19.2574
 19.258
 19.2585
 19.2591
 19.2596
 19.2602
 19.2608
 19.2612
 19.2619
 19.2625
 19.263
 19.2634
 19.264
 19.2646
 19.2651
 19.2657
 19.2663
 19.2669
 19.2674
 19.2679
 19.2684
 19.2689
 19.2694
 19.27
 19.2707
 19.2712
 19.2718
 19.2723
 19.2729
 19.2734
 19.2739
 19.2745
 19.2751
 19.2756
 19.276
 19.2766
 19.2772
 19.2777
 19.2782
 19.2788
 19.2795
 19.28
 19.2805
 19.2811
 19.2817
 19.2822
 19.2827
 19.2832
 19.2837
 19.2843
 19.2848
 19.2853
 19.286
 19.2866
 19.2871
 19.2876
 19.2882
 19.2888
 19.2892
 19.2898
 19.2904
 19.2909
 19.2913
 19.2918
 19.2925
 19.2931
 19.2936