6211  26.36
6211  26.35
6211  26.33
6211  26.33
6211  26.32
6211  26.3
6211  26.28
6211  26.25
6211  26.2
6211  26.08
6211  25.8
6211  25.11
6211  24.28
6211  23.56
6211  22.95
6211  22.48
6211  22.05
6211  21.65
6211  21.26
6211  20.87
6211  20.47
6211  20.07
6211  19.66
6211  19.21
6211  18.74
6212  26.35
6212  26.34
6212  26.32
6212  26.31
6212  26.3
6212  26.29
6212  26.27
6212  26.24
6212  26.19
6212  26.08
6212  25.8
6212  25.11
6212  24.28
6212  23.56
6212  22.95
6212  22.47
6212  22.04
6212  21.64
6212  21.25
6212  20.86
6212  20.46
6212  20.06
6212  19.65
6212  19.2
6212  18.73
6213  26.34
6213  26.32
6213  26.31
6213  26.3
6213  26.29
6213  26.28
6213  26.26
6213  26.23
6213  26.18
6213  26.07
6213  25.8
6213  25.11
6213  24.28
6213  23.56
6213  22.94
6213  22.47
6213  22.04
6213  21.63
6213  21.25
6213  20.86
6213  20.45
6213  20.06
6213  19.64
6213  19.2
6213  18.72
6214  26.32
6214  26.32
6214  26.3
6214  26.29
6214  26.28
6214  26.27
6214  26.25
6214  26.22
6214  26.17
6214  26.06
6214  25.8
6214  25.11
6214  24.28
6214  23.56
6214  22.94
6214  22.46
6214  22.03
6214  21.62
6214  21.24
6214  20.85
6214  20.45
6214  20.05
6214  19.64
6214  19.19
6214  18.71
6215  26.31
6215  26.3
6215  26.29
6215  26.28
6215  26.27
6215  26.26
6215  26.24
6215  26.21
6215  26.16
6215  26.06
6215  25.79
6215  25.11
6215  24.29
6215  23.55
6215  22.93
6215  22.45
6215  22.02
6215  21.62
6215  21.23
6215  20.84
6215  20.44
6215  20.04
6215  19.63
6215  19.18
6215  18.7
6216  26.3
6216  26.29
6216  26.28
6216  26.27
6216  26.26
6216  26.25
6216  26.23
6216  26.2
6216  26.16
6216  26.05
6216  25.79
6216  25.11
6216  24.29
6216  23.55
6216  22.93
6216  22.45
6216  22.01
6216  21.61
6216  21.22
6216  20.83
6216  20.43
6216  20.04
6216  19.62
6216  19.17
6216  18.69
6217  26.29
6217  26.28
6217  26.27
6217  26.26
6217  26.25
6217  26.24
6217  26.22
6217  26.2
6217  26.15
6217  26.04
6217  25.78
6217  25.11
6217  24.29
6217  23.55
6217  22.92
6217  22.44
6217  22
6217  21.6
6217  21.21
6217  20.82
6217  20.43
6217  20.03
6217  19.61
6217  19.16
6217  18.68
6218  26.28
6218  26.27
6218  26.25
6218  26.25
6218  26.24
6218  26.22
6218  26.21
6218  26.18
6218  26.14
6218  26.03
6218  25.78
6218  25.11
6218  24.28
6218  23.54
6218  22.92
6218  22.43
6218  21.99
6218  21.59
6218  21.2
6218  20.82
6218  20.42
6218  20.03
6218  19.61
6218  19.16
6218  18.68
6219  26.26
6219  26.25
6219  26.24
6219  26.23
6219  26.22
6219  26.21
6219  26.2
6219  26.17
6219  26.13
6219  26.02
6219  25.77
6219  25.11
6219  24.28
6219  23.54
6219  22.91
6219  22.43
6219  21.99
6219  21.58
6219  21.19
6219  20.81
6219  20.42
6219  20.02
6219  19.61
6219  19.16
6219  18.67
6220  26.25
6220  26.24
6220  26.23
6220  26.22
6220  26.21
6220  26.2
6220  26.19
6220  26.16
6220  26.12
6220  26.02
6220  25.77
6220  25.1
6220  24.27
6220  23.53
6220  22.9
6220  22.42
6220  21.98
6220  21.57
6220  21.18
6220  20.81
6220  20.42
6220  20.02
6220  19.61
6220  19.15
6220  18.67
6221  26.24
6221  26.23
6221  26.21
6221  26.21
6221  26.2
6221  26.19
6221  26.18
6221  26.15
6221  26.11
6221  26.01
6221  25.76
6221  25.1
6221  24.27
6221  23.53
6221  22.9
6221  22.41
6221  21.97
6221  21.57
6221  21.18
6221  20.8
6221  20.41
6221  20.02
6221  19.6
6221  19.15
6221  18.66
6222  26.22
6222  26.21
6222  26.2
6222  26.19
6222  26.18
6222  26.17
6222  26.16
6222  26.14
6222  26.09
6222  26
6222  25.75
6222  25.09
6222  24.27
6222  23.52
6222  22.89
6222  22.4
6222  21.96
6222  21.56
6222  21.17
6222  20.8
6222  20.41
6222  20.02
6222  19.61
6222  19.15
6222  18.66
6223  26.21
6223  26.2
6223  26.18
6223  26.18
6223  26.17
6223  26.16
6223  26.15
6223  26.13
6223  26.08
6223  25.99
6223  25.74
6223  25.09
6223  24.26
6223  23.52
6223  22.89
6223  22.4
6223  21.95
6223  21.55
6223  21.16
6223  20.79
6223  20.41
6223  20.02
6223  19.6
6223  19.15
6223  18.66
6224  26.19
6224  26.18
6224  26.17
6224  26.16
6224  26.15
6224  26.14
6224  26.13
6224  26.11
6224  26.07
6224  25.97
6224  25.73
6224  25.08
6224  24.26
6224  23.51
6224  22.88
6224  22.38
6224  21.94
6224  21.54
6224  21.15
6224  20.78
6224  20.39
6224  20
6224  19.59
6224  19.13
6224  18.64
6225  26.18
6225  26.17
6225  26.15
6225  26.15
6225  26.14
6225  26.13
6225  26.12
6225  26.1
6225  26.06
6225  25.96
6225  25.72
6225  25.07
6225  24.25
6225  23.5
6225  22.86
6225  22.37
6225  21.92
6225  21.52
6225  21.13
6225  20.76
6225  20.38
6225  19.99
6225  19.57
6225  19.11
6225  18.62
6226  26.16
6226  26.15
6226  26.14
6226  26.13
6226  26.12
6226  26.11
6226  26.1
6226  26.08
6226  26.04
6226  25.95
6226  25.71
6226  25.06
6226  24.24
6226  23.49
6226  22.85
6226  22.36
6226  21.91
6226  21.5
6226  21.11
6226  20.75
6226  20.36
6226  19.98
6226  19.56
6226  19.09
6226  18.6
6227  26.14
6227  26.13
6227  26.12
6227  26.11
6227  26.1
6227  26.1
6227  26.09
6227  26.07
6227  26.03
6227  25.93
6227  25.7
6227  25.06
6227  24.24
6227  23.5
6227  22.85
6227  22.35
6227  21.89
6227  21.49
6227  21.1
6227  20.73
6227  20.35
6227  19.96
6227  19.54
6227  19.07
6227  18.57
6228  26.12
6228  26.11
6228  26.1
6228  26.09
6228  26.08
6228  26.08
6228  26.07
6228  26.05
6228  26.01
6228  25.92
6228  25.68
6228  25.06
6228  24.24
6228  23.49
6228  22.84
6228  22.34
6228  21.88
6228  21.47
6228  21.08
6228  20.71
6228  20.33
6228  19.94
6228  19.52
6228  19.05
6228  18.55
6229  26.1
6229  26.09
6229  26.08
6229  26.07
6229  26.07
6229  26.06
6229  26.05
6229  26.03
6229  25.99
6229  25.91
6229  25.68
6229  25.05
6229  24.24
6229  23.49
6229  22.84
6229  22.33
6229  21.86
6229  21.45
6229  21.06
6229  20.7
6229  20.31
6229  19.92
6229  19.5
6229  19.03
6229  18.53
6230  26.08
6230  26.07
6230  26.06
6230  26.05
6230  26.04
6230  26.04
6230  26.03
6230  26.01
6230  25.98
6230  25.89
6230  25.66
6230  25.05
6230  24.24
6230  23.49
6230  22.84
6230  22.32
6230  21.86
6230  21.44
6230  21.05
6230  20.68
6230  20.3
6230  19.91
6230  19.48
6230  19.01
6230  18.51
6231  26.06
6231  26.05
6231  26.03
6231  26.03
6231  26.02
6231  26.01
6231  26.01
6231  25.99
6231  25.96
6231  25.88
6231  25.66
6231  25.05
6231  24.25
6231  23.5
6231  22.84
6231  22.32
6231  21.85
6231  21.43
6231  21.04
6231  20.67
6231  20.29
6231  19.89
6231  19.47
6231  18.99
6231  18.49
6232  26.03
6232  26.02
6232  26.01
6232  26
6232  26
6232  25.99
6232  25.99
6232  25.97
6232  25.94
6232  25.86
6232  25.65
6232  25.05
6232  24.25
6232  23.5
6232  22.84
6232  22.31
6232  21.84
6232  21.43
6232  21.03
6232  20.66
6232  20.28
6232  19.88
6232  19.45
6232  18.98
6232  18.47
6233  26.01
6233  26
6233  25.99
6233  25.98
6233  25.98
6233  25.97
6233  25.97
6233  25.95
6233  25.92
6233  25.84
6233  25.64
6233  25.05
6233  24.26
6233  23.51
6233  22.84
6233  22.31
6233  21.84
6233  21.42
6233  21.02
6233  20.65
6233  20.27
6233  19.87
6233  19.44
6233  18.96
6233  18.45
6234  25.99
6234  25.98
6234  25.97
6234  25.96
6234  25.96
6234  25.95
6234  25.95
6234  25.93
6234  25.9
6234  25.83
6234  25.63
6234  25.05
6234  24.27
6234  23.52
6234  22.85
6234  22.31
6234  21.83
6234  21.41
6234  21.02
6234  20.64
6234  20.26
6234  19.86
6234  19.43
6234  18.95
6234  18.43
6235  25.97
6235  25.96
6235  25.95
6235  25.94
6235  25.93
6235  25.93
6235  25.93
6235  25.91
6235  25.89
6235  25.81
6235  25.62
6235  25.05
6235  24.28
6235  23.52
6235  22.85
6235  22.31
6235  21.83
6235  21.4
6235  21.01
6235  20.64
6235  20.25
6235  19.85
6235  19.41
6235  18.93
6235  18.41
6236  25.95
6236  25.94
6236  25.93
6236  25.92
6236  25.91
6236  25.91
6236  25.91
6236  25.89
6236  25.87
6236  25.8
6236  25.61
6236  25.04
6236  24.28
6236  23.53
6236  22.85
6236  22.31
6236  21.82
6236  21.39
6236  21
6236  20.62
6236  20.23
6236  19.84
6236  19.4
6236  18.92
6236  18.4
6237  25.92
6237  25.92
6237  25.91
6237  25.9
6237  25.89
6237  25.89
6237  25.89
6237  25.87
6237  25.85
6237  25.78
6237  25.6
6237  25.04
6237  24.28
6237  23.53
6237  22.85
6237  22.3
6237  21.81
6237  21.39
6237  20.99
6237  20.61
6237  20.23
6237  19.82
6237  19.38
6237  18.9
6237  18.38
6238  25.9
6238  25.89
6238  25.88
6238  25.88
6238  25.87
6238  25.87
6238  25.86
6238  25.85
6238  25.83
6238  25.76
6238  25.59
6238  25.03
6238  24.29
6238  23.54
6238  22.85
6238  22.3
6238  21.81
6238  21.38
6238  20.98
6238  20.61
6238  20.21
6238  19.81
6238  19.37
6238  18.89
6238  18.36
6239  25.88
6239  25.87
6239  25.86
6239  25.86
6239  25.85
6239  25.85
6239  25.84
6239  25.83
6239  25.81
6239  25.75
6239  25.57
6239  25.03
6239  24.29
6239  23.54
6239  22.86
6239  22.3
6239  21.8
6239  21.37
6239  20.97
6239  20.6
6239  20.2
6239  19.8
6239  19.36
6239  18.87
6239  18.34
6240  25.86
6240  25.85
6240  25.84
6240  25.83
6240  25.83
6240  25.82
6240  25.82
6240  25.81
6240  25.79
6240  25.73
6240  25.56
6240  25.02
6240  24.3
6240  23.55
6240  22.86
6240  22.3
6240  21.8
6240  21.36
6240  20.97
6240  20.59
6240  20.2
6240  19.79
6240  19.35
6240  18.86
6240  18.33
6241  25.84
6241  25.83
6241  25.82
6241  25.81
6241  25.81
6241  25.8
6241  25.8
6241  25.79
6241  25.77
6241  25.71
6241  25.54
6241  25.02
6241  24.3
6241  23.56
6241  22.87
6241  22.3
6241  21.8
6241  21.36
6241  20.96
6241  20.58
6241  20.19
6241  19.78
6241  19.34
6241  18.84
6241  18.32
6242  25.82
6242  25.81
6242  25.8
6242  25.79
6242  25.79
6242  25.78
6242  25.78
6242  25.77
6242  25.75
6242  25.69
6242  25.53
6242  25.02
6242  24.31
6242  23.57
6242  22.88
6242  22.3
6242  21.8
6242  21.36
6242  20.96
6242  20.58
6242  20.18
6242  19.77
6242  19.32
6242  18.83
6242  18.3
6243  25.79
6243  25.79
6243  25.78
6243  25.77
6243  25.77
6243  25.76
6243  25.76
6243  25.75
6243  25.73
6243  25.67
6243  25.52
6243  25.02
6243  24.32
6243  23.58
6243  22.89
6243  22.31
6243  21.8
6243  21.35
6243  20.95
6243  20.57
6243  20.17
6243  19.77
6243  19.31
6243  18.82
6243  18.29
6244  25.77
6244  25.76
6244  25.75
6244  25.75
6244  25.74
6244  25.74
6244  25.74
6244  25.73
6244  25.7
6244  25.65
6244  25.5
6244  25.01
6244  24.33
6244  23.59
6244  22.89
6244  22.31
6244  21.8
6244  21.35
6244  20.95
6244  20.57
6244  20.17
6244  19.76
6244  19.3
6244  18.81
6244  18.28
6245  25.75
6245  25.74
6245  25.73
6245  25.73
6245  25.72
6245  25.72
6245  25.71
6245  25.7
6245  25.68
6245  25.63
6245  25.48
6245  25
6245  24.33
6245  23.6
6245  22.9
6245  22.31
6245  21.79
6245  21.34
6245  20.94
6245  20.56
6245  20.16
6245  19.75
6245  19.29
6245  18.8
6245  18.27
6246  25.72
6246  25.72
6246  25.71
6246  25.7
6246  25.7
6246  25.69
6246  25.69
6246  25.68
6246  25.66
6246  25.61
6246  25.47
6246  25
6246  24.34
6246  23.61
6246  22.91
6246  22.31
6246  21.79
6246  21.34
6246  20.94
6246  20.55
6246  20.15
6246  19.74
6246  19.28
6246  18.79
6246  18.26
6247  25.7
6247  25.69
6247  25.68
6247  25.68
6247  25.67
6247  25.67
6247  25.66
6247  25.66
6247  25.64
6247  25.59
6247  25.45
6247  24.99
6247  24.35
6247  23.63
6247  22.92
6247  22.32
6247  21.79
6247  21.33
6247  20.93
6247  20.55
6247  20.14
6247  19.73
6247  19.27
6247  18.78
6247  18.25
6248  25.68
6248  25.67
6248  25.66
6248  25.66
6248  25.65
6248  25.65
6248  25.64
6248  25.63
6248  25.61
6248  25.57
6248  25.43
6248  24.99
6248  24.35
6248  23.64
6248  22.93
6248  22.32
6248  21.79
6248  21.33
6248  20.93
6248  20.54
6248  20.14
6248  19.72
6248  19.27
6248  18.77
6248  18.24
6249  25.65
6249  25.64
6249  25.64
6249  25.63
6249  25.62
6249  25.62
6249  25.62
6249  25.61
6249  25.59
6249  25.54
6249  25.41
6249  24.98
6249  24.36
6249  23.65
6249  22.94
6249  22.32
6249  21.79
6249  21.32
6249  20.92
6249  20.53
6249  20.13
6249  19.72
6249  19.26
6249  18.76
6249  18.23
6250  25.62
6250  25.62
6250  25.61
6250  25.6
6250  25.6
6250  25.59
6250  25.59
6250  25.58
6250  25.56
6250  25.52
6250  25.39
6250  24.97
6250  24.36
6250  23.66
6250  22.95
6250  22.33
6250  21.79
6250  21.32
6250  20.92
6250  20.53
6250  20.13
6250  19.71
6250  19.25
6250  18.76
6250  18.23
6251  25.59
6251  25.59
6251  25.58
6251  25.57
6251  25.57
6251  25.57
6251  25.56
6251  25.55
6251  25.53
6251  25.49
6251  25.36
6251  24.95
6251  24.37
6251  23.68
6251  22.96
6251  22.34
6251  21.8
6251  21.33
6251  20.93
6251  20.54
6251  20.13
6251  19.72
6251  19.26
6251  18.77
6251  18.24
6252  25.56
6252  25.56
6252  25.55
6252  25.55
6252  25.54
6252  25.54
6252  25.53
6252  25.52
6252  25.5
6252  25.46
6252  25.34
6252  24.94
6252  24.37
6252  23.69
6252  22.98
6252  22.35
6252  21.81
6252  21.34
6252  20.93
6252  20.54
6252  20.14
6252  19.72
6252  19.26
6252  18.77
6252  18.24
6253  25.54
6253  25.53
6253  25.52
6253  25.52
6253  25.51
6253  25.51
6253  25.5
6253  25.49
6253  25.48
6253  25.43
6253  25.32
6253  24.93
6253  24.38
6253  23.71
6253  23
6253  22.36
6253  21.82
6253  21.34
6253  20.94
6253  20.54
6253  20.14
6253  19.73
6253  19.26
6253  18.77
6253  18.25
6254  25.51
6254  25.5
6254  25.5
6254  25.49
6254  25.48
6254  25.48
6254  25.47
6254  25.47
6254  25.45
6254  25.41
6254  25.29
6254  24.91
6254  24.38
6254  23.73
6254  23.01
6254  22.38
6254  21.83
6254  21.35
6254  20.94
6254  20.55
6254  20.14
6254  19.73
6254  19.27
6254  18.78
6254  18.26
6255  25.48
6255  25.47
6255  25.47
6255  25.46
6255  25.46
6255  25.45
6255  25.45
6255  25.44
6255  25.42
6255  25.38
6255  25.27
6255  24.91
6255  24.39
6255  23.74
6255  23.03
6255  22.39
6255  21.84
6255  21.36
6255  20.95
6255  20.55
6255  20.15
6255  19.73
6255  19.27
6255  18.78
6255  18.26
6256  25.45
6256  25.45
6256  25.44
6256  25.43
6256  25.43
6256  25.42
6256  25.42
6256  25.41
6256  25.39
6256  25.35
6256  25.24
6256  24.89
6256  24.39
6256  23.76
6256  23.05
6256  22.4
6256  21.85
6256  21.36
6256  20.95
6256  20.56
6256  20.15
6256  19.73
6256  19.27
6256  18.79
6256  18.27
6257  25.42
6257  25.42
6257  25.41
6257  25.4
6257  25.4
6257  25.39
6257  25.39
6257  25.38
6257  25.36
6257  25.33
6257  25.22
6257  24.88
6257  24.4
6257  23.77
6257  23.06
6257  22.41
6257  21.85
6257  21.36
6257  20.95
6257  20.56
6257  20.15
6257  19.73
6257  19.27
6257  18.79
6257  18.27
6258  25.39
6258  25.39
6258  25.38
6258  25.38
6258  25.37
6258  25.36
6258  25.36
6258  25.35
6258  25.33
6258  25.3
6258  25.19
6258  24.87
6258  24.4
6258  23.79
6258  23.07
6258  22.42
6258  21.86
6258  21.37
6258  20.95
6258  20.56
6258  20.15
6258  19.73
6258  19.27
6258  18.79
6258  18.27
6259  25.36
6259  25.36
6259  25.35
6259  25.35
6259  25.34
6259  25.34
6259  25.33
6259  25.32
6259  25.3
6259  25.27
6259  25.17
6259  24.86
6259  24.41
6259  23.8
6259  23.09
6259  22.43
6259  21.87
6259  21.37
6259  20.96
6259  20.56
6259  20.15
6259  19.74
6259  19.27
6259  18.79
6259  18.27
6260  25.34
6260  25.33
6260  25.32
6260  25.32
6260  25.31
6260  25.31
6260  25.3
6260  25.29
6260  25.27
6260  25.24
6260  25.15
6260  24.85
6260  24.41
6260  23.81
6260  23.1
6260  22.44
6260  21.87
6260  21.38
6260  20.96
6260  20.56
6260  20.15
6260  19.74
6260  19.27
6260  18.8
6260  18.28
6261  25.31
6261  25.3
6261  25.3
6261  25.29
6261  25.28
6261  25.28
6261  25.27
6261  25.26
6261  25.25
6261  25.22
6261  25.12
6261  24.84
6261  24.41
6261  23.82
6261  23.11
6261  22.44
6261  21.88
6261  21.38
6261  20.96
6261  20.57
6261  20.15
6261  19.74
6261  19.28
6261  18.8
6261  18.29
6262  25.28
6262  25.27
6262  25.27
6262  25.26
6262  25.25
6262  25.25
6262  25.24
6262  25.23
6262  25.22
6262  25.19
6262  25.1
6262  24.83
6262  24.41
6262  23.83
6262  23.12
6262  22.45
6262  21.88
6262  21.39
6262  20.96
6262  20.57
6262  20.16
6262  19.74
6262  19.28
6262  18.8
6262  18.29
6263  25.25
6263  25.24
6263  25.24
6263  25.23
6263  25.23
6263  25.22
6263  25.21
6263  25.2
6263  25.19
6263  25.16
6263  25.07
6263  24.82
6263  24.41
6263  23.84
6263  23.13
6263  22.46
6263  21.89
6263  21.39
6263  20.97
6263  20.57
6263  20.16
6263  19.75
6263  19.28
6263  18.8
6263  18.3
6264  25.22
6264  25.22
6264  25.21
6264  25.2
6264  25.2
6264  25.19
6264  25.18
6264  25.17
6264  25.16
6264  25.13
6264  25.05
6264  24.81
6264  24.42
6264  23.85
6264  23.14
6264  22.47
6264  21.9
6264  21.39
6264  20.97
6264  20.57
6264  20.16
6264  19.75
6264  19.28
6264  18.81
6264  18.3
6265  25.19
6265  25.19
6265  25.18
6265  25.17
6265  25.17
6265  25.16
6265  25.15
6265  25.14
6265  25.13
6265  25.1
6265  25.02
6265  24.79
6265  24.41
6265  23.86
6265  23.15
6265  22.48
6265  21.9
6265  21.4
6265  20.97
6265  20.57
6265  20.16
6265  19.75
6265  19.28
6265  18.81
6265  18.3
6266  25.16
6266  25.16
6266  25.15
6266  25.14
6266  25.14
6266  25.13
6266  25.12
6266  25.11
6266  25.1
6266  25.07
6266  25
6266  24.77
6266  24.41
6266  23.86
6266  23.16
6266  22.48
6266  21.91
6266  21.4
6266  20.97
6266  20.57
6266  20.16
6266  19.75
6266  19.28
6266  18.81
6266  18.3
6267  25.13
6267  25.13
6267  25.12
6267  25.11
6267  25.11
6267  25.1
6267  25.09
6267  25.08
6267  25.07
6267  25.04
6267  24.97
6267  24.76
6267  24.4
6267  23.87
6267  23.17
6267  22.49
6267  21.92
6267  21.41
6267  20.97
6267  20.57
6267  20.16
6267  19.75
6267  19.28
6267  18.81
6267  18.31
6268  25.1
6268  25.1
6268  25.09
6268  25.08
6268  25.08
6268  25.07
6268  25.06
6268  25.05
6268  25.04
6268  25.01
6268  24.94
6268  24.74
6268  24.39
6268  23.87
6268  23.18
6268  22.5
6268  21.92
6268  21.41
6268  20.97
6268  20.57
6268  20.16
6268  19.75
6268  19.28
6268  18.81
6268  18.31
6269  25.07
6269  25.06
6269  25.06
6269  25.05
6269  25.04
6269  25.04
6269  25.03
6269  25.02
6269  25
6269  24.98
6269  24.91
6269  24.72
6269  24.39
6269  23.88
6269  23.19
6269  22.51
6269  21.93
6269  21.41
6269  20.98
6269  20.58
6269  20.17
6269  19.75
6269  19.29
6269  18.82
6269  18.32
6270  25.04
6270  25.03
6270  25.02
6270  25.02
6270  25.01
6270  25
6270  24.99
6270  24.98
6270  24.97
6270  24.95
6270  24.88
6270  24.7
6270  24.38
6270  23.88
6270  23.2
6270  22.52
6270  21.94
6270  21.42
6270  20.98
6270  20.58
6270  20.17
6270  19.75
6270  19.29
6270  18.82
6270  18.32
6271  25
6271  25
6271  24.99
6271  24.98
6271  24.98
6271  24.97
6271  24.96
6271  24.95
6271  24.94
6271  24.92
6271  24.86
6271  24.68
6271  24.37
6271  23.89
6271  23.22
6271  22.54
6271  21.95
6271  21.43
6271  20.98
6271  20.58
6271  20.17
6271  19.76
6271  19.3
6271  18.83
6271  18.33
6272  24.97
6272  24.96
6272  24.96
6272  24.95
6272  24.94
6272  24.94
6272  24.93
6272  24.92
6272  24.91
6272  24.89
6272  24.83
6272  24.66
6272  24.36
6272  23.89
6272  23.23
6272  22.55
6272  21.97
6272  21.44
6272  21
6272  20.59
6272  20.18
6272  19.76
6272  19.31
6272  18.84
6272  18.34
6273  24.93
6273  24.93
6273  24.93
6273  24.92
6273  24.91
6273  24.9
6273  24.9
6273  24.89
6273  24.87
6273  24.86
6273  24.8
6273  24.65
6273  24.36
6273  23.9
6273  23.25
6273  22.57
6273  21.98
6273  21.45
6273  21
6273  20.6
6273  20.19
6273  19.77
6273  19.32
6273  18.85
6273  18.36
6274  24.9
6274  24.9
6274  24.89
6274  24.88
6274  24.88
6274  24.87
6274  24.86
6274  24.85
6274  24.84
6274  24.82
6274  24.77
6274  24.63
6274  24.35
6274  23.91
6274  23.26
6274  22.59
6274  22
6274  21.46
6274  21.02
6274  20.61
6274  20.2
6274  19.78
6274  19.33
6274  18.86
6274  18.37
6275  24.87
6275  24.86
6275  24.86
6275  24.85
6275  24.84
6275  24.84
6275  24.83
6275  24.82
6275  24.81
6275  24.79
6275  24.74
6275  24.6
6275  24.34
6275  23.91
6275  23.27
6275  22.61
6275  22.01
6275  21.48
6275  21.02
6275  20.62
6275  20.21
6275  19.79
6275  19.34
6275  18.87
6275  18.38
6276  24.84
6276  24.83
6276  24.82
6276  24.82
6276  24.81
6276  24.8
6276  24.8
6276  24.79
6276  24.77
6276  24.76
6276  24.71
6276  24.58
6276  24.33
6276  23.91
6276  23.28
6276  22.62
6276  22.02
6276  21.49
6276  21.03
6276  20.63
6276  20.22
6276  19.8
6276  19.35
6276  18.88
6276  18.4
6277  24.8
6277  24.8
6277  24.79
6277  24.78
6277  24.77
6277  24.77
6277  24.76
6277  24.75
6277  24.74
6277  24.73
6277  24.68
6277  24.56
6277  24.32
6277  23.91
6277  23.3
6277  22.64
6277  22.04
6277  21.5
6277  21.04
6277  20.64
6277  20.22
6277  19.81
6277  19.36
6277  18.89
6277  18.41
6278  24.76
6278  24.76
6278  24.76
6278  24.75
6278  24.74
6278  24.73
6278  24.73
6278  24.72
6278  24.71
6278  24.69
6278  24.65
6278  24.54
6278  24.31
6278  23.92
6278  23.31
6278  22.65
6278  22.05
6278  21.51
6278  21.05
6278  20.65
6278  20.23
6278  19.81
6278  19.37
6278  18.9
6278  18.42
6279  24.73
6279  24.73
6279  24.72
6279  24.71
6279  24.71
6279  24.7
6279  24.69
6279  24.69
6279  24.67
6279  24.66
6279  24.62
6279  24.51
6279  24.29
6279  23.92
6279  23.32
6279  22.66
6279  22.07
6279  21.52
6279  21.06
6279  20.65
6279  20.24
6279  19.82
6279  19.37
6279  18.9
6279  18.43
6280  24.7
6280  24.7
6280  24.69
6280  24.68
6280  24.68
6280  24.67
6280  24.66
6280  24.66
6280  24.65
6280  24.63
6280  24.59
6280  24.49
6280  24.28
6280  23.92
6280  23.33
6280  22.68
6280  22.08
6280  21.54
6280  21.07
6280  20.66
6280  20.24
6280  19.82
6280  19.37
6280  18.91
6280  18.43
6281  24.67
6281  24.67
6281  24.66
6281  24.65
6281  24.65
6281  24.64
6281  24.63
6281  24.63
6281  24.61
6281  24.6
6281  24.56
6281  24.47
6281  24.27
6281  23.92
6281  23.34
6281  22.69
6281  22.1
6281  21.55
6281  21.08
6281  20.66
6281  20.25
6281  19.83
6281  19.38
6281  18.92
6281  18.44
6282  24.64
6282  24.64
6282  24.63
6282  24.62
6282  24.62
6282  24.61
6282  24.6
6282  24.6
6282  24.59
6282  24.57
6282  24.54
6282  24.45
6282  24.25
6282  23.91
6282  23.34
6282  22.71
6282  22.11
6282  21.56
6282  21.09
6282  20.67
6282  20.25
6282  19.83
6282  19.38
6282  18.92
6282  18.44
6283  24.61
6283  24.61
6283  24.6
6283  24.59
6283  24.59
6283  24.58
6283  24.57
6283  24.57
6283  24.55
6283  24.54
6283  24.51
6283  24.42
6283  24.23
6283  23.91
6283  23.35
6283  22.72
6283  22.12
6283  21.57
6283  21.1
6283  20.68
6283  20.26
6283  19.84
6283  19.39
6283  18.93
6283  18.45
6284  24.58
6284  24.58
6284  24.57
6284  24.56
6284  24.56
6284  24.55
6284  24.54
6284  24.53
6284  24.52
6284  24.51
6284  24.48
6284  24.4
6284  24.22
6284  23.9
6284  23.36
6284  22.73
6284  22.14
6284  21.59
6284  21.11
6284  20.69
6284  20.27
6284  19.85
6284  19.4
6284  18.94
6284  18.46
6285  24.55
6285  24.55
6285  24.54
6285  24.53
6285  24.53
6285  24.52
6285  24.51
6285  24.5
6285  24.5
6285  24.48
6285  24.45
6285  24.37
6285  24.2
6285  23.9
6285  23.36
6285  22.74
6285  22.16
6285  21.61
6285  21.13
6285  20.7
6285  20.28
6285  19.86
6285  19.41
6285  18.95
6285  18.47
6286  24.52
6286  24.52
6286  24.51
6286  24.5
6286  24.5
6286  24.49
6286  24.48
6286  24.47
6286  24.46
6286  24.45
6286  24.42
6286  24.34
6286  24.18
6286  23.89
6286  23.37
6286  22.76
6286  22.17
6286  21.62
6286  21.14
6286  20.71
6286  20.29
6286  19.87
6286  19.42
6286  18.96
6286  18.49
6287  24.49
6287  24.49
6287  24.48
6287  24.47
6287  24.47
6287  24.46
6287  24.45
6287  24.45
6287  24.44
6287  24.42
6287  24.39
6287  24.32
6287  24.16
6287  23.88
6287  23.37
6287  22.77
6287  22.19
6287  21.64
6287  21.16
6287  20.73
6287  20.31
6287  19.88
6287  19.43
6287  18.97
6287  18.5
6288  24.46
6288  24.46
6288  24.45
6288  24.44
6288  24.44
6288  24.43
6288  24.42
6288  24.42
6288  24.41
6288  24.4
6288  24.36
6288  24.29
6288  24.14
6288  23.87
6288  23.37
6288  22.78
6288  22.21
6288  21.66
6288  21.18
6288  20.74
6288  20.32
6288  19.89
6288  19.45
6288  18.98
6288  18.51
6289  24.43
6289  24.43
6289  24.43
6289  24.42
6289  24.41
6289  24.4
6289  24.39
6289  24.39
6289  24.38
6289  24.37
6289  24.34
6289  24.27
6289  24.13
6289  23.86
6289  23.37
6289  22.79
6289  22.22
6289  21.67
6289  21.19
6289  20.76
6289  20.33
6289  19.91
6289  19.46
6289  19
6289  18.53
6290  24.41
6290  24.4
6290  24.4
6290  24.39
6290  24.38
6290  24.38
6290  24.37
6290  24.36
6290  24.35
6290  24.34
6290  24.31
6290  24.25
6290  24.11
6290  23.85
6290  23.38
6290  22.81
6290  22.25
6290  21.7
6290  21.21
6290  20.77
6290  20.35
6290  19.92
6290  19.48
6290  19.01
6290  18.54
6291  24.38
6291  24.38
6291  24.37
6291  24.36
6291  24.35
6291  24.35
6291  24.34
6291  24.34
6291  24.33
6291  24.32
6291  24.29
6291  24.23
6291  24.09
6291  23.84
6291  23.38
6291  22.81
6291  22.26
6291  21.71
6291  21.22
6291  20.78
6291  20.36
6291  19.93
6291  19.48
6291  19.02
6291  18.55
6292  24.36
6292  24.35
6292  24.35
6292  24.34
6292  24.33
6292  24.32
6292  24.32
6292  24.31
6292  24.3
6292  24.29
6292  24.26
6292  24.2
6292  24.07
6292  23.82
6292  23.37
6292  22.81
6292  22.27
6292  21.72
6292  21.24
6292  20.79
6292  20.36
6292  19.94
6292  19.49
6292  19.02
6292  18.55
6293  24.33
6293  24.33
6293  24.32
6293  24.31
6293  24.3
6293  24.3
6293  24.29
6293  24.29
6293  24.28
6293  24.27
6293  24.24
6293  24.18
6293  24.05
6293  23.81
6293  23.36
6293  22.82
6293  22.27
6293  21.73
6293  21.25
6293  20.8
6293  20.38
6293  19.95
6293  19.5
6293  19.03
6293  18.56
6294  24.3
6294  24.3
6294  24.3
6294  24.29
6294  24.28
6294  24.27
6294  24.27
6294  24.26
6294  24.25
6294  24.24
6294  24.21
6294  24.15
6294  24.03
6294  23.79
6294  23.35
6294  22.82
6294  22.29
6294  21.75
6294  21.26
6294  20.82
6294  20.38
6294  19.95
6294  19.5
6294  19.04
6294  18.56
6295  24.28
6295  24.27
6295  24.27
6295  24.26
6295  24.25
6295  24.25
6295  24.24
6295  24.23
6295  24.22
6295  24.22
6295  24.19
6295  24.13
6295  24
6295  23.77
6295  23.35
6295  22.82
6295  22.29
6295  21.76
6295  21.27
6295  20.82
6295  20.39
6295  19.96
6295  19.51
6295  19.04
6295  18.57
6296  24.25
6296  24.25
6296  24.24
6296  24.23
6296  24.23
6296  24.22
6296  24.22
6296  24.21
6296  24.2
6296  24.19
6296  24.16
6296  24.1
6296  23.98
6296  23.76
6296  23.34
6296  22.82
6296  22.31
6296  21.77
6296  21.29
6296  20.83
6296  20.4
6296  19.97
6296  19.51
6296  19.05
6296  18.58
6297  24.23
6297  24.22
6297  24.22
6297  24.21
6297  24.2
6297  24.2
6297  24.19
6297  24.18
6297  24.18
6297  24.16
6297  24.14
6297  24.08
6297  23.96
6297  23.74
6297  23.33
6297  22.83
6297  22.31
6297  21.79
6297  21.3
6297  20.84
6297  20.41
6297  19.98
6297  19.52
6297  19.05
6297  18.58
6298  24.2
6298  24.2
6298  24.19
6298  24.18
6298  24.18
6298  24.17
6298  24.17
6298  24.16
6298  24.15
6298  24.14
6298  24.11
6298  24.06
6298  23.94
6298  23.73
6298  23.33
6298  22.83
6298  22.32
6298  21.8
6298  21.31
6298  20.85
6298  20.41
6298  19.99
6298  19.53
6298  19.06
6298  18.59
6299  24.18
6299  24.17
6299  24.17
6299  24.16
6299  24.15
6299  24.15
6299  24.14
6299  24.13
6299  24.13
6299  24.11
6299  24.09
6299  24.03
6299  23.92
6299  23.71
6299  23.32
6299  22.83
6299  22.33
6299  21.81
6299  21.32
6299  20.86
6299  20.42
6299  19.99
6299  19.54
6299  19.06
6299  18.59
6300  24.15
6300  24.15
6300  24.14
6300  24.13
6300  24.13
6300  24.12
6300  24.11
6300  24.11
6300  24.1
6300  24.09
6300  24.06
6300  24
6300  23.9
6300  23.69
6300  23.31
6300  22.84
6300  22.34
6300  21.82
6300  21.33
6300  20.87
6300  20.43
6300  20
6300  19.54
6300  19.07
6300  18.6
6301  24.16
6301  24.16
6301  24.15
6301  24.15
6301  24.14
6301  24.13
6301  24.13
6301  24.12
6301  24.11
6301  24.1
6301  24.07
6301  24.02
6301  23.93
6301  23.75
6301  23.39
6301  22.93
6301  22.43
6301  21.89
6301  21.4
6301  20.93
6301  20.48
6301  20.04
6301  19.57
6301  19.1
6301  18.62
6302  24.14
6302  24.13
6302  24.13
6302  24.12
6302  24.11
6302  24.11
6302  24.1
6302  24.09
6302  24.09
6302  24.07
6302  24.05
6302  23.99
6302  23.91
6302  23.73
6302  23.38
6302  22.93
6302  22.44
6302  21.91
6302  21.42
6302  20.94
6302  20.49
6302  20.05
6302  19.58
6302  19.11
6302  18.63
6303  24.11
6303  24.11
6303  24.1
6303  24.1
6303  24.09
6303  24.08
6303  24.08
6303  24.07
6303  24.06
6303  24.05
6303  24.02
6303  23.97
6303  23.89
6303  23.72
6303  23.37
6303  22.93
6303  22.45
6303  21.92
6303  21.43
6303  20.95
6303  20.5
6303  20.06
6303  19.59
6303  19.12
6303  18.64
6304  24.09
6304  24.08
6304  24.08
6304  24.07
6304  24.06
6304  24.06
6304  24.05
6304  24.04
6304  24.03
6304  24.02
6304  24
6304  23.94
6304  23.86
6304  23.7
6304  23.37
6304  22.93
6304  22.46
6304  21.93
6304  21.44
6304  20.96
6304  20.51
6304  20.07
6304  19.6
6304  19.13
6304  18.65
6305  24.06
6305  24.05
6305  24.05
6305  24.04
6305  24.04
6305  24.03
6305  24.02
6305  24.02
6305  24.01
6305  24
6305  23.97
6305  23.92
6305  23.84
6305  23.68
6305  23.36
6305  22.94
6305  22.47
6305  21.94
6305  21.45
6305  20.97
6305  20.52
6305  20.08
6305  19.61
6305  19.14
6305  18.66
6306  24.04
6306  24.03
6306  24.03
6306  24.02
6306  24.01
6306  24.01
6306  24
6306  23.99
6306  23.98
6306  23.98
6306  23.95
6306  23.9
6306  23.82
6306  23.66
6306  23.35
6306  22.94
6306  22.48
6306  21.96
6306  21.47
6306  20.98
6306  20.53
6306  20.09
6306  19.62
6306  19.14
6306  18.66
6307  24.01
6307  24.01
6307  24
6307  24
6307  23.99
6307  23.98
6307  23.98
6307  23.97
6307  23.96
6307  23.95
6307  23.93
6307  23.87
6307  23.8
6307  23.65
6307  23.35
6307  22.94
6307  22.49
6307  21.97
6307  21.48
6307  20.99
6307  20.54
6307  20.1
6307  19.63
6307  19.15
6307  18.67
6308  23.99
6308  23.98
6308  23.98
6308  23.97
6308  23.97
6308  23.96
6308  23.96
6308  23.95
6308  23.94
6308  23.93
6308  23.9
6308  23.85
6308  23.78
6308  23.63
6308  23.34
6308  22.95
6308  22.5
6308  21.98
6308  21.49
6308  21
6308  20.55
6308  20.1
6308  19.63
6308  19.16
6308  18.68
6309  23.97
6309  23.96
6309  23.96
6309  23.95
6309  23.95
6309  23.94
6309  23.93
6309  23.93
6309  23.92
6309  23.91
6309  23.88
6309  23.83
6309  23.76
6309  23.62
6309  23.33
6309  22.95
6309  22.51
6309  22
6309  21.5
6309  21.01
6309  20.55
6309  20.11
6309  19.64
6309  19.16
6309  18.68
6310  23.95
6310  23.94
6310  23.94
6310  23.93
6310  23.92
6310  23.92
6310  23.91
6310  23.91
6310  23.9
6310  23.89
6310  23.86
6310  23.81
6310  23.75
6310  23.6
6310  23.33
6310  22.95
6310  22.52
6310  22.01
6310  21.52
6310  21.02
6310  20.56
6310  20.12
6310  19.64
6310  19.17
6310  18.69
6311  23.93
6311  23.92
6311  23.92
6311  23.91
6311  23.9
6311  23.9
6311  23.89
6311  23.89
6311  23.88
6311  23.86
6311  23.84
6311  23.79
6311  23.73
6311  23.59
6311  23.32
6311  22.96
6311  22.53
6311  22.02
6311  21.53
6311  21.03
6311  20.57
6311  20.13
6311  19.65
6311  19.18
6311  18.7
6312  23.91
6312  23.9
6312  23.9
6312  23.89
6312  23.89
6312  23.88
6312  23.87
6312  23.86
6312  23.86
6312  23.85
6312  23.82
6312  23.77
6312  23.71
6312  23.58
6312  23.32
6312  22.96
6312  22.54
6312  22.04
6312  21.54
6312  21.04
6312  20.58
6312  20.13
6312  19.66
6312  19.18
6312  18.7
6313  23.89
6313  23.88
6313  23.87
6313  23.87
6313  23.86
6313  23.86
6313  23.85
6313  23.85
6313  23.84
6313  23.82
6313  23.8
6313  23.76
6313  23.7
6313  23.56
6313  23.32
6313  22.97
6313  22.55
6313  22.05
6313  21.55
6313  21.05
6313  20.59
6313  20.14
6313  19.67
6313  19.19
6313  18.71
6314  23.87
6314  23.86
6314  23.86
6314  23.85
6314  23.84
6314  23.84
6314  23.83
6314  23.82
6314  23.81
6314  23.8
6314  23.78
6314  23.74
6314  23.68
6314  23.55
6314  23.31
6314  22.97
6314  22.56
6314  22.06
6314  21.56
6314  21.06
6314  20.6
6314  20.15
6314  19.67
6314  19.2
6314  18.72
6315  23.85
6315  23.84
6315  23.83
6315  23.83
6315  23.82
6315  23.82
6315  23.81
6315  23.8
6315  23.8
6315  23.78
6315  23.76
6315  23.72
6315  23.66
6315  23.54
6315  23.3
6315  22.98
6315  22.57
6315  22.07
6315  21.57
6315  21.07
6315  20.6
6315  20.16
6315  19.68
6315  19.2
6315  18.73
6316  23.83
6316  23.82
6316  23.81
6316  23.81
6316  23.8
6316  23.8
6316  23.79
6316  23.78
6316  23.77
6316  23.77
6316  23.74
6316  23.7
6316  23.65
6316  23.52
6316  23.3
6316  22.98
6316  22.58
6316  22.09
6316  21.58
6316  21.08
6316  20.61
6316  20.16
6316  19.69
6316  19.21
6316  18.73
6317  23.81
6317  23.8
6317  23.79
6317  23.79
6317  23.78
6317  23.78
6317  23.77
6317  23.77
6317  23.75
6317  23.74
6317  23.72
6317  23.68
6317  23.63
6317  23.51
6317  23.29
6317  22.98
6317  22.58
6317  22.09
6317  21.59
6317  21.09
6317  20.61
6317  20.16
6317  19.69
6317  19.21
6317  18.74
6318  23.78
6318  23.78
6318  23.77
6318  23.77
6318  23.76
6318  23.76
6318  23.75
6318  23.74
6318  23.73
6318  23.72
6318  23.7
6318  23.66
6318  23.61
6318  23.5
6318  23.28
6318  22.98
6318  22.58
6318  22.09
6318  21.59
6318  21.08
6318  20.61
6318  20.16
6318  19.68
6318  19.21
6318  18.73
6319  23.76
6319  23.75
6319  23.75
6319  23.74
6319  23.74
6319  23.73
6319  23.73
6319  23.72
6319  23.71
6319  23.7
6319  23.68
6319  23.64
6319  23.59
6319  23.48
6319  23.27
6319  22.97
6319  22.57
6319  22.09
6319  21.59
6319  21.08
6319  20.61
6319  20.16
6319  19.68
6319  19.2
6319  18.73
6320  23.74
6320  23.73
6320  23.73
6320  23.72
6320  23.72
6320  23.71
6320  23.71
6320  23.7
6320  23.69
6320  23.68
6320  23.66
6320  23.62
6320  23.57
6320  23.46
6320  23.26
6320  22.97
6320  22.57
6320  22.09
6320  21.58
6320  21.08
6320  20.61
6320  20.15
6320  19.68
6320  19.2
6320  18.72
6321  23.73
6321  23.72
6321  23.71
6321  23.71
6321  23.7
6321  23.7
6321  23.69
6321  23.68
6321  23.67
6321  23.66
6321  23.64
6321  23.6
6321  23.55
6321  23.45
6321  23.25
6321  22.96
6321  22.57
6321  22.08
6321  21.58
6321  21.07
6321  20.6
6321  20.15
6321  19.67
6321  19.19
6321  18.71
6322  23.71
6322  23.7
6322  23.7
6322  23.69
6322  23.69
6322  23.68
6322  23.68
6322  23.67
6322  23.66
6322  23.65
6322  23.62
6322  23.59
6322  23.53
6322  23.43
6322  23.23
6322  22.95
6322  22.56
6322  22.08
6322  21.57
6322  21.07
6322  20.59
6322  20.14
6322  19.66
6322  19.18
6322  18.7
6323  23.7
6323  23.69
6323  23.68
6323  23.68
6323  23.67
6323  23.67
6323  23.66
6323  23.65
6323  23.64
6323  23.63
6323  23.6
6323  23.57
6323  23.51
6323  23.41
6323  23.21
6323  22.93
6323  22.55
6323  22.07
6323  21.56
6323  21.05
6323  20.58
6323  20.13
6323  19.65
6323  19.17
6323  18.69
6324  23.68
6324  23.67
6324  23.67
6324  23.66
6324  23.66
6324  23.65
6324  23.64
6324  23.64
6324  23.62
6324  23.61
6324  23.59
6324  23.55
6324  23.49
6324  23.39
6324  23.2
6324  22.92
6324  22.54
6324  22.05
6324  21.55
6324  21.04
6324  20.57
6324  20.11
6324  19.63
6324  19.15
6324  18.67
6325  23.67
6325  23.66
6325  23.65
6325  23.65
6325  23.64
6325  23.63
6325  23.63
6325  23.62
6325  23.61
6325  23.59
6325  23.57
6325  23.53
6325  23.47
6325  23.36
6325  23.18
6325  22.91
6325  22.52
6325  22.04
6325  21.54
6325  21.03
6325  20.56
6325  20.1
6325  19.62
6325  19.14
6325  18.66
6326  23.65
6326  23.65
6326  23.64
6326  23.63
6326  23.63
6326  23.62
6326  23.61
6326  23.6
6326  23.59
6326  23.57
6326  23.55
6326  23.51
6326  23.45
6326  23.34
6326  23.16
6326  22.89
6326  22.51
6326  22.02
6326  21.52
6326  21.01
6326  20.54
6326  20.08
6326  19.6
6326  19.12
6326  18.63
6327  23.64
6327  23.63
6327  23.62
6327  23.62
6327  23.61
6327  23.6
6327  23.6
6327  23.58
6327  23.57
6327  23.56
6327  23.53
6327  23.49
6327  23.43
6327  23.33
6327  23.14
6327  22.87
6327  22.49
6327  22.01
6327  21.5
6327  21
6327  20.52
6327  20.06
6327  19.57
6327  19.09
6327  18.61
6328  23.63
6328  23.62
6328  23.61
6328  23.6
6328  23.6
6328  23.59
6328  23.58
6328  23.57
6328  23.55
6328  23.54
6328  23.51
6328  23.47
6328  23.41
6328  23.31
6328  23.13
6328  22.86
6328  22.48
6328  21.99
6328  21.49
6328  20.98
6328  20.5
6328  20.04
6328  19.55
6328  19.07
6328  18.58
6329  23.61
6329  23.61
6329  23.59
6329  23.59
6329  23.58
6329  23.57
6329  23.56
6329  23.55
6329  23.54
6329  23.52
6329  23.5
6329  23.45
6329  23.39
6329  23.29
6329  23.11
6329  22.84
6329  22.46
6329  21.98
6329  21.47
6329  20.96
6329  20.48
6329  20.02
6329  19.53
6329  19.05
6329  18.56
6330  23.6
6330  23.59
6330  23.58
6330  23.58
6330  23.57
6330  23.56
6330  23.55
6330  23.54
6330  23.52
6330  23.5
6330  23.48
6330  23.43
6330  23.37
6330  23.27
6330  23.09
6330  22.82
6330  22.44
6330  21.96
6330  21.45
6330  20.94
6330  20.46
6330  20
6330  19.51
6330  19.03
6330  18.54
6331  23.59
6331  23.58
6331  23.57
6331  23.56
6331  23.56
6331  23.54
6331  23.53
6331  23.52
6331  23.5
6331  23.49
6331  23.46
6331  23.41
6331  23.35
6331  23.25
6331  23.08
6331  22.81
6331  22.43
6331  21.95
6331  21.44
6331  20.93
6331  20.44
6331  19.98
6331  19.5
6331  19.01
6331  18.52
6332  23.58
6332  23.57
6332  23.56
6332  23.55
6332  23.54
6332  23.53
6332  23.52
6332  23.51
6332  23.49
6332  23.47
6332  23.44
6332  23.39
6332  23.33
6332  23.23
6332  23.06
6332  22.8
6332  22.42
6332  21.93
6332  21.43
6332  20.91
6332  20.43
6332  19.97
6332  19.48
6332  19
6332  18.5
6333  23.57
6333  23.56
6333  23.55
6333  23.54
6333  23.53
6333  23.52
6333  23.51
6333  23.49
6333  23.48
6333  23.45
6333  23.43
6333  23.38
6333  23.32
6333  23.21
6333  23.05
6333  22.78
6333  22.41
6333  21.92
6333  21.41
6333  20.9
6333  20.41
6333  19.95
6333  19.46
6333  18.98
6333  18.48
6334  23.56
6334  23.55
6334  23.54
6334  23.53
6334  23.52
6334  23.5
6334  23.49
6334  23.48
6334  23.46
6334  23.44
6334  23.41
6334  23.36
6334  23.3
6334  23.19
6334  23.03
6334  22.77
6334  22.39
6334  21.91
6334  21.4
6334  20.88
6334  20.39
6334  19.93
6334  19.44
6334  18.96
6334  18.46
6335  23.55
6335  23.54
6335  23.53
6335  23.52
6335  23.51
6335  23.49
6335  23.48
6335  23.47
6335  23.45
6335  23.43
6335  23.4
6335  23.34
6335  23.28
6335  23.18
6335  23.01
6335  22.75
6335  22.38
6335  21.89
6335  21.39
6335  20.87
6335  20.38
6335  19.92
6335  19.43
6335  18.95
6335  18.45
6336  23.54
6336  23.53
6336  23.52
6336  23.51
6336  23.5
6336  23.49
6336  23.47
6336  23.45
6336  23.43
6336  23.41
6336  23.38
6336  23.33
6336  23.26
6336  23.16
6336  22.99
6336  22.73
6336  22.36
6336  21.88
6336  21.38
6336  20.86
6336  20.37
6336  19.91
6336  19.42
6336  18.93
6336  18.43
6337  23.53
6337  23.52
6337  23.51
6337  23.5
6337  23.49
6337  23.47
6337  23.46
6337  23.44
6337  23.42
6337  23.4
6337  23.37
6337  23.31
6337  23.25
6337  23.14
6337  22.98
6337  22.72
6337  22.35
6337  21.86
6337  21.36
6337  20.84
6337  20.36
6337  19.89
6337  19.41
6337  18.92
6337  18.42
6338  23.53
6338  23.52
6338  23.51
6338  23.5
6338  23.48
6338  23.47
6338  23.45
6338  23.43
6338  23.41
6338  23.39
6338  23.35
6338  23.3
6338  23.23
6338  23.12
6338  22.96
6338  22.7
6338  22.33
6338  21.85
6338  21.35
6338  20.83
6338  20.34
6338  19.88
6338  19.39
6338  18.91
6338  18.4
6339  23.52
6339  23.51
6339  23.5
6339  23.49
6339  23.48
6339  23.46
6339  23.44
6339  23.42
6339  23.4
6339  23.37
6339  23.34
6339  23.28
6339  23.21
6339  23.11
6339  22.94
6339  22.68
6339  22.31
6339  21.83
6339  21.33
6339  20.81
6339  20.32
6339  19.86
6339  19.37
6339  18.89
6339  18.38
6340  23.51
6340  23.5
6340  23.49
6340  23.48
6340  23.47
6340  23.45
6340  23.43
6340  23.41
6340  23.39
6340  23.36
6340  23.32
6340  23.26
6340  23.19
6340  23.09
6340  22.92
6340  22.65
6340  22.29
6340  21.81
6340  21.31
6340  20.8
6340  20.31
6340  19.84
6340  19.36
6340  18.87
6340  18.36
6341  23.51
6341  23.5
6341  23.49
6341  23.47
6341  23.46
6341  23.44
6341  23.42
6341  23.4
6341  23.37
6341  23.35
6341  23.31
6341  23.24
6341  23.17
6341  23.07
6341  22.9
6341  22.63
6341  22.27
6341  21.79
6341  21.29
6341  20.78
6341  20.29
6341  19.83
6341  19.34
6341  18.85
6341  18.34
6342  23.5
6342  23.49
6342  23.48
6342  23.47
6342  23.45
6342  23.43
6342  23.41
6342  23.39
6342  23.36
6342  23.33
6342  23.29
6342  23.23
6342  23.16
6342  23.05
6342  22.87
6342  22.61
6342  22.25
6342  21.77
6342  21.27
6342  20.76
6342  20.27
6342  19.81
6342  19.32
6342  18.83
6342  18.33
6343  23.49
6343  23.48
6343  23.47
6343  23.46
6343  23.44
6343  23.42
6343  23.4
6343  23.38
6343  23.35
6343  23.32
6343  23.28
6343  23.21
6343  23.14
6343  23.03
6343  22.85
6343  22.59
6343  22.23
6343  21.75
6343  21.26
6343  20.75
6343  20.26
6343  19.79
6343  19.31
6343  18.82
6343  18.31
6344  23.49
6344  23.48
6344  23.46
6344  23.45
6344  23.44
6344  23.41
6344  23.39
6344  23.37
6344  23.34
6344  23.31
6344  23.27
6344  23.2
6344  23.12
6344  23.01
6344  22.83
6344  22.57
6344  22.21
6344  21.73
6344  21.24
6344  20.73
6344  20.24
6344  19.77
6344  19.29
6344  18.8
6344  18.29
6345  23.48
6345  23.47
6345  23.46
6345  23.44
6345  23.43
6345  23.41
6345  23.38
6345  23.36
6345  23.33
6345  23.29
6345  23.25
6345  23.18
6345  23.1
6345  22.99
6345  22.81
6345  22.54
6345  22.19
6345  21.71
6345  21.22
6345  20.72
6345  20.22
6345  19.76
6345  19.28
6345  18.78
6345  18.27
6346  23.47
6346  23.47
6346  23.45
6346  23.44
6346  23.42
6346  23.4
6346  23.38
6346  23.35
6346  23.32
6346  23.28
6346  23.24
6346  23.16
6346  23.09
6346  22.97
6346  22.8
6346  22.53
6346  22.17
6346  21.7
6346  21.21
6346  20.7
6346  20.21
6346  19.75
6346  19.27
6346  18.77
6346  18.26
6347  23.47
6347  23.46
6347  23.45
6347  23.44
6347  23.42
6347  23.4
6347  23.37
6347  23.34
6347  23.31
6347  23.28
6347  23.23
6347  23.15
6347  23.07
6347  22.96
6347  22.78
6347  22.51
6347  22.17
6347  21.69
6347  21.21
6347  20.71
6347  20.22
6347  19.75
6347  19.27
6347  18.77
6347  18.27
6348  23.47
6348  23.46
6348  23.45
6348  23.43
6348  23.42
6348  23.39
6348  23.37
6348  23.34
6348  23.3
6348  23.27
6348  23.22
6348  23.14
6348  23.06
6348  22.95
6348  22.77
6348  22.5
6348  22.16
6348  21.69
6348  21.21
6348  20.71
6348  20.22
6348  19.76
6348  19.28
6348  18.78
6348  18.27
6349  23.47
6349  23.46
6349  23.45
6349  23.43
6349  23.42
6349  23.39
6349  23.36
6349  23.33
6349  23.3
6349  23.26
6349  23.21
6349  23.13
6349  23.04
6349  22.93
6349  22.75
6349  22.49
6349  22.15
6349  21.69
6349  21.22
6349  20.72
6349  20.23
6349  19.77
6349  19.29
6349  18.79
6349  18.28
6350  23.47
6350  23.46
6350  23.45
6350  23.43
6350  23.41
6350  23.39
6350  23.36
6350  23.33
6350  23.29
6350  23.25
6350  23.2
6350  23.11
6350  23.03
6350  22.91
6350  22.73
6350  22.47
6350  22.14
6350  21.68
6350  21.21
6350  20.72
6350  20.24
6350  19.77
6350  19.29
6350  18.79
6350  18.28
6351  23.48
6351  23.47
6351  23.45
6351  23.44
6351  23.41
6351  23.39
6351  23.36
6351  23.32
6351  23.29
6351  23.25
6351  23.19
6351  23.1
6351  23.01
6351  22.9
6351  22.72
6351  22.45
6351  22.13
6351  21.68
6351  21.22
6351  20.73
6351  20.24
6351  19.78
6351  19.3
6351  18.8
6351  18.29
6352  23.48
6352  23.47
6352  23.46
6352  23.44
6352  23.42
6352  23.39
6352  23.36
6352  23.32
6352  23.28
6352  23.24
6352  23.18
6352  23.09
6352  23
6352  22.88
6352  22.7
6352  22.44
6352  22.12
6352  21.67
6352  21.22
6352  20.74
6352  20.25
6352  19.78
6352  19.31
6352  18.8
6352  18.29
6353  23.49
6353  23.48
6353  23.46
6353  23.44
6353  23.42
6353  23.39
6353  23.35
6353  23.31
6353  23.27
6353  23.23
6353  23.17
6353  23.08
6353  22.98
6353  22.86
6353  22.68
6353  22.43
6353  22.11
6353  21.68
6353  21.22
6353  20.75
6353  20.26
6353  19.79
6353  19.32
6353  18.82
6353  18.3
6354  23.49
6354  23.48
6354  23.47
6354  23.44
6354  23.42
6354  23.39
6354  23.35
6354  23.31
6354  23.27
6354  23.23
6354  23.16
6354  23.06
6354  22.97
6354  22.85
6354  22.66
6354  22.41
6354  22.1
6354  21.68
6354  21.23
6354  20.76
6354  20.27
6354  19.81
6354  19.33
6354  18.83
6354  18.31
6355  23.5
6355  23.48
6355  23.47
6355  23.45
6355  23.42
6355  23.39
6355  23.35
6355  23.31
6355  23.27
6355  23.22
6355  23.15
6355  23.05
6355  22.95
6355  22.83
6355  22.65
6355  22.4
6355  22.09
6355  21.68
6355  21.23
6355  20.77
6355  20.28
6355  19.82
6355  19.34
6355  18.84
6355  18.32
6356  23.5
6356  23.49
6356  23.47
6356  23.45
6356  23.42
6356  23.39
6356  23.35
6356  23.31
6356  23.26
6356  23.21
6356  23.14
6356  23.04
6356  22.94
6356  22.81
6356  22.63
6356  22.39
6356  22.09
6356  21.67
6356  21.23
6356  20.77
6356  20.29
6356  19.82
6356  19.35
6356  18.85
6356  18.33
6357  23.5
6357  23.49
6357  23.47
6357  23.45
6357  23.42
6357  23.39
6357  23.35
6357  23.3
6357  23.26
6357  23.21
6357  23.13
6357  23.03
6357  22.93
6357  22.8
6357  22.62
6357  22.37
6357  22.08
6357  21.67
6357  21.24
6357  20.79
6357  20.3
6357  19.84
6357  19.36
6357  18.86
6357  18.34
6358  23.51
6358  23.5
6358  23.48
6358  23.45
6358  23.42
6358  23.39
6358  23.35
6358  23.3
6358  23.25
6358  23.2
6358  23.13
6358  23.02
6358  22.92
6358  22.79
6358  22.61
6358  22.37
6358  22.07
6358  21.68
6358  21.25
6358  20.8
6358  20.32
6358  19.85
6358  19.38
6358  18.88
6358  18.36
6359  23.51
6359  23.5
6359  23.48
6359  23.45
6359  23.43
6359  23.39
6359  23.35
6359  23.3
6359  23.25
6359  23.2
6359  23.12
6359  23.02
6359  22.91
6359  22.78
6359  22.6
6359  22.36
6359  22.07
6359  21.68
6359  21.26
6359  20.81
6359  20.34
6359  19.87
6359  19.4
6359  18.9
6359  18.38
6360  23.52
6360  23.5
6360  23.48
6360  23.45
6360  23.43
6360  23.39
6360  23.35
6360  23.3
6360  23.25
6360  23.2
6360  23.12
6360  23.01
6360  22.89
6360  22.76
6360  22.59
6360  22.35
6360  22.07
6360  21.68
6360  21.27
6360  20.83
6360  20.35
6360  19.88
6360  19.41
6360  18.91
6360  18.4
6361  23.52
6361  23.51
6361  23.49
6361  23.46
6361  23.43
6361  23.39
6361  23.35
6361  23.3
6361  23.25
6361  23.19
6361  23.11
6361  23
6361  22.89
6361  22.75
6361  22.58
6361  22.34
6361  22.06
6361  21.68
6361  21.28
6361  20.84
6361  20.37
6361  19.9
6361  19.43
6361  18.93
6361  18.41
6362  23.52
6362  23.51
6362  23.49
6362  23.46
6362  23.43
6362  23.39
6362  23.35
6362  23.29
6362  23.24
6362  23.19
6362  23.11
6362  22.99
6362  22.88
6362  22.74
6362  22.57
6362  22.33
6362  22.06
6362  21.69
6362  21.29
6362  20.85
6362  20.38
6362  19.91
6362  19.45
6362  18.95
6362  18.43
6363  23.53
6363  23.51
6363  23.49
6363  23.46
6363  23.43
6363  23.39
6363  23.35
6363  23.29
6363  23.24
6363  23.18
6363  23.1
6363  22.98
6363  22.86
6363  22.73
6363  22.55
6363  22.33
6363  22.05
6363  21.69
6363  21.3
6363  20.86
6363  20.4
6363  19.93
6363  19.46
6363  18.96
6363  18.44
6364  23.53
6364  23.52
6364  23.5
6364  23.46
6364  23.43
6364  23.39
6364  23.35
6364  23.29
6364  23.24
6364  23.18
6364  23.1
6364  22.98
6364  22.86
6364  22.72
6364  22.55
6364  22.32
6364  22.06
6364  21.7
6364  21.31
6364  20.88
6364  20.41
6364  19.95
6364  19.48
6364  18.98
6364  18.46
6365  23.54
6365  23.52
6365  23.5
6365  23.47
6365  23.44
6365  23.4
6365  23.35
6365  23.29
6365  23.24
6365  23.18
6365  23.09
6365  22.98
6365  22.85
6365  22.72
6365  22.55
6365  22.32
6365  22.06
6365  21.71
6365  21.33
6365  20.91
6365  20.44
6365  19.97
6365  19.5
6365  19
6365  18.48
6366  23.54
6366  23.52
6366  23.5
6366  23.47
6366  23.44
6366  23.4
6366  23.35
6366  23.29
6366  23.23
6366  23.18
6366  23.09
6366  22.97
6366  22.85
6366  22.72
6366  22.54
6366  22.32
6366  22.07
6366  21.72
6366  21.34
6366  20.93
6366  20.46
6366  19.99
6366  19.52
6366  19.02
6366  18.51
6367  23.55
6367  23.53
6367  23.51
6367  23.48
6367  23.45
6367  23.4
6367  23.36
6367  23.29
6367  23.23
6367  23.18
6367  23.09
6367  22.97
6367  22.84
6367  22.71
6367  22.54
6367  22.32
6367  22.07
6367  21.73
6367  21.36
6367  20.94
6367  20.48
6367  20.01
6367  19.54
6367  19.04
6367  18.53
6368  23.56
6368  23.53
6368  23.51
6368  23.48
6368  23.45
6368  23.4
6368  23.36
6368  23.29
6368  23.23
6368  23.18
6368  23.09
6368  22.97
6368  22.84
6368  22.7
6368  22.53
6368  22.32
6368  22.07
6368  21.73
6368  21.36
6368  20.95
6368  20.49
6368  20.02
6368  19.56
6368  19.06
6368  18.55
6369  23.56
6369  23.54
6369  23.51
6369  23.48
6369  23.45
6369  23.41
6369  23.36
6369  23.29
6369  23.23
6369  23.18
6369  23.09
6369  22.96
6369  22.83
6369  22.7
6369  22.53
6369  22.32
6369  22.07
6369  21.74
6369  21.38
6369  20.97
6369  20.51
6369  20.04
6369  19.58
6369  19.08
6369  18.57
6370  23.56
6370  23.54
6370  23.51
6370  23.48
6370  23.45
6370  23.41
6370  23.36
6370  23.3
6370  23.23
6370  23.18
6370  23.09
6370  22.96
6370  22.83
6370  22.69
6370  22.52
6370  22.31
6370  22.07
6370  21.74
6370  21.38
6370  20.98
6370  20.52
6370  20.05
6370  19.59
6370  19.09
6370  18.58
6371  23.56
6371  23.54
6371  23.52
6371  23.48
6371  23.45
6371  23.41
6371  23.36
6371  23.29
6371  23.23
6371  23.18
6371  23.08
6371  22.96
6371  22.82
6371  22.69
6371  22.52
6371  22.31
6371  22.07
6371  21.75
6371  21.39
6371  20.99
6371  20.53
6371  20.06
6371  19.6
6371  19.1
6371  18.6
6372  23.57
6372  23.54
6372  23.52
6372  23.49
6372  23.46
6372  23.41
6372  23.36
6372  23.3
6372  23.23
6372  23.18
6372  23.09
6372  22.96
6372  22.82
6372  22.69
6372  22.52
6372  22.31
6372  22.07
6372  21.76
6372  21.4
6372  21
6372  20.55
6372  20.08
6372  19.62
6372  19.12
6372  18.62
6373  23.57
6373  23.55
6373  23.53
6373  23.49
6373  23.46
6373  23.42
6373  23.37
6373  23.3
6373  23.24
6373  23.18
6373  23.09
6373  22.96
6373  22.82
6373  22.69
6373  22.52
6373  22.31
6373  22.07
6373  21.76
6373  21.41
6373  21.01
6373  20.56
6373  20.09
6373  19.63
6373  19.14
6373  18.64
6374  23.58
6374  23.56
6374  23.53
6374  23.5
6374  23.47
6374  23.42
6374  23.38
6374  23.31
6374  23.24
6374  23.18
6374  23.09
6374  22.96
6374  22.82
6374  22.69
6374  22.52
6374  22.31
6374  22.07
6374  21.77
6374  21.42
6374  21.02
6374  20.57
6374  20.11
6374  19.65
6374  19.15
6374  18.65
6375  23.59
6375  23.56
6375  23.54
6375  23.51
6375  23.47
6375  23.43
6375  23.38
6375  23.32
6375  23.25
6375  23.19
6375  23.09
6375  22.96
6375  22.82
6375  22.69
6375  22.52
6375  22.32
6375  22.08
6375  21.77
6375  21.43
6375  21.03
6375  20.58
6375  20.12
6375  19.66
6375  19.17
6375  18.67
6376  23.59
6376  23.57
6376  23.54
6376  23.51
6376  23.48
6376  23.44
6376  23.39
6376  23.32
6376  23.25
6376  23.19
6376  23.1
6376  22.96
6376  22.82
6376  22.69
6376  22.52
6376  22.32
6376  22.08
6376  21.78
6376  21.43
6376  21.04
6376  20.59
6376  20.13
6376  19.67
6376  19.18
6376  18.68
6377  23.6
6377  23.57
6377  23.55
6377  23.52
6377  23.48
6377  23.44
6377  23.39
6377  23.32
6377  23.25
6377  23.2
6377  23.1
6377  22.96
6377  22.82
6377  22.68
6377  22.52
6377  22.31
6377  22.08
6377  21.78
6377  21.44
6377  21.05
6377  20.6
6377  20.14
6377  19.69
6377  19.2
6377  18.7
6378  23.59
6378  23.57
6378  23.55
6378  23.52
6378  23.48
6378  23.44
6378  23.39
6378  23.32
6378  23.25
6378  23.2
6378  23.1
6378  22.96
6378  22.82
6378  22.68
6378  22.52
6378  22.31
6378  22.08
6378  21.78
6378  21.45
6378  21.06
6378  20.61
6378  20.15
6378  19.7
6378  19.21
6378  18.72
6379  23.6
6379  23.57
6379  23.55
6379  23.52
6379  23.48
6379  23.44
6379  23.39
6379  23.32
6379  23.26
6379  23.2
6379  23.1
6379  22.96
6379  22.82
6379  22.68
6379  22.51
6379  22.31
6379  22.08
6379  21.79
6379  21.45
6379  21.06
6379  20.62
6379  20.16
6379  19.71
6379  19.23
6379  18.74
6380  23.6
6380  23.57
6380  23.55
6380  23.52
6380  23.48
6380  23.44
6380  23.39
6380  23.33
6380  23.26
6380  23.19
6380  23.09
6380  22.96
6380  22.82
6380  22.68
6380  22.51
6380  22.31
6380  22.07
6380  21.79
6380  21.45
6380  21.07
6380  20.63
6380  20.18
6380  19.73
6380  19.25
6380  18.76
6381  23.6
6381  23.58
6381  23.55
6381  23.52
6381  23.49
6381  23.45
6381  23.4
6381  23.33
6381  23.26
6381  23.2
6381  23.1
6381  22.96
6381  22.82
6381  22.68
6381  22.51
6381  22.3
6381  22.07
6381  21.79
6381  21.46
6381  21.07
6381  20.64
6381  20.19
6381  19.75
6381  19.27
6381  18.78
6382  23.61
6382  23.59
6382  23.56
6382  23.53
6382  23.5
6382  23.45
6382  23.4
6382  23.34
6382  23.27
6382  23.2
6382  23.1
6382  22.96
6382  22.82
6382  22.67
6382  22.51
6382  22.3
6382  22.07
6382  21.79
6382  21.46
6382  21.08
6382  20.66
6382  20.21
6382  19.77
6382  19.29
6382  18.8
6383  23.62
6383  23.59
6383  23.56
6383  23.53
6383  23.5
6383  23.46
6383  23.41
6383  23.34
6383  23.27
6383  23.2
6383  23.1
6383  22.96
6383  22.82
6383  22.67
6383  22.51
6383  22.3
6383  22.07
6383  21.79
6383  21.47
6383  21.09
6383  20.67
6383  20.23
6383  19.79
6383  19.31
6383  18.83
6384  23.63
6384  23.6
6384  23.57
6384  23.54
6384  23.51
6384  23.47
6384  23.41
6384  23.34
6384  23.27
6384  23.21
6384  23.1
6384  22.96
6384  22.82
6384  22.67
6384  22.51
6384  22.3
6384  22.07
6384  21.8
6384  21.47
6384  21.1
6384  20.68
6384  20.24
6384  19.8
6384  19.33
6384  18.85
6385  23.63
6385  23.61
6385  23.57
6385  23.54
6385  23.51
6385  23.47
6385  23.42
6385  23.35
6385  23.28
6385  23.21
6385  23.1
6385  22.96
6385  22.82
6385  22.67
6385  22.51
6385  22.3
6385  22.07
6385  21.8
6385  21.48
6385  21.11
6385  20.69
6385  20.26
6385  19.82
6385  19.35
6385  18.87
6386  23.64
6386  23.61
6386  23.58
6386  23.55
6386  23.52
6386  23.48
6386  23.42
6386  23.35
6386  23.28
6386  23.21
6386  23.11
6386  22.97
6386  22.82
6386  22.67
6386  22.51
6386  22.3
6386  22.07
6386  21.8
6386  21.49
6386  21.12
6386  20.71
6386  20.28
6386  19.84
6386  19.37
6386  18.9
6387  23.64
6387  23.62
6387  23.59
6387  23.55
6387  23.52
6387  23.48
6387  23.43
6387  23.36
6387  23.28
6387  23.22
6387  23.11
6387  22.96
6387  22.81
6387  22.67
6387  22.5
6387  22.3
6387  22.07
6387  21.8
6387  21.49
6387  21.12
6387  20.72
6387  20.29
6387  19.85
6387  19.39
6387  18.91
6388  23.65
6388  23.62
6388  23.59
6388  23.56
6388  23.53
6388  23.49
6388  23.43
6388  23.36
6388  23.29
6388  23.22
6388  23.11
6388  22.96
6388  22.81
6388  22.67
6388  22.5
6388  22.3
6388  22.07
6388  21.8
6388  21.49
6388  21.13
6388  20.73
6388  20.3
6388  19.87
6388  19.4
6388  18.93
6389  23.66
6389  23.63
6389  23.6
6389  23.57
6389  23.54
6389  23.49
6389  23.44
6389  23.37
6389  23.3
6389  23.23
6389  23.11
6389  22.97
6389  22.81
6389  22.67
6389  22.5
6389  22.29
6389  22.06
6389  21.8
6389  21.49
6389  21.13
6389  20.73
6389  20.31
6389  19.88
6389  19.41
6389  18.95
6390  23.67
6390  23.64
6390  23.61
6390  23.58
6390  23.55
6390  23.5
6390  23.45
6390  23.38
6390  23.31
6390  23.23
6390  23.12
6390  22.97
6390  22.82
6390  22.67
6390  22.49
6390  22.29
6390  22.06
6390  21.8
6390  21.49
6390  21.13
6390  20.74
6390  20.32
6390  19.89
6390  19.43
6390  18.96
6391  23.68
6391  23.65
6391  23.62
6391  23.59
6391  23.55
6391  23.51
6391  23.46
6391  23.39
6391  23.31
6391  23.24
6391  23.12
6391  22.97
6391  22.82
6391  22.66
6391  22.49
6391  22.28
6391  22.06
6391  21.79
6391  21.49
6391  21.14
6391  20.74
6391  20.33
6391  19.9
6391  19.44
6391  18.98
6392  23.69
6392  23.66
6392  23.63
6392  23.59
6392  23.56
6392  23.52
6392  23.46
6392  23.39
6392  23.32
6392  23.25
6392  23.13
6392  22.97
6392  22.82
6392  22.66
6392  22.49
6392  22.28
6392  22.05
6392  21.79
6392  21.49
6392  21.14
6392  20.75
6392  20.34
6392  19.91
6392  19.45
6392  18.99
6393  23.7
6393  23.67
6393  23.63
6393  23.6
6393  23.57
6393  23.53
6393  23.47
6393  23.4
6393  23.33
6393  23.25
6393  23.13
6393  22.97
6393  22.82
6393  22.66
6393  22.48
6393  22.27
6393  22.04
6393  21.78
6393  21.49
6393  21.14
6393  20.75
6393  20.34
6393  19.92
6393  19.46
6393  19
6394  23.71
6394  23.68
6394  23.65
6394  23.61
6394  23.58
6394  23.54
6394  23.48
6394  23.41
6394  23.33
6394  23.26
6394  23.13
6394  22.97
6394  22.81
6394  22.66
6394  22.48
6394  22.26
6394  22.04
6394  21.78
6394  21.48
6394  21.14
6394  20.76
6394  20.34
6394  19.92
6394  19.46
6394  19.01
6395  23.72
6395  23.69
6395  23.65
6395  23.62
6395  23.59
6395  23.55
6395  23.49
6395  23.42
6395  23.34
6395  23.26
6395  23.14
6395  22.98
6395  22.81
6395  22.65
6395  22.47
6395  22.26
6395  22.03
6395  21.77
6395  21.48
6395  21.14
6395  20.76
6395  20.35
6395  19.93
6395  19.47
6395  19.01
6396  23.72
6396  23.7
6396  23.66
6396  23.63
6396  23.59
6396  23.55
6396  23.49
6396  23.42
6396  23.35
6396  23.27
6396  23.14
6396  22.98
6396  22.81
6396  22.65
6396  22.47
6396  22.25
6396  22.02
6396  21.77
6396  21.48
6396  21.14
6396  20.76
6396  20.35
6396  19.93
6396  19.47
6396  19.02
6397  23.73
6397  23.7
6397  23.67
6397  23.63
6397  23.6
6397  23.56
6397  23.5
6397  23.43
6397  23.35
6397  23.27
6397  23.14
6397  22.98
6397  22.81
6397  22.64
6397  22.46
6397  22.24
6397  22.01
6397  21.76
6397  21.47
6397  21.13
6397  20.76
6397  20.35
6397  19.93
6397  19.47
6397  19.02
6398  23.74
6398  23.71
6398  23.67
6398  23.64
6398  23.61
6398  23.57
6398  23.51
6398  23.44
6398  23.36
6398  23.28
6398  23.15
6398  22.97
6398  22.8
6398  22.64
6398  22.45
6398  22.23
6398  22
6398  21.75
6398  21.46
6398  21.12
6398  20.75
6398  20.35
6398  19.93
6398  19.47
6398  19.02
6399  23.75
6399  23.72
6399  23.68
6399  23.65
6399  23.61
6399  23.57
6399  23.51
6399  23.44
6399  23.36
6399  23.28
6399  23.14
6399  22.97
6399  22.8
6399  22.63
6399  22.44
6399  22.22
6399  21.99
6399  21.74
6399  21.46
6399  21.12
6399  20.75
6399  20.35
6399  19.93
6399  19.47
6399  19.02
6400  23.75
6400  23.73
6400  23.69
6400  23.66
6400  23.62
6400  23.58
6400  23.52
6400  23.45
6400  23.37
6400  23.29
6400  23.15
6400  22.98
6400  22.8
6400  22.63
6400  22.44
6400  22.22
6400  21.99
6400  21.73
6400  21.45
6400  21.12
6400  20.75
6400  20.35
6400  19.93
6400  19.48
6400  19.03
6401  23.76
6401  23.73
6401  23.7
6401  23.66
6401  23.63
6401  23.59
6401  23.53
6401  23.46
6401  23.38
6401  23.3
6401  23.16
6401  22.98
6401  22.81
6401  22.63
6401  22.44
6401  22.21
6401  21.99
6401  21.73
6401  21.46
6401  21.12
6401  20.76
6401  20.36
6401  19.94
6401  19.48
6401  19.04
6402  23.77
6402  23.75
6402  23.71
6402  23.67
6402  23.64
6402  23.6
6402  23.54
6402  23.47
6402  23.39
6402  23.3
6402  23.16
6402  22.98
6402  22.81
6402  22.63
6402  22.44
6402  22.21
6402  21.98
6402  21.73
6402  21.45
6402  21.13
6402  20.77
6402  20.36
6402  19.95
6402  19.49
6402  19.05
6403  23.78
6403  23.75
6403  23.72
6403  23.68
6403  23.65
6403  23.61
6403  23.55
6403  23.48
6403  23.4
6403  23.31
6403  23.17
6403  22.99
6403  22.81
6403  22.63
6403  22.43
6403  22.21
6403  21.98
6403  21.73
6403  21.46
6403  21.13
6403  20.77
6403  20.37
6403  19.95
6403  19.5
6403  19.05
6404  23.79
6404  23.76
6404  23.73
6404  23.69
6404  23.66
6404  23.61
6404  23.56
6404  23.48
6404  23.4
6404  23.32
6404  23.18
6404  23
6404  22.82
6404  22.64
6404  22.43
6404  22.21
6404  21.98
6404  21.73
6404  21.45
6404  21.13
6404  20.77
6404  20.37
6404  19.95
6404  19.5
6404  19.05
6405  23.8
6405  23.78
6405  23.74
6405  23.7
6405  23.67
6405  23.63
6405  23.57
6405  23.5
6405  23.42
6405  23.33
6405  23.18
6405  23
6405  22.82
6405  22.64
6405  22.43
6405  22.2
6405  21.97
6405  21.72
6405  21.45
6405  21.12
6405  20.77
6405  20.36
6405  19.94
6405  19.48
6405  19.04
6406  23.81
6406  23.79
6406  23.75
6406  23.72
6406  23.68
6406  23.64
6406  23.58
6406  23.51
6406  23.43
6406  23.34
6406  23.19
6406  23
6406  22.82
6406  22.64
6406  22.43
6406  22.2
6406  21.97
6406  21.72
6406  21.44
6406  21.11
6406  20.76
6406  20.36
6406  19.93
6406  19.47
6406  19.03
6407  23.83
6407  23.81
6407  23.77
6407  23.73
6407  23.7
6407  23.66
6407  23.6
6407  23.52
6407  23.44
6407  23.35
6407  23.2
6407  23.01
6407  22.83
6407  22.64
6407  22.43
6407  22.2
6407  21.97
6407  21.71
6407  21.44
6407  21.11
6407  20.75
6407  20.35
6407  19.92
6407  19.46
6407  19.01
6408  23.84
6408  23.82
6408  23.78
6408  23.75
6408  23.72
6408  23.67
6408  23.61
6408  23.54
6408  23.45
6408  23.36
6408  23.21
6408  23.02
6408  22.83
6408  22.64
6408  22.43
6408  22.2
6408  21.96
6408  21.71
6408  21.43
6408  21.1
6408  20.75
6408  20.34
6408  19.91
6408  19.45
6408  19
6409  23.86
6409  23.84
6409  23.8
6409  23.77
6409  23.73
6409  23.69
6409  23.63
6409  23.55
6409  23.46
6409  23.37
6409  23.22
6409  23.02
6409  22.84
6409  22.64
6409  22.42
6409  22.19
6409  21.95
6409  21.7
6409  21.42
6409  21.09
6409  20.74
6409  20.33
6409  19.9
6409  19.43
6409  18.98
6410  23.88
6410  23.85
6410  23.82
6410  23.78
6410  23.75
6410  23.7
6410  23.64
6410  23.56
6410  23.48
6410  23.38
6410  23.23
6410  23.03
6410  22.84
6410  22.64
6410  22.42
6410  22.19
6410  21.95
6410  21.69
6410  21.42
6410  21.08
6410  20.73
6410  20.32
6410  19.89
6410  19.42
6410  18.97
6411  23.89
6411  23.87
6411  23.84
6411  23.8
6411  23.77
6411  23.72
6411  23.66
6411  23.58
6411  23.49
6411  23.39
6411  23.24
6411  23.04
6411  22.85
6411  22.65
6411  22.42
6411  22.18
6411  21.95
6411  21.69
6411  21.41
6411  21.08
6411  20.72
6411  20.31
6411  19.88
6411  19.41
6411  18.95
6412  23.91
6412  23.89
6412  23.85
6412  23.82
6412  23.78
6412  23.74
6412  23.67
6412  23.59
6412  23.5
6412  23.41
6412  23.25
6412  23.05
6412  22.85
6412  22.65
6412  22.42
6412  22.18
6412  21.94
6412  21.68
6412  21.4
6412  21.07
6412  20.71
6412  20.3
6412  19.86
6412  19.39
6412  18.93
6413  23.93
6413  23.91
6413  23.87
6413  23.84
6413  23.8
6413  23.76
6413  23.69
6413  23.61
6413  23.51
6413  23.42
6413  23.26
6413  23.05
6413  22.86
6413  22.65
6413  22.42
6413  22.18
6413  21.93
6413  21.67
6413  21.39
6413  21.06
6413  20.7
6413  20.29
6413  19.85
6413  19.38
6413  18.92
6414  23.95
6414  23.93
6414  23.89
6414  23.86
6414  23.82
6414  23.77
6414  23.7
6414  23.62
6414  23.53
6414  23.43
6414  23.27
6414  23.06
6414  22.86
6414  22.65
6414  22.41
6414  22.17
6414  21.93
6414  21.67
6414  21.38
6414  21.05
6414  20.69
6414  20.27
6414  19.84
6414  19.36
6414  18.9
6415  23.96
6415  23.94
6415  23.91
6415  23.87
6415  23.84
6415  23.79
6415  23.72
6415  23.64
6415  23.54
6415  23.44
6415  23.28
6415  23.07
6415  22.87
6415  22.65
6415  22.42
6415  22.17
6415  21.93
6415  21.66
6415  21.38
6415  21.04
6415  20.68
6415  20.27
6415  19.83
6415  19.35
6415  18.89
6416  23.98
6416  23.96
6416  23.93
6416  23.89
6416  23.86
6416  23.81
6416  23.73
6416  23.65
6416  23.55
6416  23.45
6416  23.29
6416  23.07
6416  22.87
6416  22.66
6416  22.41
6416  22.17
6416  21.92
6416  21.66
6416  21.37
6416  21.03
6416  20.67
6416  20.26
6416  19.82
6416  19.34
6416  18.88
6417  24
6417  23.98
6417  23.95
6417  23.91
6417  23.87
6417  23.82
6417  23.75
6417  23.66
6417  23.56
6417  23.46
6417  23.29
6417  23.08
6417  22.88
6417  22.66
6417  22.41
6417  22.17
6417  21.92
6417  21.66
6417  21.36
6417  21.03
6417  20.67
6417  20.25
6417  19.81
6417  19.33
6417  18.87
6418  24.02
6418  24
6418  23.97
6418  23.93
6418  23.89
6418  23.84
6418  23.77
6418  23.67
6418  23.57
6418  23.47
6418  23.3
6418  23.09
6418  22.88
6418  22.66
6418  22.42
6418  22.17
6418  21.92
6418  21.65
6418  21.36
6418  21.02
6418  20.66
6418  20.24
6418  19.8
6418  19.32
6418  18.85
6419  24.04
6419  24.02
6419  23.98
6419  23.95
6419  23.91
6419  23.86
6419  23.78
6419  23.69
6419  23.58
6419  23.48
6419  23.31
6419  23.09
6419  22.88
6419  22.66
6419  22.42
6419  22.17
6419  21.91
6419  21.65
6419  21.35
6419  21.01
6419  20.65
6419  20.23
6419  19.79
6419  19.31
6419  18.84
6420  24.06
6420  24.04
6420  24
6420  23.97
6420  23.93
6420  23.88
6420  23.8
6420  23.7
6420  23.59
6420  23.48
6420  23.32
6420  23.1
6420  22.89
6420  22.66
6420  22.42
6420  22.17
6420  21.91
6420  21.64
6420  21.35
6420  21
6420  20.64
6420  20.22
6420  19.78
6420  19.3
6420  18.83
6421  24.08
6421  24.06
6421  24.03
6421  23.99
6421  23.95
6421  23.89
6421  23.81
6421  23.71
6421  23.61
6421  23.49
6421  23.32
6421  23.1
6421  22.89
6421  22.67
6421  22.42
6421  22.17
6421  21.91
6421  21.63
6421  21.34
6421  21
6421  20.63
6421  20.21
6421  19.77
6421  19.29
6421  18.82
6422  24.1
6422  24.09
6422  24.05
6422  24.01
6422  23.97
6422  23.91
6422  23.83
6422  23.73
6422  23.62
6422  23.5
6422  23.33
6422  23.11
6422  22.9
6422  22.67
6422  22.42
6422  22.16
6422  21.91
6422  21.63
6422  21.33
6422  20.99
6422  20.62
6422  20.2
6422  19.76
6422  19.28
6422  18.8
6423  24.12
6423  24.11
6423  24.07
6423  24.03
6423  23.99
6423  23.93
6423  23.84
6423  23.74
6423  23.63
6423  23.51
6423  23.34
6423  23.12
6423  22.9
6423  22.67
6423  22.42
6423  22.16
6423  21.9
6423  21.63
6423  21.32
6423  20.98
6423  20.61
6423  20.19
6423  19.75
6423  19.27
6423  18.79
6424  24.15
6424  24.13
6424  24.09
6424  24.05
6424  24.01
6424  23.95
6424  23.86
6424  23.75
6424  23.64
6424  23.52
6424  23.35
6424  23.12
6424  22.9
6424  22.67
6424  22.42
6424  22.16
6424  21.9
6424  21.62
6424  21.32
6424  20.97
6424  20.6
6424  20.18
6424  19.73
6424  19.26
6424  18.78
6425  24.17
6425  24.15
6425  24.12
6425  24.07
6425  24.03
6425  23.96
6425  23.88
6425  23.77
6425  23.65
6425  23.53
6425  23.36
6425  23.13
6425  22.91
6425  22.67
6425  22.42
6425  22.16
6425  21.9
6425  21.62
6425  21.31
6425  20.96
6425  20.59
6425  20.17
6425  19.73
6425  19.25
6425  18.77
6426  24.19
6426  24.18
6426  24.14
6426  24.09
6426  24.05
6426  23.98
6426  23.89
6426  23.78
6426  23.66
6426  23.54
6426  23.36
6426  23.13
6426  22.91
6426  22.67
6426  22.42
6426  22.16
6426  21.89
6426  21.61
6426  21.3
6426  20.95
6426  20.59
6426  20.16
6426  19.71
6426  19.23
6426  18.75
6427  24.21
6427  24.2
6427  24.16
6427  24.11
6427  24.07
6427  24
6427  23.91
6427  23.79
6427  23.67
6427  23.55
6427  23.37
6427  23.14
6427  22.91
6427  22.67
6427  22.42
6427  22.16
6427  21.89
6427  21.6
6427  21.3
6427  20.94
6427  20.57
6427  20.15
6427  19.7
6427  19.22
6427  18.74
6428  24.23
6428  24.22
6428  24.18
6428  24.14
6428  24.09
6428  24.02
6428  23.92
6428  23.8
6428  23.68
6428  23.55
6428  23.38
6428  23.14
6428  22.91
6428  22.67
6428  22.41
6428  22.15
6428  21.88
6428  21.59
6428  21.28
6428  20.93
6428  20.56
6428  20.14
6428  19.69
6428  19.2
6428  18.72
6429  24.26
6429  24.25
6429  24.2
6429  24.16
6429  24.11
6429  24.04
6429  23.94
6429  23.82
6429  23.69
6429  23.56
6429  23.38
6429  23.14
6429  22.91
6429  22.67
6429  22.41
6429  22.14
6429  21.87
6429  21.58
6429  21.27
6429  20.91
6429  20.54
6429  20.12
6429  19.67
6429  19.19
6429  18.7
6430  24.28
6430  24.27
6430  24.23
6430  24.18
6430  24.13
6430  24.06
6430  23.95
6430  23.83
6430  23.71
6430  23.57
6430  23.39
6430  23.14
6430  22.91
6430  22.67
6430  22.41
6430  22.14
6430  21.86
6430  21.57
6430  21.26
6430  20.9
6430  20.53
6430  20.11
6430  19.66
6430  19.17
6430  18.69
6431  24.31
6431  24.29
6431  24.25
6431  24.2
6431  24.15
6431  24.07
6431  23.97
6431  23.84
6431  23.72
6431  23.58
6431  23.4
6431  23.15
6431  22.92
6431  22.67
6431  22.41
6431  22.14
6431  21.86
6431  21.57
6431  21.25
6431  20.9
6431  20.52
6431  20.1
6431  19.66
6431  19.17
6431  18.69
6432  24.33
6432  24.31
6432  24.27
6432  24.22
6432  24.17
6432  24.09
6432  23.98
6432  23.86
6432  23.73
6432  23.59
6432  23.41
6432  23.16
6432  22.93
6432  22.67
6432  22.41
6432  22.14
6432  21.86
6432  21.56
6432  21.25
6432  20.89
6432  20.52
6432  20.1
6432  19.65
6432  19.17
6432  18.68
6433  24.35
6433  24.34
6433  24.3
6433  24.25
6433  24.19
6433  24.11
6433  24
6433  23.87
6433  23.74
6433  23.6
6433  23.41
6433  23.17
6433  22.93
6433  22.68
6433  22.41
6433  22.14
6433  21.86
6433  21.56
6433  21.24
6433  20.89
6433  20.52
6433  20.1
6433  19.65
6433  19.17
6433  18.68
6434  24.38
6434  24.36
6434  24.32
6434  24.27
6434  24.21
6434  24.13
6434  24.02
6434  23.89
6434  23.75
6434  23.61
6434  23.43
6434  23.17
6434  22.94
6434  22.68
6434  22.41
6434  22.14
6434  21.86
6434  21.56
6434  21.24
6434  20.89
6434  20.51
6434  20.09
6434  19.65
6434  19.17
6434  18.68
6435  24.4
6435  24.39
6435  24.34
6435  24.29
6435  24.23
6435  24.15
6435  24.04
6435  23.9
6435  23.77
6435  23.63
6435  23.44
6435  23.18
6435  22.94
6435  22.68
6435  22.42
6435  22.14
6435  21.86
6435  21.55
6435  21.24
6435  20.88
6435  20.51
6435  20.09
6435  19.65
6435  19.17
6435  18.68
6436  24.43
6436  24.41
6436  24.37
6436  24.31
6436  24.26
6436  24.17
6436  24.05
6436  23.92
6436  23.78
6436  23.64
6436  23.45
6436  23.19
6436  22.95
6436  22.69
6436  22.42
6436  22.14
6436  21.86
6436  21.55
6436  21.23
6436  20.88
6436  20.51
6436  20.09
6436  19.65
6436  19.17
6436  18.69
6437  24.45
6437  24.44
6437  24.39
6437  24.34
6437  24.28
6437  24.19
6437  24.07
6437  23.94
6437  23.8
6437  23.66
6437  23.46
6437  23.2
6437  22.96
6437  22.69
6437  22.42
6437  22.15
6437  21.86
6437  21.55
6437  21.23
6437  20.88
6437  20.51
6437  20.09
6437  19.65
6437  19.18
6437  18.69
6438  24.48
6438  24.46
6438  24.42
6438  24.36
6438  24.3
6438  24.22
6438  24.1
6438  23.96
6438  23.82
6438  23.67
6438  23.48
6438  23.21
6438  22.96
6438  22.7
6438  22.43
6438  22.15
6438  21.86
6438  21.55
6438  21.23
6438  20.88
6438  20.51
6438  20.09
6438  19.65
6438  19.18
6438  18.69
6439  24.51
6439  24.49
6439  24.44
6439  24.39
6439  24.33
6439  24.24
6439  24.12
6439  23.98
6439  23.84
6439  23.69
6439  23.49
6439  23.23
6439  22.97
6439  22.7
6439  22.43
6439  22.15
6439  21.86
6439  21.56
6439  21.23
6439  20.88
6439  20.51
6439  20.09
6439  19.65
6439  19.18
6439  18.7
6440  24.53
6440  24.52
6440  24.47
6440  24.42
6440  24.36
6440  24.27
6440  24.14
6440  24
6440  23.86
6440  23.71
6440  23.51
6440  23.24
6440  22.98
6440  22.71
6440  22.44
6440  22.16
6440  21.86
6440  21.56
6440  21.23
6440  20.88
6440  20.51
6440  20.09
6440  19.65
6440  19.18
6440  18.7
6441  24.56
6441  24.54
6441  24.5
6441  24.44
6441  24.38
6441  24.29
6441  24.16
6441  24.02
6441  23.88
6441  23.73
6441  23.52
6441  23.25
6441  22.99
6441  22.71
6441  22.44
6441  22.16
6441  21.87
6441  21.56
6441  21.24
6441  20.88
6441  20.51
6441  20.09
6441  19.66
6441  19.19
6441  18.7
6442  24.59
6442  24.57
6442  24.52
6442  24.47
6442  24.41
6442  24.32
6442  24.19
6442  24.05
6442  23.9
6442  23.75
6442  23.54
6442  23.26
6442  22.99
6442  22.72
6442  22.45
6442  22.16
6442  21.87
6442  21.56
6442  21.24
6442  20.88
6442  20.51
6442  20.09
6442  19.66
6442  19.19
6442  18.7
6443  24.61
6443  24.59
6443  24.55
6443  24.49
6443  24.43
6443  24.34
6443  24.21
6443  24.07
6443  23.92
6443  23.77
6443  23.55
6443  23.27
6443  23
6443  22.72
6443  22.45
6443  22.16
6443  21.87
6443  21.56
6443  21.23
6443  20.88
6443  20.5
6443  20.09
6443  19.66
6443  19.19
6443  18.7
6444  24.64
6444  24.62
6444  24.57
6444  24.52
6444  24.46
6444  24.37
6444  24.24
6444  24.1
6444  23.94
6444  23.79
6444  23.57
6444  23.28
6444  23.01
6444  22.73
6444  22.45
6444  22.16
6444  21.87
6444  21.56
6444  21.24
6444  20.88
6444  20.5
6444  20.09
6444  19.66
6444  19.19
6444  18.7
6445  24.66
6445  24.65
6445  24.6
6445  24.54
6445  24.48
6445  24.39
6445  24.27
6445  24.12
6445  23.97
6445  23.81
6445  23.59
6445  23.3
6445  23.02
6445  22.73
6445  22.45
6445  22.17
6445  21.87
6445  21.56
6445  21.24
6445  20.88
6445  20.5
6445  20.09
6445  19.66
6445  19.19
6445  18.71
6446  24.69
6446  24.67
6446  24.62
6446  24.57
6446  24.51
6446  24.42
6446  24.29
6446  24.15
6446  23.99
6446  23.84
6446  23.61
6446  23.31
6446  23.03
6446  22.74
6446  22.46
6446  22.17
6446  21.88
6446  21.57
6446  21.24
6446  20.88
6446  20.5
6446  20.09
6446  19.66
6446  19.2
6446  18.71
6447  24.72
6447  24.7
6447  24.65
6447  24.59
6447  24.53
6447  24.45
6447  24.32
6447  24.17
6447  24.02
6447  23.86
6447  23.63
6447  23.32
6447  23.04
6447  22.74
6447  22.46
6447  22.17
6447  21.88
6447  21.57
6447  21.24
6447  20.88
6447  20.5
6447  20.09
6447  19.66
6447  19.2
6447  18.71
6448  24.75
6448  24.73
6448  24.68
6448  24.62
6448  24.56
6448  24.48
6448  24.35
6448  24.2
6448  24.04
6448  23.88
6448  23.65
6448  23.34
6448  23.05
6448  22.75
6448  22.47
6448  22.18
6448  21.88
6448  21.57
6448  21.24
6448  20.88
6448  20.5
6448  20.09
6448  19.66
6448  19.2
6448  18.72
6449  24.77
6449  24.75
6449  24.71
6449  24.65
6449  24.6
6449  24.51
6449  24.38
6449  24.23
6449  24.07
6449  23.91
6449  23.67
6449  23.35
6449  23.06
6449  22.76
6449  22.48
6449  22.18
6449  21.89
6449  21.58
6449  21.25
6449  20.88
6449  20.51
6449  20.1
6449  19.67
6449  19.21
6449  18.73
6450  24.8
6450  24.78
6450  24.73
6450  24.68
6450  24.63
6450  24.54
6450  24.41
6450  24.27
6450  24.1
6450  23.93
6450  23.69
6450  23.37
6450  23.07
6450  22.77
6450  22.49
6450  22.19
6450  21.89
6450  21.58
6450  21.25
6450  20.89
6450  20.51
6450  20.1
6450  19.68
6450  19.22
6450  18.73
6451  24.82
6451  24.81
6451  24.76
6451  24.71
6451  24.66
6451  24.57
6451  24.45
6451  24.3
6451  24.13
6451  23.96
6451  23.71
6451  23.39
6451  23.09
6451  22.78
6451  22.5
6451  22.2
6451  21.9
6451  21.58
6451  21.25
6451  20.89
6451  20.51
6451  20.11
6451  19.68
6451  19.22
6451  18.74
6452  24.85
6452  24.84
6452  24.79
6452  24.74
6452  24.69
6452  24.6
6452  24.48
6452  24.33
6452  24.16
6452  23.99
6452  23.73
6452  23.4
6452  23.1
6452  22.79
6452  22.5
6452  22.2
6452  21.9
6452  21.59
6452  21.26
6452  20.89
6452  20.52
6452  20.11
6452  19.69
6452  19.23
6452  18.74
6453  24.88
6453  24.86
6453  24.82
6453  24.77
6453  24.72
6453  24.64
6453  24.51
6453  24.36
6453  24.19
6453  24.01
6453  23.76
6453  23.42
6453  23.11
6453  22.8
6453  22.51
6453  22.21
6453  21.91
6453  21.59
6453  21.26
6453  20.9
6453  20.52
6453  20.11
6453  19.69
6453  19.23
6453  18.75
6454  24.91
6454  24.89
6454  24.85
6454  24.8
6454  24.75
6454  24.67
6454  24.54
6454  24.39
6454  24.21
6454  24.04
6454  23.78
6454  23.44
6454  23.13
6454  22.81
6454  22.52
6454  22.22
6454  21.91
6454  21.6
6454  21.26
6454  20.9
6454  20.52
6454  20.12
6454  19.7
6454  19.24
6454  18.75
6455  24.93
6455  24.91
6455  24.88
6455  24.83
6455  24.78
6455  24.7
6455  24.58
6455  24.43
6455  24.24
6455  24.07
6455  23.8
6455  23.45
6455  23.14
6455  22.82
6455  22.53
6455  22.22
6455  21.92
6455  21.6
6455  21.27
6455  20.9
6455  20.52
6455  20.12
6455  19.7
6455  19.25
6455  18.76
6456  24.96
6456  24.94
6456  24.9
6456  24.86
6456  24.81
6456  24.73
6456  24.61
6456  24.46
6456  24.27
6456  24.09
6456  23.82
6456  23.47
6456  23.15
6456  22.83
6456  22.54
6456  22.23
6456  21.93
6456  21.61
6456  21.27
6456  20.91
6456  20.53
6456  20.12
6456  19.71
6456  19.25
6456  18.77
6457  24.99
6457  24.97
6457  24.93
6457  24.89
6457  24.84
6457  24.77
6457  24.64
6457  24.49
6457  24.3
6457  24.12
6457  23.85
6457  23.48
6457  23.17
6457  22.84
6457  22.54
6457  22.24
6457  21.93
6457  21.61
6457  21.28
6457  20.91
6457  20.53
6457  20.13
6457  19.72
6457  19.27
6457  18.78
6458  25.01
6458  25
6458  24.96
6458  24.92
6458  24.87
6458  24.8
6458  24.67
6458  24.52
6458  24.33
6458  24.15
6458  23.87
6458  23.5
6458  23.18
6458  22.85
6458  22.55
6458  22.25
6458  21.94
6458  21.62
6458  21.29
6458  20.92
6458  20.54
6458  20.14
6458  19.73
6458  19.27
6458  18.79
6459  25.04
6459  25.02
6459  24.99
6459  24.95
6459  24.9
6459  24.83
6459  24.7
6459  24.55
6459  24.36
6459  24.17
6459  23.89
6459  23.52
6459  23.19
6459  22.86
6459  22.56
6459  22.26
6459  21.95
6459  21.63
6459  21.29
6459  20.93
6459  20.55
6459  20.15
6459  19.74
6459  19.29
6459  18.8
6460  25.06
6460  25.05
6460  25.01
6460  24.98
6460  24.93
6460  24.86
6460  24.73
6460  24.58
6460  24.39
6460  24.2
6460  23.91
6460  23.54
6460  23.2
6460  22.88
6460  22.57
6460  22.26
6460  21.96
6460  21.64
6460  21.3
6460  20.93
6460  20.55
6460  20.16
6460  19.75
6460  19.3
6460  18.81
6461  25.09
6461  25.07
6461  25.04
6461  25
6461  24.96
6461  24.89
6461  24.77
6461  24.61
6461  24.42
6461  24.23
6461  23.94
6461  23.56
6461  23.22
6461  22.89
6461  22.58
6461  22.27
6461  21.97
6461  21.64
6461  21.31
6461  20.94
6461  20.56
6461  20.17
6461  19.76
6461  19.31
6461  18.82
6462  25.11
6462  25.1
6462  25.07
6462  25.03
6462  24.99
6462  24.92
6462  24.79
6462  24.64
6462  24.45
6462  24.25
6462  23.96
6462  23.57
6462  23.23
6462  22.89
6462  22.59
6462  22.28
6462  21.97
6462  21.65
6462  21.31
6462  20.94
6462  20.56
6462  20.17
6462  19.76
6462  19.31
6462  18.83
6463  25.14
6463  25.12
6463  25.09
6463  25.06
6463  25.01
6463  24.95
6463  24.82
6463  24.67
6463  24.48
6463  24.28
6463  23.98
6463  23.59
6463  23.24
6463  22.9
6463  22.59
6463  22.28
6463  21.98
6463  21.65
6463  21.31
6463  20.95
6463  20.57
6463  20.18
6463  19.77
6463  19.32
6463  18.84
6464  25.16
6464  25.15
6464  25.11
6464  25.08
6464  25.04
6464  24.98
6464  24.85
6464  24.7
6464  24.5
6464  24.3
6464  24
6464  23.6
6464  23.25
6464  22.91
6464  22.6
6464  22.29
6464  21.98
6464  21.66
6464  21.32
6464  20.95
6464  20.57
6464  20.18
6464  19.78
6464  19.33
6464  18.85
6465  25.18
6465  25.17
6465  25.14
6465  25.11
6465  25.07
6465  25
6465  24.88
6465  24.73
6465  24.53
6465  24.33
6465  24.02
6465  23.61
6465  23.26
6465  22.92
6465  22.6
6465  22.29
6465  21.99
6465  21.66
6465  21.32
6465  20.95
6465  20.57
6465  20.18
6465  19.78
6465  19.33
6465  18.86
6466  25.2
6466  25.18
6466  25.16
6466  25.13
6466  25.09
6466  25.02
6466  24.9
6466  24.76
6466  24.55
6466  24.35
6466  24.04
6466  23.63
6466  23.27
6466  22.92
6466  22.61
6466  22.3
6466  21.99
6466  21.67
6466  21.32
6466  20.95
6466  20.58
6466  20.19
6466  19.79
6466  19.34
6466  18.86
6467  25.22
6467  25.2
6467  25.18
6467  25.15
6467  25.11
6467  25.05
6467  24.93
6467  24.78
6467  24.58
6467  24.38
6467  24.06
6467  23.65
6467  23.28
6467  22.93
6467  22.62
6467  22.31
6467  22
6467  21.68
6467  21.34
6467  20.97
6467  20.59
6467  20.2
6467  19.8
6467  19.36
6467  18.88
6468  25.23
6468  25.22
6468  25.2
6468  25.17
6468  25.13
6468  25.07
6468  24.95
6468  24.81
6468  24.61
6468  24.41
6468  24.09
6468  23.66
6468  23.29
6468  22.94
6468  22.63
6468  22.32
6468  22.02
6468  21.7
6468  21.35
6468  20.98
6468  20.61
6468  20.22
6468  19.82
6468  19.37
6468  18.9
6469  25.25
6469  25.24
6469  25.21
6469  25.19
6469  25.15
6469  25.09
6469  24.98
6469  24.84
6469  24.64
6469  24.44
6469  24.11
6469  23.68
6469  23.31
6469  22.95
6469  22.64
6469  22.33
6469  22.02
6469  21.7
6469  21.36
6469  20.99
6469  20.61
6469  20.23
6469  19.83
6469  19.38
6469  18.91
6470  25.27
6470  25.26
6470  25.23
6470  25.21
6470  25.17
6470  25.11
6470  25
6470  24.86
6470  24.67
6470  24.47
6470  24.14
6470  23.7
6470  23.32
6470  22.96
6470  22.64
6470  22.34
6470  22.03
6470  21.71
6470  21.37
6470  21
6470  20.62
6470  20.24
6470  19.84
6470  19.39
6470  18.92
6471  25.29
6471  25.27
6471  25.25
6471  25.23
6471  25.19
6471  25.13
6471  25.03
6471  24.89
6471  24.7
6471  24.5
6471  24.17
6471  23.72
6471  23.33
6471  22.97
6471  22.65
6471  22.35
6471  22.04
6471  21.72
6471  21.37
6471  21
6471  20.63
6471  20.24
6471  19.84
6471  19.4
6471  18.93
6472  25.3
6472  25.29
6472  25.27
6472  25.25
6472  25.21
6472  25.15
6472  25.05
6472  24.92
6472  24.73
6472  24.52
6472  24.19
6472  23.74
6472  23.34
6472  22.98
6472  22.66
6472  22.36
6472  22.05
6472  21.73
6472  21.38
6472  21.01
6472  20.64
6472  20.25
6472  19.85
6472  19.41
6472  18.94
6473  25.32
6473  25.31
6473  25.29
6473  25.27
6473  25.23
6473  25.17
6473  25.07
6473  24.94
6473  24.75
6473  24.55
6473  24.22
6473  23.76
6473  23.35
6473  22.99
6473  22.67
6473  22.36
6473  22.06
6473  21.73
6473  21.39
6473  21.02
6473  20.64
6473  20.26
6473  19.86
6473  19.41
6473  18.94
6474  25.34
6474  25.33
6474  25.31
6474  25.28
6474  25.25
6474  25.19
6474  25.1
6474  24.97
6474  24.78
6474  24.58
6474  24.25
6474  23.78
6474  23.37
6474  23
6474  22.68
6474  22.37
6474  22.07
6474  21.75
6474  21.4
6474  21.03
6474  20.65
6474  20.27
6474  19.87
6474  19.42
6474  18.95
6475  25.35
6475  25.34
6475  25.33
6475  25.3
6475  25.27
6475  25.21
6475  25.12
6475  25
6475  24.81
6475  24.61
6475  24.28
6475  23.8
6475  23.38
6475  23.01
6475  22.68
6475  22.38
6475  22.07
6475  21.75
6475  21.4
6475  21.03
6475  20.66
6475  20.27
6475  19.87
6475  19.43
6475  18.96
6476  25.37
6476  25.36
6476  25.34
6476  25.32
6476  25.29
6476  25.23
6476  25.14
6476  25.02
6476  24.84
6476  24.64
6476  24.3
6476  23.81
6476  23.39
6476  23.01
6476  22.69
6476  22.38
6476  22.08
6476  21.75
6476  21.4
6476  21.03
6476  20.66
6476  20.27
6476  19.88
6476  19.43
6476  18.96
6477  25.38
6477  25.37
6477  25.36
6477  25.33
6477  25.31
6477  25.25
6477  25.16
6477  25.04
6477  24.86
6477  24.66
6477  24.32
6477  23.83
6477  23.39
6477  23.02
6477  22.69
6477  22.39
6477  22.08
6477  21.75
6477  21.4
6477  21.04
6477  20.66
6477  20.27
6477  19.88
6477  19.43
6477  18.97
6478  25.4
6478  25.39
6478  25.37
6478  25.35
6478  25.32
6478  25.27
6478  25.18
6478  25.06
6478  24.89
6478  24.69
6478  24.34
6478  23.84
6478  23.4
6478  23.02
6478  22.69
6478  22.39
6478  22.08
6478  21.76
6478  21.4
6478  21.04
6478  20.66
6478  20.27
6478  19.87
6478  19.43
6478  18.97
6479  25.41
6479  25.4
6479  25.38
6479  25.36
6479  25.34
6479  25.28
6479  25.2
6479  25.08
6479  24.91
6479  24.71
6479  24.36
6479  23.85
6479  23.41
6479  23.02
6479  22.7
6479  22.39
6479  22.08
6479  21.76
6479  21.41
6479  21.04
6479  20.66
6479  20.28
6479  19.88
6479  19.43
6479  18.97
6480  25.42
6480  25.41
6480  25.4
6480  25.38
6480  25.35
6480  25.3
6480  25.21
6480  25.1
6480  24.93
6480  24.73
6480  24.38
6480  23.86
6480  23.41
6480  23.03
6480  22.7
6480  22.4
6480  22.08
6480  21.76
6480  21.41
6480  21.04
6480  20.66
6480  20.28
6480  19.88
6480  19.43
6480  18.97
6481  25.43
6481  25.42
6481  25.41
6481  25.39
6481  25.37
6481  25.31
6481  25.23
6481  25.12
6481  24.95
6481  24.75
6481  24.4
6481  23.88
6481  23.42
6481  23.03
6481  22.7
6481  22.4
6481  22.09
6481  21.76
6481  21.41
6481  21.04
6481  20.66
6481  20.28
6481  19.88
6481  19.44
6481  18.98
6482  25.44
6482  25.44
6482  25.42
6482  25.4
6482  25.38
6482  25.32
6482  25.24
6482  25.13
6482  24.96
6482  24.77
6482  24.41
6482  23.89
6482  23.42
6482  23.03
6482  22.7
6482  22.4
6482  22.09
6482  21.76
6482  21.41
6482  21.04
6482  20.66
6482  20.28
6482  19.88
6482  19.44
6482  18.98
6483  25.46
6483  25.45
6483  25.44
6483  25.42
6483  25.4
6483  25.34
6483  25.26
6483  25.15
6483  24.98
6483  24.79
6483  24.43
6483  23.89
6483  23.43
6483  23.03
6483  22.71
6483  22.4
6483  22.09
6483  21.77
6483  21.41
6483  21.05
6483  20.67
6483  20.28
6483  19.88
6483  19.44
6483  18.98
6484  25.47
6484  25.46
6484  25.45
6484  25.43
6484  25.41
6484  25.35
6484  25.27
6484  25.16
6484  25
6484  24.81
6484  24.45
6484  23.91
6484  23.43
6484  23.04
6484  22.71
6484  22.4
6484  22.09
6484  21.77
6484  21.41
6484  21.05
6484  20.67
6484  20.29
6484  19.88
6484  19.44
6484  18.98
6485  25.48
6485  25.47
6485  25.46
6485  25.45
6485  25.42
6485  25.37
6485  25.29
6485  25.18
6485  25.02
6485  24.83
6485  24.46
6485  23.91
6485  23.44
6485  23.04
6485  22.71
6485  22.41
6485  22.09
6485  21.77
6485  21.41
6485  21.05
6485  20.67
6485  20.29
6485  19.89
6485  19.45
6485  18.99
6486  25.49
6486  25.49
6486  25.48
6486  25.46
6486  25.44
6486  25.38
6486  25.3
6486  25.2
6486  25.04
6486  24.85
6486  24.48
6486  23.93
6486  23.44
6486  23.04
6486  22.71
6486  22.41
6486  22.1
6486  21.77
6486  21.42
6486  21.05
6486  20.67
6486  20.29
6486  19.89
6486  19.45
6486  18.99
6487  25.5
6487  25.5
6487  25.49
6487  25.47
6487  25.45
6487  25.39
6487  25.32
6487  25.21
6487  25.05
6487  24.87
6487  24.5
6487  23.94
6487  23.45
6487  23.05
6487  22.71
6487  22.41
6487  22.1
6487  21.77
6487  21.42
6487  21.05
6487  20.67
6487  20.29
6487  19.89
6487  19.45
6487  18.99
6488  25.52
6488  25.51
6488  25.5
6488  25.49
6488  25.46
6488  25.41
6488  25.33
6488  25.23
6488  25.07
6488  24.89
6488  24.52
6488  23.95
6488  23.45
6488  23.05
6488  22.72
6488  22.41
6488  22.1
6488  21.77
6488  21.42
6488  21.06
6488  20.68
6488  20.29
6488  19.89
6488  19.45
6488  18.99
6489  25.53
6489  25.53
6489  25.52
6489  25.5
6489  25.48
6489  25.42
6489  25.35
6489  25.25
6489  25.09
6489  24.91
6489  24.54
6489  23.96
6489  23.46
6489  23.05
6489  22.72
6489  22.42
6489  22.1
6489  21.77
6489  21.42
6489  21.06
6489  20.68
6489  20.3
6489  19.89
6489  19.45
6489  18.99
6490  25.55
6490  25.54
6490  25.53
6490  25.52
6490  25.5
6490  25.44
6490  25.36
6490  25.26
6490  25.11
6490  24.93
6490  24.56
6490  23.98
6490  23.47
6490  23.06
6490  22.73
6490  22.42
6490  22.11
6490  21.78
6490  21.42
6490  21.06
6490  20.68
6490  20.3
6490  19.89
6490  19.44
6490  18.99
6491  25.56
6491  25.56
6491  25.55
6491  25.53
6491  25.51
6491  25.45
6491  25.38
6491  25.28
6491  25.13
6491  24.95
6491  24.57
6491  23.99
6491  23.48
6491  23.07
6491  22.73
6491  22.43
6491  22.11
6491  21.78
6491  21.43
6491  21.06
6491  20.68
6491  20.3
6491  19.89
6491  19.44
6491  18.98
6492  25.57
6492  25.57
6492  25.56
6492  25.55
6492  25.53
6492  25.47
6492  25.4
6492  25.3
6492  25.16
6492  24.97
6492  24.59
6492  24
6492  23.49
6492  23.07
6492  22.74
6492  22.43
6492  22.11
6492  21.78
6492  21.42
6492  21.06
6492  20.68
6492  20.29
6492  19.88
6492  19.44
6492  18.98
6493  25.59
6493  25.58
6493  25.57
6493  25.56
6493  25.54
6493  25.48
6493  25.41
6493  25.32
6493  25.18
6493  24.99
6493  24.61
6493  24.02
6493  23.49
6493  23.08
6493  22.74
6493  22.43
6493  22.11
6493  21.78
6493  21.42
6493  21.06
6493  20.68
6493  20.29
6493  19.88
6493  19.43
6493  18.97
6494  25.6
6494  25.6
6494  25.59
6494  25.57
6494  25.55
6494  25.5
6494  25.43
6494  25.33
6494  25.2
6494  25.02
6494  24.63
6494  24.03
6494  23.5
6494  23.08
6494  22.74
6494  22.43
6494  22.11
6494  21.78
6494  21.42
6494  21.06
6494  20.68
6494  20.29
6494  19.88
6494  19.43
6494  18.97
6495  25.61
6495  25.61
6495  25.6
6495  25.59
6495  25.57
6495  25.52
6495  25.45
6495  25.35
6495  25.22
6495  25.04
6495  24.65
6495  24.04
6495  23.51
6495  23.09
6495  22.75
6495  22.43
6495  22.11
6495  21.77
6495  21.42
6495  21.05
6495  20.67
6495  20.28
6495  19.87
6495  19.42
6495  18.96
6496  25.63
6496  25.62
6496  25.61
6496  25.6
6496  25.58
6496  25.53
6496  25.47
6496  25.37
6496  25.23
6496  25.05
6496  24.66
6496  24.05
6496  23.5
6496  23.08
6496  22.74
6496  22.42
6496  22.09
6496  21.76
6496  21.4
6496  21.04
6496  20.65
6496  20.26
6496  19.85
6496  19.4
6496  18.93
6497  25.64
6497  25.64
6497  25.63
6497  25.62
6497  25.6
6497  25.55
6497  25.49
6497  25.39
6497  25.25
6497  25.07
6497  24.67
6497  24.05
6497  23.5
6497  23.08
6497  22.73
6497  22.41
6497  22.08
6497  21.75
6497  21.39
6497  21.02
6497  20.64
6497  20.25
6497  19.83
6497  19.37
6497  18.91
6498  25.66
6498  25.65
6498  25.65
6498  25.63
6498  25.61
6498  25.57
6498  25.5
6498  25.4
6498  25.27
6498  25.08
6498  24.68
6498  24.05
6498  23.51
6498  23.08
6498  22.73
6498  22.41
6498  22.07
6498  21.74
6498  21.38
6498  21.01
6498  20.62
6498  20.23
6498  19.81
6498  19.35
6498  18.89
6499  25.67
6499  25.67
6499  25.66
6499  25.65
6499  25.63
6499  25.58
6499  25.52
6499  25.42
6499  25.28
6499  25.09
6499  24.68
6499  24.05
6499  23.5
6499  23.08
6499  22.72
6499  22.4
6499  22.06
6499  21.73
6499  21.36
6499  21
6499  20.6
6499  20.21
6499  19.79
6499  19.33
6499  18.86
6500  25.69
6500  25.68
6500  25.68
6500  25.66
6500  25.64
6500  25.6
6500  25.54
6500  25.44
6500  25.3
6500  25.1
6500  24.69
6500  24.05
6500  23.5
6500  23.07
6500  22.72
6500  22.39
6500  22.05
6500  21.71
6500  21.34
6500  20.98
6500  20.59
6500  20.19
6500  19.77
6500  19.3
6500  18.83
6501  25.7
6501  25.7
6501  25.69
6501  25.68
6501  25.66
6501  25.61
6501  25.56
6501  25.45
6501  25.31
6501  25.11
6501  24.7
6501  24.06
6501  23.5
6501  23.07
6501  22.71
6501  22.38
6501  22.04
6501  21.7
6501  21.33
6501  20.96
6501  20.57
6501  20.17
6501  19.74
6501  19.28
6501  18.81
6502  25.72
6502  25.72
6502  25.71
6502  25.69
6502  25.68
6502  25.63
6502  25.57
6502  25.47
6502  25.33
6502  25.13
6502  24.7
6502  24.06
6502  23.51
6502  23.07
6502  22.71
6502  22.37
6502  22.03
6502  21.69
6502  21.32
6502  20.95
6502  20.55
6502  20.16
6502  19.73
6502  19.26
6502  18.79
6503  25.73
6503  25.73
6503  25.72
6503  25.71
6503  25.69
6503  25.65
6503  25.59
6503  25.49
6503  25.34
6503  25.14
6503  24.71
6503  24.06
6503  23.51
6503  23.07
6503  22.71
6503  22.37
6503  22.02
6503  21.68
6503  21.31
6503  20.93
6503  20.54
6503  20.14
6503  19.71
6503  19.24
6503  18.77
6504  25.75
6504  25.74
6504  25.73
6504  25.72
6504  25.71
6504  25.66
6504  25.61
6504  25.51
6504  25.36
6504  25.15
6504  24.72
6504  24.07
6504  23.51
6504  23.07
6504  22.7
6504  22.36
6504  22.02
6504  21.67
6504  21.3
6504  20.93
6504  20.53
6504  20.13
6504  19.7
6504  19.23
6504  18.75
6505  25.76
6505  25.76
6505  25.75
6505  25.74
6505  25.72
6505  25.68
6505  25.63
6505  25.52
6505  25.37
6505  25.16
6505  24.73
6505  24.07
6505  23.51
6505  23.07
6505  22.7
6505  22.36
6505  22.01
6505  21.66
6505  21.28
6505  20.91
6505  20.52
6505  20.11
6505  19.68
6505  19.21
6505  18.73
6506  25.78
6506  25.77
6506  25.76
6506  25.75
6506  25.73
6506  25.7
6506  25.64
6506  25.54
6506  25.39
6506  25.17
6506  24.73
6506  24.08
6506  23.52
6506  23.07
6506  22.7
6506  22.35
6506  22
6506  21.65
6506  21.27
6506  20.9
6506  20.5
6506  20.1
6506  19.66
6506  19.19
6506  18.71
6507  25.79
6507  25.79
6507  25.78
6507  25.77
6507  25.75
6507  25.71
6507  25.66
6507  25.56
6507  25.4
6507  25.18
6507  24.74
6507  24.08
6507  23.52
6507  23.07
6507  22.7
6507  22.34
6507  21.99
6507  21.64
6507  21.26
6507  20.89
6507  20.49
6507  20.08
6507  19.65
6507  19.17
6507  18.69
6508  25.81
6508  25.8
6508  25.79
6508  25.78
6508  25.77
6508  25.73
6508  25.68
6508  25.57
6508  25.42
6508  25.19
6508  24.75
6508  24.08
6508  23.52
6508  23.07
6508  22.69
6508  22.34
6508  21.98
6508  21.63
6508  21.25
6508  20.87
6508  20.48
6508  20.07
6508  19.63
6508  19.15
6508  18.67
6509  25.82
6509  25.82
6509  25.81
6509  25.79
6509  25.78
6509  25.75
6509  25.69
6509  25.59
6509  25.43
6509  25.2
6509  24.75
6509  24.09
6509  23.52
6509  23.07
6509  22.69
6509  22.33
6509  21.98
6509  21.62
6509  21.24
6509  20.86
6509  20.47
6509  20.05
6509  19.61
6509  19.14
6509  18.66
6510  25.84
6510  25.83
6510  25.82
6510  25.81
6510  25.79
6510  25.76
6510  25.71
6510  25.61
6510  25.45
6510  25.22
6510  24.76
6510  24.09
6510  23.52
6510  23.07
6510  22.69
6510  22.33
6510  21.97
6510  21.61
6510  21.22
6510  20.85
6510  20.45
6510  20.04
6510  19.6
6510  19.12
6510  18.64
6511  25.85
6511  25.85
6511  25.84
6511  25.83
6511  25.81
6511  25.78
6511  25.73
6511  25.63
6511  25.47
6511  25.23
6511  24.77
6511  24.1
6511  23.53
6511  23.08
6511  22.69
6511  22.32
6511  21.96
6511  21.6
6511  21.22
6511  20.84
6511  20.44
6511  20.03
6511  19.59
6511  19.11
6511  18.63
6512  25.87
6512  25.86
6512  25.85
6512  25.84
6512  25.83
6512  25.8
6512  25.75
6512  25.65
6512  25.49
6512  25.25
6512  24.79
6512  24.12
6512  23.54
6512  23.08
6512  22.69
6512  22.32
6512  21.96
6512  21.59
6512  21.21
6512  20.83
6512  20.43
6512  20.02
6512  19.58
6512  19.1
6512  18.62
6513  25.88
6513  25.88
6513  25.87
6513  25.86
6513  25.84
6513  25.81
6513  25.77
6513  25.67
6513  25.51
6513  25.27
6513  24.8
6513  24.13
6513  23.55
6513  23.09
6513  22.69
6513  22.32
6513  21.95
6513  21.59
6513  21.2
6513  20.82
6513  20.43
6513  20.01
6513  19.57
6513  19.09
6513  18.61
6514  25.9
6514  25.9
6514  25.89
6514  25.87
6514  25.86
6514  25.83
6514  25.79
6514  25.69
6514  25.53
6514  25.28
6514  24.82
6514  24.14
6514  23.55
6514  23.09
6514  22.69
6514  22.32
6514  21.95
6514  21.58
6514  21.2
6514  20.82
6514  20.42
6514  20
6514  19.56
6514  19.09
6514  18.6
6515  25.92
6515  25.91
6515  25.9
6515  25.89
6515  25.87
6515  25.85
6515  25.81
6515  25.71
6515  25.55
6515  25.3
6515  24.83
6515  24.15
6515  23.56
6515  23.09
6515  22.7
6515  22.32
6515  21.95
6515  21.58
6515  21.19
6515  20.81
6515  20.41
6515  20
6515  19.56
6515  19.08
6515  18.59
6516  25.93
6516  25.93
6516  25.92
6516  25.91
6516  25.89
6516  25.87
6516  25.82
6516  25.73
6516  25.57
6516  25.32
6516  24.85
6516  24.16
6516  23.57
6516  23.1
6516  22.7
6516  22.32
6516  21.95
6516  21.57
6516  21.19
6516  20.81
6516  20.41
6516  19.99
6516  19.55
6516  19.07
6516  18.59
6517  25.95
6517  25.95
6517  25.93
6517  25.92
6517  25.91
6517  25.88
6517  25.84
6517  25.75
6517  25.59
6517  25.34
6517  24.86
6517  24.17
6517  23.58
6517  23.1
6517  22.7
6517  22.32
6517  21.94
6517  21.57
6517  21.18
6517  20.8
6517  20.4
6517  19.98
6517  19.55
6517  19.06
6517  18.58
6518  25.97
6518  25.96
6518  25.95
6518  25.93
6518  25.92
6518  25.9
6518  25.86
6518  25.77
6518  25.61
6518  25.36
6518  24.88
6518  24.18
6518  23.58
6518  23.1
6518  22.69
6518  22.31
6518  21.94
6518  21.56
6518  21.18
6518  20.79
6518  20.4
6518  19.98
6518  19.54
6518  19.06
6518  18.58
6519  25.98
6519  25.98
6519  25.97
6519  25.95
6519  25.93
6519  25.91
6519  25.88
6519  25.79
6519  25.63
6519  25.37
6519  24.89
6519  24.19
6519  23.59
6519  23.1
6519  22.69
6519  22.31
6519  21.93
6519  21.56
6519  21.17
6519  20.79
6519  20.4
6519  19.98
6519  19.54
6519  19.06
6519  18.58
6520  25.99
6520  25.99
6520  25.98
6520  25.96
6520  25.95
6520  25.93
6520  25.89
6520  25.8
6520  25.65
6520  25.39
6520  24.91
6520  24.2
6520  23.59
6520  23.1
6520  22.69
6520  22.3
6520  21.93
6520  21.55
6520  21.17
6520  20.79
6520  20.39
6520  19.97
6520  19.54
6520  19.06
6520  18.58
6521  26.01
6521  26.01
6521  25.99
6521  25.98
6521  25.97
6521  25.95
6521  25.91
6521  25.82
6521  25.66
6521  25.4
6521  24.92
6521  24.21
6521  23.6
6521  23.1
6521  22.69
6521  22.3
6521  21.93
6521  21.55
6521  21.16
6521  20.78
6521  20.39
6521  19.97
6521  19.53
6521  19.06
6521  18.58
6522  26.02
6522  26.02
6522  26.01
6522  25.99
6522  25.98
6522  25.96
6522  25.92
6522  25.84
6522  25.68
6522  25.42
6522  24.93
6522  24.22
6522  23.6
6522  23.1
6522  22.68
6522  22.3
6522  21.93
6522  21.55
6522  21.16
6522  20.78
6522  20.39
6522  19.97
6522  19.54
6522  19.06
6522  18.58
6523  26.04
6523  26.03
6523  26.02
6523  26
6523  25.99
6523  25.97
6523  25.94
6523  25.85
6523  25.7
6523  25.44
6523  24.95
6523  24.23
6523  23.61
6523  23.1
6523  22.68
6523  22.3
6523  21.92
6523  21.54
6523  21.16
6523  20.78
6523  20.39
6523  19.97
6523  19.53
6523  19.06
6523  18.58
6524  26.05
6524  26.05
6524  26.03
6524  26.02
6524  26
6524  25.98
6524  25.95
6524  25.87
6524  25.72
6524  25.46
6524  24.97
6524  24.24
6524  23.62
6524  23.1
6524  22.68
6524  22.29
6524  21.92
6524  21.54
6524  21.16
6524  20.77
6524  20.38
6524  19.97
6524  19.53
6524  19.06
6524  18.58
6525  26.06
6525  26.06
6525  26.04
6525  26.03
6525  26.01
6525  26
6525  25.96
6525  25.89
6525  25.73
6525  25.48
6525  24.99
6525  24.26
6525  23.62
6525  23.11
6525  22.68
6525  22.29
6525  21.92
6525  21.54
6525  21.15
6525  20.77
6525  20.38
6525  19.96
6525  19.53
6525  19.06
6525  18.58
6526  26.07
6526  26.07
6526  26.06
6526  26.04
6526  26.03
6526  26.01
6526  25.98
6526  25.9
6526  25.75
6526  25.49
6526  25.01
6526  24.27
6526  23.63
6526  23.11
6526  22.68
6526  22.29
6526  21.92
6526  21.54
6526  21.16
6526  20.77
6526  20.39
6526  19.97
6526  19.54
6526  19.07
6526  18.59
6527  26.08
6527  26.08
6527  26.07
6527  26.05
6527  26.04
6527  26.02
6527  25.99
6527  25.91
6527  25.77
6527  25.51
6527  25.03
6527  24.29
6527  23.64
6527  23.12
6527  22.68
6527  22.3
6527  21.92
6527  21.54
6527  21.16
6527  20.78
6527  20.39
6527  19.97
6527  19.54
6527  19.08
6527  18.6
6528  26.1
6528  26.09
6528  26.08
6528  26.07
6528  26.05
6528  26.04
6528  26
6528  25.93
6528  25.79
6528  25.53
6528  25.05
6528  24.3
6528  23.65
6528  23.12
6528  22.69
6528  22.3
6528  21.92
6528  21.55
6528  21.16
6528  20.78
6528  20.4
6528  19.98
6528  19.55
6528  19.09
6528  18.61
6529  26.11
6529  26.1
6529  26.09
6529  26.08
6529  26.06
6529  26.05
6529  26.02
6529  25.95
6529  25.8
6529  25.55
6529  25.07
6529  24.32
6529  23.66
6529  23.13
6529  22.69
6529  22.3
6529  21.93
6529  21.55
6529  21.17
6529  20.79
6529  20.4
6529  19.99
6529  19.56
6529  19.1
6529  18.62
6530  26.12
6530  26.12
6530  26.1
6530  26.09
6530  26.07
6530  26.06
6530  26.03
6530  25.96
6530  25.82
6530  25.57
6530  25.09
6530  24.33
6530  23.67
6530  23.14
6530  22.7
6530  22.31
6530  21.94
6530  21.56
6530  21.18
6530  20.8
6530  20.42
6530  20
6530  19.58
6530  19.12
6530  18.64
6531  26.13
6531  26.13
6531  26.11
6531  26.1
6531  26.09
6531  26.07
6531  26.05
6531  25.98
6531  25.84
6531  25.6
6531  25.11
6531  24.36
6531  23.68
6531  23.15
6531  22.71
6531  22.32
6531  21.94
6531  21.56
6531  21.19
6531  20.81
6531  20.43
6531  20.01
6531  19.59
6531  19.13
6531  18.66
6532  26.14
6532  26.14
6532  26.13
6532  26.11
6532  26.1
6532  26.08
6532  26.06
6532  25.99
6532  25.86
6532  25.62
6532  25.14
6532  24.37
6532  23.7
6532  23.16
6532  22.71
6532  22.32
6532  21.95
6532  21.57
6532  21.2
6532  20.82
6532  20.44
6532  20.02
6532  19.6
6532  19.14
6532  18.67
6533  26.16
6533  26.15
6533  26.14
6533  26.12
6533  26.11
6533  26.1
6533  26.07
6533  26
6533  25.88
6533  25.64
6533  25.16
6533  24.39
6533  23.71
6533  23.17
6533  22.72
6533  22.33
6533  21.96
6533  21.58
6533  21.2
6533  20.82
6533  20.45
6533  20.03
6533  19.61
6533  19.15
6533  18.68
6534  26.17
6534  26.16
6534  26.15
6534  26.14
6534  26.12
6534  26.11
6534  26.08
6534  26.02
6534  25.89
6534  25.66
6534  25.18
6534  24.41
6534  23.72
6534  23.17
6534  22.73
6534  22.34
6534  21.96
6534  21.58
6534  21.21
6534  20.83
6534  20.45
6534  20.04
6534  19.62
6534  19.16
6534  18.68
6535  26.18
6535  26.17
6535  26.16
6535  26.15
6535  26.13
6535  26.12
6535  26.09
6535  26.04
6535  25.91
6535  25.68
6535  25.21
6535  24.43
6535  23.73
6535  23.18
6535  22.73
6535  22.34
6535  21.96
6535  21.59
6535  21.21
6535  20.84
6535  20.46
6535  20.04
6535  19.63
6535  19.17
6535  18.69
6536  26.19
6536  26.18
6536  26.17
6536  26.16
6536  26.14
6536  26.13
6536  26.11
6536  26.05
6536  25.93
6536  25.7
6536  25.23
6536  24.45
6536  23.74
6536  23.19
6536  22.73
6536  22.34
6536  21.97
6536  21.59
6536  21.22
6536  20.84
6536  20.46
6536  20.05
6536  19.63
6536  19.18
6536  18.7
6537  26.2
6537  26.19
6537  26.18
6537  26.17
6537  26.15
6537  26.14
6537  26.12
6537  26.06
6537  25.94
6537  25.72
6537  25.25
6537  24.46
6537  23.75
6537  23.19
6537  22.74
6537  22.34
6537  21.97
6537  21.59
6537  21.22
6537  20.84
6537  20.46
6537  20.05
6537  19.63
6537  19.18
6537  18.7
6538  26.21
6538  26.2
6538  26.19
6538  26.18
6538  26.16
6538  26.15
6538  26.13
6538  26.07
6538  25.96
6538  25.74
6538  25.27
6538  24.48
6538  23.76
6538  23.2
6538  22.74
6538  22.35
6538  21.97
6538  21.59
6538  21.22
6538  20.84
6538  20.46
6538  20.05
6538  19.63
6538  19.18
6538  18.7
6539  26.22
6539  26.21
6539  26.2
6539  26.18
6539  26.17
6539  26.16
6539  26.14
6539  26.08
6539  25.97
6539  25.75
6539  25.3
6539  24.5
6539  23.77
6539  23.21
6539  22.75
6539  22.35
6539  21.97
6539  21.59
6539  21.22
6539  20.84
6539  20.46
6539  20.05
6539  19.63
6539  19.18
6539  18.7
6540  26.23
6540  26.22
6540  26.21
6540  26.2
6540  26.18
6540  26.17
6540  26.15
6540  26.1
6540  25.98
6540  25.77
6540  25.32
6540  24.51
6540  23.78
6540  23.21
6540  22.75
6540  22.35
6540  21.97
6540  21.59
6540  21.22
6540  20.84
6540  20.46
6540  20.05
6540  19.64
6540  19.18
6540  18.7
6541  26.24
6541  26.23
6541  26.22
6541  26.21
6541  26.19
6541  26.18
6541  26.16
6541  26.11
6541  26
6541  25.79
6541  25.34
6541  24.53
6541  23.79
6541  23.22
6541  22.75
6541  22.35
6541  21.97
6541  21.59
6541  21.22
6541  20.84
6541  20.46
6541  20.05
6541  19.64
6541  19.18
6541  18.7
6542  26.25
6542  26.24
6542  26.23
6542  26.22
6542  26.2
6542  26.19
6542  26.17
6542  26.12
6542  26.01
6542  25.8
6542  25.36
6542  24.55
6542  23.8
6542  23.23
6542  22.75
6542  22.35
6542  21.97
6542  21.59
6542  21.22
6542  20.84
6542  20.46
6542  20.05
6542  19.63
6542  19.18
6542  18.7
6543  26.26
6543  26.25
6543  26.24
6543  26.23
6543  26.21
6543  26.2
6543  26.18
6543  26.13
6543  26.02
6543  25.82
6543  25.37
6543  24.56
6543  23.81
6543  23.23
6543  22.76
6543  22.36
6543  21.97
6543  21.59
6543  21.23
6543  20.85
6543  20.46
6543  20.05
6543  19.64
6543  19.19
6543  18.71
6544  26.27
6544  26.26
6544  26.25
6544  26.24
6544  26.22
6544  26.21
6544  26.19
6544  26.14
6544  26.04
6544  25.83
6544  25.39
6544  24.58
6544  23.82
6544  23.24
6544  22.76
6544  22.36
6544  21.98
6544  21.6
6544  21.23
6544  20.85
6544  20.46
6544  20.06
6544  19.64
6544  19.19
6544  18.72
6545  26.28
6545  26.27
6545  26.26
6545  26.24
6545  26.23
6545  26.22
6545  26.2
6545  26.15
6545  26.05
6545  25.85
6545  25.41
6545  24.6
6545  23.83
6545  23.25
6545  22.77
6545  22.36
6545  21.98
6545  21.6
6545  21.23
6545  20.86
6545  20.47
6545  20.06
6545  19.65
6545  19.2
6545  18.72
6546  26.29
6546  26.28
6546  26.27
6546  26.26
6546  26.24
6546  26.23
6546  26.21
6546  26.16
6546  26.06
6546  25.86
6546  25.42
6546  24.61
6546  23.84
6546  23.25
6546  22.77
6546  22.36
6546  21.98
6546  21.6
6546  21.24
6546  20.86
6546  20.47
6546  20.06
6546  19.65
6546  19.2
6546  18.73
6547  26.3
6547  26.29
6547  26.28
6547  26.26
6547  26.25
6547  26.24
6547  26.22
6547  26.17
6547  26.07
6547  25.88
6547  25.44
6547  24.63
6547  23.86
6547  23.27
6547  22.78
6547  22.37
6547  21.99
6547  21.61
6547  21.24
6547  20.86
6547  20.47
6547  20.07
6547  19.66
6547  19.21
6547  18.73
6548  26.3
6548  26.3
6548  26.28
6548  26.27
6548  26.26
6548  26.25
6548  26.23
6548  26.18
6548  26.08
6548  25.89
6548  25.46
6548  24.65
6548  23.88
6548  23.28
6548  22.79
6548  22.38
6548  21.99
6548  21.61
6548  21.25
6548  20.87
6548  20.48
6548  20.07
6548  19.66
6548  19.21
6548  18.74
6549  26.31
6549  26.31
6549  26.29
6549  26.28
6549  26.27
6549  26.25
6549  26.23
6549  26.19
6549  26.09
6549  25.9
6549  25.48
6549  24.67
6549  23.89
6549  23.29
6549  22.79
6549  22.38
6549  22
6549  21.62
6549  21.25
6549  20.87
6549  20.48
6549  20.07
6549  19.66
6549  19.22
6549  18.74
6550  26.32
6550  26.31
6550  26.3
6550  26.29
6550  26.28
6550  26.26
6550  26.24
6550  26.2
6550  26.1
6550  25.92
6550  25.49
6550  24.69
6550  23.91
6550  23.3
6550  22.8
6550  22.39
6550  22.01
6550  21.63
6550  21.26
6550  20.88
6550  20.48
6550  20.08
6550  19.67
6550  19.22
6550  18.75
6551  26.33
6551  26.32
6551  26.31
6551  26.3
6551  26.29
6551  26.27
6551  26.25
6551  26.21
6551  26.11
6551  25.93
6551  25.51
6551  24.71
6551  23.92
6551  23.31
6551  22.81
6551  22.4
6551  22.01
6551  21.63
6551  21.27
6551  20.88
6551  20.49
6551  20.08
6551  19.67
6551  19.23
6551  18.75
6552  26.34
6552  26.33
6552  26.32
6552  26.31
6552  26.3
6552  26.28
6552  26.26
6552  26.22
6552  26.12
6552  25.95
6552  25.53
6552  24.73
6552  23.94
6552  23.33
6552  22.82
6552  22.4
6552  22.02
6552  21.64
6552  21.27
6552  20.89
6552  20.49
6552  20.09
6552  19.68
6552  19.23
6552  18.76
6553  26.34
6553  26.34
6553  26.33
6553  26.31
6553  26.3
6553  26.29
6553  26.27
6553  26.23
6553  26.13
6553  25.96
6553  25.54
6553  24.75
6553  23.96
6553  23.34
6553  22.83
6553  22.41
6553  22.02
6553  21.64
6553  21.28
6553  20.89
6553  20.49
6553  20.09
6553  19.68
6553  19.24
6553  18.76
6554  26.35
6554  26.34
6554  26.33
6554  26.32
6554  26.31
6554  26.3
6554  26.27
6554  26.23
6554  26.14
6554  25.97
6554  25.56
6554  24.77
6554  23.97
6554  23.35
6554  22.84
6554  22.42
6554  22.03
6554  21.65
6554  21.28
6554  20.89
6554  20.49
6554  20.09
6554  19.68
6554  19.24
6554  18.76
6555  26.36
6555  26.35
6555  26.34
6555  26.33
6555  26.32
6555  26.3
6555  26.28
6555  26.24
6555  26.15
6555  25.98
6555  25.58
6555  24.79
6555  23.99
6555  23.37
6555  22.84
6555  22.42
6555  22.03
6555  21.65
6555  21.28
6555  20.9
6555  20.49
6555  20.09
6555  19.68
6555  19.24
6555  18.76
6556  26.37
6556  26.36
6556  26.35
6556  26.34
6556  26.32
6556  26.31
6556  26.29
6556  26.25
6556  26.16
6556  26
6556  25.6
6556  24.81
6556  24.01
6556  23.38
6556  22.85
6556  22.43
6556  22.04
6556  21.66
6556  21.29
6556  20.9
6556  20.49
6556  20.09
6556  19.68
6556  19.24
6556  18.76
6557  26.37
6557  26.37
6557  26.35
6557  26.34
6557  26.33
6557  26.32
6557  26.29
6557  26.25
6557  26.17
6557  26.01
6557  25.62
6557  24.83
6557  24.03
6557  23.39
6557  22.86
6557  22.44
6557  22.04
6557  21.66
6557  21.29
6557  20.9
6557  20.49
6557  20.09
6557  19.68
6557  19.24
6557  18.76
6558  26.38
6558  26.37
6558  26.36
6558  26.35
6558  26.34
6558  26.32
6558  26.3
6558  26.26
6558  26.18
6558  26.02
6558  25.64
6558  24.86
6558  24.05
6558  23.41
6558  22.87
6558  22.44
6558  22.05
6558  21.66
6558  21.29
6558  20.9
6558  20.49
6558  20.09
6558  19.68
6558  19.23
6558  18.76
6559  26.38
6559  26.38
6559  26.36
6559  26.35
6559  26.34
6559  26.33
6559  26.3
6559  26.26
6559  26.18
6559  26.03
6559  25.65
6559  24.87
6559  24.07
6559  23.42
6559  22.88
6559  22.45
6559  22.05
6559  21.67
6559  21.29
6559  20.9
6559  20.49
6559  20.09
6559  19.68
6559  19.23
6559  18.76
6560  26.39
6560  26.38
6560  26.37
6560  26.36
6560  26.34
6560  26.33
6560  26.31
6560  26.27
6560  26.19
6560  26.04
6560  25.66
6560  24.89
6560  24.09
6560  23.43
6560  22.89
6560  22.45
6560  22.06
6560  21.67
6560  21.3
6560  20.9
6560  20.49
6560  20.09
6560  19.68
6560  19.24
6560  18.76
6561  26.39
6561  26.38
6561  26.37
6561  26.36
6561  26.35
6561  26.33
6561  26.31
6561  26.27
6561  26.19
6561  26.05
6561  25.68
6561  24.91
6561  24.1
6561  23.45
6561  22.9
6561  22.46
6561  22.06
6561  21.67
6561  21.3
6561  20.9
6561  20.49
6561  20.09
6561  19.68
6561  19.24
6561  18.76
6562  26.39
6562  26.38
6562  26.37
6562  26.36
6562  26.35
6562  26.33
6562  26.31
6562  26.27
6562  26.19
6562  26.05
6562  25.69
6562  24.93
6562  24.12
6562  23.46
6562  22.91
6562  22.47
6562  22.07
6562  21.68
6562  21.3
6562  20.9
6562  20.49
6562  20.09
6562  19.68
6562  19.24
6562  18.76
6563  26.39
6563  26.39
6563  26.37
6563  26.36
6563  26.35
6563  26.34
6563  26.31
6563  26.28
6563  26.2
6563  26.06
6563  25.7
6563  24.95
6563  24.14
6563  23.48
6563  22.91
6563  22.47
6563  22.07
6563  21.68
6563  21.3
6563  20.9
6563  20.48
6563  20.08
6563  19.68
6563  19.23
6563  18.76
6564  26.4
6564  26.39
6564  26.38
6564  26.37
6564  26.36
6564  26.34
6564  26.32
6564  26.28
6564  26.2
6564  26.07
6564  25.72
6564  24.97
6564  24.16
6564  23.49
6564  22.92
6564  22.48
6564  22.07
6564  21.68
6564  21.3
6564  20.9
6564  20.48
6564  20.08
6564  19.68
6564  19.23
6564  18.76
6565  26.4
6565  26.39
6565  26.38
6565  26.37
6565  26.36
6565  26.34
6565  26.32
6565  26.28
6565  26.21
6565  26.07
6565  25.73
6565  24.99
6565  24.18
6565  23.51
6565  22.93
6565  22.48
6565  22.08
6565  21.68
6565  21.3
6565  20.9
6565  20.48
6565  20.08
6565  19.67
6565  19.23
6565  18.76
6566  26.4
6566  26.39
6566  26.38
6566  26.37
6566  26.36
6566  26.34
6566  26.32
6566  26.28
6566  26.21
6566  26.08
6566  25.74
6566  25
6566  24.19
6566  23.51
6566  22.93
6566  22.48
6566  22.08
6566  21.68
6566  21.3
6566  20.9
6566  20.48
6566  20.08
6566  19.68
6566  19.24
6566  18.77
6567  26.4
6567  26.39
6567  26.38
6567  26.37
6567  26.36
6567  26.34
6567  26.32
6567  26.28
6567  26.21
6567  26.08
6567  25.75
6567  25.02
6567  24.2
6567  23.52
6567  22.93
6567  22.48
6567  22.07
6567  21.68
6567  21.3
6567  20.9
6567  20.48
6567  20.08
6567  19.68
6567  19.24
6567  18.77
6568  26.4
6568  26.39
6568  26.38
6568  26.37
6568  26.36
6568  26.35
6568  26.32
6568  26.29
6568  26.21
6568  26.08
6568  25.75
6568  25.02
6568  24.21
6568  23.52
6568  22.94
6568  22.48
6568  22.07
6568  21.68
6568  21.3
6568  20.9
6568  20.48
6568  20.08
6568  19.67
6568  19.24
6568  18.77
6569  26.4
6569  26.39
6569  26.38
6569  26.37
6569  26.36
6569  26.34
6569  26.32
6569  26.28
6569  26.21
6569  26.08
6569  25.76
6569  25.03
6569  24.21
6569  23.53
6569  22.94
6569  22.48
6569  22.07
6569  21.67
6569  21.29
6569  20.9
6569  20.48
6569  20.08
6569  19.67
6569  19.23
6569  18.77
6570  26.4
6570  26.39
6570  26.37
6570  26.37
6570  26.35
6570  26.34
6570  26.32
6570  26.28
6570  26.21
6570  26.09
6570  25.77
6570  25.04
6570  24.22
6570  23.53
6570  22.94
6570  22.48
6570  22.07
6570  21.67
6570  21.29
6570  20.9
6570  20.48
6570  20.08
6570  19.68
6570  19.24
6570  18.77
6571  26.39
6571  26.38
6571  26.37
6571  26.36
6571  26.35
6571  26.33
6571  26.31
6571  26.28
6571  26.21
6571  26.09
6571  25.78
6571  25.06
6571  24.23
6571  23.54
6571  22.94
6571  22.48
6571  22.07
6571  21.67
6571  21.29
6571  20.89
6571  20.48
6571  20.08
6571  19.68
6571  19.23
6571  18.77
6572  26.39
6572  26.38
6572  26.36
6572  26.36
6572  26.34
6572  26.33
6572  26.31
6572  26.27
6572  26.21
6572  26.09
6572  25.79
6572  25.07
6572  24.25
6572  23.54
6572  22.95
6572  22.48
6572  22.07
6572  21.67
6572  21.29
6572  20.89
6572  20.48
6572  20.08
6572  19.67
6572  19.23
6572  18.76
6573  26.38
6573  26.37
6573  26.36
6573  26.35
6573  26.34
6573  26.32
6573  26.3
6573  26.27
6573  26.21
6573  26.09
6573  25.79
6573  25.08
6573  24.26
6573  23.55
6573  22.95
6573  22.48
6573  22.06
6573  21.66
6573  21.28
6573  20.89
6573  20.48
6573  20.08
6573  19.67
6573  19.23
6573  18.76
6574  26.37
6574  26.36
6574  26.35
6574  26.34
6574  26.33
6574  26.32
6574  26.3
6574  26.26
6574  26.21
6574  26.09
6574  25.8
6574  25.09
6574  24.27
6574  23.56
6574  22.95
6574  22.48
6574  22.06
6574  21.66
6574  21.28
6574  20.88
6574  20.47
6574  20.08
6574  19.67
6574  19.22
6574  18.75
6575  26.37
6575  26.36
6575  26.34
6575  26.34
6575  26.32
6575  26.31
6575  26.29
6575  26.26
6575  26.2
6575  26.09
6575  25.8
6575  25.1
6575  24.27
6575  23.56
6575  22.95
6575  22.48
6575  22.06
6575  21.66
6575  21.27
6575  20.88
6575  20.47
6575  20.07
6575  19.66
6575  19.22
6575  18.75
6576  26.36
6576  26.35
6576  26.33
6576  26.33
6576  26.32
6576  26.3
6576  26.28
6576  26.25
6576  26.2
6576  26.08
6576  25.8
6576  25.11
6576  24.28
6576  23.56
6576  22.95
6576  22.48
6576  22.05
6576  21.65
6576  21.26
6576  20.87
6576  20.47
6576  20.07
6576  19.66
6576  19.21
6576  18.74
6577  26.35
6577  26.34
6577  26.32
6577  26.31
6577  26.3
6577  26.29
6577  26.27
6577  26.24
6577  26.19
6577  26.08
6577  25.8
6577  25.11
6577  24.28
6577  23.56
6577  22.95
6577  22.47
6577  22.04
6577  21.64
6577  21.25
6577  20.86
6577  20.46
6577  20.06
6577  19.65
6577  19.2
6577  18.73
6578  26.34
6578  26.32
6578  26.31
6578  26.3
6578  26.29
6578  26.28
6578  26.26
6578  26.23
6578  26.18
6578  26.07
6578  25.8
6578  25.11
6578  24.28
6578  23.56
6578  22.94
6578  22.47
6578  22.04
6578  21.63
6578  21.25
6578  20.86
6578  20.45
6578  20.06
6578  19.64
6578  19.2
6578  18.72
6579  26.32
6579  26.32
6579  26.3
6579  26.29
6579  26.28
6579  26.27
6579  26.25
6579  26.22
6579  26.17
6579  26.06
6579  25.8
6579  25.11
6579  24.28
6579  23.56
6579  22.94
6579  22.46
6579  22.03
6579  21.62
6579  21.24
6579  20.85
6579  20.45
6579  20.05
6579  19.64
6579  19.19
6579  18.71
6580  26.31
6580  26.3
6580  26.29
6580  26.28
6580  26.27
6580  26.26
6580  26.24
6580  26.21
6580  26.16
6580  26.06
6580  25.79
6580  25.11
6580  24.29
6580  23.55
6580  22.93
6580  22.45
6580  22.02
6580  21.62
6580  21.23
6580  20.84
6580  20.44
6580  20.04
6580  19.63
6580  19.18
6580  18.7
6581  26.3
6581  26.29
6581  26.28
6581  26.27
6581  26.26
6581  26.25
6581  26.23
6581  26.2
6581  26.16
6581  26.05
6581  25.79
6581  25.11
6581  24.29
6581  23.55
6581  22.93
6581  22.45
6581  22.01
6581  21.61
6581  21.22
6581  20.83
6581  20.43
6581  20.04
6581  19.62
6581  19.17
6581  18.69
6582  26.29
6582  26.28
6582  26.27
6582  26.26
6582  26.25
6582  26.24
6582  26.22
6582  26.2
6582  26.15
6582  26.04
6582  25.78
6582  25.11
6582  24.29
6582  23.55
6582  22.92
6582  22.44
6582  22
6582  21.6
6582  21.21
6582  20.82
6582  20.43
6582  20.03
6582  19.61
6582  19.16
6582  18.68
6583  26.28
6583  26.27
6583  26.25
6583  26.25
6583  26.24
6583  26.22
6583  26.21
6583  26.18
6583  26.14
6583  26.03
6583  25.78
6583  25.11
6583  24.28
6583  23.54
6583  22.92
6583  22.43
6583  21.99
6583  21.59
6583  21.2
6583  20.82
6583  20.42
6583  20.03
6583  19.61
6583  19.16
6583  18.68
6584  26.26
6584  26.25
6584  26.24
6584  26.23
6584  26.22
6584  26.21
6584  26.2
6584  26.17
6584  26.13
6584  26.02
6584  25.77
6584  25.11
6584  24.28
6584  23.54
6584  22.91
6584  22.43
6584  21.99
6584  21.58
6584  21.19
6584  20.81
6584  20.42
6584  20.02
6584  19.61
6584  19.16
6584  18.67
6585  26.25
6585  26.24
6585  26.23
6585  26.22
6585  26.21
6585  26.2
6585  26.19
6585  26.16
6585  26.12
6585  26.02
6585  25.77
6585  25.1
6585  24.27
6585  23.53
6585  22.9
6585  22.42
6585  21.98
6585  21.57
6585  21.18
6585  20.81
6585  20.42
6585  20.02
6585  19.61
6585  19.15
6585  18.67
6586  26.24
6586  26.23
6586  26.21
6586  26.21
6586  26.2
6586  26.19
6586  26.18
6586  26.15
6586  26.11
6586  26.01
6586  25.76
6586  25.1
6586  24.27
6586  23.53
6586  22.9
6586  22.41
6586  21.97
6586  21.57
6586  21.18
6586  20.8
6586  20.41
6586  20.02
6586  19.6
6586  19.15
6586  18.66
6587  26.22
6587  26.21
6587  26.2
6587  26.19
6587  26.18
6587  26.17
6587  26.16
6587  26.14
6587  26.09
6587  26
6587  25.75
6587  25.09
6587  24.27
6587  23.52
6587  22.89
6587  22.4
6587  21.96
6587  21.56
6587  21.17
6587  20.8
6587  20.41
6587  20.02
6587  19.61
6587  19.15
6587  18.66
6588  26.21
6588  26.2
6588  26.18
6588  26.18
6588  26.17
6588  26.16
6588  26.15
6588  26.13
6588  26.08
6588  25.99
6588  25.74
6588  25.09
6588  24.26
6588  23.52
6588  22.89
6588  22.4
6588  21.95
6588  21.55
6588  21.16
6588  20.79
6588  20.41
6588  20.02
6588  19.6
6588  19.15
6588  18.66
6589  26.19
6589  26.18
6589  26.17
6589  26.16
6589  26.15
6589  26.14
6589  26.13
6589  26.11
6589  26.07
6589  25.97
6589  25.73
6589  25.08
6589  24.26
6589  23.51
6589  22.88
6589  22.38
6589  21.94
6589  21.54
6589  21.15
6589  20.78
6589  20.39
6589  20
6589  19.59
6589  19.13
6589  18.64
6590  26.18
6590  26.17
6590  26.15
6590  26.15
6590  26.14
6590  26.13
6590  26.12
6590  26.1
6590  26.06
6590  25.96
6590  25.72
6590  25.07
6590  24.25
6590  23.5
6590  22.86
6590  22.37
6590  21.92
6590  21.52
6590  21.13
6590  20.76
6590  20.38
6590  19.99
6590  19.57
6590  19.11
6590  18.62
6591  26.16
6591  26.15
6591  26.14
6591  26.13
6591  26.12
6591  26.11
6591  26.1
6591  26.08
6591  26.04
6591  25.95
6591  25.71
6591  25.06
6591  24.24
6591  23.49
6591  22.85
6591  22.36
6591  21.91
6591  21.5
6591  21.11
6591  20.75
6591  20.36
6591  19.98
6591  19.56
6591  19.09
6591  18.6
6592  26.14
6592  26.13
6592  26.12
6592  26.11
6592  26.1
6592  26.1
6592  26.09
6592  26.07
6592  26.03
6592  25.93
6592  25.7
6592  25.06
6592  24.24
6592  23.5
6592  22.85
6592  22.35
6592  21.89
6592  21.49
6592  21.1
6592  20.73
6592  20.35
6592  19.96
6592  19.54
6592  19.07
6592  18.57
6593  26.12
6593  26.11
6593  26.1
6593  26.09
6593  26.08
6593  26.08
6593  26.07
6593  26.05
6593  26.01
6593  25.92
6593  25.68
6593  25.06
6593  24.24
6593  23.49
6593  22.84
6593  22.34
6593  21.88
6593  21.47
6593  21.08
6593  20.71
6593  20.33
6593  19.94
6593  19.52
6593  19.05
6593  18.55
6594  26.1
6594  26.09
6594  26.08
6594  26.07
6594  26.07
6594  26.06
6594  26.05
6594  26.03
6594  25.99
6594  25.91
6594  25.68
6594  25.05
6594  24.24
6594  23.49
6594  22.84
6594  22.33
6594  21.86
6594  21.45
6594  21.06
6594  20.7
6594  20.31
6594  19.92
6594  19.5
6594  19.03
6594  18.53
6595  26.08
6595  26.07
6595  26.06
6595  26.05
6595  26.04
6595  26.04
6595  26.03
6595  26.01
6595  25.98
6595  25.89
6595  25.66
6595  25.05
6595  24.24
6595  23.49
6595  22.84
6595  22.32
6595  21.86
6595  21.44
6595  21.05
6595  20.68
6595  20.3
6595  19.91
6595  19.48
6595  19.01
6595  18.51
6596  26.06
6596  26.05
6596  26.03
6596  26.03
6596  26.02
6596  26.01
6596  26.01
6596  25.99
6596  25.96
6596  25.88
6596  25.66
6596  25.05
6596  24.25
6596  23.5
6596  22.84
6596  22.32
6596  21.85
6596  21.43
6596  21.04
6596  20.67
6596  20.29
6596  19.89
6596  19.47
6596  18.99
6596  18.49
6597  26.03
6597  26.02
6597  26.01
6597  26
6597  26
6597  25.99
6597  25.99
6597  25.97
6597  25.94
6597  25.86
6597  25.65
6597  25.05
6597  24.25
6597  23.5
6597  22.84
6597  22.31
6597  21.84
6597  21.43
6597  21.03
6597  20.66
6597  20.28
6597  19.88
6597  19.45
6597  18.98
6597  18.47
6598  26.01
6598  26
6598  25.99
6598  25.98
6598  25.98
6598  25.97
6598  25.97
6598  25.95
6598  25.92
6598  25.84
6598  25.64
6598  25.05
6598  24.26
6598  23.51
6598  22.84
6598  22.31
6598  21.84
6598  21.42
6598  21.02
6598  20.65
6598  20.27
6598  19.87
6598  19.44
6598  18.96
6598  18.45
6599  25.99
6599  25.98
6599  25.97
6599  25.96
6599  25.96
6599  25.95
6599  25.95
6599  25.93
6599  25.9
6599  25.83
6599  25.63
6599  25.05
6599  24.27
6599  23.52
6599  22.85
6599  22.31
6599  21.83
6599  21.41
6599  21.02
6599  20.64
6599  20.26
6599  19.86
6599  19.43
6599  18.95
6599  18.43
6600  25.97
6600  25.96
6600  25.95
6600  25.94
6600  25.93
6600  25.93
6600  25.93
6600  25.91
6600  25.89
6600  25.81
6600  25.62
6600  25.05
6600  24.28
6600  23.52
6600  22.85
6600  22.31
6600  21.83
6600  21.4
6600  21.01
6600  20.64
6600  20.25
6600  19.85
6600  19.41
6600  18.93
6600  18.41
6601  25.95
6601  25.94
6601  25.93
6601  25.92
6601  25.91
6601  25.91
6601  25.91
6601  25.89
6601  25.87
6601  25.8
6601  25.61
6601  25.04
6601  24.28
6601  23.53
6601  22.85
6601  22.31
6601  21.82
6601  21.39
6601  21
6601  20.62
6601  20.23
6601  19.84
6601  19.4
6601  18.92
6601  18.4
6602  25.92
6602  25.92
6602  25.91
6602  25.9
6602  25.89
6602  25.89
6602  25.89
6602  25.87
6602  25.85
6602  25.78
6602  25.6
6602  25.04
6602  24.28
6602  23.53
6602  22.85
6602  22.3
6602  21.81
6602  21.39
6602  20.99
6602  20.61
6602  20.23
6602  19.82
6602  19.38
6602  18.9
6602  18.38
6603  25.9
6603  25.89
6603  25.88
6603  25.88
6603  25.87
6603  25.87
6603  25.86
6603  25.85
6603  25.83
6603  25.76
6603  25.59
6603  25.03
6603  24.29
6603  23.54
6603  22.85
6603  22.3
6603  21.81
6603  21.38
6603  20.98
6603  20.61
6603  20.21
6603  19.81
6603  19.37
6603  18.89
6603  18.36
6604  25.88
6604  25.87
6604  25.86
6604  25.86
6604  25.85
6604  25.85
6604  25.84
6604  25.83
6604  25.81
6604  25.75
6604  25.57
6604  25.03
6604  24.29
6604  23.54
6604  22.86
6604  22.3
6604  21.8
6604  21.37
6604  20.97
6604  20.6
6604  20.2
6604  19.8
6604  19.36
6604  18.87
6604  18.34
6605  25.86
6605  25.85
6605  25.84
6605  25.83
6605  25.83
6605  25.82
6605  25.82
6605  25.81
6605  25.79
6605  25.73
6605  25.56
6605  25.02
6605  24.3
6605  23.55
6605  22.86
6605  22.3
6605  21.8
6605  21.36
6605  20.97
6605  20.59
6605  20.2
6605  19.79
6605  19.35
6605  18.86
6605  18.33
6606  25.84
6606  25.83
6606  25.82
6606  25.81
6606  25.81
6606  25.8
6606  25.8
6606  25.79
6606  25.77
6606  25.71
6606  25.54
6606  25.02
6606  24.3
6606  23.56
6606  22.87
6606  22.3
6606  21.8
6606  21.36
6606  20.96
6606  20.58
6606  20.19
6606  19.78
6606  19.34
6606  18.84
6606  18.32
6607  25.82
6607  25.81
6607  25.8
6607  25.79
6607  25.79
6607  25.78
6607  25.78
6607  25.77
6607  25.75
6607  25.69
6607  25.53
6607  25.02
6607  24.31
6607  23.57
6607  22.88
6607  22.3
6607  21.8
6607  21.36
6607  20.96
6607  20.58
6607  20.18
6607  19.77
6607  19.32
6607  18.83
6607  18.3
6608  25.79
6608  25.79
6608  25.78
6608  25.77
6608  25.77
6608  25.76
6608  25.76
6608  25.75
6608  25.73
6608  25.67
6608  25.52
6608  25.02
6608  24.32
6608  23.58
6608  22.89
6608  22.31
6608  21.8
6608  21.35
6608  20.95
6608  20.57
6608  20.17
6608  19.77
6608  19.31
6608  18.82
6608  18.29
6609  25.77
6609  25.76
6609  25.75
6609  25.75
6609  25.74
6609  25.74
6609  25.74
6609  25.73
6609  25.7
6609  25.65
6609  25.5
6609  25.01
6609  24.33
6609  23.59
6609  22.89
6609  22.31
6609  21.8
6609  21.35
6609  20.95
6609  20.57
6609  20.17
6609  19.76
6609  19.3
6609  18.81
6609  18.28
6610  25.75
6610  25.74
6610  25.73
6610  25.73
6610  25.72
6610  25.72
6610  25.71
6610  25.7
6610  25.68
6610  25.63
6610  25.48
6610  25
6610  24.33
6610  23.6
6610  22.9
6610  22.31
6610  21.79
6610  21.34
6610  20.94
6610  20.56
6610  20.16
6610  19.75
6610  19.29
6610  18.8
6610  18.27
6611  25.72
6611  25.72
6611  25.71
6611  25.7
6611  25.7
6611  25.69
6611  25.69
6611  25.68
6611  25.66
6611  25.61
6611  25.47
6611  25
6611  24.34
6611  23.61
6611  22.91
6611  22.31
6611  21.79
6611  21.34
6611  20.94
6611  20.55
6611  20.15
6611  19.74
6611  19.28
6611  18.79
6611  18.26
6612  25.7
6612  25.69
6612  25.68
6612  25.68
6612  25.67
6612  25.67
6612  25.66
6612  25.66
6612  25.64
6612  25.59
6612  25.45
6612  24.99
6612  24.35
6612  23.63
6612  22.92
6612  22.32
6612  21.79
6612  21.33
6612  20.93
6612  20.55
6612  20.14
6612  19.73
6612  19.27
6612  18.78
6612  18.25
6613  25.68
6613  25.67
6613  25.66
6613  25.66
6613  25.65
6613  25.65
6613  25.64
6613  25.63
6613  25.61
6613  25.57
6613  25.43
6613  24.99
6613  24.35
6613  23.64
6613  22.93
6613  22.32
6613  21.79
6613  21.33
6613  20.93
6613  20.54
6613  20.14
6613  19.72
6613  19.27
6613  18.77
6613  18.24
6614  25.65
6614  25.64
6614  25.64
6614  25.63
6614  25.62
6614  25.62
6614  25.62
6614  25.61
6614  25.59
6614  25.54
6614  25.41
6614  24.98
6614  24.36
6614  23.65
6614  22.94
6614  22.32
6614  21.79
6614  21.32
6614  20.92
6614  20.53
6614  20.13
6614  19.72
6614  19.26
6614  18.76
6614  18.23
6615  25.62
6615  25.62
6615  25.61
6615  25.6
6615  25.6
6615  25.59
6615  25.59
6615  25.58
6615  25.56
6615  25.52
6615  25.39
6615  24.97
6615  24.36
6615  23.66
6615  22.95
6615  22.33
6615  21.79
6615  21.32
6615  20.92
6615  20.53
6615  20.13
6615  19.71
6615  19.25
6615  18.76
6615  18.23
6616  25.59
6616  25.59
6616  25.58
6616  25.57
6616  25.57
6616  25.57
6616  25.56
6616  25.55
6616  25.53
6616  25.49
6616  25.36
6616  24.95
6616  24.37
6616  23.68
6616  22.96
6616  22.34
6616  21.8
6616  21.33
6616  20.93
6616  20.54
6616  20.13
6616  19.72
6616  19.26
6616  18.77
6616  18.24
6617  25.56
6617  25.56
6617  25.55
6617  25.55
6617  25.54
6617  25.54
6617  25.53
6617  25.52
6617  25.5
6617  25.46
6617  25.34
6617  24.94
6617  24.37
6617  23.69
6617  22.98
6617  22.35
6617  21.81
6617  21.34
6617  20.93
6617  20.54
6617  20.14
6617  19.72
6617  19.26
6617  18.77
6617  18.24
6618  25.54
6618  25.53
6618  25.52
6618  25.52
6618  25.51
6618  25.51
6618  25.5
6618  25.49
6618  25.48
6618  25.43
6618  25.32
6618  24.93
6618  24.38
6618  23.71
6618  23
6618  22.36
6618  21.82
6618  21.34
6618  20.94
6618  20.54
6618  20.14
6618  19.73
6618  19.26
6618  18.77
6618  18.25
6619  25.51
6619  25.5
6619  25.5
6619  25.49
6619  25.48
6619  25.48
6619  25.47
6619  25.47
6619  25.45
6619  25.41
6619  25.29
6619  24.91
6619  24.38
6619  23.73
6619  23.01
6619  22.38
6619  21.83
6619  21.35
6619  20.94
6619  20.55
6619  20.14
6619  19.73
6619  19.27
6619  18.78
6619  18.26
6620  25.48
6620  25.47
6620  25.47
6620  25.46
6620  25.46
6620  25.45
6620  25.45
6620  25.44
6620  25.42
6620  25.38
6620  25.27
6620  24.91
6620  24.39
6620  23.74
6620  23.03
6620  22.39
6620  21.84
6620  21.36
6620  20.95
6620  20.55
6620  20.15
6620  19.73
6620  19.27
6620  18.78
6620  18.26
6621  25.45
6621  25.45
6621  25.44
6621  25.43
6621  25.43
6621  25.42
6621  25.42
6621  25.41
6621  25.39
6621  25.35
6621  25.24
6621  24.89
6621  24.39
6621  23.76
6621  23.05
6621  22.4
6621  21.85
6621  21.36
6621  20.95
6621  20.56
6621  20.15
6621  19.73
6621  19.27
6621  18.79
6621  18.27
6622  25.42
6622  25.42
6622  25.41
6622  25.4
6622  25.4
6622  25.39
6622  25.39
6622  25.38
6622  25.36
6622  25.33
6622  25.22
6622  24.88
6622  24.4
6622  23.77
6622  23.06
6622  22.41
6622  21.85
6622  21.36
6622  20.95
6622  20.56
6622  20.15
6622  19.73
6622  19.27
6622  18.79
6622  18.27
6623  25.39
6623  25.39
6623  25.38
6623  25.38
6623  25.37
6623  25.36
6623  25.36
6623  25.35
6623  25.33
6623  25.3
6623  25.19
6623  24.87
6623  24.4
6623  23.79
6623  23.07
6623  22.42
6623  21.86
6623  21.37
6623  20.95
6623  20.56
6623  20.15
6623  19.73
6623  19.27
6623  18.79
6623  18.27
6624  25.36
6624  25.36
6624  25.35
6624  25.35
6624  25.34
6624  25.34
6624  25.33
6624  25.32
6624  25.3
6624  25.27
6624  25.17
6624  24.86
6624  24.41
6624  23.8
6624  23.09
6624  22.43
6624  21.87
6624  21.37
6624  20.96
6624  20.56
6624  20.15
6624  19.74
6624  19.27
6624  18.79
6624  18.27
6625  25.34
6625  25.33
6625  25.32
6625  25.32
6625  25.31
6625  25.31
6625  25.3
6625  25.29
6625  25.27
6625  25.24
6625  25.15
6625  24.85
6625  24.41
6625  23.81
6625  23.1
6625  22.44
6625  21.87
6625  21.38
6625  20.96
6625  20.56
6625  20.15
6625  19.74
6625  19.27
6625  18.8
6625  18.28
6626  25.31
6626  25.3
6626  25.3
6626  25.29
6626  25.28
6626  25.28
6626  25.27
6626  25.26
6626  25.25
6626  25.22
6626  25.12
6626  24.84
6626  24.41
6626  23.82
6626  23.11
6626  22.44
6626  21.88
6626  21.38
6626  20.96
6626  20.57
6626  20.15
6626  19.74
6626  19.28
6626  18.8
6626  18.29
6627  25.28
6627  25.27
6627  25.27
6627  25.26
6627  25.25
6627  25.25
6627  25.24
6627  25.23
6627  25.22
6627  25.19
6627  25.1
6627  24.83
6627  24.41
6627  23.83
6627  23.12
6627  22.45
6627  21.88
6627  21.39
6627  20.96
6627  20.57
6627  20.16
6627  19.74
6627  19.28
6627  18.8
6627  18.29
6628  25.25
6628  25.24
6628  25.24
6628  25.23
6628  25.23
6628  25.22
6628  25.21
6628  25.2
6628  25.19
6628  25.16
6628  25.07
6628  24.82
6628  24.41
6628  23.84
6628  23.13
6628  22.46
6628  21.89
6628  21.39
6628  20.97
6628  20.57
6628  20.16
6628  19.75
6628  19.28
6628  18.8
6628  18.3
6629  25.22
6629  25.22
6629  25.21
6629  25.2
6629  25.2
6629  25.19
6629  25.18
6629  25.17
6629  25.16
6629  25.13
6629  25.05
6629  24.81
6629  24.42
6629  23.85
6629  23.14
6629  22.47
6629  21.9
6629  21.39
6629  20.97
6629  20.57
6629  20.16
6629  19.75
6629  19.28
6629  18.81
6629  18.3
6630  25.19
6630  25.19
6630  25.18
6630  25.17
6630  25.17
6630  25.16
6630  25.15
6630  25.14
6630  25.13
6630  25.1
6630  25.02
6630  24.79
6630  24.41
6630  23.86
6630  23.15
6630  22.48
6630  21.9
6630  21.4
6630  20.97
6630  20.57
6630  20.16
6630  19.75
6630  19.28
6630  18.81
6630  18.3
6631  25.16
6631  25.16
6631  25.15
6631  25.14
6631  25.14
6631  25.13
6631  25.12
6631  25.11
6631  25.1
6631  25.07
6631  25
6631  24.77
6631  24.41
6631  23.86
6631  23.16
6631  22.48
6631  21.91
6631  21.4
6631  20.97
6631  20.57
6631  20.16
6631  19.75
6631  19.28
6631  18.81
6631  18.3
6632  25.13
6632  25.13
6632  25.12
6632  25.11
6632  25.11
6632  25.1
6632  25.09
6632  25.08
6632  25.07
6632  25.04
6632  24.97
6632  24.76
6632  24.4
6632  23.87
6632  23.17
6632  22.49
6632  21.92
6632  21.41
6632  20.97
6632  20.57
6632  20.16
6632  19.75
6632  19.28
6632  18.81
6632  18.31
6633  25.1
6633  25.1
6633  25.09
6633  25.08
6633  25.08
6633  25.07
6633  25.06
6633  25.05
6633  25.04
6633  25.01
6633  24.94
6633  24.74
6633  24.39
6633  23.87
6633  23.18
6633  22.5
6633  21.92
6633  21.41
6633  20.97
6633  20.57
6633  20.16
6633  19.75
6633  19.28
6633  18.81
6633  18.31
6634  25.07
6634  25.06
6634  25.06
6634  25.05
6634  25.04
6634  25.04
6634  25.03
6634  25.02
6634  25
6634  24.98
6634  24.91
6634  24.72
6634  24.39
6634  23.88
6634  23.19
6634  22.51
6634  21.93
6634  21.41
6634  20.98
6634  20.58
6634  20.17
6634  19.75
6634  19.29
6634  18.82
6634  18.32
6635  25.04
6635  25.03
6635  25.02
6635  25.02
6635  25.01
6635  25
6635  24.99
6635  24.98
6635  24.97
6635  24.95
6635  24.88
6635  24.7
6635  24.38
6635  23.88
6635  23.2
6635  22.52
6635  21.94
6635  21.42
6635  20.98
6635  20.58
6635  20.17
6635  19.75
6635  19.29
6635  18.82
6635  18.32
6636  25
6636  25
6636  24.99
6636  24.98
6636  24.98
6636  24.97
6636  24.96
6636  24.95
6636  24.94
6636  24.92
6636  24.86
6636  24.68
6636  24.37
6636  23.89
6636  23.22
6636  22.54
6636  21.95
6636  21.43
6636  20.98
6636  20.58
6636  20.17
6636  19.76
6636  19.3
6636  18.83
6636  18.33
6637  24.97
6637  24.96
6637  24.96
6637  24.95
6637  24.94
6637  24.94
6637  24.93
6637  24.92
6637  24.91
6637  24.89
6637  24.83
6637  24.66
6637  24.36
6637  23.89
6637  23.23
6637  22.55
6637  21.97
6637  21.44
6637  21
6637  20.59
6637  20.18
6637  19.76
6637  19.31
6637  18.84
6637  18.34
6638  24.93
6638  24.93
6638  24.93
6638  24.92
6638  24.91
6638  24.9
6638  24.9
6638  24.89
6638  24.87
6638  24.86
6638  24.8
6638  24.65
6638  24.36
6638  23.9
6638  23.25
6638  22.57
6638  21.98
6638  21.45
6638  21
6638  20.6
6638  20.19
6638  19.77
6638  19.32
6638  18.85
6638  18.36
6639  24.9
6639  24.9
6639  24.89
6639  24.88
6639  24.88
6639  24.87
6639  24.86
6639  24.85
6639  24.84
6639  24.82
6639  24.77
6639  24.63
6639  24.35
6639  23.91
6639  23.26
6639  22.59
6639  22
6639  21.46
6639  21.02
6639  20.61
6639  20.2
6639  19.78
6639  19.33
6639  18.86
6639  18.37
6640  24.87
6640  24.86
6640  24.86
6640  24.85
6640  24.84
6640  24.84
6640  24.83
6640  24.82
6640  24.81
6640  24.79
6640  24.74
6640  24.6
6640  24.34
6640  23.91
6640  23.27
6640  22.61
6640  22.01
6640  21.48
6640  21.02
6640  20.62
6640  20.21
6640  19.79
6640  19.34
6640  18.87
6640  18.38
6641  24.84
6641  24.83
6641  24.82
6641  24.82
6641  24.81
6641  24.8
6641  24.8
6641  24.79
6641  24.77
6641  24.76
6641  24.71
6641  24.58
6641  24.33
6641  23.91
6641  23.28
6641  22.62
6641  22.02
6641  21.49
6641  21.03
6641  20.63
6641  20.22
6641  19.8
6641  19.35
6641  18.88
6641  18.4
6642  24.8
6642  24.8
6642  24.79
6642  24.78
6642  24.77
6642  24.77
6642  24.76
6642  24.75
6642  24.74
6642  24.73
6642  24.68
6642  24.56
6642  24.32
6642  23.91
6642  23.3
6642  22.64
6642  22.04
6642  21.5
6642  21.04
6642  20.64
6642  20.22
6642  19.81
6642  19.36
6642  18.89
6642  18.41
6643  24.76
6643  24.76
6643  24.76
6643  24.75
6643  24.74
6643  24.73
6643  24.73
6643  24.72
6643  24.71
6643  24.69
6643  24.65
6643  24.54
6643  24.31
6643  23.92
6643  23.31
6643  22.65
6643  22.05
6643  21.51
6643  21.05
6643  20.65
6643  20.23
6643  19.81
6643  19.37
6643  18.9
6643  18.42
6644  24.73
6644  24.73
6644  24.72
6644  24.71
6644  24.71
6644  24.7
6644  24.69
6644  24.69
6644  24.67
6644  24.66
6644  24.62
6644  24.51
6644  24.29
6644  23.92
6644  23.32
6644  22.66
6644  22.07
6644  21.52
6644  21.06
6644  20.65
6644  20.24
6644  19.82
6644  19.37
6644  18.9
6644  18.43
6645  24.7
6645  24.7
6645  24.69
6645  24.68
6645  24.68
6645  24.67
6645  24.66
6645  24.66
6645  24.65
6645  24.63
6645  24.59
6645  24.49
6645  24.28
6645  23.92
6645  23.33
6645  22.68
6645  22.08
6645  21.54
6645  21.07
6645  20.66
6645  20.24
6645  19.82
6645  19.37
6645  18.91
6645  18.43
6646  24.67
6646  24.67
6646  24.66
6646  24.65
6646  24.65
6646  24.64
6646  24.63
6646  24.63
6646  24.61
6646  24.6
6646  24.56
6646  24.47
6646  24.27
6646  23.92
6646  23.34
6646  22.69
6646  22.1
6646  21.55
6646  21.08
6646  20.66
6646  20.25
6646  19.83
6646  19.38
6646  18.92
6646  18.44
6647  24.64
6647  24.64
6647  24.63
6647  24.62
6647  24.62
6647  24.61
6647  24.6
6647  24.6
6647  24.59
6647  24.57
6647  24.54
6647  24.45
6647  24.25
6647  23.91
6647  23.34
6647  22.71
6647  22.11
6647  21.56
6647  21.09
6647  20.67
6647  20.25
6647  19.83
6647  19.38
6647  18.92
6647  18.44
6648  24.61
6648  24.61
6648  24.6
6648  24.59
6648  24.59
6648  24.58
6648  24.57
6648  24.57
6648  24.55
6648  24.54
6648  24.51
6648  24.42
6648  24.23
6648  23.91
6648  23.35
6648  22.72
6648  22.12
6648  21.57
6648  21.1
6648  20.68
6648  20.26
6648  19.84
6648  19.39
6648  18.93
6648  18.45
6649  24.58
6649  24.58
6649  24.57
6649  24.56
6649  24.56
6649  24.55
6649  24.54
6649  24.53
6649  24.52
6649  24.51
6649  24.48
6649  24.4
6649  24.22
6649  23.9
6649  23.36
6649  22.73
6649  22.14
6649  21.59
6649  21.11
6649  20.69
6649  20.27
6649  19.85
6649  19.4
6649  18.94
6649  18.46
6650  24.55
6650  24.55
6650  24.54
6650  24.53
6650  24.53
6650  24.52
6650  24.51
6650  24.5
6650  24.5
6650  24.48
6650  24.45
6650  24.37
6650  24.2
6650  23.9
6650  23.36
6650  22.74
6650  22.16
6650  21.61
6650  21.13
6650  20.7
6650  20.28
6650  19.86
6650  19.41
6650  18.95
6650  18.47
6651  24.52
6651  24.52
6651  24.51
6651  24.5
6651  24.5
6651  24.49
6651  24.48
6651  24.47
6651  24.46
6651  24.45
6651  24.42
6651  24.34
6651  24.18
6651  23.89
6651  23.37
6651  22.76
6651  22.17
6651  21.62
6651  21.14
6651  20.71
6651  20.29
6651  19.87
6651  19.42
6651  18.96
6651  18.49
6652  24.49
6652  24.49
6652  24.48
6652  24.47
6652  24.47
6652  24.46
6652  24.45
6652  24.45
6652  24.44
6652  24.42
6652  24.39
6652  24.32
6652  24.16
6652  23.88
6652  23.37
6652  22.77
6652  22.19
6652  21.64
6652  21.16
6652  20.73
6652  20.31
6652  19.88
6652  19.43
6652  18.97
6652  18.5
6653  24.46
6653  24.46
6653  24.45
6653  24.44
6653  24.44
6653  24.43
6653  24.42
6653  24.42
6653  24.41
6653  24.4
6653  24.36
6653  24.29
6653  24.14
6653  23.87
6653  23.37
6653  22.78
6653  22.21
6653  21.66
6653  21.18
6653  20.74
6653  20.32
6653  19.89
6653  19.45
6653  18.98
6653  18.51
6654  24.43
6654  24.43
6654  24.43
6654  24.42
6654  24.41
6654  24.4
6654  24.39
6654  24.39
6654  24.38
6654  24.37
6654  24.34
6654  24.27
6654  24.13
6654  23.86
6654  23.37
6654  22.79
6654  22.22
6654  21.67
6654  21.19
6654  20.76
6654  20.33
6654  19.91
6654  19.46
6654  19
6654  18.53
6655  24.41
6655  24.4
6655  24.4
6655  24.39
6655  24.38
6655  24.38
6655  24.37
6655  24.36
6655  24.35
6655  24.34
6655  24.31
6655  24.25
6655  24.11
6655  23.85
6655  23.38
6655  22.81
6655  22.25
6655  21.7
6655  21.21
6655  20.77
6655  20.35
6655  19.92
6655  19.48
6655  19.01
6655  18.54
6656  24.38
6656  24.38
6656  24.37
6656  24.36
6656  24.35
6656  24.35
6656  24.34
6656  24.34
6656  24.33
6656  24.32
6656  24.29
6656  24.23
6656  24.09
6656  23.84
6656  23.38
6656  22.81
6656  22.26
6656  21.71
6656  21.22
6656  20.78
6656  20.36
6656  19.93
6656  19.48
6656  19.02
6656  18.55
6657  24.36
6657  24.35
6657  24.35
6657  24.34
6657  24.33
6657  24.32
6657  24.32
6657  24.31
6657  24.3
6657  24.29
6657  24.26
6657  24.2
6657  24.07
6657  23.82
6657  23.37
6657  22.81
6657  22.27
6657  21.72
6657  21.24
6657  20.79
6657  20.36
6657  19.94
6657  19.49
6657  19.02
6657  18.55
6658  24.33
6658  24.33
6658  24.32
6658  24.31
6658  24.3
6658  24.3
6658  24.29
6658  24.29
6658  24.28
6658  24.27
6658  24.24
6658  24.18
6658  24.05
6658  23.81
6658  23.36
6658  22.82
6658  22.27
6658  21.73
6658  21.25
6658  20.8
6658  20.38
6658  19.95
6658  19.5
6658  19.03
6658  18.56
6659  24.3
6659  24.3
6659  24.3
6659  24.29
6659  24.28
6659  24.27
6659  24.27
6659  24.26
6659  24.25
6659  24.24
6659  24.21
6659  24.15
6659  24.03
6659  23.79
6659  23.35
6659  22.82
6659  22.29
6659  21.75
6659  21.26
6659  20.82
6659  20.38
6659  19.95
6659  19.5
6659  19.04
6659  18.56
6660  24.28
6660  24.27
6660  24.27
6660  24.26
6660  24.25
6660  24.25
6660  24.24
6660  24.23
6660  24.22
6660  24.22
6660  24.19
6660  24.13
6660  24
6660  23.77
6660  23.35
6660  22.82
6660  22.29
6660  21.76
6660  21.27
6660  20.82
6660  20.39
6660  19.96
6660  19.51
6660  19.04
6660  18.57
6661  24.25
6661  24.25
6661  24.24
6661  24.23
6661  24.23
6661  24.22
6661  24.22
6661  24.21
6661  24.2
6661  24.19
6661  24.16
6661  24.1
6661  23.98
6661  23.76
6661  23.34
6661  22.82
6661  22.31
6661  21.77
6661  21.29
6661  20.83
6661  20.4
6661  19.97
6661  19.51
6661  19.05
6661  18.58
6662  24.23
6662  24.22
6662  24.22
6662  24.21
6662  24.2
6662  24.2
6662  24.19
6662  24.18
6662  24.18
6662  24.16
6662  24.14
6662  24.08
6662  23.96
6662  23.74
6662  23.33
6662  22.83
6662  22.31
6662  21.79
6662  21.3
6662  20.84
6662  20.41
6662  19.98
6662  19.52
6662  19.05
6662  18.58
6663  24.2
6663  24.2
6663  24.19
6663  24.18
6663  24.18
6663  24.17
6663  24.17
6663  24.16
6663  24.15
6663  24.14
6663  24.11
6663  24.06
6663  23.94
6663  23.73
6663  23.33
6663  22.83
6663  22.32
6663  21.8
6663  21.31
6663  20.85
6663  20.41
6663  19.99
6663  19.53
6663  19.06
6663  18.59
6664  24.18
6664  24.17
6664  24.17
6664  24.16
6664  24.15
6664  24.15
6664  24.14
6664  24.13
6664  24.13
6664  24.11
6664  24.09
6664  24.03
6664  23.92
6664  23.71
6664  23.32
6664  22.83
6664  22.33
6664  21.81
6664  21.32
6664  20.86
6664  20.42
6664  19.99
6664  19.54
6664  19.06
6664  18.59
6665  24.15
6665  24.15
6665  24.14
6665  24.13
6665  24.13
6665  24.12
6665  24.11
6665  24.11
6665  24.1
6665  24.09
6665  24.06
6665  24
6665  23.9
6665  23.69
6665  23.31
6665  22.84
6665  22.34
6665  21.82
6665  21.33
6665  20.87
6665  20.43
6665  20
6665  19.54
6665  19.07
6665  18.6