===== get_costpred call =        1
ised   ztrap      btime        etime        nsed_pred   STn_pred        STn15_pred      STn15/STn      delta15N_pred
    1   150.00    6345.0000    6347.2500       54   5.061321E+00  -1.765986E+03  -3.489180E+02   -9999.0000
    2   150.00    6368.0000    6370.4200       58   5.260409E+00  -2.020639E+03  -3.841220E+02   -9999.0000
    3   150.00    6391.0000    6393.2900       55   5.689536E+00  -2.195181E+03  -3.858277E+02   -9999.0000
    4   150.00    6446.0000    6448.2500       54   7.091723E+00  -2.246919E+03  -3.168368E+02   -9999.0000
    5   150.00    6464.0000    6466.2500       54   7.622661E+00  -2.406200E+03  -3.156640E+02   -9999.0000
    6   150.00    6493.0000    6495.2900       55   7.695546E+00  -2.392411E+03  -3.108826E+02   -9999.0000
    7   150.00    6520.0000    6522.1700       52   7.338049E+00  -2.142011E+03  -2.919047E+02   -9999.0000
    8   150.00    6558.0000    6560.2500       54   7.723264E+00  -2.167710E+03  -2.806727E+02   -9999.0000
    9   150.00    6593.0000    6595.2900       55   6.412235E+00  -2.147804E+03  -3.349541E+02   -9999.0000
   10   150.00    6612.0000    6614.3300       56   5.872735E+00  -2.012656E+03  -3.427119E+02   -9999.0000
   11   150.00    6643.0000    6645.2900       55   4.927524E+00  -1.759271E+03  -3.570294E+02   -9999.0000
===== get_costpred call =        2
ised   ztrap      btime        etime        nsed_pred   STn_pred        STn15_pred      STn15/STn      delta15N_pred
    1   150.00    6345.0000    6347.2500       54   5.027234E+00  -1.536974E+03  -3.057296E+02   -9999.0000
    2   150.00    6368.0000    6370.4200       58   5.224305E+00  -1.855780E+03  -3.552204E+02   -9999.0000
    3   150.00    6391.0000    6393.2900       55   5.648573E+00  -2.065527E+03  -3.656724E+02   -9999.0000
    4   150.00    6446.0000    6448.2500       54   7.046779E+00  -2.170913E+03  -3.080717E+02   -9999.0000
    5   150.00    6464.0000    6466.2500       54   7.570716E+00  -2.269875E+03  -2.998230E+02   -9999.0000
    6   150.00    6493.0000    6495.2900       55   7.651486E+00  -2.185773E+03  -2.856665E+02   -9999.0000
    7   150.00    6520.0000    6522.1700       52   7.293720E+00  -1.993945E+03  -2.733783E+02   -9999.0000
    8   150.00    6558.0000    6560.2500       54   7.671396E+00  -2.038729E+03  -2.657573E+02   -9999.0000
    9   150.00    6593.0000    6595.2900       55   6.371351E+00  -2.017336E+03  -3.166261E+02   -9999.0000
   10   150.00    6612.0000    6614.3300       56   5.835257E+00  -1.888902E+03  -3.237050E+02   -9999.0000
   11   150.00    6643.0000    6645.2900       55   4.895244E+00  -1.651898E+03  -3.374495E+02   -9999.0000
===== get_costpred call =        3
ised   ztrap      btime        etime        nsed_pred   STn_pred        STn15_pred      STn15/STn      delta15N_pred
    1   150.00    6345.0000    6347.2500       54   5.057965E+00  -1.763370E+03  -3.486323E+02   -9999.0000
    2   150.00    6368.0000    6370.4200       58   5.256757E+00  -2.016135E+03  -3.835320E+02   -9999.0000
    3   150.00    6391.0000    6393.2900       55   5.685346E+00  -2.188955E+03  -3.850169E+02   -9999.0000
    4   150.00    6446.0000    6448.2500       54   7.087087E+00  -2.240125E+03  -3.160855E+02   -9999.0000
    5   150.00    6464.0000    6466.2500       54   7.617252E+00  -2.396030E+03  -3.145531E+02   -9999.0000
    6   150.00    6493.0000    6495.2900       55   7.690995E+00  -2.377841E+03  -3.091721E+02   -9999.0000
    7   150.00    6520.0000    6522.1700       52   7.333488E+00  -2.131206E+03  -2.906129E+02   -9999.0000
    8   150.00    6558.0000    6560.2500       54   7.717942E+00  -2.157595E+03  -2.795557E+02   -9999.0000
    9   150.00    6593.0000    6595.2900       55   6.408012E+00  -2.138205E+03  -3.336768E+02   -9999.0000
   10   150.00    6612.0000    6614.3300       56   5.868867E+00  -2.003695E+03  -3.414109E+02   -9999.0000
   11   150.00    6643.0000    6645.2900       55   4.924203E+00  -1.751823E+03  -3.557577E+02   -9999.0000
===== get_costpred call =        4
ised   ztrap      btime        etime        nsed_pred   STn_pred        STn15_pred      STn15/STn      delta15N_pred
    1   150.00    6345.0000    6347.2500       54   5.060985E+00  -1.766988E+03  -3.491392E+02   -9999.0000
    2   150.00    6368.0000    6370.4200       58   5.260043E+00  -2.020970E+03  -3.842116E+02   -9999.0000
    3   150.00    6391.0000    6393.2900       55   5.689116E+00  -2.194955E+03  -3.858165E+02   -9999.0000
    4   150.00    6446.0000    6448.2500       54   7.091258E+00  -2.246264E+03  -3.167653E+02   -9999.0000
    5   150.00    6464.0000    6466.2500       54   7.622117E+00  -2.405248E+03  -3.155617E+02   -9999.0000
    6   150.00    6493.0000    6495.2900       55   7.695089E+00  -2.391119E+03  -3.107331E+02   -9999.0000
    7   150.00    6520.0000    6522.1700       52   7.337591E+00  -2.141013E+03  -2.917869E+02   -9999.0000
    8   150.00    6558.0000    6560.2500       54   7.722727E+00  -2.166735E+03  -2.805660E+02   -9999.0000
    9   150.00    6593.0000    6595.2900       55   6.411812E+00  -2.146887E+03  -3.348332E+02   -9999.0000
   10   150.00    6612.0000    6614.3300       56   5.872347E+00  -2.011798E+03  -3.425883E+02   -9999.0000
   11   150.00    6643.0000    6645.2900       55   4.927191E+00  -1.758557E+03  -3.569086E+02   -9999.0000
===== get_costpred call =        5
ised   ztrap      btime        etime        nsed_pred   STn_pred        STn15_pred      STn15/STn      delta15N_pred
    1   150.00    6345.0000    6347.2500       54   5.061287E+00  -1.765942E+03  -3.489117E+02   -9999.0000
    2   150.00    6368.0000    6370.4200       58   5.260372E+00  -2.020584E+03  -3.841142E+02   -9999.0000
    3   150.00    6391.0000    6393.2900       55   5.689494E+00  -2.195114E+03  -3.858188E+02   -9999.0000
    4   150.00    6446.0000    6448.2500       54   7.091677E+00  -2.246850E+03  -3.168292E+02   -9999.0000
    5   150.00    6464.0000    6466.2500       54   7.622607E+00  -2.406103E+03  -3.156535E+02   -9999.0000
    6   150.00    6493.0000    6495.2900       55   7.695500E+00  -2.392277E+03  -3.108670E+02   -9999.0000
    7   150.00    6520.0000    6522.1700       52   7.338003E+00  -2.141909E+03  -2.918926E+02   -9999.0000
    8   150.00    6558.0000    6560.2500       54   7.723211E+00  -2.167611E+03  -2.806619E+02   -9999.0000
    9   150.00    6593.0000    6595.2900       55   6.412193E+00  -2.147712E+03  -3.349418E+02   -9999.0000
   10   150.00    6612.0000    6614.3300       56   5.872696E+00  -2.012569E+03  -3.426993E+02   -9999.0000
   11   150.00    6643.0000    6645.2900       55   4.927491E+00  -1.759199E+03  -3.570171E+02   -9999.0000
===== get_costpred call =        6
ised   ztrap      btime        etime        nsed_pred   STn_pred        STn15_pred      STn15/STn      delta15N_pred
    1   150.00    6345.0000    6347.2500       54   5.061318E+00  -1.765980E+03  -3.489171E+02   -9999.0000
    2   150.00    6368.0000    6370.4200       58   5.260405E+00  -2.020632E+03  -3.841211E+02   -9999.0000
    3   150.00    6391.0000    6393.2900       55   5.689532E+00  -2.195174E+03  -3.858268E+02   -9999.0000
    4   150.00    6446.0000    6448.2500       54   7.091718E+00  -2.246912E+03  -3.168360E+02   -9999.0000
    5   150.00    6464.0000    6466.2500       54   7.622656E+00  -2.406190E+03  -3.156629E+02   -9999.0000
    6   150.00    6493.0000    6495.2900       55   7.695542E+00  -2.392398E+03  -3.108810E+02   -9999.0000
    7   150.00    6520.0000    6522.1700       52   7.338044E+00  -2.142001E+03  -2.919035E+02   -9999.0000
    8   150.00    6558.0000    6560.2500       54   7.723259E+00  -2.167700E+03  -2.806717E+02   -9999.0000
    9   150.00    6593.0000    6595.2900       55   6.412231E+00  -2.147795E+03  -3.349528E+02   -9999.0000
   10   150.00    6612.0000    6614.3300       56   5.872731E+00  -2.012647E+03  -3.427106E+02   -9999.0000
   11   150.00    6643.0000    6645.2900       55   4.927521E+00  -1.759264E+03  -3.570281E+02   -9999.0000
===== get_costpred call =        7
ised   ztrap      btime        etime        nsed_pred   STn_pred        STn15_pred      STn15/STn      delta15N_pred
    1   150.00    6345.0000    6347.2500       54   5.061321E+00  -1.765985E+03  -3.489179E+02   -9999.0000
    2   150.00    6368.0000    6370.4200       58   5.260408E+00  -2.020638E+03  -3.841219E+02   -9999.0000
    3   150.00    6391.0000    6393.2900       55   5.689536E+00  -2.195180E+03  -3.858276E+02   -9999.0000
    4   150.00    6446.0000    6448.2500       54   7.091723E+00  -2.246918E+03  -3.168367E+02   -9999.0000
    5   150.00    6464.0000    6466.2500       54   7.622661E+00  -2.406199E+03  -3.156639E+02   -9999.0000
    6   150.00    6493.0000    6495.2900       55   7.695546E+00  -2.392410E+03  -3.108824E+02   -9999.0000
    7   150.00    6520.0000    6522.1700       52   7.338048E+00  -2.142010E+03  -2.919046E+02   -9999.0000
    8   150.00    6558.0000    6560.2500       54   7.723264E+00  -2.167709E+03  -2.806726E+02   -9999.0000
    9   150.00    6593.0000    6595.2900       55   6.412235E+00  -2.147803E+03  -3.349539E+02   -9999.0000
   10   150.00    6612.0000    6614.3300       56   5.872735E+00  -2.012655E+03  -3.427117E+02   -9999.0000
   11   150.00    6643.0000    6645.2900       55   4.927524E+00  -1.759270E+03  -3.570293E+02   -9999.0000
===== get_costpred call =        8
ised   ztrap      btime        etime        nsed_pred   STn_pred        STn15_pred      STn15/STn      delta15N_pred
    1   150.00    6345.0000    6347.2500       54   5.061321E+00  -1.765986E+03  -3.489180E+02   -9999.0000
    2   150.00    6368.0000    6370.4200       58   5.260409E+00  -2.020639E+03  -3.841220E+02   -9999.0000
    3   150.00    6391.0000    6393.2900       55   5.689536E+00  -2.195181E+03  -3.858277E+02   -9999.0000
    4   150.00    6446.0000    6448.2500       54   7.091723E+00  -2.246919E+03  -3.168368E+02   -9999.0000
    5   150.00    6464.0000    6466.2500       54   7.622661E+00  -2.406200E+03  -3.156640E+02   -9999.0000
    6   150.00    6493.0000    6495.2900       55   7.695546E+00  -2.392411E+03  -3.108826E+02   -9999.0000
    7   150.00    6520.0000    6522.1700       52   7.338049E+00  -2.142011E+03  -2.919047E+02   -9999.0000
    8   150.00    6558.0000    6560.2500       54   7.723264E+00  -2.167710E+03  -2.806727E+02   -9999.0000
    9   150.00    6593.0000    6595.2900       55   6.412235E+00  -2.147804E+03  -3.349541E+02   -9999.0000
   10   150.00    6612.0000    6614.3300       56   5.872735E+00  -2.012656E+03  -3.427118E+02   -9999.0000
   11   150.00    6643.0000    6645.2900       55   4.927524E+00  -1.759271E+03  -3.570294E+02   -9999.0000
===== get_costpred call =        9
ised   ztrap      btime        etime        nsed_pred   STn_pred        STn15_pred      STn15/STn      delta15N_pred
    1   150.00    6345.0000    6347.2500       54   5.061321E+00  -1.765986E+03  -3.489180E+02   -9999.0000
    2   150.00    6368.0000    6370.4200       58   5.260409E+00  -2.020639E+03  -3.841220E+02   -9999.0000
    3   150.00    6391.0000    6393.2900       55   5.689536E+00  -2.195181E+03  -3.858277E+02   -9999.0000
    4   150.00    6446.0000    6448.2500       54   7.091723E+00  -2.246919E+03  -3.168368E+02   -9999.0000
    5   150.00    6464.0000    6466.2500       54   7.622661E+00  -2.406200E+03  -3.156640E+02   -9999.0000
    6   150.00    6493.0000    6495.2900       55   7.695546E+00  -2.392411E+03  -3.108826E+02   -9999.0000
    7   150.00    6520.0000    6522.1700       52   7.338049E+00  -2.142011E+03  -2.919047E+02   -9999.0000
    8   150.00    6558.0000    6560.2500       54   7.723264E+00  -2.167710E+03  -2.806727E+02   -9999.0000
    9   150.00    6593.0000    6595.2900       55   6.412235E+00  -2.147804E+03  -3.349541E+02   -9999.0000
   10   150.00    6612.0000    6614.3300       56   5.872735E+00  -2.012656E+03  -3.427119E+02   -9999.0000
   11   150.00    6643.0000    6645.2900       55   4.927524E+00  -1.759271E+03  -3.570294E+02   -9999.0000
===== get_costpred call =       10
ised   ztrap      btime        etime        nsed_pred   STn_pred        STn15_pred      STn15/STn      delta15N_pred
    1   150.00    6345.0000    6347.2500       54   5.061321E+00  -1.765986E+03  -3.489180E+02   -9999.0000
    2   150.00    6368.0000    6370.4200       58   5.260409E+00  -2.020639E+03  -3.841220E+02   -9999.0000
    3   150.00    6391.0000    6393.2900       55   5.689536E+00  -2.195181E+03  -3.858277E+02   -9999.0000
    4   150.00    6446.0000    6448.2500       54   7.091723E+00  -2.246919E+03  -3.168368E+02   -9999.0000
    5   150.00    6464.0000    6466.2500       54   7.622661E+00  -2.406200E+03  -3.156640E+02   -9999.0000
    6   150.00    6493.0000    6495.2900       55   7.695546E+00  -2.392411E+03  -3.108826E+02   -9999.0000
    7   150.00    6520.0000    6522.1700       52   7.338049E+00  -2.142011E+03  -2.919047E+02   -9999.0000
    8   150.00    6558.0000    6560.2500       54   7.723264E+00  -2.167710E+03  -2.806727E+02   -9999.0000
    9   150.00    6593.0000    6595.2900       55   6.412235E+00  -2.147804E+03  -3.349541E+02   -9999.0000
   10   150.00    6612.0000    6614.3300       56   5.872735E+00  -2.012656E+03  -3.427119E+02   -9999.0000
   11   150.00    6643.0000    6645.2900       55   4.927524E+00  -1.759271E+03  -3.570294E+02   -9999.0000
===== get_costpred call =        1
ised   ztrap      btime        etime        nsed_pred   STn_pred        STn15_pred      STn15/STn      delta15N_pred
    1   150.00    4854.1000    4856.3500        0   5.061321E+00   0.000000E+00   0.000000E+00   -9999.0000
    2   150.00    4890.0000    4892.3300        0   5.260409E+00   0.000000E+00   0.000000E+00   -9999.0000
    3   150.00    4910.0000    4912.2900        0   5.689536E+00   0.000000E+00   0.000000E+00   -9999.0000
    4   150.00    4979.1000    4981.3500        0   7.091723E+00   0.000000E+00   0.000000E+00   -9999.0000
    5   150.00    5078.1000    5080.3100        0   7.622661E+00   0.000000E+00   0.000000E+00   -9999.0000
    6   150.00    5118.1000    5120.2700        0   7.695546E+00   0.000000E+00   0.000000E+00   -9999.0000
    7   150.00    5146.0000    5148.2500        0   7.338049E+00   0.000000E+00   0.000000E+00   -9999.0000
    8   150.00    5167.1000    5169.3500        0   7.723264E+00   0.000000E+00   0.000000E+00   -9999.0000
    9   150.00    5191.0000    5193.2900        0   6.412235E+00   0.000000E+00   0.000000E+00   -9999.0000
===== get_costpred call =        2
ised   ztrap      btime        etime        nsed_pred   STn_pred        STn15_pred      STn15/STn      delta15N_pred
    1   150.00    4854.1000    4856.3500        0   5.070423E+00   0.000000E+00   0.000000E+00   -9999.0000
    2   150.00    4890.0000    4892.3300        0   5.269670E+00   0.000000E+00   0.000000E+00   -9999.0000
    3   150.00    4910.0000    4912.2900        0   5.699778E+00   0.000000E+00   0.000000E+00   -9999.0000
    4   150.00    4979.1000    4981.3500        0   7.104324E+00   0.000000E+00   0.000000E+00   -9999.0000
    5   150.00    5078.1000    5080.3100        0   7.643177E+00   0.000000E+00   0.000000E+00   -9999.0000
    6   150.00    5118.1000    5120.2700        0   7.710458E+00   0.000000E+00   0.000000E+00   -9999.0000
    7   150.00    5146.0000    5148.2500        0   7.350989E+00   0.000000E+00   0.000000E+00   -9999.0000
    8   150.00    5167.1000    5169.3500        0   7.738639E+00   0.000000E+00   0.000000E+00   -9999.0000
    9   150.00    5191.0000    5193.2900        0   6.425217E+00   0.000000E+00   0.000000E+00   -9999.0000
===== get_costpred call =        3
ised   ztrap      btime        etime        nsed_pred   STn_pred        STn15_pred      STn15/STn      delta15N_pred
    1   150.00    4854.1000    4856.3500        0   5.062238E+00   0.000000E+00   0.000000E+00   -9999.0000
    2   150.00    4890.0000    4892.3300        0   5.261336E+00   0.000000E+00   0.000000E+00   -9999.0000
    3   150.00    4910.0000    4912.2900        0   5.690559E+00   0.000000E+00   0.000000E+00   -9999.0000
    4   150.00    4979.1000    4981.3500        0   7.092978E+00   0.000000E+00   0.000000E+00   -9999.0000
    5   150.00    5078.1000    5080.3100        0   7.624688E+00   0.000000E+00   0.000000E+00   -9999.0000
    6   150.00    5118.1000    5120.2700        0   7.697024E+00   0.000000E+00   0.000000E+00   -9999.0000
    7   150.00    5146.0000    5148.2500        0   7.339339E+00   0.000000E+00   0.000000E+00   -9999.0000
    8   150.00    5167.1000    5169.3500        0   7.724797E+00   0.000000E+00   0.000000E+00   -9999.0000
    9   150.00    5191.0000    5193.2900        0   6.413530E+00   0.000000E+00   0.000000E+00   -9999.0000
===== get_costpred call =        4
ised   ztrap      btime        etime        nsed_pred   STn_pred        STn15_pred      STn15/STn      delta15N_pred
    1   150.00    4854.1000    4856.3500        0   5.061413E+00   0.000000E+00   0.000000E+00   -9999.0000
    2   150.00    4890.0000    4892.3300        0   5.260502E+00   0.000000E+00   0.000000E+00   -9999.0000
    3   150.00    4910.0000    4912.2900        0   5.689638E+00   0.000000E+00   0.000000E+00   -9999.0000
    4   150.00    4979.1000    4981.3500        0   7.091849E+00   0.000000E+00   0.000000E+00   -9999.0000
    5   150.00    5078.1000    5080.3100        0   7.622864E+00   0.000000E+00   0.000000E+00   -9999.0000
    6   150.00    5118.1000    5120.2700        0   7.695695E+00   0.000000E+00   0.000000E+00   -9999.0000
    7   150.00    5146.0000    5148.2500        0   7.338178E+00   0.000000E+00   0.000000E+00   -9999.0000
    8   150.00    5167.1000    5169.3500        0   7.723418E+00   0.000000E+00   0.000000E+00   -9999.0000
    9   150.00    5191.0000    5193.2900        0   6.412365E+00   0.000000E+00   0.000000E+00   -9999.0000
===== get_costpred call =        5
ised   ztrap      btime        etime        nsed_pred   STn_pred        STn15_pred      STn15/STn      delta15N_pred
    1   150.00    4854.1000    4856.3500        0   5.061330E+00   0.000000E+00   0.000000E+00   -9999.0000
    2   150.00    4890.0000    4892.3300        0   5.260418E+00   0.000000E+00   0.000000E+00   -9999.0000
    3   150.00    4910.0000    4912.2900        0   5.689546E+00   0.000000E+00   0.000000E+00   -9999.0000
    4   150.00    4979.1000    4981.3500        0   7.091736E+00   0.000000E+00   0.000000E+00   -9999.0000
    5   150.00    5078.1000    5080.3100        0   7.622682E+00   0.000000E+00   0.000000E+00   -9999.0000
    6   150.00    5118.1000    5120.2700        0   7.695561E+00   0.000000E+00   0.000000E+00   -9999.0000
    7   150.00    5146.0000    5148.2500        0   7.338062E+00   0.000000E+00   0.000000E+00   -9999.0000
    8   150.00    5167.1000    5169.3500        0   7.723280E+00   0.000000E+00   0.000000E+00   -9999.0000
    9   150.00    5191.0000    5193.2900        0   6.412248E+00   0.000000E+00   0.000000E+00   -9999.0000
===== get_costpred call =        6
ised   ztrap      btime        etime        nsed_pred   STn_pred        STn15_pred      STn15/STn      delta15N_pred
    1   150.00    4854.1000    4856.3500        0   5.061322E+00   0.000000E+00   0.000000E+00   -9999.0000
    2   150.00    4890.0000    4892.3300        0   5.260410E+00   0.000000E+00   0.000000E+00   -9999.0000
    3   150.00    4910.0000    4912.2900        0   5.689537E+00   0.000000E+00   0.000000E+00   -9999.0000
    4   150.00    4979.1000    4981.3500        0   7.091724E+00   0.000000E+00   0.000000E+00   -9999.0000
    5   150.00    5078.1000    5080.3100        0   7.622663E+00   0.000000E+00   0.000000E+00   -9999.0000
    6   150.00    5118.1000    5120.2700        0   7.695548E+00   0.000000E+00   0.000000E+00   -9999.0000
    7   150.00    5146.0000    5148.2500        0   7.338050E+00   0.000000E+00   0.000000E+00   -9999.0000
    8   150.00    5167.1000    5169.3500        0   7.723266E+00   0.000000E+00   0.000000E+00   -9999.0000
    9   150.00    5191.0000    5193.2900        0   6.412237E+00   0.000000E+00   0.000000E+00   -9999.0000
===== get_costpred call =        7
ised   ztrap      btime        etime        nsed_pred   STn_pred        STn15_pred      STn15/STn      delta15N_pred
    1   150.00    4854.1000    4856.3500        0   5.061321E+00   0.000000E+00   0.000000E+00   -9999.0000
    2   150.00    4890.0000    4892.3300        0   5.260409E+00   0.000000E+00   0.000000E+00   -9999.0000
    3   150.00    4910.0000    4912.2900        0   5.689536E+00   0.000000E+00   0.000000E+00   -9999.0000
    4   150.00    4979.1000    4981.3500        0   7.091723E+00   0.000000E+00   0.000000E+00   -9999.0000
    5   150.00    5078.1000    5080.3100        0   7.622661E+00   0.000000E+00   0.000000E+00   -9999.0000
    6   150.00    5118.1000    5120.2700        0   7.695546E+00   0.000000E+00   0.000000E+00   -9999.0000
    7   150.00    5146.0000    5148.2500        0   7.338049E+00   0.000000E+00   0.000000E+00   -9999.0000
    8   150.00    5167.1000    5169.3500        0   7.723265E+00   0.000000E+00   0.000000E+00   -9999.0000
    9   150.00    5191.0000    5193.2900        0   6.412235E+00   0.000000E+00   0.000000E+00   -9999.0000
===== get_costpred call =        8
ised   ztrap      btime        etime        nsed_pred   STn_pred        STn15_pred      STn15/STn      delta15N_pred
    1   150.00    4854.1000    4856.3500        0   5.061321E+00   0.000000E+00   0.000000E+00   -9999.0000
    2   150.00    4890.0000    4892.3300        0   5.260409E+00   0.000000E+00   0.000000E+00   -9999.0000
    3   150.00    4910.0000    4912.2900        0   5.689536E+00   0.000000E+00   0.000000E+00   -9999.0000
    4   150.00    4979.1000    4981.3500        0   7.091723E+00   0.000000E+00   0.000000E+00   -9999.0000
    5   150.00    5078.1000    5080.3100        0   7.622661E+00   0.000000E+00   0.000000E+00   -9999.0000
    6   150.00    5118.1000    5120.2700        0   7.695546E+00   0.000000E+00   0.000000E+00   -9999.0000
    7   150.00    5146.0000    5148.2500        0   7.338049E+00   0.000000E+00   0.000000E+00   -9999.0000
    8   150.00    5167.1000    5169.3500        0   7.723264E+00   0.000000E+00   0.000000E+00   -9999.0000
    9   150.00    5191.0000    5193.2900        0   6.412235E+00   0.000000E+00   0.000000E+00   -9999.0000
===== get_costpred call =        9
ised   ztrap      btime        etime        nsed_pred   STn_pred        STn15_pred      STn15/STn      delta15N_pred
    1   150.00    4854.1000    4856.3500        0   5.061321E+00   0.000000E+00   0.000000E+00   -9999.0000
    2   150.00    4890.0000    4892.3300        0   5.260409E+00   0.000000E+00   0.000000E+00   -9999.0000
    3   150.00    4910.0000    4912.2900        0   5.689536E+00   0.000000E+00   0.000000E+00   -9999.0000
    4   150.00    4979.1000    4981.3500        0   7.091723E+00   0.000000E+00   0.000000E+00   -9999.0000
    5   150.00    5078.1000    5080.3100        0   7.622661E+00   0.000000E+00   0.000000E+00   -9999.0000
    6   150.00    5118.1000    5120.2700        0   7.695546E+00   0.000000E+00   0.000000E+00   -9999.0000
    7   150.00    5146.0000    5148.2500        0   7.338049E+00   0.000000E+00   0.000000E+00   -9999.0000
    8   150.00    5167.1000    5169.3500        0   7.723264E+00   0.000000E+00   0.000000E+00   -9999.0000
    9   150.00    5191.0000    5193.2900        0   6.412235E+00   0.000000E+00   0.000000E+00   -9999.0000
===== get_costpred call =       10
ised   ztrap      btime        etime        nsed_pred   STn_pred        STn15_pred      STn15/STn      delta15N_pred
    1   150.00    4854.1000    4856.3500        0   5.061321E+00   0.000000E+00   0.000000E+00   -9999.0000
    2   150.00    4890.0000    4892.3300        0   5.260409E+00   0.000000E+00   0.000000E+00   -9999.0000
    3   150.00    4910.0000    4912.2900        0   5.689536E+00   0.000000E+00   0.000000E+00   -9999.0000
    4   150.00    4979.1000    4981.3500        0   7.091723E+00   0.000000E+00   0.000000E+00   -9999.0000
    5   150.00    5078.1000    5080.3100        0   7.622661E+00   0.000000E+00   0.000000E+00   -9999.0000
    6   150.00    5118.1000    5120.2700        0   7.695546E+00   0.000000E+00   0.000000E+00   -9999.0000
    7   150.00    5146.0000    5148.2500        0   7.338049E+00   0.000000E+00   0.000000E+00   -9999.0000
    8   150.00    5167.1000    5169.3500        0   7.723264E+00   0.000000E+00   0.000000E+00   -9999.0000
    9   150.00    5191.0000    5193.2900        0   6.412235E+00   0.000000E+00   0.000000E+00   -9999.0000
===== get_costpred call =        1
ised   ztrap      btime        etime        nsed_pred   STn_pred        STn15_pred      STn15/STn      delta15N_pred
    1   150.00    4854.1000    4856.3500        0   5.061308E+00   0.000000E+00   0.000000E+00   -9999.0000
    2   150.00    4890.0000    4892.3300        0   5.260399E+00   0.000000E+00   0.000000E+00   -9999.0000
    3   150.00    4910.0000    4912.2900        0   5.689527E+00   0.000000E+00   0.000000E+00   -9999.0000
    4   150.00    4979.1000    4981.3500        0   7.091684E+00   0.000000E+00   0.000000E+00   -9999.0000
    5   150.00    5078.1000    5080.3100        0   7.622203E+00   0.000000E+00   0.000000E+00   -9999.0000
    6   150.00    5118.1000    5120.2700        0   7.695404E+00   0.000000E+00   0.000000E+00   -9999.0000
    7   150.00    5146.0000    5148.2500        0   7.337998E+00   0.000000E+00   0.000000E+00   -9999.0000
    8   150.00    5167.1000    5169.3500        0   7.723158E+00   0.000000E+00   0.000000E+00   -9999.0000
    9   150.00    5191.0000    5193.2900        0   6.412090E+00   0.000000E+00   0.000000E+00   -9999.0000
===== get_costpred call =        2
ised   ztrap      btime        etime        nsed_pred   STn_pred        STn15_pred      STn15/STn      delta15N_pred
    1   150.00    4854.1000    4856.3500        0   5.070367E+00   0.000000E+00   0.000000E+00   -9999.0000
    2   150.00    4890.0000    4892.3300        0   5.269612E+00   0.000000E+00   0.000000E+00   -9999.0000
    3   150.00    4910.0000    4912.2900        0   5.699712E+00   0.000000E+00   0.000000E+00   -9999.0000
    4   150.00    4979.1000    4981.3500        0   7.104220E+00   0.000000E+00   0.000000E+00   -9999.0000
    5   150.00    5078.1000    5080.3100        0   7.642639E+00   0.000000E+00   0.000000E+00   -9999.0000
    6   150.00    5118.1000    5120.2700        0   7.710252E+00   0.000000E+00   0.000000E+00   -9999.0000
    7   150.00    5146.0000    5148.2500        0   7.350877E+00   0.000000E+00   0.000000E+00   -9999.0000
    8   150.00    5167.1000    5169.3500        0   7.738460E+00   0.000000E+00   0.000000E+00   -9999.0000
    9   150.00    5191.0000    5193.2900        0   6.425015E+00   0.000000E+00   0.000000E+00   -9999.0000
===== get_costpred call =        3
ised   ztrap      btime        etime        nsed_pred   STn_pred        STn15_pred      STn15/STn      delta15N_pred
    1   150.00    4854.1000    4856.3500        0   5.062221E+00   0.000000E+00   0.000000E+00   -9999.0000
    2   150.00    4890.0000    4892.3300        0   5.261322E+00   0.000000E+00   0.000000E+00   -9999.0000
    3   150.00    4910.0000    4912.2900        0   5.690544E+00   0.000000E+00   0.000000E+00   -9999.0000
    4   150.00    4979.1000    4981.3500        0   7.092932E+00   0.000000E+00   0.000000E+00   -9999.0000
    5   150.00    5078.1000    5080.3100        0   7.624238E+00   0.000000E+00   0.000000E+00   -9999.0000
    6   150.00    5118.1000    5120.2700        0   7.696885E+00   0.000000E+00   0.000000E+00   -9999.0000
    7   150.00    5146.0000    5148.2500        0   7.339283E+00   0.000000E+00   0.000000E+00   -9999.0000
    8   150.00    5167.1000    5169.3500        0   7.724684E+00   0.000000E+00   0.000000E+00   -9999.0000
    9   150.00    5191.0000    5193.2900        0   6.413380E+00   0.000000E+00   0.000000E+00   -9999.0000
===== get_costpred call =        4
ised   ztrap      btime        etime        nsed_pred   STn_pred        STn15_pred      STn15/STn      delta15N_pred
    1   150.00    4854.1000    4856.3500        0   5.061399E+00   0.000000E+00   0.000000E+00   -9999.0000
    2   150.00    4890.0000    4892.3300        0   5.260492E+00   0.000000E+00   0.000000E+00   -9999.0000
    3   150.00    4910.0000    4912.2900        0   5.689629E+00   0.000000E+00   0.000000E+00   -9999.0000
    4   150.00    4979.1000    4981.3500        0   7.091809E+00   0.000000E+00   0.000000E+00   -9999.0000
    5   150.00    5078.1000    5080.3100        0   7.622405E+00   0.000000E+00   0.000000E+00   -9999.0000
    6   150.00    5118.1000    5120.2700        0   7.695552E+00   0.000000E+00   0.000000E+00   -9999.0000
    7   150.00    5146.0000    5148.2500        0   7.338127E+00   0.000000E+00   0.000000E+00   -9999.0000
    8   150.00    5167.1000    5169.3500        0   7.723311E+00   0.000000E+00   0.000000E+00   -9999.0000
    9   150.00    5191.0000    5193.2900        0   6.412219E+00   0.000000E+00   0.000000E+00   -9999.0000
===== get_costpred call =        5
ised   ztrap      btime        etime        nsed_pred   STn_pred        STn15_pred      STn15/STn      delta15N_pred
    1   150.00    4854.1000    4856.3500        0   5.061317E+00   0.000000E+00   0.000000E+00   -9999.0000
    2   150.00    4890.0000    4892.3300        0   5.260409E+00   0.000000E+00   0.000000E+00   -9999.0000
    3   150.00    4910.0000    4912.2900        0   5.689537E+00   0.000000E+00   0.000000E+00   -9999.0000
    4   150.00    4979.1000    4981.3500        0   7.091696E+00   0.000000E+00   0.000000E+00   -9999.0000
    5   150.00    5078.1000    5080.3100        0   7.622223E+00   0.000000E+00   0.000000E+00   -9999.0000
    6   150.00    5118.1000    5120.2700        0   7.695418E+00   0.000000E+00   0.000000E+00   -9999.0000
    7   150.00    5146.0000    5148.2500        0   7.338011E+00   0.000000E+00   0.000000E+00   -9999.0000
    8   150.00    5167.1000    5169.3500        0   7.723173E+00   0.000000E+00   0.000000E+00   -9999.0000
    9   150.00    5191.0000    5193.2900        0   6.412103E+00   0.000000E+00   0.000000E+00   -9999.0000
===== get_costpred call =        6
ised   ztrap      btime        etime        nsed_pred   STn_pred        STn15_pred      STn15/STn      delta15N_pred
    1   150.00    4854.1000    4856.3500        0   5.061309E+00   0.000000E+00   0.000000E+00   -9999.0000
    2   150.00    4890.0000    4892.3300        0   5.260400E+00   0.000000E+00   0.000000E+00   -9999.0000
    3   150.00    4910.0000    4912.2900        0   5.689528E+00   0.000000E+00   0.000000E+00   -9999.0000
    4   150.00    4979.1000    4981.3500        0   7.091685E+00   0.000000E+00   0.000000E+00   -9999.0000
    5   150.00    5078.1000    5080.3100        0   7.622205E+00   0.000000E+00   0.000000E+00   -9999.0000
    6   150.00    5118.1000    5120.2700        0   7.695405E+00   0.000000E+00   0.000000E+00   -9999.0000
    7   150.00    5146.0000    5148.2500        0   7.338000E+00   0.000000E+00   0.000000E+00   -9999.0000
    8   150.00    5167.1000    5169.3500        0   7.723160E+00   0.000000E+00   0.000000E+00   -9999.0000
    9   150.00    5191.0000    5193.2900        0   6.412092E+00   0.000000E+00   0.000000E+00   -9999.0000
===== get_costpred call =        7
ised   ztrap      btime        etime        nsed_pred   STn_pred        STn15_pred      STn15/STn      delta15N_pred
    1   150.00    4854.1000    4856.3500        0   5.061308E+00   0.000000E+00   0.000000E+00   -9999.0000
    2   150.00    4890.0000    4892.3300        0   5.260399E+00   0.000000E+00   0.000000E+00   -9999.0000
    3   150.00    4910.0000    4912.2900        0   5.689527E+00   0.000000E+00   0.000000E+00   -9999.0000
    4   150.00    4979.1000    4981.3500        0   7.091684E+00   0.000000E+00   0.000000E+00   -9999.0000
    5   150.00    5078.1000    5080.3100        0   7.622204E+00   0.000000E+00   0.000000E+00   -9999.0000
    6   150.00    5118.1000    5120.2700        0   7.695404E+00   0.000000E+00   0.000000E+00   -9999.0000
    7   150.00    5146.0000    5148.2500        0   7.337999E+00   0.000000E+00   0.000000E+00   -9999.0000
    8   150.00    5167.1000    5169.3500        0   7.723158E+00   0.000000E+00   0.000000E+00   -9999.0000
    9   150.00    5191.0000    5193.2900        0   6.412090E+00   0.000000E+00   0.000000E+00   -9999.0000
===== get_costpred call =        8
ised   ztrap      btime        etime        nsed_pred   STn_pred        STn15_pred      STn15/STn      delta15N_pred
    1   150.00    4854.1000    4856.3500        0   5.061308E+00   0.000000E+00   0.000000E+00   -9999.0000
    2   150.00    4890.0000    4892.3300        0   5.260399E+00   0.000000E+00   0.000000E+00   -9999.0000
    3   150.00    4910.0000    4912.2900        0   5.689527E+00   0.000000E+00   0.000000E+00   -9999.0000
    4   150.00    4979.1000    4981.3500        0   7.091684E+00   0.000000E+00   0.000000E+00   -9999.0000
    5   150.00    5078.1000    5080.3100        0   7.622203E+00   0.000000E+00   0.000000E+00   -9999.0000
    6   150.00    5118.1000    5120.2700        0   7.695404E+00   0.000000E+00   0.000000E+00   -9999.0000
    7   150.00    5146.0000    5148.2500        0   7.337998E+00   0.000000E+00   0.000000E+00   -9999.0000
    8   150.00    5167.1000    5169.3500        0   7.723158E+00   0.000000E+00   0.000000E+00   -9999.0000
    9   150.00    5191.0000    5193.2900        0   6.412090E+00   0.000000E+00   0.000000E+00   -9999.0000
===== get_costpred call =        9
ised   ztrap      btime        etime        nsed_pred   STn_pred        STn15_pred      STn15/STn      delta15N_pred
    1   150.00    4854.1000    4856.3500        0   5.061308E+00   0.000000E+00   0.000000E+00   -9999.0000
    2   150.00    4890.0000    4892.3300        0   5.260399E+00   0.000000E+00   0.000000E+00   -9999.0000
    3   150.00    4910.0000    4912.2900        0   5.689527E+00   0.000000E+00   0.000000E+00   -9999.0000
    4   150.00    4979.1000    4981.3500        0   7.091684E+00   0.000000E+00   0.000000E+00   -9999.0000
    5   150.00    5078.1000    5080.3100        0   7.622203E+00   0.000000E+00   0.000000E+00   -9999.0000
    6   150.00    5118.1000    5120.2700        0   7.695404E+00   0.000000E+00   0.000000E+00   -9999.0000
    7   150.00    5146.0000    5148.2500        0   7.337998E+00   0.000000E+00   0.000000E+00   -9999.0000
    8   150.00    5167.1000    5169.3500        0   7.723158E+00   0.000000E+00   0.000000E+00   -9999.0000
    9   150.00    5191.0000    5193.2900        0   6.412090E+00   0.000000E+00   0.000000E+00   -9999.0000
===== get_costpred call =       10
ised   ztrap      btime        etime        nsed_pred   STn_pred        STn15_pred      STn15/STn      delta15N_pred
    1   150.00    4854.1000    4856.3500        0   5.061308E+00   0.000000E+00   0.000000E+00   -9999.0000
    2   150.00    4890.0000    4892.3300        0   5.260399E+00   0.000000E+00   0.000000E+00   -9999.0000
    3   150.00    4910.0000    4912.2900        0   5.689527E+00   0.000000E+00   0.000000E+00   -9999.0000
    4   150.00    4979.1000    4981.3500        0   7.091684E+00   0.000000E+00   0.000000E+00   -9999.0000
    5   150.00    5078.1000    5080.3100        0   7.622203E+00   0.000000E+00   0.000000E+00   -9999.0000
    6   150.00    5118.1000    5120.2700        0   7.695404E+00   0.000000E+00   0.000000E+00   -9999.0000
    7   150.00    5146.0000    5148.2500        0   7.337998E+00   0.000000E+00   0.000000E+00   -9999.0000
    8   150.00    5167.1000    5169.3500        0   7.723158E+00   0.000000E+00   0.000000E+00   -9999.0000
    9   150.00    5191.0000    5193.2900        0   6.412090E+00   0.000000E+00   0.000000E+00   -9999.0000
===== get_costpred call =        1
ised   ztrap      btime        etime        nsed_pred   STn_pred        STn15_pred      STn15/STn      delta15N_pred
    1   150.00    6345.0000    6347.2500       54   5.061308E+00  -1.765893E+03  -3.489005E+02   -9999.0000
    2   150.00    6368.0000    6370.4200       58   5.260399E+00  -2.020587E+03  -3.841129E+02   -9999.0000
    3   150.00    6391.0000    6393.2900       55   5.689527E+00  -2.195165E+03  -3.858255E+02   -9999.0000
    4   150.00    6446.0000    6448.2500       54   7.091684E+00  -2.246971E+03  -3.168459E+02   -9999.0000
    5   150.00    6464.0000    6466.2500       54   7.622203E+00  -2.406591E+03  -3.157343E+02   -9999.0000
    6   150.00    6493.0000    6495.2900       55   7.695404E+00  -2.392610E+03  -3.109142E+02   -9999.0000
    7   150.00    6520.0000    6522.1700       52   7.337998E+00  -2.142192E+03  -2.919314E+02   -9999.0000
    8   150.00    6558.0000    6560.2500       54   7.723158E+00  -2.167774E+03  -2.806849E+02   -9999.0000
    9   150.00    6593.0000    6595.2900       55   6.412090E+00  -2.147844E+03  -3.349678E+02   -9999.0000
   10   150.00    6612.0000    6614.3300       56   5.872618E+00  -2.012681E+03  -3.427230E+02   -9999.0000
   11   150.00    6643.0000    6645.2900       55   4.927483E+00  -1.759294E+03  -3.570371E+02   -9999.0000
===== get_costpred call =        2
ised   ztrap      btime        etime        nsed_pred   STn_pred        STn15_pred      STn15/STn      delta15N_pred
    1   150.00    6345.0000    6347.2500       54   5.027679E+00  -1.535548E+03  -3.054188E+02   -9999.0000
    2   150.00    6368.0000    6370.4200       58   5.224766E+00  -1.855076E+03  -3.550544E+02   -9999.0000
    3   150.00    6391.0000    6393.2900       55   5.649085E+00  -2.065210E+03  -3.655831E+02   -9999.0000
    4   150.00    6446.0000    6448.2500       54   7.047412E+00  -2.171098E+03  -3.080702E+02   -9999.0000
    5   150.00    6464.0000    6466.2500       54   7.571401E+00  -2.269632E+03  -2.997638E+02   -9999.0000
    6   150.00    6493.0000    6495.2900       55   7.652179E+00  -2.184551E+03  -2.854809E+02   -9999.0000
    7   150.00    6520.0000    6522.1700       52   7.294374E+00  -1.993235E+03  -2.732565E+02   -9999.0000
    8   150.00    6558.0000    6560.2500       54   7.672117E+00  -2.038329E+03  -2.656801E+02   -9999.0000
    9   150.00    6593.0000    6595.2900       55   6.371914E+00  -2.016726E+03  -3.165024E+02   -9999.0000
   10   150.00    6612.0000    6614.3300       56   5.835771E+00  -1.888267E+03  -3.235677E+02   -9999.0000
   11   150.00    6643.0000    6645.2900       55   4.895673E+00  -1.651242E+03  -3.372860E+02   -9999.0000
===== get_costpred call =        3
ised   ztrap      btime        etime        nsed_pred   STn_pred        STn15_pred      STn15/STn      delta15N_pred
    1   150.00    6345.0000    6347.2500       54   5.058002E+00  -1.771147E+03  -3.501672E+02   -9999.0000
    2   150.00    6368.0000    6370.4200       58   5.256798E+00  -2.020903E+03  -3.844360E+02   -9999.0000
    3   150.00    6391.0000    6393.2900       55   5.685391E+00  -2.191421E+03  -3.854477E+02   -9999.0000
    4   150.00    6446.0000    6448.2500       54   7.087116E+00  -2.240424E+03  -3.161263E+02   -9999.0000
    5   150.00    6464.0000    6466.2500       54   7.616927E+00  -2.396627E+03  -3.146449E+02   -9999.0000
    6   150.00    6493.0000    6495.2900       55   7.690938E+00  -2.378825E+03  -3.093023E+02   -9999.0000
    7   150.00    6520.0000    6522.1700       52   7.333510E+00  -2.131834E+03  -2.906977E+02   -9999.0000
    8   150.00    6558.0000    6560.2500       54   7.717911E+00  -2.157804E+03  -2.795840E+02   -9999.0000
    9   150.00    6593.0000    6595.2900       55   6.407940E+00  -2.138376E+03  -3.337072E+02   -9999.0000
   10   150.00    6612.0000    6614.3300       56   5.868814E+00  -2.003846E+03  -3.414397E+02   -9999.0000
   11   150.00    6643.0000    6645.2900       55   4.924210E+00  -1.751961E+03  -3.557852E+02   -9999.0000
===== get_costpred call =        4
ised   ztrap      btime        etime        nsed_pred   STn_pred        STn15_pred      STn15/STn      delta15N_pred
    1   150.00    6345.0000    6347.2500       54   5.060977E+00  -1.765676E+03  -3.488804E+02   -9999.0000
    2   150.00    6368.0000    6370.4200       58   5.260039E+00  -2.020169E+03  -3.840598E+02   -9999.0000
    3   150.00    6391.0000    6393.2900       55   5.689112E+00  -2.194565E+03  -3.857482E+02   -9999.0000
    4   150.00    6446.0000    6448.2500       54   7.091226E+00  -2.246291E+03  -3.167704E+02   -9999.0000
    5   150.00    6464.0000    6466.2500       54   7.621674E+00  -2.405620E+03  -3.156288E+02   -9999.0000
    6   150.00    6493.0000    6495.2900       55   7.694954E+00  -2.391285E+03  -3.107602E+02   -9999.0000
    7   150.00    6520.0000    6522.1700       52   7.337548E+00  -2.141175E+03  -2.918107E+02   -9999.0000
    8   150.00    6558.0000    6560.2500       54   7.722630E+00  -2.166795E+03  -2.805773E+02   -9999.0000
    9   150.00    6593.0000    6595.2900       55   6.411674E+00  -2.146922E+03  -3.348458E+02   -9999.0000
   10   150.00    6612.0000    6614.3300       56   5.872236E+00  -2.011818E+03  -3.425983E+02   -9999.0000
   11   150.00    6643.0000    6645.2900       55   4.927155E+00  -1.758575E+03  -3.569149E+02   -9999.0000
===== get_costpred call =        1
ised   ztrap      btime        etime        nsed_pred   STn_pred        STn15_pred      STn15/STn      delta15N_pred
    1   150.00    6345.0000    6347.2500       54   5.061308E+00  -1.765893E+03  -3.489005E+02   -9999.0000
    2   150.00    6368.0000    6370.4200       58   5.260399E+00  -2.020587E+03  -3.841129E+02   -9999.0000
    3   150.00    6391.0000    6393.2900       55   5.689527E+00  -2.195165E+03  -3.858255E+02   -9999.0000
    4   150.00    6446.0000    6448.2500       54   7.091684E+00  -2.246971E+03  -3.168459E+02   -9999.0000
    5   150.00    6464.0000    6466.2500       54   7.622203E+00  -2.406591E+03  -3.157343E+02   -9999.0000
    6   150.00    6493.0000    6495.2900       55   7.695404E+00  -2.392610E+03  -3.109142E+02   -9999.0000
    7   150.00    6520.0000    6522.1700       52   7.337998E+00  -2.142192E+03  -2.919314E+02   -9999.0000
    8   150.00    6558.0000    6560.2500       54   7.723158E+00  -2.167774E+03  -2.806849E+02   -9999.0000
    9   150.00    6593.0000    6595.2900       55   6.412090E+00  -2.147844E+03  -3.349678E+02   -9999.0000
   10   150.00    6612.0000    6614.3300       56   5.872618E+00  -2.012681E+03  -3.427230E+02   -9999.0000
   11   150.00    6643.0000    6645.2900       55   4.927483E+00  -1.759294E+03  -3.570371E+02   -9999.0000
===== get_costpred call =        2
ised   ztrap      btime        etime        nsed_pred   STn_pred        STn15_pred      STn15/STn      delta15N_pred
    1   150.00    6345.0000    6347.2500       54   5.027679E+00  -1.535548E+03  -3.054188E+02   -9999.0000
    2   150.00    6368.0000    6370.4200       58   5.224766E+00  -1.855076E+03  -3.550544E+02   -9999.0000
    3   150.00    6391.0000    6393.2900       55   5.649085E+00  -2.065210E+03  -3.655831E+02   -9999.0000
    4   150.00    6446.0000    6448.2500       54   7.047412E+00  -2.171098E+03  -3.080702E+02   -9999.0000
    5   150.00    6464.0000    6466.2500       54   7.571401E+00  -2.269632E+03  -2.997638E+02   -9999.0000
    6   150.00    6493.0000    6495.2900       55   7.652179E+00  -2.184551E+03  -2.854809E+02   -9999.0000
    7   150.00    6520.0000    6522.1700       52   7.294374E+00  -1.993235E+03  -2.732565E+02   -9999.0000
    8   150.00    6558.0000    6560.2500       54   7.672117E+00  -2.038329E+03  -2.656801E+02   -9999.0000
    9   150.00    6593.0000    6595.2900       55   6.371914E+00  -2.016726E+03  -3.165024E+02   -9999.0000
   10   150.00    6612.0000    6614.3300       56   5.835771E+00  -1.888267E+03  -3.235677E+02   -9999.0000
   11   150.00    6643.0000    6645.2900       55   4.895673E+00  -1.651242E+03  -3.372860E+02   -9999.0000
===== get_costpred call =        3
ised   ztrap      btime        etime        nsed_pred   STn_pred        STn15_pred      STn15/STn      delta15N_pred
    1   150.00    6345.0000    6347.2500       54   5.058002E+00  -1.771147E+03  -3.501672E+02   -9999.0000
    2   150.00    6368.0000    6370.4200       58   5.256798E+00  -2.020903E+03  -3.844360E+02   -9999.0000
    3   150.00    6391.0000    6393.2900       55   5.685391E+00  -2.191421E+03  -3.854477E+02   -9999.0000
    4   150.00    6446.0000    6448.2500       54   7.087116E+00  -2.240424E+03  -3.161263E+02   -9999.0000
    5   150.00    6464.0000    6466.2500       54   7.616927E+00  -2.396627E+03  -3.146449E+02   -9999.0000
    6   150.00    6493.0000    6495.2900       55   7.690938E+00  -2.378825E+03  -3.093023E+02   -9999.0000
    7   150.00    6520.0000    6522.1700       52   7.333510E+00  -2.131834E+03  -2.906977E+02   -9999.0000
    8   150.00    6558.0000    6560.2500       54   7.717911E+00  -2.157804E+03  -2.795840E+02   -9999.0000
    9   150.00    6593.0000    6595.2900       55   6.407940E+00  -2.138376E+03  -3.337072E+02   -9999.0000
   10   150.00    6612.0000    6614.3300       56   5.868814E+00  -2.003846E+03  -3.414397E+02   -9999.0000
   11   150.00    6643.0000    6645.2900       55   4.924210E+00  -1.751961E+03  -3.557852E+02   -9999.0000
===== get_costpred call =        1
ised   ztrap      btime        etime        nsed_pred   STn_pred        STn15_pred      STn15/STn      delta15N_pred
    1   150.00    6345.0000    6347.2500       54   5.061308E+00  -1.765893E+03  -3.489005E+02   -9999.0000
    2   150.00    6368.0000    6370.4200       58   5.260399E+00  -2.020587E+03  -3.841129E+02   -9999.0000
    3   150.00    6391.0000    6393.2900       55   5.689527E+00  -2.195165E+03  -3.858255E+02   -9999.0000
    4   150.00    6446.0000    6448.2500       54   7.091684E+00  -2.246971E+03  -3.168459E+02   -9999.0000
    5   150.00    6464.0000    6466.2500       54   7.622203E+00  -2.406591E+03  -3.157343E+02   -9999.0000
    6   150.00    6493.0000    6495.2900       55   7.695404E+00  -2.392610E+03  -3.109142E+02   -9999.0000
    7   150.00    6520.0000    6522.1700       52   7.337998E+00  -2.142192E+03  -2.919314E+02   -9999.0000
    8   150.00    6558.0000    6560.2500       54   7.723158E+00  -2.167774E+03  -2.806849E+02   -9999.0000
    9   150.00    6593.0000    6595.2900       55   6.412090E+00  -2.147844E+03  -3.349678E+02   -9999.0000
   10   150.00    6612.0000    6614.3300       56   5.872618E+00  -2.012681E+03  -3.427230E+02   -9999.0000
   11   150.00    6643.0000    6645.2900       55   4.927483E+00  -1.759294E+03  -3.570371E+02   -9999.0000
===== get_costpred call =        1
ised   ztrap      btime        etime        nsed_pred   STn_pred        STn15_pred      STn15/STn      delta15N_pred
    1   150.00    6345.0000    6347.2500       54   5.061308E+00  -1.765893E+03  -3.489005E+02   -9999.0000
    2   150.00    6368.0000    6370.4200       58   5.260399E+00  -2.020587E+03  -3.841129E+02   -9999.0000
    3   150.00    6391.0000    6393.2900       55   5.689527E+00  -2.195165E+03  -3.858255E+02   -9999.0000
    4   150.00    6446.0000    6448.2500       54   7.091684E+00  -2.246971E+03  -3.168459E+02   -9999.0000
    5   150.00    6464.0000    6466.2500       54   7.622203E+00  -2.406591E+03  -3.157343E+02   -9999.0000
    6   150.00    6493.0000    6495.2900       55   7.695404E+00  -2.392610E+03  -3.109142E+02   -9999.0000
    7   150.00    6520.0000    6522.1700       52   7.337998E+00  -2.142192E+03  -2.919314E+02   -9999.0000
    8   150.00    6558.0000    6560.2500       54   7.723158E+00  -2.167774E+03  -2.806849E+02   -9999.0000
    9   150.00    6593.0000    6595.2900       55   6.412090E+00  -2.147844E+03  -3.349678E+02   -9999.0000
   10   150.00    6612.0000    6614.3300       56   5.872618E+00  -2.012681E+03  -3.427230E+02   -9999.0000
   11   150.00    6643.0000    6645.2900       55   4.927483E+00  -1.759294E+03  -3.570371E+02   -9999.0000
===== get_costpred call =        1
ised   ztrap      btime        etime        nsed_pred   STn_pred        STn15_pred      STn15/STn      delta15N_pred
    1   150.00    6345.0000    6347.2500       54   5.061308E+00  -1.765893E+03  -3.489005E+02   -9999.0000
    2   150.00    6368.0000    6370.4200       58   5.260399E+00  -2.020587E+03  -3.841129E+02   -9999.0000
    3   150.00    6391.0000    6393.2900       55   5.689527E+00  -2.195165E+03  -3.858255E+02   -9999.0000
    4   150.00    6446.0000    6448.2500       54   7.091684E+00  -2.246971E+03  -3.168459E+02   -9999.0000
    5   150.00    6464.0000    6466.2500       54   7.622203E+00  -2.406591E+03  -3.157343E+02   -9999.0000
    6   150.00    6493.0000    6495.2900       55   7.695404E+00  -2.392610E+03  -3.109142E+02   -9999.0000
    7   150.00    6520.0000    6522.1700       52   7.337998E+00  -2.142192E+03  -2.919314E+02   -9999.0000
    8   150.00    6558.0000    6560.2500       54   7.723158E+00  -2.167774E+03  -2.806849E+02   -9999.0000
    9   150.00    6593.0000    6595.2900       55   6.412090E+00  -2.147844E+03  -3.349678E+02   -9999.0000
   10   150.00    6612.0000    6614.3300       56   5.872618E+00  -2.012681E+03  -3.427230E+02   -9999.0000
   11   150.00    6643.0000    6645.2900       55   4.927483E+00  -1.759294E+03  -3.570371E+02   -9999.0000
===== get_costpred call =        2
ised   ztrap      btime        etime        nsed_pred   STn_pred        STn15_pred      STn15/STn      delta15N_pred
    1   150.00    6345.0000    6347.2500       54   5.027679E+00  -1.535548E+03  -3.054188E+02   -9999.0000
    2   150.00    6368.0000    6370.4200       58   5.224766E+00  -1.855076E+03  -3.550544E+02   -9999.0000
    3   150.00    6391.0000    6393.2900       55   5.649085E+00  -2.065210E+03  -3.655831E+02   -9999.0000
    4   150.00    6446.0000    6448.2500       54   7.047412E+00  -2.171098E+03  -3.080702E+02   -9999.0000
    5   150.00    6464.0000    6466.2500       54   7.571401E+00  -2.269632E+03  -2.997638E+02   -9999.0000
    6   150.00    6493.0000    6495.2900       55   7.652179E+00  -2.184551E+03  -2.854809E+02   -9999.0000
    7   150.00    6520.0000    6522.1700       52   7.294374E+00  -1.993235E+03  -2.732565E+02   -9999.0000
    8   150.00    6558.0000    6560.2500       54   7.672117E+00  -2.038329E+03  -2.656801E+02   -9999.0000
    9   150.00    6593.0000    6595.2900       55   6.371914E+00  -2.016726E+03  -3.165024E+02   -9999.0000
   10   150.00    6612.0000    6614.3300       56   5.835771E+00  -1.888267E+03  -3.235677E+02   -9999.0000
   11   150.00    6643.0000    6645.2900       55   4.895673E+00  -1.651242E+03  -3.372860E+02   -9999.0000
===== get_costpred call =        3
ised   ztrap      btime        etime        nsed_pred   STn_pred        STn15_pred      STn15/STn      delta15N_pred
    1   150.00    6345.0000    6347.2500       54   5.058002E+00  -1.771147E+03  -3.501672E+02   -9999.0000
    2   150.00    6368.0000    6370.4200       58   5.256798E+00  -2.020903E+03  -3.844360E+02   -9999.0000
    3   150.00    6391.0000    6393.2900       55   5.685391E+00  -2.191421E+03  -3.854477E+02   -9999.0000
    4   150.00    6446.0000    6448.2500       54   7.087116E+00  -2.240424E+03  -3.161263E+02   -9999.0000
    5   150.00    6464.0000    6466.2500       54   7.616927E+00  -2.396627E+03  -3.146449E+02   -9999.0000
    6   150.00    6493.0000    6495.2900       55   7.690938E+00  -2.378825E+03  -3.093023E+02   -9999.0000
    7   150.00    6520.0000    6522.1700       52   7.333510E+00  -2.131834E+03  -2.906977E+02   -9999.0000
    8   150.00    6558.0000    6560.2500       54   7.717911E+00  -2.157804E+03  -2.795840E+02   -9999.0000
    9   150.00    6593.0000    6595.2900       55   6.407940E+00  -2.138376E+03  -3.337072E+02   -9999.0000
   10   150.00    6612.0000    6614.3300       56   5.868814E+00  -2.003846E+03  -3.414397E+02   -9999.0000
   11   150.00    6643.0000    6645.2900       55   4.924210E+00  -1.751961E+03  -3.557852E+02   -9999.0000
===== get_costpred call =        4
ised   ztrap      btime        etime        nsed_pred   STn_pred        STn15_pred      STn15/STn      delta15N_pred
    1   150.00    6345.0000    6347.2500       54   5.060977E+00  -1.765676E+03  -3.488804E+02   -9999.0000
    2   150.00    6368.0000    6370.4200       58   5.260039E+00  -2.020169E+03  -3.840598E+02   -9999.0000
    3   150.00    6391.0000    6393.2900       55   5.689112E+00  -2.194565E+03  -3.857482E+02   -9999.0000
    4   150.00    6446.0000    6448.2500       54   7.091226E+00  -2.246291E+03  -3.167704E+02   -9999.0000
    5   150.00    6464.0000    6466.2500       54   7.621674E+00  -2.405620E+03  -3.156288E+02   -9999.0000
    6   150.00    6493.0000    6495.2900       55   7.694954E+00  -2.391285E+03  -3.107602E+02   -9999.0000
    7   150.00    6520.0000    6522.1700       52   7.337548E+00  -2.141175E+03  -2.918107E+02   -9999.0000
    8   150.00    6558.0000    6560.2500       54   7.722630E+00  -2.166795E+03  -2.805773E+02   -9999.0000
    9   150.00    6593.0000    6595.2900       55   6.411674E+00  -2.146922E+03  -3.348458E+02   -9999.0000
   10   150.00    6612.0000    6614.3300       56   5.872236E+00  -2.011818E+03  -3.425983E+02   -9999.0000
   11   150.00    6643.0000    6645.2900       55   4.927155E+00  -1.758575E+03  -3.569149E+02   -9999.0000
===== get_costpred call =        5
ised   ztrap      btime        etime        nsed_pred   STn_pred        STn15_pred      STn15/STn      delta15N_pred
    1   150.00    6345.0000    6347.2500       54   5.061275E+00  -1.765731E+03  -3.488708E+02   -9999.0000
    2   150.00    6368.0000    6370.4200       58   5.260363E+00  -2.020460E+03  -3.840913E+02   -9999.0000
    3   150.00    6391.0000    6393.2900       55   5.689485E+00  -2.195061E+03  -3.858101E+02   -9999.0000
    4   150.00    6446.0000    6448.2500       54   7.091638E+00  -2.246900E+03  -3.168379E+02   -9999.0000
    5   150.00    6464.0000    6466.2500       54   7.622150E+00  -2.406490E+03  -3.157233E+02   -9999.0000
    6   150.00    6493.0000    6495.2900       55   7.695359E+00  -2.392478E+03  -3.108988E+02   -9999.0000
    7   150.00    6520.0000    6522.1700       52   7.337953E+00  -2.142089E+03  -2.919191E+02   -9999.0000
    8   150.00    6558.0000    6560.2500       54   7.723105E+00  -2.167675E+03  -2.806741E+02   -9999.0000
    9   150.00    6593.0000    6595.2900       55   6.412049E+00  -2.147751E+03  -3.349555E+02   -9999.0000
   10   150.00    6612.0000    6614.3300       56   5.872580E+00  -2.012594E+03  -3.427104E+02   -9999.0000
   11   150.00    6643.0000    6645.2900       55   4.927450E+00  -1.759221E+03  -3.570247E+02   -9999.0000
===== get_costpred call =        6
ised   ztrap      btime        etime        nsed_pred   STn_pred        STn15_pred      STn15/STn      delta15N_pred
    1   150.00    6345.0000    6347.2500       54   5.061304E+00  -1.765875E+03  -3.488973E+02   -9999.0000
    2   150.00    6368.0000    6370.4200       58   5.260396E+00  -2.020574E+03  -3.841106E+02   -9999.0000
    3   150.00    6391.0000    6393.2900       55   5.689523E+00  -2.195154E+03  -3.858239E+02   -9999.0000
    4   150.00    6446.0000    6448.2500       54   7.091679E+00  -2.246964E+03  -3.168451E+02   -9999.0000
    5   150.00    6464.0000    6466.2500       54   7.622198E+00  -2.406581E+03  -3.157332E+02   -9999.0000
    6   150.00    6493.0000    6495.2900       55   7.695399E+00  -2.392597E+03  -3.109127E+02   -9999.0000
    7   150.00    6520.0000    6522.1700       52   7.337994E+00  -2.142182E+03  -2.919302E+02   -9999.0000
    8   150.00    6558.0000    6560.2500       54   7.723153E+00  -2.167764E+03  -2.806839E+02   -9999.0000
    9   150.00    6593.0000    6595.2900       55   6.412086E+00  -2.147834E+03  -3.349666E+02   -9999.0000
   10   150.00    6612.0000    6614.3300       56   5.872614E+00  -2.012672E+03  -3.427217E+02   -9999.0000
   11   150.00    6643.0000    6645.2900       55   4.927480E+00  -1.759287E+03  -3.570358E+02   -9999.0000
===== get_costpred call =        7
ised   ztrap      btime        etime        nsed_pred   STn_pred        STn15_pred      STn15/STn      delta15N_pred
    1   150.00    6345.0000    6347.2500       54   5.061307E+00  -1.765891E+03  -3.489002E+02   -9999.0000
    2   150.00    6368.0000    6370.4200       58   5.260399E+00  -2.020586E+03  -3.841126E+02   -9999.0000
    3   150.00    6391.0000    6393.2900       55   5.689527E+00  -2.195164E+03  -3.858253E+02   -9999.0000
    4   150.00    6446.0000    6448.2500       54   7.091683E+00  -2.246970E+03  -3.168458E+02   -9999.0000
    5   150.00    6464.0000    6466.2500       54   7.622203E+00  -2.406590E+03  -3.157342E+02   -9999.0000
    6   150.00    6493.0000    6495.2900       55   7.695403E+00  -2.392609E+03  -3.109141E+02   -9999.0000
    7   150.00    6520.0000    6522.1700       52   7.337998E+00  -2.142191E+03  -2.919313E+02   -9999.0000
    8   150.00    6558.0000    6560.2500       54   7.723158E+00  -2.167773E+03  -2.806848E+02   -9999.0000
    9   150.00    6593.0000    6595.2900       55   6.412090E+00  -2.147843E+03  -3.349677E+02   -9999.0000
   10   150.00    6612.0000    6614.3300       56   5.872617E+00  -2.012680E+03  -3.427228E+02   -9999.0000
   11   150.00    6643.0000    6645.2900       55   4.927483E+00  -1.759293E+03  -3.570369E+02   -9999.0000
===== get_costpred call =        8
ised   ztrap      btime        etime        nsed_pred   STn_pred        STn15_pred      STn15/STn      delta15N_pred
    1   150.00    6345.0000    6347.2500       54   5.061308E+00  -1.765893E+03  -3.489005E+02   -9999.0000
    2   150.00    6368.0000    6370.4200       58   5.260399E+00  -2.020587E+03  -3.841128E+02   -9999.0000
    3   150.00    6391.0000    6393.2900       55   5.689527E+00  -2.195165E+03  -3.858255E+02   -9999.0000
    4   150.00    6446.0000    6448.2500       54   7.091684E+00  -2.246971E+03  -3.168459E+02   -9999.0000
    5   150.00    6464.0000    6466.2500       54   7.622203E+00  -2.406591E+03  -3.157343E+02   -9999.0000
    6   150.00    6493.0000    6495.2900       55   7.695404E+00  -2.392610E+03  -3.109142E+02   -9999.0000
    7   150.00    6520.0000    6522.1700       52   7.337998E+00  -2.142192E+03  -2.919314E+02   -9999.0000
    8   150.00    6558.0000    6560.2500       54   7.723158E+00  -2.167774E+03  -2.806849E+02   -9999.0000
    9   150.00    6593.0000    6595.2900       55   6.412090E+00  -2.147844E+03  -3.349678E+02   -9999.0000
   10   150.00    6612.0000    6614.3300       56   5.872618E+00  -2.012681E+03  -3.427230E+02   -9999.0000
   11   150.00    6643.0000    6645.2900       55   4.927483E+00  -1.759294E+03  -3.570371E+02   -9999.0000
===== get_costpred call =        9
ised   ztrap      btime        etime        nsed_pred   STn_pred        STn15_pred      STn15/STn      delta15N_pred
    1   150.00    6345.0000    6347.2500       54   5.061308E+00  -1.765893E+03  -3.489005E+02   -9999.0000
    2   150.00    6368.0000    6370.4200       58   5.260399E+00  -2.020587E+03  -3.841129E+02   -9999.0000
    3   150.00    6391.0000    6393.2900       55   5.689527E+00  -2.195165E+03  -3.858255E+02   -9999.0000
    4   150.00    6446.0000    6448.2500       54   7.091684E+00  -2.246971E+03  -3.168459E+02   -9999.0000
    5   150.00    6464.0000    6466.2500       54   7.622203E+00  -2.406591E+03  -3.157343E+02   -9999.0000
    6   150.00    6493.0000    6495.2900       55   7.695404E+00  -2.392610E+03  -3.109142E+02   -9999.0000
    7   150.00    6520.0000    6522.1700       52   7.337998E+00  -2.142192E+03  -2.919314E+02   -9999.0000
    8   150.00    6558.0000    6560.2500       54   7.723158E+00  -2.167774E+03  -2.806849E+02   -9999.0000
    9   150.00    6593.0000    6595.2900       55   6.412090E+00  -2.147844E+03  -3.349678E+02   -9999.0000
   10   150.00    6612.0000    6614.3300       56   5.872618E+00  -2.012681E+03  -3.427230E+02   -9999.0000
   11   150.00    6643.0000    6645.2900       55   4.927483E+00  -1.759294E+03  -3.570371E+02   -9999.0000
===== get_costpred call =       10
ised   ztrap      btime        etime        nsed_pred   STn_pred        STn15_pred      STn15/STn      delta15N_pred
    1   150.00    6345.0000    6347.2500       54   5.061308E+00  -1.765893E+03  -3.489005E+02   -9999.0000
    2   150.00    6368.0000    6370.4200       58   5.260399E+00  -2.020587E+03  -3.841129E+02   -9999.0000
    3   150.00    6391.0000    6393.2900       55   5.689527E+00  -2.195165E+03  -3.858255E+02   -9999.0000
    4   150.00    6446.0000    6448.2500       54   7.091684E+00  -2.246971E+03  -3.168459E+02   -9999.0000
    5   150.00    6464.0000    6466.2500       54   7.622203E+00  -2.406591E+03  -3.157343E+02   -9999.0000
    6   150.00    6493.0000    6495.2900       55   7.695404E+00  -2.392610E+03  -3.109142E+02   -9999.0000
    7   150.00    6520.0000    6522.1700       52   7.337998E+00  -2.142192E+03  -2.919314E+02   -9999.0000
    8   150.00    6558.0000    6560.2500       54   7.723158E+00  -2.167774E+03  -2.806849E+02   -9999.0000
    9   150.00    6593.0000    6595.2900       55   6.412090E+00  -2.147844E+03  -3.349678E+02   -9999.0000
   10   150.00    6612.0000    6614.3300       56   5.872618E+00  -2.012681E+03  -3.427230E+02   -9999.0000
   11   150.00    6643.0000    6645.2900       55   4.927483E+00  -1.759294E+03  -3.570371E+02   -9999.0000
===== get_costpred call =        1
ised   ztrap      btime        etime        nsed_pred   STn_pred        STn15_pred      STn15/STn      delta15N_pred
    1   150.00    6345.0000    6347.2500       54   5.061308E+00  -1.765893E+03  -3.489005E+02   -9999.0000
    2   150.00    6368.0000    6370.4200       58   5.260399E+00  -2.020587E+03  -3.841129E+02   -9999.0000
    3   150.00    6391.0000    6393.2900       55   5.689527E+00  -2.195165E+03  -3.858255E+02   -9999.0000
    4   150.00    6446.0000    6448.2500       54   7.091684E+00  -2.246971E+03  -3.168459E+02   -9999.0000
    5   150.00    6464.0000    6466.2500       54   7.622203E+00  -2.406591E+03  -3.157343E+02   -9999.0000
    6   150.00    6493.0000    6495.2900       55   7.695404E+00  -2.392610E+03  -3.109142E+02   -9999.0000
    7   150.00    6520.0000    6522.1700       52   7.337998E+00  -2.142192E+03  -2.919314E+02   -9999.0000
    8   150.00    6558.0000    6560.2500       54   7.723158E+00  -2.167774E+03  -2.806849E+02   -9999.0000
    9   150.00    6593.0000    6595.2900       55   6.412090E+00  -2.147844E+03  -3.349678E+02   -9999.0000
   10   150.00    6612.0000    6614.3300       56   5.872618E+00  -2.012681E+03  -3.427230E+02   -9999.0000
   11   150.00    6643.0000    6645.2900       55   4.927483E+00  -1.759294E+03  -3.570371E+02   -9999.0000
===== get_costpred call =        1
ised   ztrap      btime        etime        nsed_pred   STn_pred        STn15_pred      STn15/STn      delta15N_pred
    1   150.00    4854.1000    4856.3500        0   4.308494E+00   0.000000E+00   0.000000E+00   -9999.0000
    2   150.00    4890.0000    4892.3300        0   5.132911E+00   0.000000E+00   0.000000E+00   -9999.0000
    3   150.00    4910.0000    4912.2900        0   5.283347E+00   0.000000E+00   0.000000E+00   -9999.0000
    4   150.00    4979.1000    4981.3500        0   6.974813E+00   0.000000E+00   0.000000E+00   -9999.0000
    5   150.00    5078.1000    5080.3100        0   8.588311E+00   0.000000E+00   0.000000E+00   -9999.0000
    6   150.00    5118.1000    5120.2700        0   6.690626E+00   0.000000E+00   0.000000E+00   -9999.0000
    7   150.00    5146.0000    5148.2500        0   5.999277E+00   0.000000E+00   0.000000E+00   -9999.0000
    8   150.00    5167.1000    5169.3500        0   5.352009E+00   0.000000E+00   0.000000E+00   -9999.0000
    9   150.00    5191.0000    5193.2900        0   4.761348E+00   0.000000E+00   0.000000E+00   -9999.0000
===== get_costpred call =        2
ised   ztrap      btime        etime        nsed_pred   STn_pred        STn15_pred      STn15/STn      delta15N_pred
    1   150.00    4854.1000    4856.3500        0   4.319651E+00   0.000000E+00   0.000000E+00   -9999.0000
    2   150.00    4890.0000    4892.3300        0   5.144966E+00   0.000000E+00   0.000000E+00   -9999.0000
    3   150.00    4910.0000    4912.2900        0   5.295750E+00   0.000000E+00   0.000000E+00   -9999.0000
    4   150.00    4979.1000    4981.3500        0   6.991072E+00   0.000000E+00   0.000000E+00   -9999.0000
    5   150.00    5078.1000    5080.3100        0   8.610795E+00   0.000000E+00   0.000000E+00   -9999.0000
    6   150.00    5118.1000    5120.2700        0   6.708061E+00   0.000000E+00   0.000000E+00   -9999.0000
    7   150.00    5146.0000    5148.2500        0   6.014442E+00   0.000000E+00   0.000000E+00   -9999.0000
    8   150.00    5167.1000    5169.3500        0   5.365267E+00   0.000000E+00   0.000000E+00   -9999.0000
    9   150.00    5191.0000    5193.2900        0   4.772388E+00   0.000000E+00   0.000000E+00   -9999.0000
===== get_costpred call =        3
ised   ztrap      btime        etime        nsed_pred   STn_pred        STn15_pred      STn15/STn      delta15N_pred
    1   150.00    4854.1000    4856.3500        0   4.309629E+00   0.000000E+00   0.000000E+00   -9999.0000
    2   150.00    4890.0000    4892.3300        0   5.134114E+00   0.000000E+00   0.000000E+00   -9999.0000
    3   150.00    4910.0000    4912.2900        0   5.284582E+00   0.000000E+00   0.000000E+00   -9999.0000
    4   150.00    4979.1000    4981.3500        0   6.976431E+00   0.000000E+00   0.000000E+00   -9999.0000
    5   150.00    5078.1000    5080.3100        0   8.590546E+00   0.000000E+00   0.000000E+00   -9999.0000
    6   150.00    5118.1000    5120.2700        0   6.692361E+00   0.000000E+00   0.000000E+00   -9999.0000
    7   150.00    5146.0000    5148.2500        0   6.000786E+00   0.000000E+00   0.000000E+00   -9999.0000
    8   150.00    5167.1000    5169.3500        0   5.353328E+00   0.000000E+00   0.000000E+00   -9999.0000
    9   150.00    5191.0000    5193.2900        0   4.762447E+00   0.000000E+00   0.000000E+00   -9999.0000
===== get_costpred call =        1
ised   ztrap      btime        etime        nsed_pred   STn_pred        STn15_pred      STn15/STn      delta15N_pred
    1   150.00    4854.1000    4856.3500        0   4.308494E+00   0.000000E+00   0.000000E+00   -9999.0000
    2   150.00    4890.0000    4892.3300        0   5.132911E+00   0.000000E+00   0.000000E+00   -9999.0000
    3   150.00    4910.0000    4912.2900        0   5.283347E+00   0.000000E+00   0.000000E+00   -9999.0000
    4   150.00    4979.1000    4981.3500        0   6.974813E+00   0.000000E+00   0.000000E+00   -9999.0000
    5   150.00    5078.1000    5080.3100        0   8.588311E+00   0.000000E+00   0.000000E+00   -9999.0000
    6   150.00    5118.1000    5120.2700        0   6.690626E+00   0.000000E+00   0.000000E+00   -9999.0000
    7   150.00    5146.0000    5148.2500        0   5.999277E+00   0.000000E+00   0.000000E+00   -9999.0000
    8   150.00    5167.1000    5169.3500        0   5.352009E+00   0.000000E+00   0.000000E+00   -9999.0000
    9   150.00    5191.0000    5193.2900        0   4.761348E+00   0.000000E+00   0.000000E+00   -9999.0000
===== get_costpred call =        2
ised   ztrap      btime        etime        nsed_pred   STn_pred        STn15_pred      STn15/STn      delta15N_pred
    1   150.00    4854.1000    4856.3500        0   4.315305E+00   0.000000E+00   0.000000E+00   -9999.0000
    2   150.00    4890.0000    4892.3300        0   5.138733E+00   0.000000E+00   0.000000E+00   -9999.0000
    3   150.00    4910.0000    4912.2900        0   5.289133E+00   0.000000E+00   0.000000E+00   -9999.0000
    4   150.00    4979.1000    4981.3500        0   6.982777E+00   0.000000E+00   0.000000E+00   -9999.0000
    5   150.00    5078.1000    5080.3100        0   8.598929E+00   0.000000E+00   0.000000E+00   -9999.0000
    6   150.00    5118.1000    5120.2700        0   6.700098E+00   0.000000E+00   0.000000E+00   -9999.0000
    7   150.00    5146.0000    5148.2500        0   6.007408E+00   0.000000E+00   0.000000E+00   -9999.0000
    8   150.00    5167.1000    5169.3500        0   5.358889E+00   0.000000E+00   0.000000E+00   -9999.0000
    9   150.00    5191.0000    5193.2900        0   4.766723E+00   0.000000E+00   0.000000E+00   -9999.0000
===== get_costpred call =        3
ised   ztrap      btime        etime        nsed_pred   STn_pred        STn15_pred      STn15/STn      delta15N_pred
    1   150.00    4854.1000    4856.3500        0   4.309273E+00   0.000000E+00   0.000000E+00   -9999.0000
    2   150.00    4890.0000    4892.3300        0   5.133508E+00   0.000000E+00   0.000000E+00   -9999.0000
    3   150.00    4910.0000    4912.2900        0   5.283932E+00   0.000000E+00   0.000000E+00   -9999.0000
    4   150.00    4979.1000    4981.3500        0   6.975610E+00   0.000000E+00   0.000000E+00   -9999.0000
    5   150.00    5078.1000    5080.3100        0   8.589371E+00   0.000000E+00   0.000000E+00   -9999.0000
    6   150.00    5118.1000    5120.2700        0   6.691572E+00   0.000000E+00   0.000000E+00   -9999.0000
    7   150.00    5146.0000    5148.2500        0   6.000089E+00   0.000000E+00   0.000000E+00   -9999.0000
    8   150.00    5167.1000    5169.3500        0   5.352696E+00   0.000000E+00   0.000000E+00   -9999.0000
    9   150.00    5191.0000    5193.2900        0   4.761885E+00   0.000000E+00   0.000000E+00   -9999.0000
===== get_costpred call =        4
ised   ztrap      btime        etime        nsed_pred   STn_pred        STn15_pred      STn15/STn      delta15N_pred
    1   150.00    4854.1000    4856.3500        0   4.308572E+00   0.000000E+00   0.000000E+00   -9999.0000
    2   150.00    4890.0000    4892.3300        0   5.132971E+00   0.000000E+00   0.000000E+00   -9999.0000
    3   150.00    4910.0000    4912.2900        0   5.283405E+00   0.000000E+00   0.000000E+00   -9999.0000
    4   150.00    4979.1000    4981.3500        0   6.974893E+00   0.000000E+00   0.000000E+00   -9999.0000
    5   150.00    5078.1000    5080.3100        0   8.588417E+00   0.000000E+00   0.000000E+00   -9999.0000
    6   150.00    5118.1000    5120.2700        0   6.690721E+00   0.000000E+00   0.000000E+00   -9999.0000
    7   150.00    5146.0000    5148.2500        0   5.999358E+00   0.000000E+00   0.000000E+00   -9999.0000
    8   150.00    5167.1000    5169.3500        0   5.352078E+00   0.000000E+00   0.000000E+00   -9999.0000
    9   150.00    5191.0000    5193.2900        0   4.761401E+00   0.000000E+00   0.000000E+00   -9999.0000
===== get_costpred call =        5
ised   ztrap      btime        etime        nsed_pred   STn_pred        STn15_pred      STn15/STn      delta15N_pred
    1   150.00    4854.1000    4856.3500        0   4.308502E+00   0.000000E+00   0.000000E+00   -9999.0000
    2   150.00    4890.0000    4892.3300        0   5.132917E+00   0.000000E+00   0.000000E+00   -9999.0000
    3   150.00    4910.0000    4912.2900        0   5.283353E+00   0.000000E+00   0.000000E+00   -9999.0000
    4   150.00    4979.1000    4981.3500        0   6.974821E+00   0.000000E+00   0.000000E+00   -9999.0000
    5   150.00    5078.1000    5080.3100        0   8.588322E+00   0.000000E+00   0.000000E+00   -9999.0000
    6   150.00    5118.1000    5120.2700        0   6.690636E+00   0.000000E+00   0.000000E+00   -9999.0000
    7   150.00    5146.0000    5148.2500        0   5.999285E+00   0.000000E+00   0.000000E+00   -9999.0000
    8   150.00    5167.1000    5169.3500        0   5.352016E+00   0.000000E+00   0.000000E+00   -9999.0000
    9   150.00    5191.0000    5193.2900        0   4.761353E+00   0.000000E+00   0.000000E+00   -9999.0000
===== get_costpred call =        6
ised   ztrap      btime        etime        nsed_pred   STn_pred        STn15_pred      STn15/STn      delta15N_pred
    1   150.00    4854.1000    4856.3500        0   4.308495E+00   0.000000E+00   0.000000E+00   -9999.0000
    2   150.00    4890.0000    4892.3300        0   5.132912E+00   0.000000E+00   0.000000E+00   -9999.0000
    3   150.00    4910.0000    4912.2900        0   5.283347E+00   0.000000E+00   0.000000E+00   -9999.0000
    4   150.00    4979.1000    4981.3500        0   6.974814E+00   0.000000E+00   0.000000E+00   -9999.0000
    5   150.00    5078.1000    5080.3100        0   8.588312E+00   0.000000E+00   0.000000E+00   -9999.0000
    6   150.00    5118.1000    5120.2700        0   6.690627E+00   0.000000E+00   0.000000E+00   -9999.0000
    7   150.00    5146.0000    5148.2500        0   5.999278E+00   0.000000E+00   0.000000E+00   -9999.0000
    8   150.00    5167.1000    5169.3500        0   5.352010E+00   0.000000E+00   0.000000E+00   -9999.0000
    9   150.00    5191.0000    5193.2900        0   4.761348E+00   0.000000E+00   0.000000E+00   -9999.0000
===== get_costpred call =        7
ised   ztrap      btime        etime        nsed_pred   STn_pred        STn15_pred      STn15/STn      delta15N_pred
    1   150.00    4854.1000    4856.3500        0   4.308494E+00   0.000000E+00   0.000000E+00   -9999.0000
    2   150.00    4890.0000    4892.3300        0   5.132911E+00   0.000000E+00   0.000000E+00   -9999.0000
    3   150.00    4910.0000    4912.2900        0   5.283347E+00   0.000000E+00   0.000000E+00   -9999.0000
    4   150.00    4979.1000    4981.3500        0   6.974813E+00   0.000000E+00   0.000000E+00   -9999.0000
    5   150.00    5078.1000    5080.3100        0   8.588311E+00   0.000000E+00   0.000000E+00   -9999.0000
    6   150.00    5118.1000    5120.2700        0   6.690626E+00   0.000000E+00   0.000000E+00   -9999.0000
    7   150.00    5146.0000    5148.2500        0   5.999277E+00   0.000000E+00   0.000000E+00   -9999.0000
    8   150.00    5167.1000    5169.3500        0   5.352009E+00   0.000000E+00   0.000000E+00   -9999.0000
    9   150.00    5191.0000    5193.2900        0   4.761348E+00   0.000000E+00   0.000000E+00   -9999.0000
===== get_costpred call =        8
ised   ztrap      btime        etime        nsed_pred   STn_pred        STn15_pred      STn15/STn      delta15N_pred
    1   150.00    4854.1000    4856.3500        0   4.308494E+00   0.000000E+00   0.000000E+00   -9999.0000
    2   150.00    4890.0000    4892.3300        0   5.132911E+00   0.000000E+00   0.000000E+00   -9999.0000
    3   150.00    4910.0000    4912.2900        0   5.283347E+00   0.000000E+00   0.000000E+00   -9999.0000
    4   150.00    4979.1000    4981.3500        0   6.974813E+00   0.000000E+00   0.000000E+00   -9999.0000
    5   150.00    5078.1000    5080.3100        0   8.588311E+00   0.000000E+00   0.000000E+00   -9999.0000
    6   150.00    5118.1000    5120.2700        0   6.690626E+00   0.000000E+00   0.000000E+00   -9999.0000
    7   150.00    5146.0000    5148.2500        0   5.999277E+00   0.000000E+00   0.000000E+00   -9999.0000
    8   150.00    5167.1000    5169.3500        0   5.352009E+00   0.000000E+00   0.000000E+00   -9999.0000
    9   150.00    5191.0000    5193.2900        0   4.761348E+00   0.000000E+00   0.000000E+00   -9999.0000
===== get_costpred call =        9
ised   ztrap      btime        etime        nsed_pred   STn_pred        STn15_pred      STn15/STn      delta15N_pred
    1   150.00    4854.1000    4856.3500        0   4.308494E+00   0.000000E+00   0.000000E+00   -9999.0000
    2   150.00    4890.0000    4892.3300        0   5.132911E+00   0.000000E+00   0.000000E+00   -9999.0000
    3   150.00    4910.0000    4912.2900        0   5.283347E+00   0.000000E+00   0.000000E+00   -9999.0000
    4   150.00    4979.1000    4981.3500        0   6.974813E+00   0.000000E+00   0.000000E+00   -9999.0000
    5   150.00    5078.1000    5080.3100        0   8.588311E+00   0.000000E+00   0.000000E+00   -9999.0000
    6   150.00    5118.1000    5120.2700        0   6.690626E+00   0.000000E+00   0.000000E+00   -9999.0000
    7   150.00    5146.0000    5148.2500        0   5.999277E+00   0.000000E+00   0.000000E+00   -9999.0000
    8   150.00    5167.1000    5169.3500        0   5.352009E+00   0.000000E+00   0.000000E+00   -9999.0000
    9   150.00    5191.0000    5193.2900        0   4.761348E+00   0.000000E+00   0.000000E+00   -9999.0000
===== get_costpred call =       10
ised   ztrap      btime        etime        nsed_pred   STn_pred        STn15_pred      STn15/STn      delta15N_pred
    1   150.00    4854.1000    4856.3500        0   4.308494E+00   0.000000E+00   0.000000E+00   -9999.0000
    2   150.00    4890.0000    4892.3300        0   5.132911E+00   0.000000E+00   0.000000E+00   -9999.0000
    3   150.00    4910.0000    4912.2900        0   5.283347E+00   0.000000E+00   0.000000E+00   -9999.0000
    4   150.00    4979.1000    4981.3500        0   6.974813E+00   0.000000E+00   0.000000E+00   -9999.0000
    5   150.00    5078.1000    5080.3100        0   8.588311E+00   0.000000E+00   0.000000E+00   -9999.0000
    6   150.00    5118.1000    5120.2700        0   6.690626E+00   0.000000E+00   0.000000E+00   -9999.0000
    7   150.00    5146.0000    5148.2500        0   5.999277E+00   0.000000E+00   0.000000E+00   -9999.0000
    8   150.00    5167.1000    5169.3500        0   5.352009E+00   0.000000E+00   0.000000E+00   -9999.0000
    9   150.00    5191.0000    5193.2900        0   4.761348E+00   0.000000E+00   0.000000E+00   -9999.0000
===== get_costpred call =        1
ised   ztrap      btime        etime        nsed_pred   STn_pred        STn15_pred      STn15/STn      delta15N_pred
    1   150.00    4854.1000    4856.3500        0   4.308494E+00   0.000000E+00   0.000000E+00   -9999.0000
    2   150.00    4890.0000    4892.3300        0   5.132911E+00   0.000000E+00   0.000000E+00   -9999.0000
    3   150.00    4910.0000    4912.2900        0   5.283347E+00   0.000000E+00   0.000000E+00   -9999.0000
    4   150.00    4979.1000    4981.3500        0   6.974813E+00   0.000000E+00   0.000000E+00   -9999.0000
    5   150.00    5078.1000    5080.3100        0   8.588311E+00   0.000000E+00   0.000000E+00   -9999.0000
    6   150.00    5118.1000    5120.2700        0   6.690626E+00   0.000000E+00   0.000000E+00   -9999.0000
    7   150.00    5146.0000    5148.2500        0   5.999277E+00   0.000000E+00   0.000000E+00   -9999.0000
    8   150.00    5167.1000    5169.3500        0   5.352009E+00   0.000000E+00   0.000000E+00   -9999.0000
    9   150.00    5191.0000    5193.2900        0   4.761348E+00   0.000000E+00   0.000000E+00   -9999.0000
===== get_costpred call =        2
ised   ztrap      btime        etime        nsed_pred   STn_pred        STn15_pred      STn15/STn      delta15N_pred
    1   150.00    4854.1000    4856.3500        0   4.280320E+00   0.000000E+00   0.000000E+00   -9999.0000
    2   150.00    4890.0000    4892.3300        0   5.097504E+00   0.000000E+00   0.000000E+00   -9999.0000
    3   150.00    4910.0000    4912.2900        0   5.246111E+00   0.000000E+00   0.000000E+00   -9999.0000
    4   150.00    4979.1000    4981.3500        0   6.928523E+00   0.000000E+00   0.000000E+00   -9999.0000
    5   150.00    5078.1000    5080.3100        0   8.522169E+00   0.000000E+00   0.000000E+00   -9999.0000
    6   150.00    5118.1000    5120.2700        0   6.645979E+00   0.000000E+00   0.000000E+00   -9999.0000
    7   150.00    5146.0000    5148.2500        0   5.959842E+00   0.000000E+00   0.000000E+00   -9999.0000
    8   150.00    5167.1000    5169.3500        0   5.316252E+00   0.000000E+00   0.000000E+00   -9999.0000
    9   150.00    5191.0000    5193.2900        0   4.729583E+00   0.000000E+00   0.000000E+00   -9999.0000
===== get_costpred call =        3
ised   ztrap      btime        etime        nsed_pred   STn_pred        STn15_pred      STn15/STn      delta15N_pred
    1   150.00    4854.1000    4856.3500        0   4.306346E+00   0.000000E+00   0.000000E+00   -9999.0000
    2   150.00    4890.0000    4892.3300        0   5.129386E+00   0.000000E+00   0.000000E+00   -9999.0000
    3   150.00    4910.0000    4912.2900        0   5.279572E+00   0.000000E+00   0.000000E+00   -9999.0000
    4   150.00    4979.1000    4981.3500        0   6.970039E+00   0.000000E+00   0.000000E+00   -9999.0000
    5   150.00    5078.1000    5080.3100        0   8.581497E+00   0.000000E+00   0.000000E+00   -9999.0000
    6   150.00    5118.1000    5120.2700        0   6.686015E+00   0.000000E+00   0.000000E+00   -9999.0000
    7   150.00    5146.0000    5148.2500        0   5.995208E+00   0.000000E+00   0.000000E+00   -9999.0000
    8   150.00    5167.1000    5169.3500        0   5.348325E+00   0.000000E+00   0.000000E+00   -9999.0000
    9   150.00    5191.0000    5193.2900        0   4.758077E+00   0.000000E+00   0.000000E+00   -9999.0000
===== get_costpred call =        4
ised   ztrap      btime        etime        nsed_pred   STn_pred        STn15_pred      STn15/STn      delta15N_pred
    1   150.00    4854.1000    4856.3500        0   4.308284E+00   0.000000E+00   0.000000E+00   -9999.0000
    2   150.00    4890.0000    4892.3300        0   5.132558E+00   0.000000E+00   0.000000E+00   -9999.0000
    3   150.00    4910.0000    4912.2900        0   5.282969E+00   0.000000E+00   0.000000E+00   -9999.0000
    4   150.00    4979.1000    4981.3500        0   6.974334E+00   0.000000E+00   0.000000E+00   -9999.0000
    5   150.00    5078.1000    5080.3100        0   8.587627E+00   0.000000E+00   0.000000E+00   -9999.0000
    6   150.00    5118.1000    5120.2700        0   6.690163E+00   0.000000E+00   0.000000E+00   -9999.0000
    7   150.00    5146.0000    5148.2500        0   5.998868E+00   0.000000E+00   0.000000E+00   -9999.0000
    8   150.00    5167.1000    5169.3500        0   5.351639E+00   0.000000E+00   0.000000E+00   -9999.0000
    9   150.00    5191.0000    5193.2900        0   4.761020E+00   0.000000E+00   0.000000E+00   -9999.0000
===== get_costpred call =        5
ised   ztrap      btime        etime        nsed_pred   STn_pred        STn15_pred      STn15/STn      delta15N_pred
    1   150.00    4854.1000    4856.3500        0   4.308473E+00   0.000000E+00   0.000000E+00   -9999.0000
    2   150.00    4890.0000    4892.3300        0   5.132876E+00   0.000000E+00   0.000000E+00   -9999.0000
    3   150.00    4910.0000    4912.2900        0   5.283309E+00   0.000000E+00   0.000000E+00   -9999.0000
    4   150.00    4979.1000    4981.3500        0   6.974765E+00   0.000000E+00   0.000000E+00   -9999.0000
    5   150.00    5078.1000    5080.3100        0   8.588243E+00   0.000000E+00   0.000000E+00   -9999.0000
    6   150.00    5118.1000    5120.2700        0   6.690580E+00   0.000000E+00   0.000000E+00   -9999.0000
    7   150.00    5146.0000    5148.2500        0   5.999236E+00   0.000000E+00   0.000000E+00   -9999.0000
    8   150.00    5167.1000    5169.3500        0   5.351972E+00   0.000000E+00   0.000000E+00   -9999.0000
    9   150.00    5191.0000    5193.2900        0   4.761315E+00   0.000000E+00   0.000000E+00   -9999.0000
===== get_costpred call =        6
ised   ztrap      btime        etime        nsed_pred   STn_pred        STn15_pred      STn15/STn      delta15N_pred
    1   150.00    4854.1000    4856.3500        0   4.308492E+00   0.000000E+00   0.000000E+00   -9999.0000
    2   150.00    4890.0000    4892.3300        0   5.132907E+00   0.000000E+00   0.000000E+00   -9999.0000
    3   150.00    4910.0000    4912.2900        0   5.283343E+00   0.000000E+00   0.000000E+00   -9999.0000
    4   150.00    4979.1000    4981.3500        0   6.974808E+00   0.000000E+00   0.000000E+00   -9999.0000
    5   150.00    5078.1000    5080.3100        0   8.588304E+00   0.000000E+00   0.000000E+00   -9999.0000
    6   150.00    5118.1000    5120.2700        0   6.690622E+00   0.000000E+00   0.000000E+00   -9999.0000
    7   150.00    5146.0000    5148.2500        0   5.999273E+00   0.000000E+00   0.000000E+00   -9999.0000
    8   150.00    5167.1000    5169.3500        0   5.352005E+00   0.000000E+00   0.000000E+00   -9999.0000
    9   150.00    5191.0000    5193.2900        0   4.761344E+00   0.000000E+00   0.000000E+00   -9999.0000
===== get_costpred call =        7
ised   ztrap      btime        etime        nsed_pred   STn_pred        STn15_pred      STn15/STn      delta15N_pred
    1   150.00    4854.1000    4856.3500        0   4.308494E+00   0.000000E+00   0.000000E+00   -9999.0000
    2   150.00    4890.0000    4892.3300        0   5.132911E+00   0.000000E+00   0.000000E+00   -9999.0000
    3   150.00    4910.0000    4912.2900        0   5.283346E+00   0.000000E+00   0.000000E+00   -9999.0000
    4   150.00    4979.1000    4981.3500        0   6.974813E+00   0.000000E+00   0.000000E+00   -9999.0000
    5   150.00    5078.1000    5080.3100        0   8.588310E+00   0.000000E+00   0.000000E+00   -9999.0000
    6   150.00    5118.1000    5120.2700        0   6.690626E+00   0.000000E+00   0.000000E+00   -9999.0000
    7   150.00    5146.0000    5148.2500        0   5.999276E+00   0.000000E+00   0.000000E+00   -9999.0000
    8   150.00    5167.1000    5169.3500        0   5.352009E+00   0.000000E+00   0.000000E+00   -9999.0000
    9   150.00    5191.0000    5193.2900        0   4.761347E+00   0.000000E+00   0.000000E+00   -9999.0000
===== get_costpred call =        8
ised   ztrap      btime        etime        nsed_pred   STn_pred        STn15_pred      STn15/STn      delta15N_pred
    1   150.00    4854.1000    4856.3500        0   4.308494E+00   0.000000E+00   0.000000E+00   -9999.0000
    2   150.00    4890.0000    4892.3300        0   5.132911E+00   0.000000E+00   0.000000E+00   -9999.0000
    3   150.00    4910.0000    4912.2900        0   5.283347E+00   0.000000E+00   0.000000E+00   -9999.0000
    4   150.00    4979.1000    4981.3500        0   6.974813E+00   0.000000E+00   0.000000E+00   -9999.0000
    5   150.00    5078.1000    5080.3100        0   8.588311E+00   0.000000E+00   0.000000E+00   -9999.0000
    6   150.00    5118.1000    5120.2700        0   6.690626E+00   0.000000E+00   0.000000E+00   -9999.0000
    7   150.00    5146.0000    5148.2500        0   5.999277E+00   0.000000E+00   0.000000E+00   -9999.0000
    8   150.00    5167.1000    5169.3500        0   5.352009E+00   0.000000E+00   0.000000E+00   -9999.0000
    9   150.00    5191.0000    5193.2900        0   4.761348E+00   0.000000E+00   0.000000E+00   -9999.0000
===== get_costpred call =        9
ised   ztrap      btime        etime        nsed_pred   STn_pred        STn15_pred      STn15/STn      delta15N_pred
    1   150.00    4854.1000    4856.3500        0   4.308494E+00   0.000000E+00   0.000000E+00   -9999.0000
    2   150.00    4890.0000    4892.3300        0   5.132911E+00   0.000000E+00   0.000000E+00   -9999.0000
    3   150.00    4910.0000    4912.2900        0   5.283347E+00   0.000000E+00   0.000000E+00   -9999.0000
    4   150.00    4979.1000    4981.3500        0   6.974813E+00   0.000000E+00   0.000000E+00   -9999.0000
    5   150.00    5078.1000    5080.3100        0   8.588311E+00   0.000000E+00   0.000000E+00   -9999.0000
    6   150.00    5118.1000    5120.2700        0   6.690626E+00   0.000000E+00   0.000000E+00   -9999.0000
    7   150.00    5146.0000    5148.2500        0   5.999277E+00   0.000000E+00   0.000000E+00   -9999.0000
    8   150.00    5167.1000    5169.3500        0   5.352009E+00   0.000000E+00   0.000000E+00   -9999.0000
    9   150.00    5191.0000    5193.2900        0   4.761348E+00   0.000000E+00   0.000000E+00   -9999.0000
===== get_costpred call =       10
ised   ztrap      btime        etime        nsed_pred   STn_pred        STn15_pred      STn15/STn      delta15N_pred
    1   150.00    4854.1000    4856.3500        0   4.308494E+00   0.000000E+00   0.000000E+00   -9999.0000
    2   150.00    4890.0000    4892.3300        0   5.132911E+00   0.000000E+00   0.000000E+00   -9999.0000
    3   150.00    4910.0000    4912.2900        0   5.283347E+00   0.000000E+00   0.000000E+00   -9999.0000
    4   150.00    4979.1000    4981.3500        0   6.974813E+00   0.000000E+00   0.000000E+00   -9999.0000
    5   150.00    5078.1000    5080.3100        0   8.588311E+00   0.000000E+00   0.000000E+00   -9999.0000
    6   150.00    5118.1000    5120.2700        0   6.690626E+00   0.000000E+00   0.000000E+00   -9999.0000
    7   150.00    5146.0000    5148.2500        0   5.999277E+00   0.000000E+00   0.000000E+00   -9999.0000
    8   150.00    5167.1000    5169.3500        0   5.352009E+00   0.000000E+00   0.000000E+00   -9999.0000
    9   150.00    5191.0000    5193.2900        0   4.761348E+00   0.000000E+00   0.000000E+00   -9999.0000
===== get_costpred call =        1
ised   ztrap      btime        etime        nsed_pred   STn_pred        STn15_pred      STn15/STn      delta15N_pred
    1   150.00    4854.1000    4856.3500        0   4.308494E+00   0.000000E+00   0.000000E+00   -9999.0000
    2   150.00    4890.0000    4892.3300        0   5.132911E+00   0.000000E+00   0.000000E+00   -9999.0000
    3   150.00    4910.0000    4912.2900        0   5.283347E+00   0.000000E+00   0.000000E+00   -9999.0000
    4   150.00    4979.1000    4981.3500        0   6.974813E+00   0.000000E+00   0.000000E+00   -9999.0000
    5   150.00    5078.1000    5080.3100        0   8.588311E+00   0.000000E+00   0.000000E+00   -9999.0000
    6   150.00    5118.1000    5120.2700        0   6.690626E+00   0.000000E+00   0.000000E+00   -9999.0000
    7   150.00    5146.0000    5148.2500        0   5.999277E+00   0.000000E+00   0.000000E+00   -9999.0000
    8   150.00    5167.1000    5169.3500        0   5.352009E+00   0.000000E+00   0.000000E+00   -9999.0000
    9   150.00    5191.0000    5193.2900        0   4.761348E+00   0.000000E+00   0.000000E+00   -9999.0000
===== get_costpred call =        2
ised   ztrap      btime        etime        nsed_pred   STn_pred        STn15_pred      STn15/STn      delta15N_pred
    1   150.00    4854.1000    4856.3500        0   4.280320E+00   0.000000E+00   0.000000E+00   -9999.0000
    2   150.00    4890.0000    4892.3300        0   5.097503E+00   0.000000E+00   0.000000E+00   -9999.0000
    3   150.00    4910.0000    4912.2900        0   5.246110E+00   0.000000E+00   0.000000E+00   -9999.0000
    4   150.00    4979.1000    4981.3500        0   6.928521E+00   0.000000E+00   0.000000E+00   -9999.0000
    5   150.00    5078.1000    5080.3100        0   8.522167E+00   0.000000E+00   0.000000E+00   -9999.0000
    6   150.00    5118.1000    5120.2700        0   6.645977E+00   0.000000E+00   0.000000E+00   -9999.0000
    7   150.00    5146.0000    5148.2500        0   5.959840E+00   0.000000E+00   0.000000E+00   -9999.0000
    8   150.00    5167.1000    5169.3500        0   5.316250E+00   0.000000E+00   0.000000E+00   -9999.0000
    9   150.00    5191.0000    5193.2900        0   4.729582E+00   0.000000E+00   0.000000E+00   -9999.0000
===== get_costpred call =        3
ised   ztrap      btime        etime        nsed_pred   STn_pred        STn15_pred      STn15/STn      delta15N_pred
    1   150.00    4854.1000    4856.3500        0   4.306346E+00   0.000000E+00   0.000000E+00   -9999.0000
    2   150.00    4890.0000    4892.3300        0   5.129386E+00   0.000000E+00   0.000000E+00   -9999.0000
    3   150.00    4910.0000    4912.2900        0   5.279572E+00   0.000000E+00   0.000000E+00   -9999.0000
    4   150.00    4979.1000    4981.3500        0   6.970039E+00   0.000000E+00   0.000000E+00   -9999.0000
    5   150.00    5078.1000    5080.3100        0   8.581496E+00   0.000000E+00   0.000000E+00   -9999.0000
    6   150.00    5118.1000    5120.2700        0   6.686015E+00   0.000000E+00   0.000000E+00   -9999.0000
    7   150.00    5146.0000    5148.2500        0   5.995208E+00   0.000000E+00   0.000000E+00   -9999.0000
    8   150.00    5167.1000    5169.3500        0   5.348325E+00   0.000000E+00   0.000000E+00   -9999.0000
    9   150.00    5191.0000    5193.2900        0   4.758077E+00   0.000000E+00   0.000000E+00   -9999.0000
===== get_costpred call =        4
ised   ztrap      btime        etime        nsed_pred   STn_pred        STn15_pred      STn15/STn      delta15N_pred
    1   150.00    4854.1000    4856.3500        0   4.308284E+00   0.000000E+00   0.000000E+00   -9999.0000
    2   150.00    4890.0000    4892.3300        0   5.132558E+00   0.000000E+00   0.000000E+00   -9999.0000
    3   150.00    4910.0000    4912.2900        0   5.282969E+00   0.000000E+00   0.000000E+00   -9999.0000
    4   150.00    4979.1000    4981.3500        0   6.974334E+00   0.000000E+00   0.000000E+00   -9999.0000
    5   150.00    5078.1000    5080.3100        0   8.587627E+00   0.000000E+00   0.000000E+00   -9999.0000
    6   150.00    5118.1000    5120.2700        0   6.690163E+00   0.000000E+00   0.000000E+00   -9999.0000
    7   150.00    5146.0000    5148.2500        0   5.998868E+00   0.000000E+00   0.000000E+00   -9999.0000
    8   150.00    5167.1000    5169.3500        0   5.351639E+00   0.000000E+00   0.000000E+00   -9999.0000
    9   150.00    5191.0000    5193.2900        0   4.761020E+00   0.000000E+00   0.000000E+00   -9999.0000
===== get_costpred call =        5
ised   ztrap      btime        etime        nsed_pred   STn_pred        STn15_pred      STn15/STn      delta15N_pred
    1   150.00    4854.1000    4856.3500        0   4.308473E+00   0.000000E+00   0.000000E+00   -9999.0000
    2   150.00    4890.0000    4892.3300        0   5.132876E+00   0.000000E+00   0.000000E+00   -9999.0000
    3   150.00    4910.0000    4912.2900        0   5.283309E+00   0.000000E+00   0.000000E+00   -9999.0000
    4   150.00    4979.1000    4981.3500        0   6.974765E+00   0.000000E+00   0.000000E+00   -9999.0000
    5   150.00    5078.1000    5080.3100        0   8.588243E+00   0.000000E+00   0.000000E+00   -9999.0000
    6   150.00    5118.1000    5120.2700        0   6.690580E+00   0.000000E+00   0.000000E+00   -9999.0000
    7   150.00    5146.0000    5148.2500        0   5.999236E+00   0.000000E+00   0.000000E+00   -9999.0000
    8   150.00    5167.1000    5169.3500        0   5.351972E+00   0.000000E+00   0.000000E+00   -9999.0000
    9   150.00    5191.0000    5193.2900        0   4.761315E+00   0.000000E+00   0.000000E+00   -9999.0000
===== get_costpred call =        6
ised   ztrap      btime        etime        nsed_pred   STn_pred        STn15_pred      STn15/STn      delta15N_pred
    1   150.00    4854.1000    4856.3500        0   4.308492E+00   0.000000E+00   0.000000E+00   -9999.0000
    2   150.00    4890.0000    4892.3300        0   5.132907E+00   0.000000E+00   0.000000E+00   -9999.0000
    3   150.00    4910.0000    4912.2900        0   5.283343E+00   0.000000E+00   0.000000E+00   -9999.0000
    4   150.00    4979.1000    4981.3500        0   6.974808E+00   0.000000E+00   0.000000E+00   -9999.0000
    5   150.00    5078.1000    5080.3100        0   8.588304E+00   0.000000E+00   0.000000E+00   -9999.0000
    6   150.00    5118.1000    5120.2700        0   6.690622E+00   0.000000E+00   0.000000E+00   -9999.0000
    7   150.00    5146.0000    5148.2500        0   5.999273E+00   0.000000E+00   0.000000E+00   -9999.0000
    8   150.00    5167.1000    5169.3500        0   5.352005E+00   0.000000E+00   0.000000E+00   -9999.0000
    9   150.00    5191.0000    5193.2900        0   4.761344E+00   0.000000E+00   0.000000E+00   -9999.0000
===== get_costpred call =        7
ised   ztrap      btime        etime        nsed_pred   STn_pred        STn15_pred      STn15/STn      delta15N_pred
    1   150.00    4854.1000    4856.3500        0   4.308494E+00   0.000000E+00   0.000000E+00   -9999.0000
    2   150.00    4890.0000    4892.3300        0   5.132911E+00   0.000000E+00   0.000000E+00   -9999.0000
    3   150.00    4910.0000    4912.2900        0   5.283346E+00   0.000000E+00   0.000000E+00   -9999.0000
    4   150.00    4979.1000    4981.3500        0   6.974813E+00   0.000000E+00   0.000000E+00   -9999.0000
    5   150.00    5078.1000    5080.3100        0   8.588310E+00   0.000000E+00   0.000000E+00   -9999.0000
    6   150.00    5118.1000    5120.2700        0   6.690626E+00   0.000000E+00   0.000000E+00   -9999.0000
    7   150.00    5146.0000    5148.2500        0   5.999276E+00   0.000000E+00   0.000000E+00   -9999.0000
    8   150.00    5167.1000    5169.3500        0   5.352009E+00   0.000000E+00   0.000000E+00   -9999.0000
    9   150.00    5191.0000    5193.2900        0   4.761347E+00   0.000000E+00   0.000000E+00   -9999.0000
===== get_costpred call =        8
ised   ztrap      btime        etime        nsed_pred   STn_pred        STn15_pred      STn15/STn      delta15N_pred
    1   150.00    4854.1000    4856.3500        0   4.308494E+00   0.000000E+00   0.000000E+00   -9999.0000
    2   150.00    4890.0000    4892.3300        0   5.132911E+00   0.000000E+00   0.000000E+00   -9999.0000
    3   150.00    4910.0000    4912.2900        0   5.283347E+00   0.000000E+00   0.000000E+00   -9999.0000
    4   150.00    4979.1000    4981.3500        0   6.974813E+00   0.000000E+00   0.000000E+00   -9999.0000
    5   150.00    5078.1000    5080.3100        0   8.588311E+00   0.000000E+00   0.000000E+00   -9999.0000
    6   150.00    5118.1000    5120.2700        0   6.690626E+00   0.000000E+00   0.000000E+00   -9999.0000
    7   150.00    5146.0000    5148.2500        0   5.999277E+00   0.000000E+00   0.000000E+00   -9999.0000
    8   150.00    5167.1000    5169.3500        0   5.352009E+00   0.000000E+00   0.000000E+00   -9999.0000
    9   150.00    5191.0000    5193.2900        0   4.761348E+00   0.000000E+00   0.000000E+00   -9999.0000
===== get_costpred call =        9
ised   ztrap      btime        etime        nsed_pred   STn_pred        STn15_pred      STn15/STn      delta15N_pred
    1   150.00    4854.1000    4856.3500        0   4.308494E+00   0.000000E+00   0.000000E+00   -9999.0000
    2   150.00    4890.0000    4892.3300        0   5.132911E+00   0.000000E+00   0.000000E+00   -9999.0000
    3   150.00    4910.0000    4912.2900        0   5.283347E+00   0.000000E+00   0.000000E+00   -9999.0000
    4   150.00    4979.1000    4981.3500        0   6.974813E+00   0.000000E+00   0.000000E+00   -9999.0000
    5   150.00    5078.1000    5080.3100        0   8.588311E+00   0.000000E+00   0.000000E+00   -9999.0000
    6   150.00    5118.1000    5120.2700        0   6.690626E+00   0.000000E+00   0.000000E+00   -9999.0000
    7   150.00    5146.0000    5148.2500        0   5.999277E+00   0.000000E+00   0.000000E+00   -9999.0000
    8   150.00    5167.1000    5169.3500        0   5.352009E+00   0.000000E+00   0.000000E+00   -9999.0000
    9   150.00    5191.0000    5193.2900        0   4.761348E+00   0.000000E+00   0.000000E+00   -9999.0000
===== get_costpred call =       10
ised   ztrap      btime        etime        nsed_pred   STn_pred        STn15_pred      STn15/STn      delta15N_pred
    1   150.00    4854.1000    4856.3500        0   4.308494E+00   0.000000E+00   0.000000E+00   -9999.0000
    2   150.00    4890.0000    4892.3300        0   5.132911E+00   0.000000E+00   0.000000E+00   -9999.0000
    3   150.00    4910.0000    4912.2900        0   5.283347E+00   0.000000E+00   0.000000E+00   -9999.0000
    4   150.00    4979.1000    4981.3500        0   6.974813E+00   0.000000E+00   0.000000E+00   -9999.0000
    5   150.00    5078.1000    5080.3100        0   8.588311E+00   0.000000E+00   0.000000E+00   -9999.0000
    6   150.00    5118.1000    5120.2700        0   6.690626E+00   0.000000E+00   0.000000E+00   -9999.0000
    7   150.00    5146.0000    5148.2500        0   5.999277E+00   0.000000E+00   0.000000E+00   -9999.0000
    8   150.00    5167.1000    5169.3500        0   5.352009E+00   0.000000E+00   0.000000E+00   -9999.0000
    9   150.00    5191.0000    5193.2900        0   4.761348E+00   0.000000E+00   0.000000E+00   -9999.0000
===== get_costpred call =        1
ised   ztrap      btime        etime        nsed_pred   STn_pred        STn15_pred      STn15/STn      delta15N_pred
    1   150.00    4854.1000    4856.3500        0   4.308494E+00   0.000000E+00   0.000000E+00   -9999.0000
    2   150.00    4890.0000    4892.3300        0   5.132911E+00   0.000000E+00   0.000000E+00   -9999.0000
    3   150.00    4910.0000    4912.2900        0   5.283347E+00   0.000000E+00   0.000000E+00   -9999.0000
    4   150.00    4979.1000    4981.3500        0   6.974813E+00   0.000000E+00   0.000000E+00   -9999.0000
    5   150.00    5078.1000    5080.3100        0   8.588311E+00   0.000000E+00   0.000000E+00   -9999.0000
    6   150.00    5118.1000    5120.2700        0   6.690626E+00   0.000000E+00   0.000000E+00   -9999.0000
    7   150.00    5146.0000    5148.2500        0   5.999277E+00   0.000000E+00   0.000000E+00   -9999.0000
    8   150.00    5167.1000    5169.3500        0   5.352009E+00   0.000000E+00   0.000000E+00   -9999.0000
    9   150.00    5191.0000    5193.2900        0   4.761348E+00   0.000000E+00   0.000000E+00   -9999.0000
===== get_costpred call =        2
ised   ztrap      btime        etime        nsed_pred   STn_pred        STn15_pred      STn15/STn      delta15N_pred
    1   150.00    4854.1000    4856.3500        0   4.280323E+00   0.000000E+00   0.000000E+00   -9999.0000
    2   150.00    4890.0000    4892.3300        0   5.097509E+00   0.000000E+00   0.000000E+00   -9999.0000
    3   150.00    4910.0000    4912.2900        0   5.246116E+00   0.000000E+00   0.000000E+00   -9999.0000
    4   150.00    4979.1000    4981.3500        0   6.928530E+00   0.000000E+00   0.000000E+00   -9999.0000
    5   150.00    5078.1000    5080.3100        0   8.522179E+00   0.000000E+00   0.000000E+00   -9999.0000
    6   150.00    5118.1000    5120.2700        0   6.645990E+00   0.000000E+00   0.000000E+00   -9999.0000
    7   150.00    5146.0000    5148.2500        0   5.959851E+00   0.000000E+00   0.000000E+00   -9999.0000
    8   150.00    5167.1000    5169.3500        0   5.316259E+00   0.000000E+00   0.000000E+00   -9999.0000
    9   150.00    5191.0000    5193.2900        0   4.729589E+00   0.000000E+00   0.000000E+00   -9999.0000
===== get_costpred call =        3
ised   ztrap      btime        etime        nsed_pred   STn_pred        STn15_pred      STn15/STn      delta15N_pred
    1   150.00    4854.1000    4856.3500        0   4.306347E+00   0.000000E+00   0.000000E+00   -9999.0000
    2   150.00    4890.0000    4892.3300        0   5.129387E+00   0.000000E+00   0.000000E+00   -9999.0000
    3   150.00    4910.0000    4912.2900        0   5.279573E+00   0.000000E+00   0.000000E+00   -9999.0000
    4   150.00    4979.1000    4981.3500        0   6.970040E+00   0.000000E+00   0.000000E+00   -9999.0000
    5   150.00    5078.1000    5080.3100        0   8.581498E+00   0.000000E+00   0.000000E+00   -9999.0000
    6   150.00    5118.1000    5120.2700        0   6.686016E+00   0.000000E+00   0.000000E+00   -9999.0000
    7   150.00    5146.0000    5148.2500        0   5.995209E+00   0.000000E+00   0.000000E+00   -9999.0000
    8   150.00    5167.1000    5169.3500        0   5.348326E+00   0.000000E+00   0.000000E+00   -9999.0000
    9   150.00    5191.0000    5193.2900        0   4.758077E+00   0.000000E+00   0.000000E+00   -9999.0000
===== get_costpred call =        4
ised   ztrap      btime        etime        nsed_pred   STn_pred        STn15_pred      STn15/STn      delta15N_pred
    1   150.00    4854.1000    4856.3500        0   4.308284E+00   0.000000E+00   0.000000E+00   -9999.0000
    2   150.00    4890.0000    4892.3300        0   5.132558E+00   0.000000E+00   0.000000E+00   -9999.0000
    3   150.00    4910.0000    4912.2900        0   5.282969E+00   0.000000E+00   0.000000E+00   -9999.0000
    4   150.00    4979.1000    4981.3500        0   6.974334E+00   0.000000E+00   0.000000E+00   -9999.0000
    5   150.00    5078.1000    5080.3100        0   8.587627E+00   0.000000E+00   0.000000E+00   -9999.0000
    6   150.00    5118.1000    5120.2700        0   6.690164E+00   0.000000E+00   0.000000E+00   -9999.0000
    7   150.00    5146.0000    5148.2500        0   5.998869E+00   0.000000E+00   0.000000E+00   -9999.0000
    8   150.00    5167.1000    5169.3500        0   5.351639E+00   0.000000E+00   0.000000E+00   -9999.0000
    9   150.00    5191.0000    5193.2900        0   4.761020E+00   0.000000E+00   0.000000E+00   -9999.0000
===== get_costpred call =        5
ised   ztrap      btime        etime        nsed_pred   STn_pred        STn15_pred      STn15/STn      delta15N_pred
    1   150.00    4854.1000    4856.3500        0   4.308473E+00   0.000000E+00   0.000000E+00   -9999.0000
    2   150.00    4890.0000    4892.3300        0   5.132876E+00   0.000000E+00   0.000000E+00   -9999.0000
    3   150.00    4910.0000    4912.2900        0   5.283309E+00   0.000000E+00   0.000000E+00   -9999.0000
    4   150.00    4979.1000    4981.3500        0   6.974765E+00   0.000000E+00   0.000000E+00   -9999.0000
    5   150.00    5078.1000    5080.3100        0   8.588243E+00   0.000000E+00   0.000000E+00   -9999.0000
    6   150.00    5118.1000    5120.2700        0   6.690580E+00   0.000000E+00   0.000000E+00   -9999.0000
    7   150.00    5146.0000    5148.2500        0   5.999236E+00   0.000000E+00   0.000000E+00   -9999.0000
    8   150.00    5167.1000    5169.3500        0   5.351972E+00   0.000000E+00   0.000000E+00   -9999.0000
    9   150.00    5191.0000    5193.2900        0   4.761315E+00   0.000000E+00   0.000000E+00   -9999.0000
===== get_costpred call =        6
ised   ztrap      btime        etime        nsed_pred   STn_pred        STn15_pred      STn15/STn      delta15N_pred
    1   150.00    4854.1000    4856.3500        0   4.308492E+00   0.000000E+00   0.000000E+00   -9999.0000
    2   150.00    4890.0000    4892.3300        0   5.132907E+00   0.000000E+00   0.000000E+00   -9999.0000
    3   150.00    4910.0000    4912.2900        0   5.283343E+00   0.000000E+00   0.000000E+00   -9999.0000
    4   150.00    4979.1000    4981.3500        0   6.974808E+00   0.000000E+00   0.000000E+00   -9999.0000
    5   150.00    5078.1000    5080.3100        0   8.588304E+00   0.000000E+00   0.000000E+00   -9999.0000
    6   150.00    5118.1000    5120.2700        0   6.690622E+00   0.000000E+00   0.000000E+00   -9999.0000
    7   150.00    5146.0000    5148.2500        0   5.999273E+00   0.000000E+00   0.000000E+00   -9999.0000
    8   150.00    5167.1000    5169.3500        0   5.352005E+00   0.000000E+00   0.000000E+00   -9999.0000
    9   150.00    5191.0000    5193.2900        0   4.761344E+00   0.000000E+00   0.000000E+00   -9999.0000
===== get_costpred call =        7
ised   ztrap      btime        etime        nsed_pred   STn_pred        STn15_pred      STn15/STn      delta15N_pred
    1   150.00    4854.1000    4856.3500        0   4.308494E+00   0.000000E+00   0.000000E+00   -9999.0000
    2   150.00    4890.0000    4892.3300        0   5.132911E+00   0.000000E+00   0.000000E+00   -9999.0000
    3   150.00    4910.0000    4912.2900        0   5.283346E+00   0.000000E+00   0.000000E+00   -9999.0000
    4   150.00    4979.1000    4981.3500        0   6.974813E+00   0.000000E+00   0.000000E+00   -9999.0000
    5   150.00    5078.1000    5080.3100        0   8.588310E+00   0.000000E+00   0.000000E+00   -9999.0000
    6   150.00    5118.1000    5120.2700        0   6.690626E+00   0.000000E+00   0.000000E+00   -9999.0000
    7   150.00    5146.0000    5148.2500        0   5.999276E+00   0.000000E+00   0.000000E+00   -9999.0000
    8   150.00    5167.1000    5169.3500        0   5.352009E+00   0.000000E+00   0.000000E+00   -9999.0000
    9   150.00    5191.0000    5193.2900        0   4.761347E+00   0.000000E+00   0.000000E+00   -9999.0000
===== get_costpred call =        8
ised   ztrap      btime        etime        nsed_pred   STn_pred        STn15_pred      STn15/STn      delta15N_pred
    1   150.00    4854.1000    4856.3500        0   4.308494E+00   0.000000E+00   0.000000E+00   -9999.0000
    2   150.00    4890.0000    4892.3300        0   5.132911E+00   0.000000E+00   0.000000E+00   -9999.0000
    3   150.00    4910.0000    4912.2900        0   5.283347E+00   0.000000E+00   0.000000E+00   -9999.0000
    4   150.00    4979.1000    4981.3500        0   6.974813E+00   0.000000E+00   0.000000E+00   -9999.0000
    5   150.00    5078.1000    5080.3100        0   8.588311E+00   0.000000E+00   0.000000E+00   -9999.0000
    6   150.00    5118.1000    5120.2700        0   6.690626E+00   0.000000E+00   0.000000E+00   -9999.0000
    7   150.00    5146.0000    5148.2500        0   5.999277E+00   0.000000E+00   0.000000E+00   -9999.0000
    8   150.00    5167.1000    5169.3500        0   5.352009E+00   0.000000E+00   0.000000E+00   -9999.0000
    9   150.00    5191.0000    5193.2900        0   4.761348E+00   0.000000E+00   0.000000E+00   -9999.0000
===== get_costpred call =        9
ised   ztrap      btime        etime        nsed_pred   STn_pred        STn15_pred      STn15/STn      delta15N_pred
    1   150.00    4854.1000    4856.3500        0   4.308494E+00   0.000000E+00   0.000000E+00   -9999.0000
    2   150.00    4890.0000    4892.3300        0   5.132911E+00   0.000000E+00   0.000000E+00   -9999.0000
    3   150.00    4910.0000    4912.2900        0   5.283347E+00   0.000000E+00   0.000000E+00   -9999.0000
    4   150.00    4979.1000    4981.3500        0   6.974813E+00   0.000000E+00   0.000000E+00   -9999.0000
    5   150.00    5078.1000    5080.3100        0   8.588311E+00   0.000000E+00   0.000000E+00   -9999.0000
    6   150.00    5118.1000    5120.2700        0   6.690626E+00   0.000000E+00   0.000000E+00   -9999.0000
    7   150.00    5146.0000    5148.2500        0   5.999277E+00   0.000000E+00   0.000000E+00   -9999.0000
    8   150.00    5167.1000    5169.3500        0   5.352009E+00   0.000000E+00   0.000000E+00   -9999.0000
    9   150.00    5191.0000    5193.2900        0   4.761348E+00   0.000000E+00   0.000000E+00   -9999.0000
===== get_costpred call =       10
ised   ztrap      btime        etime        nsed_pred   STn_pred        STn15_pred      STn15/STn      delta15N_pred
    1   150.00    4854.1000    4856.3500        0   4.308494E+00   0.000000E+00   0.000000E+00   -9999.0000
    2   150.00    4890.0000    4892.3300        0   5.132911E+00   0.000000E+00   0.000000E+00   -9999.0000
    3   150.00    4910.0000    4912.2900        0   5.283347E+00   0.000000E+00   0.000000E+00   -9999.0000
    4   150.00    4979.1000    4981.3500        0   6.974813E+00   0.000000E+00   0.000000E+00   -9999.0000
    5   150.00    5078.1000    5080.3100        0   8.588311E+00   0.000000E+00   0.000000E+00   -9999.0000
    6   150.00    5118.1000    5120.2700        0   6.690626E+00   0.000000E+00   0.000000E+00   -9999.0000
    7   150.00    5146.0000    5148.2500        0   5.999277E+00   0.000000E+00   0.000000E+00   -9999.0000
    8   150.00    5167.1000    5169.3500        0   5.352009E+00   0.000000E+00   0.000000E+00   -9999.0000
    9   150.00    5191.0000    5193.2900        0   4.761348E+00   0.000000E+00   0.000000E+00   -9999.0000
===== get_costpred call =        1
ised   ztrap      btime        etime        nsed_pred   STn_pred        STn15_pred      STn15/STn      delta15N_pred
    1   150.00    4854.1000    4856.3500        0   4.308494E+00   0.000000E+00   0.000000E+00   -9999.0000
    2   150.00    4890.0000    4892.3300        0   5.132911E+00   0.000000E+00   0.000000E+00   -9999.0000
    3   150.00    4910.0000    4912.2900        0   5.283347E+00   0.000000E+00   0.000000E+00   -9999.0000
    4   150.00    4979.1000    4981.3500        0   6.974813E+00   0.000000E+00   0.000000E+00   -9999.0000
    5   150.00    5078.1000    5080.3100        0   8.588311E+00   0.000000E+00   0.000000E+00   -9999.0000
    6   150.00    5118.1000    5120.2700        0   6.690626E+00   0.000000E+00   0.000000E+00   -9999.0000
    7   150.00    5146.0000    5148.2500        0   5.999277E+00   0.000000E+00   0.000000E+00   -9999.0000
    8   150.00    5167.1000    5169.3500        0   5.352009E+00   0.000000E+00   0.000000E+00   -9999.0000
    9   150.00    5191.0000    5193.2900        0   4.761348E+00   0.000000E+00   0.000000E+00   -9999.0000
===== get_costpred call =        2
ised   ztrap      btime        etime        nsed_pred   STn_pred        STn15_pred      STn15/STn      delta15N_pred
    1   150.00    4854.1000    4856.3500        0   4.280324E+00   0.000000E+00   0.000000E+00   -9999.0000
    2   150.00    4890.0000    4892.3300        0   5.097513E+00   0.000000E+00   0.000000E+00   -9999.0000
    3   150.00    4910.0000    4912.2900        0   5.246120E+00   0.000000E+00   0.000000E+00   -9999.0000
    4   150.00    4979.1000    4981.3500        0   6.928538E+00   0.000000E+00   0.000000E+00   -9999.0000
    5   150.00    5078.1000    5080.3100        0   8.522188E+00   0.000000E+00   0.000000E+00   -9999.0000
    6   150.00    5118.1000    5120.2700        0   6.645999E+00   0.000000E+00   0.000000E+00   -9999.0000
    7   150.00    5146.0000    5148.2500        0   5.959859E+00   0.000000E+00   0.000000E+00   -9999.0000
    8   150.00    5167.1000    5169.3500        0   5.316266E+00   0.000000E+00   0.000000E+00   -9999.0000
    9   150.00    5191.0000    5193.2900        0   4.729594E+00   0.000000E+00   0.000000E+00   -9999.0000
===== get_costpred call =        3
ised   ztrap      btime        etime        nsed_pred   STn_pred        STn15_pred      STn15/STn      delta15N_pred
    1   150.00    4854.1000    4856.3500        0   4.306348E+00   0.000000E+00   0.000000E+00   -9999.0000
    2   150.00    4890.0000    4892.3300        0   5.129387E+00   0.000000E+00   0.000000E+00   -9999.0000
    3   150.00    4910.0000    4912.2900        0   5.279573E+00   0.000000E+00   0.000000E+00   -9999.0000
    4   150.00    4979.1000    4981.3500        0   6.970041E+00   0.000000E+00   0.000000E+00   -9999.0000
    5   150.00    5078.1000    5080.3100        0   8.581499E+00   0.000000E+00   0.000000E+00   -9999.0000
    6   150.00    5118.1000    5120.2700        0   6.686017E+00   0.000000E+00   0.000000E+00   -9999.0000
    7   150.00    5146.0000    5148.2500        0   5.995210E+00   0.000000E+00   0.000000E+00   -9999.0000
    8   150.00    5167.1000    5169.3500        0   5.348326E+00   0.000000E+00   0.000000E+00   -9999.0000
    9   150.00    5191.0000    5193.2900        0   4.758078E+00   0.000000E+00   0.000000E+00   -9999.0000
===== get_costpred call =        4
ised   ztrap      btime        etime        nsed_pred   STn_pred        STn15_pred      STn15/STn      delta15N_pred
    1   150.00    4854.1000    4856.3500        0   4.308284E+00   0.000000E+00   0.000000E+00   -9999.0000
    2   150.00    4890.0000    4892.3300        0   5.132558E+00   0.000000E+00   0.000000E+00   -9999.0000
    3   150.00    4910.0000    4912.2900        0   5.282969E+00   0.000000E+00   0.000000E+00   -9999.0000
    4   150.00    4979.1000    4981.3500        0   6.974334E+00   0.000000E+00   0.000000E+00   -9999.0000
    5   150.00    5078.1000    5080.3100        0   8.587627E+00   0.000000E+00   0.000000E+00   -9999.0000
    6   150.00    5118.1000    5120.2700        0   6.690164E+00   0.000000E+00   0.000000E+00   -9999.0000
    7   150.00    5146.0000    5148.2500        0   5.998869E+00   0.000000E+00   0.000000E+00   -9999.0000
    8   150.00    5167.1000    5169.3500        0   5.351639E+00   0.000000E+00   0.000000E+00   -9999.0000
    9   150.00    5191.0000    5193.2900        0   4.761020E+00   0.000000E+00   0.000000E+00   -9999.0000
===== get_costpred call =        5
ised   ztrap      btime        etime        nsed_pred   STn_pred        STn15_pred      STn15/STn      delta15N_pred
    1   150.00    4854.1000    4856.3500        0   4.308473E+00   0.000000E+00   0.000000E+00   -9999.0000
    2   150.00    4890.0000    4892.3300        0   5.132876E+00   0.000000E+00   0.000000E+00   -9999.0000
    3   150.00    4910.0000    4912.2900        0   5.283309E+00   0.000000E+00   0.000000E+00   -9999.0000
    4   150.00    4979.1000    4981.3500        0   6.974765E+00   0.000000E+00   0.000000E+00   -9999.0000
    5   150.00    5078.1000    5080.3100        0   8.588243E+00   0.000000E+00   0.000000E+00   -9999.0000
    6   150.00    5118.1000    5120.2700        0   6.690580E+00   0.000000E+00   0.000000E+00   -9999.0000
    7   150.00    5146.0000    5148.2500        0   5.999236E+00   0.000000E+00   0.000000E+00   -9999.0000
    8   150.00    5167.1000    5169.3500        0   5.351972E+00   0.000000E+00   0.000000E+00   -9999.0000
    9   150.00    5191.0000    5193.2900        0   4.761315E+00   0.000000E+00   0.000000E+00   -9999.0000
===== get_costpred call =        6
ised   ztrap      btime        etime        nsed_pred   STn_pred        STn15_pred      STn15/STn      delta15N_pred
    1   150.00    4854.1000    4856.3500        0   4.308492E+00   0.000000E+00   0.000000E+00   -9999.0000
    2   150.00    4890.0000    4892.3300        0   5.132907E+00   0.000000E+00   0.000000E+00   -9999.0000
    3   150.00    4910.0000    4912.2900        0   5.283343E+00   0.000000E+00   0.000000E+00   -9999.0000
    4   150.00    4979.1000    4981.3500        0   6.974808E+00   0.000000E+00   0.000000E+00   -9999.0000
    5   150.00    5078.1000    5080.3100        0   8.588304E+00   0.000000E+00   0.000000E+00   -9999.0000
    6   150.00    5118.1000    5120.2700        0   6.690622E+00   0.000000E+00   0.000000E+00   -9999.0000
    7   150.00    5146.0000    5148.2500        0   5.999273E+00   0.000000E+00   0.000000E+00   -9999.0000
    8   150.00    5167.1000    5169.3500        0   5.352005E+00   0.000000E+00   0.000000E+00   -9999.0000
    9   150.00    5191.0000    5193.2900        0   4.761344E+00   0.000000E+00   0.000000E+00   -9999.0000
===== get_costpred call =        7
ised   ztrap      btime        etime        nsed_pred   STn_pred        STn15_pred      STn15/STn      delta15N_pred
    1   150.00    4854.1000    4856.3500        0   4.308494E+00   0.000000E+00   0.000000E+00   -9999.0000
    2   150.00    4890.0000    4892.3300        0   5.132911E+00   0.000000E+00   0.000000E+00   -9999.0000
    3   150.00    4910.0000    4912.2900        0   5.283346E+00   0.000000E+00   0.000000E+00   -9999.0000
    4   150.00    4979.1000    4981.3500        0   6.974813E+00   0.000000E+00   0.000000E+00   -9999.0000
    5   150.00    5078.1000    5080.3100        0   8.588310E+00   0.000000E+00   0.000000E+00   -9999.0000
    6   150.00    5118.1000    5120.2700        0   6.690626E+00   0.000000E+00   0.000000E+00   -9999.0000
    7   150.00    5146.0000    5148.2500        0   5.999276E+00   0.000000E+00   0.000000E+00   -9999.0000
    8   150.00    5167.1000    5169.3500        0   5.352009E+00   0.000000E+00   0.000000E+00   -9999.0000
    9   150.00    5191.0000    5193.2900        0   4.761347E+00   0.000000E+00   0.000000E+00   -9999.0000
===== get_costpred call =        8
ised   ztrap      btime        etime        nsed_pred   STn_pred        STn15_pred      STn15/STn      delta15N_pred
    1   150.00    4854.1000    4856.3500        0   4.308494E+00   0.000000E+00   0.000000E+00   -9999.0000
    2   150.00    4890.0000    4892.3300        0   5.132911E+00   0.000000E+00   0.000000E+00   -9999.0000
    3   150.00    4910.0000    4912.2900        0   5.283347E+00   0.000000E+00   0.000000E+00   -9999.0000
    4   150.00    4979.1000    4981.3500        0   6.974813E+00   0.000000E+00   0.000000E+00   -9999.0000
    5   150.00    5078.1000    5080.3100        0   8.588311E+00   0.000000E+00   0.000000E+00   -9999.0000
    6   150.00    5118.1000    5120.2700        0   6.690626E+00   0.000000E+00   0.000000E+00   -9999.0000
    7   150.00    5146.0000    5148.2500        0   5.999277E+00   0.000000E+00   0.000000E+00   -9999.0000
    8   150.00    5167.1000    5169.3500        0   5.352009E+00   0.000000E+00   0.000000E+00   -9999.0000
    9   150.00    5191.0000    5193.2900        0   4.761348E+00   0.000000E+00   0.000000E+00   -9999.0000
===== get_costpred call =        9
ised   ztrap      btime        etime        nsed_pred   STn_pred        STn15_pred      STn15/STn      delta15N_pred
    1   150.00    4854.1000    4856.3500        0   4.308494E+00   0.000000E+00   0.000000E+00   -9999.0000
    2   150.00    4890.0000    4892.3300        0   5.132911E+00   0.000000E+00   0.000000E+00   -9999.0000
    3   150.00    4910.0000    4912.2900        0   5.283347E+00   0.000000E+00   0.000000E+00   -9999.0000
    4   150.00    4979.1000    4981.3500        0   6.974813E+00   0.000000E+00   0.000000E+00   -9999.0000
    5   150.00    5078.1000    5080.3100        0   8.588311E+00   0.000000E+00   0.000000E+00   -9999.0000
    6   150.00    5118.1000    5120.2700        0   6.690626E+00   0.000000E+00   0.000000E+00   -9999.0000
    7   150.00    5146.0000    5148.2500        0   5.999277E+00   0.000000E+00   0.000000E+00   -9999.0000
    8   150.00    5167.1000    5169.3500        0   5.352009E+00   0.000000E+00   0.000000E+00   -9999.0000
    9   150.00    5191.0000    5193.2900        0   4.761348E+00   0.000000E+00   0.000000E+00   -9999.0000
===== get_costpred call =       10
ised   ztrap      btime        etime        nsed_pred   STn_pred        STn15_pred      STn15/STn      delta15N_pred
    1   150.00    4854.1000    4856.3500        0   4.308494E+00   0.000000E+00   0.000000E+00   -9999.0000
    2   150.00    4890.0000    4892.3300        0   5.132911E+00   0.000000E+00   0.000000E+00   -9999.0000
    3   150.00    4910.0000    4912.2900        0   5.283347E+00   0.000000E+00   0.000000E+00   -9999.0000
    4   150.00    4979.1000    4981.3500        0   6.974813E+00   0.000000E+00   0.000000E+00   -9999.0000
    5   150.00    5078.1000    5080.3100        0   8.588311E+00   0.000000E+00   0.000000E+00   -9999.0000
    6   150.00    5118.1000    5120.2700        0   6.690626E+00   0.000000E+00   0.000000E+00   -9999.0000
    7   150.00    5146.0000    5148.2500        0   5.999277E+00   0.000000E+00   0.000000E+00   -9999.0000
    8   150.00    5167.1000    5169.3500        0   5.352009E+00   0.000000E+00   0.000000E+00   -9999.0000
    9   150.00    5191.0000    5193.2900        0   4.761348E+00   0.000000E+00   0.000000E+00   -9999.0000
===== get_costpred call =        1
ised   ztrap      btime        etime        nsed_pred   STn_pred        STn15_pred      STn15/STn      delta15N_pred
    1   150.00    6345.0000    6347.2500       54   4.308494E+00  -1.765893E+03  -4.098632E+02   -9999.0000
    2   150.00    6368.0000    6370.4200       58   5.132911E+00  -2.020587E+03  -3.936532E+02   -9999.0000
    3   150.00    6391.0000    6393.2900       55   5.283347E+00  -2.195165E+03  -4.154875E+02   -9999.0000
    4   150.00    6446.0000    6448.2500       54   6.974813E+00  -2.246971E+03  -3.221550E+02   -9999.0000
    5   150.00    6464.0000    6466.2500       54   8.588311E+00  -2.406591E+03  -2.802171E+02   -9999.0000
    6   150.00    6493.0000    6495.2900       55   6.690626E+00  -2.392610E+03  -3.576063E+02   -9999.0000
    7   150.00    6520.0000    6522.1700       52   5.999277E+00  -2.142192E+03  -3.570751E+02   -9999.0000
    8   150.00    6558.0000    6560.2500       54   5.352009E+00  -2.167774E+03  -4.050393E+02   -9999.0000
    9   150.00    6593.0000    6595.2900       55   4.761348E+00  -2.147844E+03  -4.511000E+02   -9999.0000
   10   150.00    6612.0000    6614.3300       56   0.000000E+00  -2.012681E+03  -9.999000E+03   -9999.0000
   11   150.00    6643.0000    6645.2900       55   0.000000E+00  -1.759294E+03  -9.999000E+03   -9999.0000
===== get_costpred call =        2
ised   ztrap      btime        etime        nsed_pred   STn_pred        STn15_pred      STn15/STn      delta15N_pred
    1   150.00    6345.0000    6347.2500       54   4.281290E+00  -1.535548E+03  -3.586647E+02   -9999.0000
    2   150.00    6368.0000    6370.4200       58   5.098789E+00  -1.855076E+03  -3.638268E+02   -9999.0000
    3   150.00    6391.0000    6393.2900       55   5.247423E+00  -2.065210E+03  -3.935665E+02   -9999.0000
    4   150.00    6446.0000    6448.2500       54   6.930428E+00  -2.171098E+03  -3.132704E+02   -9999.0000
    5   150.00    6464.0000    6466.2500       54   8.524666E+00  -2.269632E+03  -2.662429E+02   -9999.0000
    6   150.00    6493.0000    6495.2900       55   6.648128E+00  -2.184551E+03  -3.285965E+02   -9999.0000
    7   150.00    6520.0000    6522.1700       52   5.961705E+00  -1.993235E+03  -3.343397E+02   -9999.0000
    8   150.00    6558.0000    6560.2500       54   5.317842E+00  -2.038329E+03  -3.833000E+02   -9999.0000
    9   150.00    6593.0000    6595.2900       55   4.730850E+00  -2.016726E+03  -4.262926E+02   -9999.0000
   10   150.00    6612.0000    6614.3300       56   0.000000E+00  -1.888267E+03  -9.999000E+03   -9999.0000
   11   150.00    6643.0000    6645.2900       55   0.000000E+00  -1.651242E+03  -9.999000E+03   -9999.0000
===== get_costpred call =        3
ised   ztrap      btime        etime        nsed_pred   STn_pred        STn15_pred      STn15/STn      delta15N_pred
    1   150.00    6345.0000    6347.2500       54   4.306500E+00  -1.771147E+03  -4.112729E+02   -9999.0000
    2   150.00    6368.0000    6370.4200       58   5.129526E+00  -2.020903E+03  -3.939745E+02   -9999.0000
    3   150.00    6391.0000    6393.2900       55   5.279711E+00  -2.191421E+03  -4.150646E+02   -9999.0000
    4   150.00    6446.0000    6448.2500       54   6.970234E+00  -2.240424E+03  -3.214274E+02   -9999.0000
    5   150.00    6464.0000    6466.2500       54   8.581753E+00  -2.396627E+03  -2.792701E+02   -9999.0000
    6   150.00    6493.0000    6495.2900       55   6.686233E+00  -2.378825E+03  -3.557795E+02   -9999.0000
    7   150.00    6520.0000    6522.1700       52   5.995398E+00  -2.131834E+03  -3.555785E+02   -9999.0000
    8   150.00    6558.0000    6560.2500       54   5.348487E+00  -2.157804E+03  -4.034421E+02   -9999.0000
    9   150.00    6593.0000    6595.2900       55   4.758206E+00  -2.138376E+03  -4.494079E+02   -9999.0000
   10   150.00    6612.0000    6614.3300       56   0.000000E+00  -2.003846E+03  -9.999000E+03   -9999.0000
   11   150.00    6643.0000    6645.2900       55   0.000000E+00  -1.751961E+03  -9.999000E+03   -9999.0000
===== get_costpred call =        4
ised   ztrap      btime        etime        nsed_pred   STn_pred        STn15_pred      STn15/STn      delta15N_pred
    1   150.00    6345.0000    6347.2500       54   4.308300E+00  -1.765676E+03  -4.098313E+02   -9999.0000
    2   150.00    6368.0000    6370.4200       58   5.132572E+00  -2.020169E+03  -3.935978E+02   -9999.0000
    3   150.00    6391.0000    6393.2900       55   5.282983E+00  -2.194565E+03  -4.154027E+02   -9999.0000
    4   150.00    6446.0000    6448.2500       54   6.974354E+00  -2.246291E+03  -3.220787E+02   -9999.0000
    5   150.00    6464.0000    6466.2500       54   8.587652E+00  -2.405620E+03  -2.801254E+02   -9999.0000
    6   150.00    6493.0000    6495.2900       55   6.690185E+00  -2.391285E+03  -3.574319E+02   -9999.0000
    7   150.00    6520.0000    6522.1700       52   5.998887E+00  -2.141175E+03  -3.569287E+02   -9999.0000
    8   150.00    6558.0000    6560.2500       54   5.351656E+00  -2.166795E+03  -4.048831E+02   -9999.0000
    9   150.00    6593.0000    6595.2900       55   4.761033E+00  -2.146922E+03  -4.509362E+02   -9999.0000
   10   150.00    6612.0000    6614.3300       56   0.000000E+00  -2.011818E+03  -9.999000E+03   -9999.0000
   11   150.00    6643.0000    6645.2900       55   0.000000E+00  -1.758575E+03  -9.999000E+03   -9999.0000
===== get_costpred call =        5
ised   ztrap      btime        etime        nsed_pred   STn_pred        STn15_pred      STn15/STn      delta15N_pred
    1   150.00    6345.0000    6347.2500       54   4.308474E+00  -1.765731E+03  -4.098274E+02   -9999.0000
    2   150.00    6368.0000    6370.4200       58   5.132877E+00  -2.020460E+03  -3.936311E+02   -9999.0000
    3   150.00    6391.0000    6393.2900       55   5.283310E+00  -2.195061E+03  -4.154707E+02   -9999.0000
    4   150.00    6446.0000    6448.2500       54   6.974767E+00  -2.246900E+03  -3.221469E+02   -9999.0000
    5   150.00    6464.0000    6466.2500       54   8.588245E+00  -2.406490E+03  -2.802075E+02   -9999.0000
    6   150.00    6493.0000    6495.2900       55   6.690582E+00  -2.392478E+03  -3.575889E+02   -9999.0000
    7   150.00    6520.0000    6522.1700       52   5.999238E+00  -2.142089E+03  -3.570601E+02   -9999.0000
    8   150.00    6558.0000    6560.2500       54   5.351974E+00  -2.167675E+03  -4.050236E+02   -9999.0000
    9   150.00    6593.0000    6595.2900       55   4.761316E+00  -2.147751E+03  -4.510834E+02   -9999.0000
   10   150.00    6612.0000    6614.3300       56   0.000000E+00  -2.012594E+03  -9.999000E+03   -9999.0000
   11   150.00    6643.0000    6645.2900       55   0.000000E+00  -1.759221E+03  -9.999000E+03   -9999.0000
===== get_costpred call =        1
ised   ztrap      btime        etime        nsed_pred   STn_pred        STn15_pred      STn15/STn      delta15N_pred
    1   150.00    6345.0000    6347.2500       54   5.061308E+00  -1.765893E+03  -3.489005E+02   -9999.0000
    2   150.00    6368.0000    6370.4200       58   5.260399E+00  -2.020587E+03  -3.841129E+02   -9999.0000
    3   150.00    6391.0000    6393.2900       55   5.689527E+00  -2.195165E+03  -3.858255E+02   -9999.0000
    4   150.00    6446.0000    6448.2500       54   7.091684E+00  -2.246971E+03  -3.168459E+02   -9999.0000
    5   150.00    6464.0000    6466.2500       54   7.622203E+00  -2.406591E+03  -3.157343E+02   -9999.0000
    6   150.00    6493.0000    6495.2900       55   7.695404E+00  -2.392610E+03  -3.109142E+02   -9999.0000
    7   150.00    6520.0000    6522.1700       52   7.337998E+00  -2.142192E+03  -2.919314E+02   -9999.0000
    8   150.00    6558.0000    6560.2500       54   7.723158E+00  -2.167774E+03  -2.806849E+02   -9999.0000
    9   150.00    6593.0000    6595.2900       55   6.412090E+00  -2.147844E+03  -3.349678E+02   -9999.0000
   10   150.00    6612.0000    6614.3300       56   5.872618E+00  -2.012681E+03  -3.427230E+02   -9999.0000
   11   150.00    6643.0000    6645.2900       55   4.927483E+00  -1.759294E+03  -3.570371E+02   -9999.0000
===== get_costpred call =        1
ised   ztrap      btime        etime        nsed_pred   STn_pred        STn15_pred      STn15/STn      delta15N_pred
    1   150.00    6314.1000    6316.3500       54   5.061308E+00  -1.168535E+03  -2.308762E+02   -9999.0000
    2   150.00    6350.0000    6352.3300       56   5.260399E+00  -1.835226E+03  -3.488757E+02   -9999.0000
    3   150.00    6370.0000    6372.2900       55   5.689527E+00  -2.039258E+03  -3.584231E+02   -9999.0000
    4   150.00    6439.1000    6441.3500       54   7.091684E+00  -2.214902E+03  -3.123238E+02   -9999.0000
    5   150.00    6538.1000    6540.3100       53   7.622203E+00  -2.356781E+03  -3.091994E+02   -9999.0000
    6   150.00    6578.1000    6580.2700       52   7.695404E+00  -2.151675E+03  -2.796052E+02   -9999.0000
    7   150.00    6606.0000    6608.2500       54   7.337998E+00  -2.037844E+03  -2.777112E+02   -9999.0000
    8   150.00    6627.1000    6629.3500       54   7.723158E+00  -1.887551E+03  -2.444014E+02   -9999.0000
    9   150.00    6651.0000    6653.2900       55   6.412090E+00  -1.706286E+03  -2.661046E+02   -9999.0000
===== get_costpred call =        1
ised   ztrap      btime        etime        nsed_pred   STn_pred        STn15_pred      STn15/STn      delta15N_pred
    1   150.00    6314.1000    6316.3500       54   5.061308E+00  -1.168535E+03  -2.308762E+02   -9999.0000
    2   150.00    6350.0000    6352.3300       56   5.260399E+00  -1.835226E+03  -3.488757E+02   -9999.0000
    3   150.00    6370.0000    6372.2900       55   5.689527E+00  -2.039258E+03  -3.584231E+02   -9999.0000
    4   150.00    6439.1000    6441.3500       54   7.091684E+00  -2.214902E+03  -3.123238E+02   -9999.0000
    5   150.00    6538.1000    6540.3100       53   7.622203E+00  -2.356781E+03  -3.091994E+02   -9999.0000
    6   150.00    6578.1000    6580.2700       52   7.695404E+00  -2.151675E+03  -2.796052E+02   -9999.0000
    7   150.00    6606.0000    6608.2500       54   7.337998E+00  -2.037844E+03  -2.777112E+02   -9999.0000
    8   150.00    6627.1000    6629.3500       54   7.723158E+00  -1.887551E+03  -2.444014E+02   -9999.0000
    9   150.00    6651.0000    6653.2900       55   6.412090E+00  -1.706286E+03  -2.661046E+02   -9999.0000
===== get_costpred call =        2
ised   ztrap      btime        etime        nsed_pred   STn_pred        STn15_pred      STn15/STn      delta15N_pred
    1   150.00    6314.1000    6316.3500       54   5.027670E+00  -7.626335E+02  -1.516873E+02   -9999.0000
    2   150.00    6350.0000    6352.3300       56   5.224758E+00  -1.624323E+03  -3.108897E+02   -9999.0000
    3   150.00    6370.0000    6372.2900       55   5.649077E+00  -1.879105E+03  -3.326393E+02   -9999.0000
    4   150.00    6439.1000    6441.3500       54   7.047397E+00  -2.132289E+03  -3.025641E+02   -9999.0000
    5   150.00    6538.1000    6540.3100       53   7.571367E+00  -2.205187E+03  -2.912535E+02   -9999.0000
    6   150.00    6578.1000    6580.2700       52   7.652157E+00  -2.017278E+03  -2.636221E+02   -9999.0000
    7   150.00    6606.0000    6608.2500       54   7.294360E+00  -1.913077E+03  -2.622680E+02   -9999.0000
    8   150.00    6627.1000    6629.3500       54   7.672098E+00  -1.766579E+03  -2.302603E+02   -9999.0000
    9   150.00    6651.0000    6653.2900       55   6.371896E+00  -1.603244E+03  -2.516118E+02   -9999.0000
===== get_costpred call =        3
ised   ztrap      btime        etime        nsed_pred   STn_pred        STn15_pred      STn15/STn      delta15N_pred
    1   150.00    6314.1000    6316.3500       54   5.058001E+00  -1.190629E+03  -2.353952E+02   -9999.0000
    2   150.00    6350.0000    6352.3300       56   5.256797E+00  -1.839291E+03  -3.498882E+02   -9999.0000
    3   150.00    6370.0000    6372.2900       55   5.685390E+00  -2.039233E+03  -3.586795E+02   -9999.0000
    4   150.00    6439.1000    6441.3500       54   7.087114E+00  -2.208372E+03  -3.116038E+02   -9999.0000
    5   150.00    6538.1000    6540.3100       53   7.616923E+00  -2.345671E+03  -3.079552E+02   -9999.0000
    6   150.00    6578.1000    6580.2700       52   7.690936E+00  -2.141888E+03  -2.784951E+02   -9999.0000
    7   150.00    6606.0000    6608.2500       54   7.333508E+00  -2.028980E+03  -2.766724E+02   -9999.0000
    8   150.00    6627.1000    6629.3500       54   7.717910E+00  -1.879189E+03  -2.434842E+02   -9999.0000
    9   150.00    6651.0000    6653.2900       55   6.407938E+00  -1.699269E+03  -2.651819E+02   -9999.0000
===== get_costpred call =        1
ised   ztrap      btime        etime        nsed_pred   STn_pred        STn15_pred      STn15/STn      delta15N_pred
    1   150.00    6345.0000    6347.2500       54   4.308494E+00  -1.765893E+03  -4.098632E+02   -9999.0000
    2   150.00    6368.0000    6370.4200       58   5.132911E+00  -2.020587E+03  -3.936532E+02   -9999.0000
    3   150.00    6391.0000    6393.2900       55   5.283347E+00  -2.195165E+03  -4.154875E+02   -9999.0000
    4   150.00    6446.0000    6448.2500       54   6.974813E+00  -2.246971E+03  -3.221550E+02   -9999.0000
    5   150.00    6464.0000    6466.2500       54   8.588311E+00  -2.406591E+03  -2.802171E+02   -9999.0000
    6   150.00    6493.0000    6495.2900       55   6.690626E+00  -2.392610E+03  -3.576063E+02   -9999.0000
    7   150.00    6520.0000    6522.1700       52   5.999277E+00  -2.142192E+03  -3.570751E+02   -9999.0000
    8   150.00    6558.0000    6560.2500       54   5.352009E+00  -2.167774E+03  -4.050393E+02   -9999.0000
    9   150.00    6593.0000    6595.2900       55   4.761348E+00  -2.147844E+03  -4.511000E+02   -9999.0000
   10   150.00    6612.0000    6614.3300       56   0.000000E+00  -2.012681E+03  -9.999000E+03   -9999.0000
   11   150.00    6643.0000    6645.2900       55   0.000000E+00  -1.759294E+03  -9.999000E+03   -9999.0000
===== get_costpred call =        1
ised   ztrap      btime        etime        nsed_pred   STn_pred        STn15_pred      STn15/STn      delta15N_pred
    1   150.00    6314.1000    6316.3500       54   4.308494E+00  -1.168535E+03  -2.712167E+02   -9999.0000
    2   150.00    6350.0000    6352.3300       56   5.132911E+00  -1.835226E+03  -3.575409E+02   -9999.0000
    3   150.00    6370.0000    6372.2900       55   5.283347E+00  -2.039258E+03  -3.859785E+02   -9999.0000
    4   150.00    6439.1000    6441.3500       54   6.974813E+00  -2.214902E+03  -3.175572E+02   -9999.0000
    5   150.00    6538.1000    6540.3100       53   8.588311E+00  -2.356781E+03  -2.744173E+02   -9999.0000
    6   150.00    6578.1000    6580.2700       52   6.690626E+00  -2.151675E+03  -3.215955E+02   -9999.0000
    7   150.00    6606.0000    6608.2500       54   5.999277E+00  -2.037844E+03  -3.396817E+02   -9999.0000
    8   150.00    6627.1000    6629.3500       54   5.352009E+00  -1.887551E+03  -3.526808E+02   -9999.0000
    9   150.00    6651.0000    6653.2900       55   4.761348E+00  -1.706286E+03  -3.583621E+02   -9999.0000
===== get_costpred call =        2
ised   ztrap      btime        etime        nsed_pred   STn_pred        STn15_pred      STn15/STn      delta15N_pred
    1   150.00    6314.1000    6316.3500       54   4.281283E+00  -7.626335E+02  -1.781320E+02   -9999.0000
    2   150.00    6350.0000    6352.3300       56   5.098781E+00  -1.624323E+03  -3.185709E+02   -9999.0000
    3   150.00    6370.0000    6372.2900       55   5.247414E+00  -1.879105E+03  -3.581011E+02   -9999.0000
    4   150.00    6439.1000    6441.3500       54   6.930413E+00  -2.132289E+03  -3.076713E+02   -9999.0000
    5   150.00    6538.1000    6540.3100       53   8.524653E+00  -2.205187E+03  -2.586835E+02   -9999.0000
    6   150.00    6578.1000    6580.2700       52   6.648109E+00  -2.017278E+03  -3.034363E+02   -9999.0000
    7   150.00    6606.0000    6608.2500       54   5.961689E+00  -1.913077E+03  -3.208951E+02   -9999.0000
    8   150.00    6627.1000    6629.3500       54   5.317828E+00  -1.766579E+03  -3.321994E+02   -9999.0000
    9   150.00    6651.0000    6653.2900       55   4.730840E+00  -1.603244E+03  -3.388921E+02   -9999.0000
===== get_costpred call =        1
ised   ztrap      btime        etime        nsed_pred   STn_pred        STn15_pred      STn15/STn      delta15N_pred
    1   150.00    6314.1000    6316.3500       54   4.308494E+00  -1.168535E+03  -2.712167E+02   -9999.0000
    2   150.00    6350.0000    6352.3300       56   5.132911E+00  -1.835226E+03  -3.575409E+02   -9999.0000
    3   150.00    6370.0000    6372.2900       55   5.283347E+00  -2.039258E+03  -3.859785E+02   -9999.0000
    4   150.00    6439.1000    6441.3500       54   6.974813E+00  -2.214902E+03  -3.175572E+02   -9999.0000
    5   150.00    6538.1000    6540.3100       53   8.588311E+00  -2.356781E+03  -2.744173E+02   -9999.0000
    6   150.00    6578.1000    6580.2700       52   6.690626E+00  -2.151675E+03  -3.215955E+02   -9999.0000
    7   150.00    6606.0000    6608.2500       54   5.999277E+00  -2.037844E+03  -3.396817E+02   -9999.0000
    8   150.00    6627.1000    6629.3500       54   5.352009E+00  -1.887551E+03  -3.526808E+02   -9999.0000
    9   150.00    6651.0000    6653.2900       55   4.761348E+00  -1.706286E+03  -3.583621E+02   -9999.0000
===== get_costpred call =        1
ised   ztrap      btime        etime        nsed_pred   STn_pred        STn15_pred      STn15/STn      delta15N_pred
    1   150.00    6314.1000    6316.3500       54   0.000000E+00  -1.168535E+03  -9.999000E+03   -9999.0000
    2   150.00    6350.0000    6352.3300       56   0.000000E+00  -1.835226E+03  -9.999000E+03   -9999.0000
    3   150.00    6370.0000    6372.2900       55   0.000000E+00  -2.039258E+03  -9.999000E+03   -9999.0000
    4   150.00    6439.1000    6441.3500       54   0.000000E+00  -2.214902E+03  -9.999000E+03   -9999.0000
    5   150.00    6538.1000    6540.3100       53   0.000000E+00  -2.356781E+03  -9.999000E+03   -9999.0000
    6   150.00    6578.1000    6580.2700       52   0.000000E+00  -2.151675E+03  -9.999000E+03   -9999.0000
    7   150.00    6606.0000    6608.2500       54   0.000000E+00  -2.037844E+03  -9.999000E+03   -9999.0000
    8   150.00    6627.1000    6629.3500       54   0.000000E+00  -1.887551E+03  -9.999000E+03   -9999.0000
    9   150.00    6651.0000    6653.2900       55   0.000000E+00  -1.706286E+03  -9.999000E+03   -9999.0000
===== get_costpred call =        1
ised   ztrap      btime        etime        nsed_pred   STn_pred        STn15_pred      STn15/STn      delta15N_pred
    1   150.00    4854.1000    4856.3500        0   0.000000E+00   0.000000E+00  -9.999000E+03   -9999.0000
    2   150.00    4890.0000    4892.3300        0   0.000000E+00   0.000000E+00  -9.999000E+03   -9999.0000
    3   150.00    4910.0000    4912.2900        0   0.000000E+00   0.000000E+00  -9.999000E+03   -9999.0000
    4   150.00    4979.1000    4981.3500        0   0.000000E+00   0.000000E+00  -9.999000E+03   -9999.0000
    5   150.00    5078.1000    5080.3100        0   0.000000E+00   0.000000E+00  -9.999000E+03   -9999.0000
    6   150.00    5118.1000    5120.2700        0   0.000000E+00   0.000000E+00  -9.999000E+03   -9999.0000
    7   150.00    5146.0000    5148.2500        0   0.000000E+00   0.000000E+00  -9.999000E+03   -9999.0000
    8   150.00    5167.1000    5169.3500        0   0.000000E+00   0.000000E+00  -9.999000E+03   -9999.0000
    9   150.00    5191.0000    5193.2900        0   0.000000E+00   0.000000E+00  -9.999000E+03   -9999.0000
===== get_costpred call =        2
ised   ztrap      btime        etime        nsed_pred   STn_pred        STn15_pred      STn15/STn      delta15N_pred
    1   150.00    4854.1000    4856.3500        0   0.000000E+00   0.000000E+00  -9.999000E+03   -9999.0000
    2   150.00    4890.0000    4892.3300        0   0.000000E+00   0.000000E+00  -9.999000E+03   -9999.0000
    3   150.00    4910.0000    4912.2900        0   0.000000E+00   0.000000E+00  -9.999000E+03   -9999.0000
    4   150.00    4979.1000    4981.3500        0   0.000000E+00   0.000000E+00  -9.999000E+03   -9999.0000
    5   150.00    5078.1000    5080.3100        0   0.000000E+00   0.000000E+00  -9.999000E+03   -9999.0000
    6   150.00    5118.1000    5120.2700        0   0.000000E+00   0.000000E+00  -9.999000E+03   -9999.0000
    7   150.00    5146.0000    5148.2500        0   0.000000E+00   0.000000E+00  -9.999000E+03   -9999.0000
    8   150.00    5167.1000    5169.3500        0   0.000000E+00   0.000000E+00  -9.999000E+03   -9999.0000
    9   150.00    5191.0000    5193.2900        0   0.000000E+00   0.000000E+00  -9.999000E+03   -9999.0000
===== get_costpred call =        3
ised   ztrap      btime        etime        nsed_pred   STn_pred        STn15_pred      STn15/STn      delta15N_pred
    1   150.00    4854.1000    4856.3500        0   0.000000E+00   0.000000E+00  -9.999000E+03   -9999.0000
    2   150.00    4890.0000    4892.3300        0   0.000000E+00   0.000000E+00  -9.999000E+03   -9999.0000
    3   150.00    4910.0000    4912.2900        0   0.000000E+00   0.000000E+00  -9.999000E+03   -9999.0000
    4   150.00    4979.1000    4981.3500        0   0.000000E+00   0.000000E+00  -9.999000E+03   -9999.0000
    5   150.00    5078.1000    5080.3100        0   0.000000E+00   0.000000E+00  -9.999000E+03   -9999.0000
    6   150.00    5118.1000    5120.2700        0   0.000000E+00   0.000000E+00  -9.999000E+03   -9999.0000
    7   150.00    5146.0000    5148.2500        0   0.000000E+00   0.000000E+00  -9.999000E+03   -9999.0000
    8   150.00    5167.1000    5169.3500        0   0.000000E+00   0.000000E+00  -9.999000E+03   -9999.0000
    9   150.00    5191.0000    5193.2900        0   0.000000E+00   0.000000E+00  -9.999000E+03   -9999.0000
===== get_costpred call =        4
ised   ztrap      btime        etime        nsed_pred   STn_pred        STn15_pred      STn15/STn      delta15N_pred
    1   150.00    4854.1000    4856.3500        0   0.000000E+00   0.000000E+00  -9.999000E+03   -9999.0000
    2   150.00    4890.0000    4892.3300        0   0.000000E+00   0.000000E+00  -9.999000E+03   -9999.0000
    3   150.00    4910.0000    4912.2900        0   0.000000E+00   0.000000E+00  -9.999000E+03   -9999.0000
    4   150.00    4979.1000    4981.3500        0   0.000000E+00   0.000000E+00  -9.999000E+03   -9999.0000
    5   150.00    5078.1000    5080.3100        0   0.000000E+00   0.000000E+00  -9.999000E+03   -9999.0000
    6   150.00    5118.1000    5120.2700        0   0.000000E+00   0.000000E+00  -9.999000E+03   -9999.0000
    7   150.00    5146.0000    5148.2500        0   0.000000E+00   0.000000E+00  -9.999000E+03   -9999.0000
    8   150.00    5167.1000    5169.3500        0   0.000000E+00   0.000000E+00  -9.999000E+03   -9999.0000
    9   150.00    5191.0000    5193.2900        0   0.000000E+00   0.000000E+00  -9.999000E+03   -9999.0000
===== get_costpred call =        5
ised   ztrap      btime        etime        nsed_pred   STn_pred        STn15_pred      STn15/STn      delta15N_pred
    1   150.00    4854.1000    4856.3500        0   0.000000E+00   0.000000E+00  -9.999000E+03   -9999.0000
    2   150.00    4890.0000    4892.3300        0   0.000000E+00   0.000000E+00  -9.999000E+03   -9999.0000
    3   150.00    4910.0000    4912.2900        0   0.000000E+00   0.000000E+00  -9.999000E+03   -9999.0000
    4   150.00    4979.1000    4981.3500        0   0.000000E+00   0.000000E+00  -9.999000E+03   -9999.0000
    5   150.00    5078.1000    5080.3100        0   0.000000E+00   0.000000E+00  -9.999000E+03   -9999.0000
    6   150.00    5118.1000    5120.2700        0   0.000000E+00   0.000000E+00  -9.999000E+03   -9999.0000
    7   150.00    5146.0000    5148.2500        0   0.000000E+00   0.000000E+00  -9.999000E+03   -9999.0000
    8   150.00    5167.1000    5169.3500        0   0.000000E+00   0.000000E+00  -9.999000E+03   -9999.0000
    9   150.00    5191.0000    5193.2900        0   0.000000E+00   0.000000E+00  -9.999000E+03   -9999.0000
===== get_costpred call =        6
ised   ztrap      btime        etime        nsed_pred   STn_pred        STn15_pred      STn15/STn      delta15N_pred
    1   150.00    4854.1000    4856.3500        0   0.000000E+00   0.000000E+00  -9.999000E+03   -9999.0000
    2   150.00    4890.0000    4892.3300        0   0.000000E+00   0.000000E+00  -9.999000E+03   -9999.0000
    3   150.00    4910.0000    4912.2900        0   0.000000E+00   0.000000E+00  -9.999000E+03   -9999.0000
    4   150.00    4979.1000    4981.3500        0   0.000000E+00   0.000000E+00  -9.999000E+03   -9999.0000
    5   150.00    5078.1000    5080.3100        0   0.000000E+00   0.000000E+00  -9.999000E+03   -9999.0000
    6   150.00    5118.1000    5120.2700        0   0.000000E+00   0.000000E+00  -9.999000E+03   -9999.0000
    7   150.00    5146.0000    5148.2500        0   0.000000E+00   0.000000E+00  -9.999000E+03   -9999.0000
    8   150.00    5167.1000    5169.3500        0   0.000000E+00   0.000000E+00  -9.999000E+03   -9999.0000
    9   150.00    5191.0000    5193.2900        0   0.000000E+00   0.000000E+00  -9.999000E+03   -9999.0000
===== get_costpred call =        7
ised   ztrap      btime        etime        nsed_pred   STn_pred        STn15_pred      STn15/STn      delta15N_pred
    1   150.00    4854.1000    4856.3500        0   0.000000E+00   0.000000E+00  -9.999000E+03   -9999.0000
    2   150.00    4890.0000    4892.3300        0   0.000000E+00   0.000000E+00  -9.999000E+03   -9999.0000
    3   150.00    4910.0000    4912.2900        0   0.000000E+00   0.000000E+00  -9.999000E+03   -9999.0000
    4   150.00    4979.1000    4981.3500        0   0.000000E+00   0.000000E+00  -9.999000E+03   -9999.0000
    5   150.00    5078.1000    5080.3100        0   0.000000E+00   0.000000E+00  -9.999000E+03   -9999.0000
    6   150.00    5118.1000    5120.2700        0   0.000000E+00   0.000000E+00  -9.999000E+03   -9999.0000
    7   150.00    5146.0000    5148.2500        0   0.000000E+00   0.000000E+00  -9.999000E+03   -9999.0000
    8   150.00    5167.1000    5169.3500        0   0.000000E+00   0.000000E+00  -9.999000E+03   -9999.0000
    9   150.00    5191.0000    5193.2900        0   0.000000E+00   0.000000E+00  -9.999000E+03   -9999.0000
===== get_costpred call =        8
ised   ztrap      btime        etime        nsed_pred   STn_pred        STn15_pred      STn15/STn      delta15N_pred
    1   150.00    4854.1000    4856.3500        0   0.000000E+00   0.000000E+00  -9.999000E+03   -9999.0000
    2   150.00    4890.0000    4892.3300        0   0.000000E+00   0.000000E+00  -9.999000E+03   -9999.0000
    3   150.00    4910.0000    4912.2900        0   0.000000E+00   0.000000E+00  -9.999000E+03   -9999.0000
    4   150.00    4979.1000    4981.3500        0   0.000000E+00   0.000000E+00  -9.999000E+03   -9999.0000
    5   150.00    5078.1000    5080.3100        0   0.000000E+00   0.000000E+00  -9.999000E+03   -9999.0000
    6   150.00    5118.1000    5120.2700        0   0.000000E+00   0.000000E+00  -9.999000E+03   -9999.0000
    7   150.00    5146.0000    5148.2500        0   0.000000E+00   0.000000E+00  -9.999000E+03   -9999.0000
    8   150.00    5167.1000    5169.3500        0   0.000000E+00   0.000000E+00  -9.999000E+03   -9999.0000
    9   150.00    5191.0000    5193.2900        0   0.000000E+00   0.000000E+00  -9.999000E+03   -9999.0000
===== get_costpred call =        9
ised   ztrap      btime        etime        nsed_pred   STn_pred        STn15_pred      STn15/STn      delta15N_pred
    1   150.00    4854.1000    4856.3500        0   0.000000E+00   0.000000E+00  -9.999000E+03   -9999.0000
    2   150.00    4890.0000    4892.3300        0   0.000000E+00   0.000000E+00  -9.999000E+03   -9999.0000
    3   150.00    4910.0000    4912.2900        0   0.000000E+00   0.000000E+00  -9.999000E+03   -9999.0000
    4   150.00    4979.1000    4981.3500        0   0.000000E+00   0.000000E+00  -9.999000E+03   -9999.0000
    5   150.00    5078.1000    5080.3100        0   0.000000E+00   0.000000E+00  -9.999000E+03   -9999.0000
    6   150.00    5118.1000    5120.2700        0   0.000000E+00   0.000000E+00  -9.999000E+03   -9999.0000
    7   150.00    5146.0000    5148.2500        0   0.000000E+00   0.000000E+00  -9.999000E+03   -9999.0000
    8   150.00    5167.1000    5169.3500        0   0.000000E+00   0.000000E+00  -9.999000E+03   -9999.0000
    9   150.00    5191.0000    5193.2900        0   0.000000E+00   0.000000E+00  -9.999000E+03   -9999.0000
===== get_costpred call =       10
ised   ztrap      btime        etime        nsed_pred   STn_pred        STn15_pred      STn15/STn      delta15N_pred
    1   150.00    4854.1000    4856.3500        0   0.000000E+00   0.000000E+00  -9.999000E+03   -9999.0000
    2   150.00    4890.0000    4892.3300        0   0.000000E+00   0.000000E+00  -9.999000E+03   -9999.0000
    3   150.00    4910.0000    4912.2900        0   0.000000E+00   0.000000E+00  -9.999000E+03   -9999.0000
    4   150.00    4979.1000    4981.3500        0   0.000000E+00   0.000000E+00  -9.999000E+03   -9999.0000
    5   150.00    5078.1000    5080.3100        0   0.000000E+00   0.000000E+00  -9.999000E+03   -9999.0000
    6   150.00    5118.1000    5120.2700        0   0.000000E+00   0.000000E+00  -9.999000E+03   -9999.0000
    7   150.00    5146.0000    5148.2500        0   0.000000E+00   0.000000E+00  -9.999000E+03   -9999.0000
    8   150.00    5167.1000    5169.3500        0   0.000000E+00   0.000000E+00  -9.999000E+03   -9999.0000
    9   150.00    5191.0000    5193.2900        0   0.000000E+00   0.000000E+00  -9.999000E+03   -9999.0000
===== get_costpred call =        1
ised   ztrap      btime        etime        nsed_pred   STn_pred        STn15_pred      STn15/STn      delta15N_pred
    1   150.00    4854.1000    4856.3500        0   0.000000E+00   0.000000E+00  -9.999000E+03   -9999.0000
    2   150.00    4890.0000    4892.3300        0   0.000000E+00   0.000000E+00  -9.999000E+03   -9999.0000
    3   150.00    4910.0000    4912.2900        0   0.000000E+00   0.000000E+00  -9.999000E+03   -9999.0000
    4   150.00    4979.1000    4981.3500        0   0.000000E+00   0.000000E+00  -9.999000E+03   -9999.0000
    5   150.00    5078.1000    5080.3100        0   0.000000E+00   0.000000E+00  -9.999000E+03   -9999.0000
    6   150.00    5118.1000    5120.2700        0   0.000000E+00   0.000000E+00  -9.999000E+03   -9999.0000
    7   150.00    5146.0000    5148.2500        0   0.000000E+00   0.000000E+00  -9.999000E+03   -9999.0000
    8   150.00    5167.1000    5169.3500        0   0.000000E+00   0.000000E+00  -9.999000E+03   -9999.0000
    9   150.00    5191.0000    5193.2900        0   0.000000E+00   0.000000E+00  -9.999000E+03   -9999.0000
===== get_costpred call =        2
ised   ztrap      btime        etime        nsed_pred   STn_pred        STn15_pred      STn15/STn      delta15N_pred
    1   150.00    4854.1000    4856.3500        0   0.000000E+00   0.000000E+00  -9.999000E+03   -9999.0000
    2   150.00    4890.0000    4892.3300        0   0.000000E+00   0.000000E+00  -9.999000E+03   -9999.0000
    3   150.00    4910.0000    4912.2900        0   0.000000E+00   0.000000E+00  -9.999000E+03   -9999.0000
    4   150.00    4979.1000    4981.3500        0   0.000000E+00   0.000000E+00  -9.999000E+03   -9999.0000
    5   150.00    5078.1000    5080.3100        0   0.000000E+00   0.000000E+00  -9.999000E+03   -9999.0000
    6   150.00    5118.1000    5120.2700        0   0.000000E+00   0.000000E+00  -9.999000E+03   -9999.0000
    7   150.00    5146.0000    5148.2500        0   0.000000E+00   0.000000E+00  -9.999000E+03   -9999.0000
    8   150.00    5167.1000    5169.3500        0   0.000000E+00   0.000000E+00  -9.999000E+03   -9999.0000
    9   150.00    5191.0000    5193.2900        0   0.000000E+00   0.000000E+00  -9.999000E+03   -9999.0000
===== get_costpred call =        3
ised   ztrap      btime        etime        nsed_pred   STn_pred        STn15_pred      STn15/STn      delta15N_pred
    1   150.00    4854.1000    4856.3500        0   0.000000E+00   0.000000E+00  -9.999000E+03   -9999.0000
    2   150.00    4890.0000    4892.3300        0   0.000000E+00   0.000000E+00  -9.999000E+03   -9999.0000
    3   150.00    4910.0000    4912.2900        0   0.000000E+00   0.000000E+00  -9.999000E+03   -9999.0000
    4   150.00    4979.1000    4981.3500        0   0.000000E+00   0.000000E+00  -9.999000E+03   -9999.0000
    5   150.00    5078.1000    5080.3100        0   0.000000E+00   0.000000E+00  -9.999000E+03   -9999.0000
    6   150.00    5118.1000    5120.2700        0   0.000000E+00   0.000000E+00  -9.999000E+03   -9999.0000
    7   150.00    5146.0000    5148.2500        0   0.000000E+00   0.000000E+00  -9.999000E+03   -9999.0000
    8   150.00    5167.1000    5169.3500        0   0.000000E+00   0.000000E+00  -9.999000E+03   -9999.0000
    9   150.00    5191.0000    5193.2900        0   0.000000E+00   0.000000E+00  -9.999000E+03   -9999.0000
===== get_costpred call =        4
ised   ztrap      btime        etime        nsed_pred   STn_pred        STn15_pred      STn15/STn      delta15N_pred
    1   150.00    4854.1000    4856.3500        0   0.000000E+00   0.000000E+00  -9.999000E+03   -9999.0000
    2   150.00    4890.0000    4892.3300        0   0.000000E+00   0.000000E+00  -9.999000E+03   -9999.0000
    3   150.00    4910.0000    4912.2900        0   0.000000E+00   0.000000E+00  -9.999000E+03   -9999.0000
    4   150.00    4979.1000    4981.3500        0   0.000000E+00   0.000000E+00  -9.999000E+03   -9999.0000
    5   150.00    5078.1000    5080.3100        0   0.000000E+00   0.000000E+00  -9.999000E+03   -9999.0000
    6   150.00    5118.1000    5120.2700        0   0.000000E+00   0.000000E+00  -9.999000E+03   -9999.0000
    7   150.00    5146.0000    5148.2500        0   0.000000E+00   0.000000E+00  -9.999000E+03   -9999.0000
    8   150.00    5167.1000    5169.3500        0   0.000000E+00   0.000000E+00  -9.999000E+03   -9999.0000
    9   150.00    5191.0000    5193.2900        0   0.000000E+00   0.000000E+00  -9.999000E+03   -9999.0000
===== get_costpred call =        5
ised   ztrap      btime        etime        nsed_pred   STn_pred        STn15_pred      STn15/STn      delta15N_pred
    1   150.00    4854.1000    4856.3500        0   0.000000E+00   0.000000E+00  -9.999000E+03   -9999.0000
    2   150.00    4890.0000    4892.3300        0   0.000000E+00   0.000000E+00  -9.999000E+03   -9999.0000
    3   150.00    4910.0000    4912.2900        0   0.000000E+00   0.000000E+00  -9.999000E+03   -9999.0000
    4   150.00    4979.1000    4981.3500        0   0.000000E+00   0.000000E+00  -9.999000E+03   -9999.0000
    5   150.00    5078.1000    5080.3100        0   0.000000E+00   0.000000E+00  -9.999000E+03   -9999.0000
    6   150.00    5118.1000    5120.2700        0   0.000000E+00   0.000000E+00  -9.999000E+03   -9999.0000
    7   150.00    5146.0000    5148.2500        0   0.000000E+00   0.000000E+00  -9.999000E+03   -9999.0000
    8   150.00    5167.1000    5169.3500        0   0.000000E+00   0.000000E+00  -9.999000E+03   -9999.0000
    9   150.00    5191.0000    5193.2900        0   0.000000E+00   0.000000E+00  -9.999000E+03   -9999.0000
===== get_costpred call =        6
ised   ztrap      btime        etime        nsed_pred   STn_pred        STn15_pred      STn15/STn      delta15N_pred
    1   150.00    4854.1000    4856.3500        0   0.000000E+00   0.000000E+00  -9.999000E+03   -9999.0000
    2   150.00    4890.0000    4892.3300        0   0.000000E+00   0.000000E+00  -9.999000E+03   -9999.0000
    3   150.00    4910.0000    4912.2900        0   0.000000E+00   0.000000E+00  -9.999000E+03   -9999.0000
    4   150.00    4979.1000    4981.3500        0   0.000000E+00   0.000000E+00  -9.999000E+03   -9999.0000
    5   150.00    5078.1000    5080.3100        0   0.000000E+00   0.000000E+00  -9.999000E+03   -9999.0000
    6   150.00    5118.1000    5120.2700        0   0.000000E+00   0.000000E+00  -9.999000E+03   -9999.0000
    7   150.00    5146.0000    5148.2500        0   0.000000E+00   0.000000E+00  -9.999000E+03   -9999.0000
    8   150.00    5167.1000    5169.3500        0   0.000000E+00   0.000000E+00  -9.999000E+03   -9999.0000
    9   150.00    5191.0000    5193.2900        0   0.000000E+00   0.000000E+00  -9.999000E+03   -9999.0000
===== get_costpred call =        7
ised   ztrap      btime        etime        nsed_pred   STn_pred        STn15_pred      STn15/STn      delta15N_pred
    1   150.00    4854.1000    4856.3500        0   0.000000E+00   0.000000E+00  -9.999000E+03   -9999.0000
    2   150.00    4890.0000    4892.3300        0   0.000000E+00   0.000000E+00  -9.999000E+03   -9999.0000
    3   150.00    4910.0000    4912.2900        0   0.000000E+00   0.000000E+00  -9.999000E+03   -9999.0000
    4   150.00    4979.1000    4981.3500        0   0.000000E+00   0.000000E+00  -9.999000E+03   -9999.0000
    5   150.00    5078.1000    5080.3100        0   0.000000E+00   0.000000E+00  -9.999000E+03   -9999.0000
    6   150.00    5118.1000    5120.2700        0   0.000000E+00   0.000000E+00  -9.999000E+03   -9999.0000
    7   150.00    5146.0000    5148.2500        0   0.000000E+00   0.000000E+00  -9.999000E+03   -9999.0000
    8   150.00    5167.1000    5169.3500        0   0.000000E+00   0.000000E+00  -9.999000E+03   -9999.0000
    9   150.00    5191.0000    5193.2900        0   0.000000E+00   0.000000E+00  -9.999000E+03   -9999.0000
===== get_costpred call =        8
ised   ztrap      btime        etime        nsed_pred   STn_pred        STn15_pred      STn15/STn      delta15N_pred
    1   150.00    4854.1000    4856.3500        0   0.000000E+00   0.000000E+00  -9.999000E+03   -9999.0000
    2   150.00    4890.0000    4892.3300        0   0.000000E+00   0.000000E+00  -9.999000E+03   -9999.0000
    3   150.00    4910.0000    4912.2900        0   0.000000E+00   0.000000E+00  -9.999000E+03   -9999.0000
    4   150.00    4979.1000    4981.3500        0   0.000000E+00   0.000000E+00  -9.999000E+03   -9999.0000
    5   150.00    5078.1000    5080.3100        0   0.000000E+00   0.000000E+00  -9.999000E+03   -9999.0000
    6   150.00    5118.1000    5120.2700        0   0.000000E+00   0.000000E+00  -9.999000E+03   -9999.0000
    7   150.00    5146.0000    5148.2500        0   0.000000E+00   0.000000E+00  -9.999000E+03   -9999.0000
    8   150.00    5167.1000    5169.3500        0   0.000000E+00   0.000000E+00  -9.999000E+03   -9999.0000
    9   150.00    5191.0000    5193.2900        0   0.000000E+00   0.000000E+00  -9.999000E+03   -9999.0000
===== get_costpred call =        9
ised   ztrap      btime        etime        nsed_pred   STn_pred        STn15_pred      STn15/STn      delta15N_pred
    1   150.00    4854.1000    4856.3500        0   0.000000E+00   0.000000E+00  -9.999000E+03   -9999.0000
    2   150.00    4890.0000    4892.3300        0   0.000000E+00   0.000000E+00  -9.999000E+03   -9999.0000
    3   150.00    4910.0000    4912.2900        0   0.000000E+00   0.000000E+00  -9.999000E+03   -9999.0000
    4   150.00    4979.1000    4981.3500        0   0.000000E+00   0.000000E+00  -9.999000E+03   -9999.0000
    5   150.00    5078.1000    5080.3100        0   0.000000E+00   0.000000E+00  -9.999000E+03   -9999.0000
    6   150.00    5118.1000    5120.2700        0   0.000000E+00   0.000000E+00  -9.999000E+03   -9999.0000
    7   150.00    5146.0000    5148.2500        0   0.000000E+00   0.000000E+00  -9.999000E+03   -9999.0000
    8   150.00    5167.1000    5169.3500        0   0.000000E+00   0.000000E+00  -9.999000E+03   -9999.0000
    9   150.00    5191.0000    5193.2900        0   0.000000E+00   0.000000E+00  -9.999000E+03   -9999.0000
===== get_costpred call =       10
ised   ztrap      btime        etime        nsed_pred   STn_pred        STn15_pred      STn15/STn      delta15N_pred
    1   150.00    4854.1000    4856.3500        0   0.000000E+00   0.000000E+00  -9.999000E+03   -9999.0000
    2   150.00    4890.0000    4892.3300        0   0.000000E+00   0.000000E+00  -9.999000E+03   -9999.0000
    3   150.00    4910.0000    4912.2900        0   0.000000E+00   0.000000E+00  -9.999000E+03   -9999.0000
    4   150.00    4979.1000    4981.3500        0   0.000000E+00   0.000000E+00  -9.999000E+03   -9999.0000
    5   150.00    5078.1000    5080.3100        0   0.000000E+00   0.000000E+00  -9.999000E+03   -9999.0000
    6   150.00    5118.1000    5120.2700        0   0.000000E+00   0.000000E+00  -9.999000E+03   -9999.0000
    7   150.00    5146.0000    5148.2500        0   0.000000E+00   0.000000E+00  -9.999000E+03   -9999.0000
    8   150.00    5167.1000    5169.3500        0   0.000000E+00   0.000000E+00  -9.999000E+03   -9999.0000
    9   150.00    5191.0000    5193.2900        0   0.000000E+00   0.000000E+00  -9.999000E+03   -9999.0000
===== get_costpred call =        1
ised   ztrap      btime        etime        nsed_pred   STn_pred        STn15_pred      STn15/STn      delta15N_pred
    1   150.00    4854.1000    4856.3500        0   4.308494E+00   0.000000E+00   0.000000E+00   -9999.0000
    2   150.00    4890.0000    4892.3300        0   5.132911E+00   0.000000E+00   0.000000E+00   -9999.0000
    3   150.00    4910.0000    4912.2900        0   5.283347E+00   0.000000E+00   0.000000E+00   -9999.0000
    4   150.00    4979.1000    4981.3500        0   6.974813E+00   0.000000E+00   0.000000E+00   -9999.0000
    5   150.00    5078.1000    5080.3100        0   8.588311E+00   0.000000E+00   0.000000E+00   -9999.0000
    6   150.00    5118.1000    5120.2700        0   6.690626E+00   0.000000E+00   0.000000E+00   -9999.0000
    7   150.00    5146.0000    5148.2500        0   5.999277E+00   0.000000E+00   0.000000E+00   -9999.0000
    8   150.00    5167.1000    5169.3500        0   5.352009E+00   0.000000E+00   0.000000E+00   -9999.0000
    9   150.00    5191.0000    5193.2900        0   4.761348E+00   0.000000E+00   0.000000E+00   -9999.0000
===== get_costpred call =        2
ised   ztrap      btime        etime        nsed_pred   STn_pred        STn15_pred      STn15/STn      delta15N_pred
    1   150.00    4854.1000    4856.3500        0   4.280323E+00   0.000000E+00   0.000000E+00   -9999.0000
    2   150.00    4890.0000    4892.3300        0   5.097511E+00   0.000000E+00   0.000000E+00   -9999.0000
    3   150.00    4910.0000    4912.2900        0   5.246118E+00   0.000000E+00   0.000000E+00   -9999.0000
    4   150.00    4979.1000    4981.3500        0   6.928535E+00   0.000000E+00   0.000000E+00   -9999.0000
    5   150.00    5078.1000    5080.3100        0   8.522184E+00   0.000000E+00   0.000000E+00   -9999.0000
    6   150.00    5118.1000    5120.2700        0   6.645996E+00   0.000000E+00   0.000000E+00   -9999.0000
    7   150.00    5146.0000    5148.2500        0   5.959856E+00   0.000000E+00   0.000000E+00   -9999.0000
    8   150.00    5167.1000    5169.3500        0   5.316263E+00   0.000000E+00   0.000000E+00   -9999.0000
    9   150.00    5191.0000    5193.2900        0   4.729592E+00   0.000000E+00   0.000000E+00   -9999.0000
===== get_costpred call =        3
ised   ztrap      btime        etime        nsed_pred   STn_pred        STn15_pred      STn15/STn      delta15N_pred
    1   150.00    4854.1000    4856.3500        0   4.306348E+00   0.000000E+00   0.000000E+00   -9999.0000
    2   150.00    4890.0000    4892.3300        0   5.129387E+00   0.000000E+00   0.000000E+00   -9999.0000
    3   150.00    4910.0000    4912.2900        0   5.279573E+00   0.000000E+00   0.000000E+00   -9999.0000
    4   150.00    4979.1000    4981.3500        0   6.970041E+00   0.000000E+00   0.000000E+00   -9999.0000
    5   150.00    5078.1000    5080.3100        0   8.581498E+00   0.000000E+00   0.000000E+00   -9999.0000
    6   150.00    5118.1000    5120.2700        0   6.686016E+00   0.000000E+00   0.000000E+00   -9999.0000
    7   150.00    5146.0000    5148.2500        0   5.995209E+00   0.000000E+00   0.000000E+00   -9999.0000
    8   150.00    5167.1000    5169.3500        0   5.348326E+00   0.000000E+00   0.000000E+00   -9999.0000
    9   150.00    5191.0000    5193.2900        0   4.758077E+00   0.000000E+00   0.000000E+00   -9999.0000
===== get_costpred call =        4
ised   ztrap      btime        etime        nsed_pred   STn_pred        STn15_pred      STn15/STn      delta15N_pred
    1   150.00    4854.1000    4856.3500        0   4.308284E+00   0.000000E+00   0.000000E+00   -9999.0000
    2   150.00    4890.0000    4892.3300        0   5.132558E+00   0.000000E+00   0.000000E+00   -9999.0000
    3   150.00    4910.0000    4912.2900        0   5.282969E+00   0.000000E+00   0.000000E+00   -9999.0000
    4   150.00    4979.1000    4981.3500        0   6.974334E+00   0.000000E+00   0.000000E+00   -9999.0000
    5   150.00    5078.1000    5080.3100        0   8.587627E+00   0.000000E+00   0.000000E+00   -9999.0000
    6   150.00    5118.1000    5120.2700        0   6.690164E+00   0.000000E+00   0.000000E+00   -9999.0000
    7   150.00    5146.0000    5148.2500        0   5.998869E+00   0.000000E+00   0.000000E+00   -9999.0000
    8   150.00    5167.1000    5169.3500        0   5.351639E+00   0.000000E+00   0.000000E+00   -9999.0000
    9   150.00    5191.0000    5193.2900        0   4.761020E+00   0.000000E+00   0.000000E+00   -9999.0000
===== get_costpred call =        5
ised   ztrap      btime        etime        nsed_pred   STn_pred        STn15_pred      STn15/STn      delta15N_pred
    1   150.00    4854.1000    4856.3500        0   4.308473E+00   0.000000E+00   0.000000E+00   -9999.0000
    2   150.00    4890.0000    4892.3300        0   5.132876E+00   0.000000E+00   0.000000E+00   -9999.0000
    3   150.00    4910.0000    4912.2900        0   5.283309E+00   0.000000E+00   0.000000E+00   -9999.0000
    4   150.00    4979.1000    4981.3500        0   6.974765E+00   0.000000E+00   0.000000E+00   -9999.0000
    5   150.00    5078.1000    5080.3100        0   8.588243E+00   0.000000E+00   0.000000E+00   -9999.0000
    6   150.00    5118.1000    5120.2700        0   6.690580E+00   0.000000E+00   0.000000E+00   -9999.0000
    7   150.00    5146.0000    5148.2500        0   5.999236E+00   0.000000E+00   0.000000E+00   -9999.0000
    8   150.00    5167.1000    5169.3500        0   5.351972E+00   0.000000E+00   0.000000E+00   -9999.0000
    9   150.00    5191.0000    5193.2900        0   4.761315E+00   0.000000E+00   0.000000E+00   -9999.0000
===== get_costpred call =        6
ised   ztrap      btime        etime        nsed_pred   STn_pred        STn15_pred      STn15/STn      delta15N_pred
    1   150.00    4854.1000    4856.3500        0   4.308492E+00   0.000000E+00   0.000000E+00   -9999.0000
    2   150.00    4890.0000    4892.3300        0   5.132907E+00   0.000000E+00   0.000000E+00   -9999.0000
    3   150.00    4910.0000    4912.2900        0   5.283343E+00   0.000000E+00   0.000000E+00   -9999.0000
    4   150.00    4979.1000    4981.3500        0   6.974808E+00   0.000000E+00   0.000000E+00   -9999.0000
    5   150.00    5078.1000    5080.3100        0   8.588304E+00   0.000000E+00   0.000000E+00   -9999.0000
    6   150.00    5118.1000    5120.2700        0   6.690622E+00   0.000000E+00   0.000000E+00   -9999.0000
    7   150.00    5146.0000    5148.2500        0   5.999273E+00   0.000000E+00   0.000000E+00   -9999.0000
    8   150.00    5167.1000    5169.3500        0   5.352005E+00   0.000000E+00   0.000000E+00   -9999.0000
    9   150.00    5191.0000    5193.2900        0   4.761344E+00   0.000000E+00   0.000000E+00   -9999.0000
===== get_costpred call =        7
ised   ztrap      btime        etime        nsed_pred   STn_pred        STn15_pred      STn15/STn      delta15N_pred
    1   150.00    4854.1000    4856.3500        0   4.308494E+00   0.000000E+00   0.000000E+00   -9999.0000
    2   150.00    4890.0000    4892.3300        0   5.132911E+00   0.000000E+00   0.000000E+00   -9999.0000
    3   150.00    4910.0000    4912.2900        0   5.283346E+00   0.000000E+00   0.000000E+00   -9999.0000
    4   150.00    4979.1000    4981.3500        0   6.974813E+00   0.000000E+00   0.000000E+00   -9999.0000
    5   150.00    5078.1000    5080.3100        0   8.588310E+00   0.000000E+00   0.000000E+00   -9999.0000
    6   150.00    5118.1000    5120.2700        0   6.690626E+00   0.000000E+00   0.000000E+00   -9999.0000
    7   150.00    5146.0000    5148.2500        0   5.999276E+00   0.000000E+00   0.000000E+00   -9999.0000
    8   150.00    5167.1000    5169.3500        0   5.352009E+00   0.000000E+00   0.000000E+00   -9999.0000
    9   150.00    5191.0000    5193.2900        0   4.761347E+00   0.000000E+00   0.000000E+00   -9999.0000
===== get_costpred call =        1
ised   ztrap      btime        etime        nsed_pred   STn_pred        STn15_pred      STn15/STn      delta15N_pred
    1   150.00    6345.0000    6347.2500       54   4.308494E+00  -1.765893E+03  -4.098632E+02   -9999.0000
    2   150.00    6368.0000    6370.4200       58   5.132911E+00  -2.020587E+03  -3.936532E+02   -9999.0000
    3   150.00    6391.0000    6393.2900       55   5.283347E+00  -2.195165E+03  -4.154875E+02   -9999.0000
    4   150.00    6446.0000    6448.2500       54   6.974813E+00  -2.246971E+03  -3.221550E+02   -9999.0000
    5   150.00    6464.0000    6466.2500       54   8.588311E+00  -2.406591E+03  -2.802171E+02   -9999.0000
    6   150.00    6493.0000    6495.2900       55   6.690626E+00  -2.392610E+03  -3.576063E+02   -9999.0000
    7   150.00    6520.0000    6522.1700       52   5.999277E+00  -2.142192E+03  -3.570751E+02   -9999.0000
    8   150.00    6558.0000    6560.2500       54   5.352009E+00  -2.167774E+03  -4.050393E+02   -9999.0000
    9   150.00    6593.0000    6595.2900       55   4.761348E+00  -2.147844E+03  -4.511000E+02   -9999.0000
===== get_costpred call =        1
ised   ztrap      btime        etime        nsed_pred   STn_pred        STn15_pred      STn15/STn      delta15N_pred
    1   150.00    6345.0000    6347.2500       54   4.308494E+00  -1.765893E+03  -4.098632E+02   -9999.0000
    2   150.00    6368.0000    6370.4200       58   5.132911E+00  -2.020587E+03  -3.936532E+02   -9999.0000
    3   150.00    6391.0000    6393.2900       55   5.283347E+00  -2.195165E+03  -4.154875E+02   -9999.0000
    4   150.00    6446.0000    6448.2500       54   6.974813E+00  -2.246971E+03  -3.221550E+02   -9999.0000
    5   150.00    6464.0000    6466.2500       54   8.588311E+00  -2.406591E+03  -2.802171E+02   -9999.0000
    6   150.00    6493.0000    6495.2900       55   6.690626E+00  -2.392610E+03  -3.576063E+02   -9999.0000
    7   150.00    6520.0000    6522.1700       52   5.999277E+00  -2.142192E+03  -3.570751E+02   -9999.0000
    8   150.00    6558.0000    6560.2500       54   5.352009E+00  -2.167774E+03  -4.050393E+02   -9999.0000
    9   150.00    6593.0000    6595.2900       55   4.761348E+00  -2.147844E+03  -4.511000E+02   -9999.0000
===== get_costpred call =        1
ised   ztrap      btime        etime        nsed_pred   STn_pred        STn15_pred      STn15/STn      delta15N_pred
    1   150.00    6345.0000    6347.2500       54   4.308494E+00  -1.765893E+03  -4.098632E+02   -9999.0000
    2   150.00    6368.0000    6370.4200       58   5.132911E+00  -2.020587E+03  -3.936532E+02   -9999.0000
    3   150.00    6391.0000    6393.2900       55   5.283347E+00  -2.195165E+03  -4.154875E+02   -9999.0000
    4   150.00    6446.0000    6448.2500       54   6.974813E+00  -2.246971E+03  -3.221550E+02   -9999.0000
    5   150.00    6464.0000    6466.2500       54   8.588311E+00  -2.406591E+03  -2.802171E+02   -9999.0000
    6   150.00    6493.0000    6495.2900       55   6.690626E+00  -2.392610E+03  -3.576063E+02   -9999.0000
    7   150.00    6520.0000    6522.1700       52   5.999277E+00  -2.142192E+03  -3.570751E+02   -9999.0000
    8   150.00    6558.0000    6560.2500       54   5.352009E+00  -2.167774E+03  -4.050393E+02   -9999.0000
    9   150.00    6593.0000    6595.2900       55   4.761348E+00  -2.147844E+03  -4.511000E+02   -9999.0000
===== get_costpred call =        2
ised   ztrap      btime        etime        nsed_pred   STn_pred        STn15_pred      STn15/STn      delta15N_pred
    1   150.00    6345.0000    6347.2500       54   4.281361E+00  -1.535329E+03  -3.586077E+02   -9999.0000
    2   150.00    6368.0000    6370.4200       58   5.098877E+00  -1.854983E+03  -3.638023E+02   -9999.0000
    3   150.00    6391.0000    6393.2900       55   5.247513E+00  -2.065180E+03  -3.935540E+02   -9999.0000
    4   150.00    6446.0000    6448.2500       54   6.930551E+00  -2.171145E+03  -3.132717E+02   -9999.0000
    5   150.00    6464.0000    6466.2500       54   8.524833E+00  -2.269587E+03  -2.662325E+02   -9999.0000
    6   150.00    6493.0000    6495.2900       55   6.648263E+00  -2.184321E+03  -3.285552E+02   -9999.0000
    7   150.00    6520.0000    6522.1700       52   5.961823E+00  -1.993115E+03  -3.343130E+02   -9999.0000
    8   150.00    6558.0000    6560.2500       54   5.317944E+00  -2.038286E+03  -3.832846E+02   -9999.0000
    9   150.00    6593.0000    6595.2900       55   4.730933E+00  -2.016645E+03  -4.262680E+02   -9999.0000
===== get_costpred call =        3
ised   ztrap      btime        etime        nsed_pred   STn_pred        STn15_pred      STn15/STn      delta15N_pred
    1   150.00    6345.0000    6347.2500       54   4.306509E+00  -1.770129E+03  -4.110358E+02   -9999.0000
    2   150.00    6368.0000    6370.4200       58   5.129536E+00  -2.020279E+03  -3.938522E+02   -9999.0000
    3   150.00    6391.0000    6393.2900       55   5.279720E+00  -2.191110E+03  -4.150050E+02   -9999.0000
    4   150.00    6446.0000    6448.2500       54   6.970246E+00  -2.240403E+03  -3.214238E+02   -9999.0000
    5   150.00    6464.0000    6466.2500       54   8.581770E+00  -2.396602E+03  -2.792666E+02   -9999.0000
    6   150.00    6493.0000    6495.2900       55   6.686247E+00  -2.378789E+03  -3.557733E+02   -9999.0000
    7   150.00    6520.0000    6522.1700       52   5.995410E+00  -2.131807E+03  -3.555732E+02   -9999.0000
    8   150.00    6558.0000    6560.2500       54   5.348497E+00  -2.157799E+03  -4.034402E+02   -9999.0000
    9   150.00    6593.0000    6595.2900       55   4.758215E+00  -2.138369E+03  -4.494056E+02   -9999.0000
===== get_costpred call =        4
ised   ztrap      btime        etime        nsed_pred   STn_pred        STn15_pred      STn15/STn      delta15N_pred
    1   150.00    6345.0000    6347.2500       54   4.308301E+00  -1.765682E+03  -4.098326E+02   -9999.0000
    2   150.00    6368.0000    6370.4200       58   5.132573E+00  -2.020174E+03  -3.935986E+02   -9999.0000
    3   150.00    6391.0000    6393.2900       55   5.282983E+00  -2.194568E+03  -4.154031E+02   -9999.0000
    4   150.00    6446.0000    6448.2500       54   6.974355E+00  -2.246292E+03  -3.220788E+02   -9999.0000
    5   150.00    6464.0000    6466.2500       54   8.587654E+00  -2.405620E+03  -2.801254E+02   -9999.0000
    6   150.00    6493.0000    6495.2900       55   6.690187E+00  -2.391284E+03  -3.574316E+02   -9999.0000
    7   150.00    6520.0000    6522.1700       52   5.998889E+00  -2.141175E+03  -3.569286E+02   -9999.0000
    8   150.00    6558.0000    6560.2500       54   5.351657E+00  -2.166795E+03  -4.048831E+02   -9999.0000
    9   150.00    6593.0000    6595.2900       55   4.761034E+00  -2.146923E+03  -4.509362E+02   -9999.0000
===== get_costpred call =        5
ised   ztrap      btime        etime        nsed_pred   STn_pred        STn15_pred      STn15/STn      delta15N_pred
    1   150.00    6345.0000    6347.2500       54   4.308475E+00  -1.765731E+03  -4.098274E+02   -9999.0000
    2   150.00    6368.0000    6370.4200       58   5.132877E+00  -2.020460E+03  -3.936311E+02   -9999.0000
    3   150.00    6391.0000    6393.2900       55   5.283310E+00  -2.195061E+03  -4.154707E+02   -9999.0000
    4   150.00    6446.0000    6448.2500       54   6.974767E+00  -2.246900E+03  -3.221469E+02   -9999.0000
    5   150.00    6464.0000    6466.2500       54   8.588245E+00  -2.406490E+03  -2.802075E+02   -9999.0000
    6   150.00    6493.0000    6495.2900       55   6.690582E+00  -2.392478E+03  -3.575889E+02   -9999.0000
    7   150.00    6520.0000    6522.1700       52   5.999238E+00  -2.142089E+03  -3.570601E+02   -9999.0000
    8   150.00    6558.0000    6560.2500       54   5.351974E+00  -2.167676E+03  -4.050236E+02   -9999.0000
    9   150.00    6593.0000    6595.2900       55   4.761316E+00  -2.147751E+03  -4.510834E+02   -9999.0000
===== get_costpred call =        6
ised   ztrap      btime        etime        nsed_pred   STn_pred        STn15_pred      STn15/STn      delta15N_pred
    1   150.00    6345.0000    6347.2500       54   4.308492E+00  -1.765875E+03  -4.098593E+02   -9999.0000
    2   150.00    6368.0000    6370.4200       58   5.132908E+00  -2.020574E+03  -3.936509E+02   -9999.0000
    3   150.00    6391.0000    6393.2900       55   5.283343E+00  -2.195154E+03  -4.154858E+02   -9999.0000
    4   150.00    6446.0000    6448.2500       54   6.974809E+00  -2.246964E+03  -3.221542E+02   -9999.0000
    5   150.00    6464.0000    6466.2500       54   8.588304E+00  -2.406581E+03  -2.802161E+02   -9999.0000
    6   150.00    6493.0000    6495.2900       55   6.690622E+00  -2.392597E+03  -3.576046E+02   -9999.0000
    7   150.00    6520.0000    6522.1700       52   5.999273E+00  -2.142182E+03  -3.570736E+02   -9999.0000
    8   150.00    6558.0000    6560.2500       54   5.352005E+00  -2.167764E+03  -4.050378E+02   -9999.0000
    9   150.00    6593.0000    6595.2900       55   4.761345E+00  -2.147834E+03  -4.510983E+02   -9999.0000
===== get_costpred call =        7
ised   ztrap      btime        etime        nsed_pred   STn_pred        STn15_pred      STn15/STn      delta15N_pred
    1   150.00    6345.0000    6347.2500       54   4.308494E+00  -1.765891E+03  -4.098628E+02   -9999.0000
    2   150.00    6368.0000    6370.4200       58   5.132911E+00  -2.020586E+03  -3.936530E+02   -9999.0000
    3   150.00    6391.0000    6393.2900       55   5.283346E+00  -2.195164E+03  -4.154873E+02   -9999.0000
    4   150.00    6446.0000    6448.2500       54   6.974813E+00  -2.246970E+03  -3.221549E+02   -9999.0000
    5   150.00    6464.0000    6466.2500       54   8.588310E+00  -2.406590E+03  -2.802170E+02   -9999.0000
    6   150.00    6493.0000    6495.2900       55   6.690626E+00  -2.392609E+03  -3.576062E+02   -9999.0000
    7   150.00    6520.0000    6522.1700       52   5.999276E+00  -2.142191E+03  -3.570749E+02   -9999.0000
    8   150.00    6558.0000    6560.2500       54   5.352009E+00  -2.167773E+03  -4.050392E+02   -9999.0000
    9   150.00    6593.0000    6595.2900       55   4.761347E+00  -2.147843E+03  -4.510998E+02   -9999.0000
===== get_costpred call =        8
ised   ztrap      btime        etime        nsed_pred   STn_pred        STn15_pred      STn15/STn      delta15N_pred
    1   150.00    6345.0000    6347.2500       54   4.308494E+00  -1.765893E+03  -4.098631E+02   -9999.0000
    2   150.00    6368.0000    6370.4200       58   5.132911E+00  -2.020587E+03  -3.936532E+02   -9999.0000
    3   150.00    6391.0000    6393.2900       55   5.283347E+00  -2.195165E+03  -4.154875E+02   -9999.0000
    4   150.00    6446.0000    6448.2500       54   6.974813E+00  -2.246971E+03  -3.221550E+02   -9999.0000
    5   150.00    6464.0000    6466.2500       54   8.588311E+00  -2.406591E+03  -2.802170E+02   -9999.0000
    6   150.00    6493.0000    6495.2900       55   6.690626E+00  -2.392610E+03  -3.576063E+02   -9999.0000
    7   150.00    6520.0000    6522.1700       52   5.999277E+00  -2.142192E+03  -3.570751E+02   -9999.0000
    8   150.00    6558.0000    6560.2500       54   5.352009E+00  -2.167774E+03  -4.050393E+02   -9999.0000
    9   150.00    6593.0000    6595.2900       55   4.761348E+00  -2.147844E+03  -4.511000E+02   -9999.0000
===== get_costpred call =        9
ised   ztrap      btime        etime        nsed_pred   STn_pred        STn15_pred      STn15/STn      delta15N_pred
    1   150.00    6345.0000    6347.2500       54   4.308494E+00  -1.765893E+03  -4.098632E+02   -9999.0000
    2   150.00    6368.0000    6370.4200       58   5.132911E+00  -2.020587E+03  -3.936532E+02   -9999.0000
    3   150.00    6391.0000    6393.2900       55   5.283347E+00  -2.195165E+03  -4.154875E+02   -9999.0000
    4   150.00    6446.0000    6448.2500       54   6.974813E+00  -2.246971E+03  -3.221550E+02   -9999.0000
    5   150.00    6464.0000    6466.2500       54   8.588311E+00  -2.406591E+03  -2.802170E+02   -9999.0000
    6   150.00    6493.0000    6495.2900       55   6.690626E+00  -2.392610E+03  -3.576063E+02   -9999.0000
    7   150.00    6520.0000    6522.1700       52   5.999277E+00  -2.142192E+03  -3.570751E+02   -9999.0000
    8   150.00    6558.0000    6560.2500       54   5.352009E+00  -2.167774E+03  -4.050393E+02   -9999.0000
    9   150.00    6593.0000    6595.2900       55   4.761348E+00  -2.147844E+03  -4.511000E+02   -9999.0000
===== get_costpred call =       10
ised   ztrap      btime        etime        nsed_pred   STn_pred        STn15_pred      STn15/STn      delta15N_pred
    1   150.00    6345.0000    6347.2500       54   4.308494E+00  -1.765893E+03  -4.098632E+02   -9999.0000
    2   150.00    6368.0000    6370.4200       58   5.132911E+00  -2.020587E+03  -3.936532E+02   -9999.0000
    3   150.00    6391.0000    6393.2900       55   5.283347E+00  -2.195165E+03  -4.154875E+02   -9999.0000
    4   150.00    6446.0000    6448.2500       54   6.974813E+00  -2.246971E+03  -3.221550E+02   -9999.0000
    5   150.00    6464.0000    6466.2500       54   8.588311E+00  -2.406591E+03  -2.802171E+02   -9999.0000
    6   150.00    6493.0000    6495.2900       55   6.690626E+00  -2.392610E+03  -3.576063E+02   -9999.0000
    7   150.00    6520.0000    6522.1700       52   5.999277E+00  -2.142192E+03  -3.570751E+02   -9999.0000
    8   150.00    6558.0000    6560.2500       54   5.352009E+00  -2.167774E+03  -4.050393E+02   -9999.0000
    9   150.00    6593.0000    6595.2900       55   4.761348E+00  -2.147844E+03  -4.511000E+02   -9999.0000
===== get_costpred call =        1
ised   ztrap      btime        etime        nsed_pred   STn_pred        STn15_pred      STn15/STn      delta15N_pred
    1   150.00    4854.1000    4856.3500        0   4.308494E+00   0.000000E+00   0.000000E+00   -9999.0000
    2   150.00    4890.0000    4892.4200        0   5.132911E+00   0.000000E+00   0.000000E+00   -9999.0000
    3   150.00    4910.0000    4912.2900        0   5.283347E+00   0.000000E+00   0.000000E+00   -9999.0000
    4   150.00    4979.1000    4981.3500        0   6.974813E+00   0.000000E+00   0.000000E+00   -9999.0000
    5   150.00    5078.1000    5080.3500        0   8.588311E+00   0.000000E+00   0.000000E+00   -9999.0000
    6   150.00    5118.1000    5120.3900        0   6.690626E+00   0.000000E+00   0.000000E+00   -9999.0000
    7   150.00    5146.0000    5148.1700        0   5.999277E+00   0.000000E+00   0.000000E+00   -9999.0000
    8   150.00    5167.1000    5169.3500        0   5.352009E+00   0.000000E+00   0.000000E+00   -9999.0000
    9   150.00    5191.0000    5193.2900        0   4.761348E+00   0.000000E+00   0.000000E+00   -9999.0000
===== get_costpred call =        2
ised   ztrap      btime        etime        nsed_pred   STn_pred        STn15_pred      STn15/STn      delta15N_pred
    1   150.00    4854.1000    4856.3500        0   4.280323E+00   0.000000E+00   0.000000E+00   -9999.0000
    2   150.00    4890.0000    4892.4200        0   5.097511E+00   0.000000E+00   0.000000E+00   -9999.0000
    3   150.00    4910.0000    4912.2900        0   5.246118E+00   0.000000E+00   0.000000E+00   -9999.0000
    4   150.00    4979.1000    4981.3500        0   6.928535E+00   0.000000E+00   0.000000E+00   -9999.0000
    5   150.00    5078.1000    5080.3500        0   8.522184E+00   0.000000E+00   0.000000E+00   -9999.0000
    6   150.00    5118.1000    5120.3900        0   6.645996E+00   0.000000E+00   0.000000E+00   -9999.0000
    7   150.00    5146.0000    5148.1700        0   5.959856E+00   0.000000E+00   0.000000E+00   -9999.0000
    8   150.00    5167.1000    5169.3500        0   5.316263E+00   0.000000E+00   0.000000E+00   -9999.0000
    9   150.00    5191.0000    5193.2900        0   4.729592E+00   0.000000E+00   0.000000E+00   -9999.0000
===== get_costpred call =        3
ised   ztrap      btime        etime        nsed_pred   STn_pred        STn15_pred      STn15/STn      delta15N_pred
    1   150.00    4854.1000    4856.3500        0   4.306348E+00   0.000000E+00   0.000000E+00   -9999.0000
    2   150.00    4890.0000    4892.4200        0   5.129387E+00   0.000000E+00   0.000000E+00   -9999.0000
    3   150.00    4910.0000    4912.2900        0   5.279573E+00   0.000000E+00   0.000000E+00   -9999.0000
    4   150.00    4979.1000    4981.3500        0   6.970041E+00   0.000000E+00   0.000000E+00   -9999.0000
    5   150.00    5078.1000    5080.3500        0   8.581498E+00   0.000000E+00   0.000000E+00   -9999.0000
    6   150.00    5118.1000    5120.3900        0   6.686016E+00   0.000000E+00   0.000000E+00   -9999.0000
    7   150.00    5146.0000    5148.1700        0   5.995209E+00   0.000000E+00   0.000000E+00   -9999.0000
    8   150.00    5167.1000    5169.3500        0   5.348326E+00   0.000000E+00   0.000000E+00   -9999.0000
    9   150.00    5191.0000    5193.2900        0   4.758077E+00   0.000000E+00   0.000000E+00   -9999.0000
===== get_costpred call =        4
ised   ztrap      btime        etime        nsed_pred   STn_pred        STn15_pred      STn15/STn      delta15N_pred
    1   150.00    4854.1000    4856.3500        0   4.308284E+00   0.000000E+00   0.000000E+00   -9999.0000
    2   150.00    4890.0000    4892.4200        0   5.132558E+00   0.000000E+00   0.000000E+00   -9999.0000
    3   150.00    4910.0000    4912.2900        0   5.282969E+00   0.000000E+00   0.000000E+00   -9999.0000
    4   150.00    4979.1000    4981.3500        0   6.974334E+00   0.000000E+00   0.000000E+00   -9999.0000
    5   150.00    5078.1000    5080.3500        0   8.587627E+00   0.000000E+00   0.000000E+00   -9999.0000
    6   150.00    5118.1000    5120.3900        0   6.690164E+00   0.000000E+00   0.000000E+00   -9999.0000
    7   150.00    5146.0000    5148.1700        0   5.998869E+00   0.000000E+00   0.000000E+00   -9999.0000
    8   150.00    5167.1000    5169.3500        0   5.351639E+00   0.000000E+00   0.000000E+00   -9999.0000
    9   150.00    5191.0000    5193.2900        0   4.761020E+00   0.000000E+00   0.000000E+00   -9999.0000
===== get_costpred call =        5
ised   ztrap      btime        etime        nsed_pred   STn_pred        STn15_pred      STn15/STn      delta15N_pred
    1   150.00    4854.1000    4856.3500        0   4.308473E+00   0.000000E+00   0.000000E+00   -9999.0000
    2   150.00    4890.0000    4892.4200        0   5.132876E+00   0.000000E+00   0.000000E+00   -9999.0000
    3   150.00    4910.0000    4912.2900        0   5.283309E+00   0.000000E+00   0.000000E+00   -9999.0000
    4   150.00    4979.1000    4981.3500        0   6.974765E+00   0.000000E+00   0.000000E+00   -9999.0000
    5   150.00    5078.1000    5080.3500        0   8.588243E+00   0.000000E+00   0.000000E+00   -9999.0000
    6   150.00    5118.1000    5120.3900        0   6.690580E+00   0.000000E+00   0.000000E+00   -9999.0000
    7   150.00    5146.0000    5148.1700        0   5.999236E+00   0.000000E+00   0.000000E+00   -9999.0000
    8   150.00    5167.1000    5169.3500        0   5.351972E+00   0.000000E+00   0.000000E+00   -9999.0000
    9   150.00    5191.0000    5193.2900        0   4.761315E+00   0.000000E+00   0.000000E+00   -9999.0000
===== get_costpred call =        6
ised   ztrap      btime        etime        nsed_pred   STn_pred        STn15_pred      STn15/STn      delta15N_pred
    1   150.00    4854.1000    4856.3500        0   4.308492E+00   0.000000E+00   0.000000E+00   -9999.0000
    2   150.00    4890.0000    4892.4200        0   5.132907E+00   0.000000E+00   0.000000E+00   -9999.0000
    3   150.00    4910.0000    4912.2900        0   5.283343E+00   0.000000E+00   0.000000E+00   -9999.0000
    4   150.00    4979.1000    4981.3500        0   6.974808E+00   0.000000E+00   0.000000E+00   -9999.0000
    5   150.00    5078.1000    5080.3500        0   8.588304E+00   0.000000E+00   0.000000E+00   -9999.0000
    6   150.00    5118.1000    5120.3900        0   6.690622E+00   0.000000E+00   0.000000E+00   -9999.0000
    7   150.00    5146.0000    5148.1700        0   5.999273E+00   0.000000E+00   0.000000E+00   -9999.0000
    8   150.00    5167.1000    5169.3500        0   5.352005E+00   0.000000E+00   0.000000E+00   -9999.0000
    9   150.00    5191.0000    5193.2900        0   4.761344E+00   0.000000E+00   0.000000E+00   -9999.0000
===== get_costpred call =        7
ised   ztrap      btime        etime        nsed_pred   STn_pred        STn15_pred      STn15/STn      delta15N_pred
    1   150.00    4854.1000    4856.3500        0   4.308494E+00   0.000000E+00   0.000000E+00   -9999.0000
    2   150.00    4890.0000    4892.4200        0   5.132911E+00   0.000000E+00   0.000000E+00   -9999.0000
    3   150.00    4910.0000    4912.2900        0   5.283346E+00   0.000000E+00   0.000000E+00   -9999.0000
    4   150.00    4979.1000    4981.3500        0   6.974813E+00   0.000000E+00   0.000000E+00   -9999.0000
    5   150.00    5078.1000    5080.3500        0   8.588310E+00   0.000000E+00   0.000000E+00   -9999.0000
    6   150.00    5118.1000    5120.3900        0   6.690626E+00   0.000000E+00   0.000000E+00   -9999.0000
    7   150.00    5146.0000    5148.1700        0   5.999276E+00   0.000000E+00   0.000000E+00   -9999.0000
    8   150.00    5167.1000    5169.3500        0   5.352009E+00   0.000000E+00   0.000000E+00   -9999.0000
    9   150.00    5191.0000    5193.2900        0   4.761347E+00   0.000000E+00   0.000000E+00   -9999.0000
===== get_costpred call =        8
ised   ztrap      btime        etime        nsed_pred   STn_pred        STn15_pred      STn15/STn      delta15N_pred
    1   150.00    4854.1000    4856.3500        0   4.308494E+00   0.000000E+00   0.000000E+00   -9999.0000
    2   150.00    4890.0000    4892.4200        0   5.132911E+00   0.000000E+00   0.000000E+00   -9999.0000
    3   150.00    4910.0000    4912.2900        0   5.283347E+00   0.000000E+00   0.000000E+00   -9999.0000
    4   150.00    4979.1000    4981.3500        0   6.974813E+00   0.000000E+00   0.000000E+00   -9999.0000
    5   150.00    5078.1000    5080.3500        0   8.588311E+00   0.000000E+00   0.000000E+00   -9999.0000
    6   150.00    5118.1000    5120.3900        0   6.690626E+00   0.000000E+00   0.000000E+00   -9999.0000
    7   150.00    5146.0000    5148.1700        0   5.999277E+00   0.000000E+00   0.000000E+00   -9999.0000
    8   150.00    5167.1000    5169.3500        0   5.352009E+00   0.000000E+00   0.000000E+00   -9999.0000
    9   150.00    5191.0000    5193.2900        0   4.761348E+00   0.000000E+00   0.000000E+00   -9999.0000
===== get_costpred call =        9
ised   ztrap      btime        etime        nsed_pred   STn_pred        STn15_pred      STn15/STn      delta15N_pred
    1   150.00    4854.1000    4856.3500        0   4.308494E+00   0.000000E+00   0.000000E+00   -9999.0000
    2   150.00    4890.0000    4892.4200        0   5.132911E+00   0.000000E+00   0.000000E+00   -9999.0000
    3   150.00    4910.0000    4912.2900        0   5.283347E+00   0.000000E+00   0.000000E+00   -9999.0000
    4   150.00    4979.1000    4981.3500        0   6.974813E+00   0.000000E+00   0.000000E+00   -9999.0000
    5   150.00    5078.1000    5080.3500        0   8.588311E+00   0.000000E+00   0.000000E+00   -9999.0000
    6   150.00    5118.1000    5120.3900        0   6.690626E+00   0.000000E+00   0.000000E+00   -9999.0000
    7   150.00    5146.0000    5148.1700        0   5.999277E+00   0.000000E+00   0.000000E+00   -9999.0000
    8   150.00    5167.1000    5169.3500        0   5.352009E+00   0.000000E+00   0.000000E+00   -9999.0000
    9   150.00    5191.0000    5193.2900        0   4.761348E+00   0.000000E+00   0.000000E+00   -9999.0000
===== get_costpred call =       10
ised   ztrap      btime        etime        nsed_pred   STn_pred        STn15_pred      STn15/STn      delta15N_pred
    1   150.00    4854.1000    4856.3500        0   4.308494E+00   0.000000E+00   0.000000E+00   -9999.0000
    2   150.00    4890.0000    4892.4200        0   5.132911E+00   0.000000E+00   0.000000E+00   -9999.0000
    3   150.00    4910.0000    4912.2900        0   5.283347E+00   0.000000E+00   0.000000E+00   -9999.0000
    4   150.00    4979.1000    4981.3500        0   6.974813E+00   0.000000E+00   0.000000E+00   -9999.0000
    5   150.00    5078.1000    5080.3500        0   8.588311E+00   0.000000E+00   0.000000E+00   -9999.0000
    6   150.00    5118.1000    5120.3900        0   6.690626E+00   0.000000E+00   0.000000E+00   -9999.0000
    7   150.00    5146.0000    5148.1700        0   5.999277E+00   0.000000E+00   0.000000E+00   -9999.0000
    8   150.00    5167.1000    5169.3500        0   5.352009E+00   0.000000E+00   0.000000E+00   -9999.0000
    9   150.00    5191.0000    5193.2900        0   4.761348E+00   0.000000E+00   0.000000E+00   -9999.0000
===== get_costpred call =        1
ised   ztrap      btime        etime        nsed_pred   STn_pred        STn15_pred      STn15/STn      delta15N_pred
    1   150.00    6345.0000    6347.2500       54   4.308494E+00  -1.765893E+03  -4.098632E+02   -9999.0000
    2   150.00    6368.0000    6370.4200       58   5.132911E+00  -2.020587E+03  -3.936532E+02   -9999.0000
    3   150.00    6391.0000    6393.2900       55   5.283347E+00  -2.195165E+03  -4.154875E+02   -9999.0000
    4   150.00    6446.0000    6448.2500       54   6.974813E+00  -2.246971E+03  -3.221550E+02   -9999.0000
    5   150.00    6464.0000    6466.2500       54   8.588311E+00  -2.406591E+03  -2.802171E+02   -9999.0000
    6   150.00    6493.0000    6495.2900       55   6.690626E+00  -2.392610E+03  -3.576063E+02   -9999.0000
    7   150.00    6520.0000    6522.1700       52   5.999277E+00  -2.142192E+03  -3.570751E+02   -9999.0000
    8   150.00    6558.0000    6560.2500       54   5.352009E+00  -2.167774E+03  -4.050393E+02   -9999.0000
    9   150.00    6593.0000    6595.2900       55   4.761348E+00  -2.147844E+03  -4.511000E+02   -9999.0000
   10   150.00    6612.0000    6614.3300       56   0.000000E+00  -2.012681E+03  -9.999000E+03   -9999.0000
   11   150.00    6643.0000    6645.2900       55   0.000000E+00  -1.759294E+03  -9.999000E+03   -9999.0000
===== get_costpred call =        1
ised   ztrap      btime        etime        nsed_pred   STn_pred        STn15_pred      STn15/STn      delta15N_pred
    1   150.00    6345.0000    6347.2500       54   4.308494E+00  -1.765893E+03  -4.098632E+02   -9999.0000
    2   150.00    6368.0000    6370.4200       58   5.132911E+00  -2.020587E+03  -3.936532E+02   -9999.0000
    3   150.00    6391.0000    6393.2900       55   5.283347E+00  -2.195165E+03  -4.154875E+02   -9999.0000
    4   150.00    6446.0000    6448.2500       54   6.974813E+00  -2.246971E+03  -3.221550E+02   -9999.0000
    5   150.00    6464.0000    6466.2500       54   8.588311E+00  -2.406591E+03  -2.802171E+02   -9999.0000
    6   150.00    6493.0000    6495.2900       55   6.690626E+00  -2.392610E+03  -3.576063E+02   -9999.0000
    7   150.00    6520.0000    6522.1700       52   5.999277E+00  -2.142192E+03  -3.570751E+02   -9999.0000
    8   150.00    6558.0000    6560.2500       54   5.352009E+00  -2.167774E+03  -4.050393E+02   -9999.0000
    9   150.00    6593.0000    6595.2900       55   4.761348E+00  -2.147844E+03  -4.511000E+02   -9999.0000
   10   150.00    6612.0000    6614.3300       56   0.000000E+00  -2.012681E+03  -9.999000E+03   -9999.0000
   11   150.00    6643.0000    6645.2900       55   0.000000E+00  -1.759294E+03  -9.999000E+03   -9999.0000
===== get_costpred call =        2
ised   ztrap      btime        etime        nsed_pred   STn_pred        STn15_pred      STn15/STn      delta15N_pred
    1   150.00    6345.0000    6347.2500       54   4.280323E+00  -1.542621E+03  -3.603983E+02   -9999.0000
    2   150.00    6368.0000    6370.4200       58   5.097511E+00  -1.859121E+03  -3.647116E+02   -9999.0000
    3   150.00    6391.0000    6393.2900       55   5.246118E+00  -2.067685E+03  -3.941361E+02   -9999.0000
    4   150.00    6446.0000    6448.2500       54   6.928535E+00  -2.171476E+03  -3.134106E+02   -9999.0000
    5   150.00    6464.0000    6466.2500       54   8.522184E+00  -2.272142E+03  -2.666150E+02   -9999.0000
    6   150.00    6493.0000    6495.2900       55   6.645996E+00  -2.192226E+03  -3.298566E+02   -9999.0000
    7   150.00    6520.0000    6522.1700       52   5.959856E+00  -1.997923E+03  -3.352301E+02   -9999.0000
    8   150.00    6558.0000    6560.2500       54   5.316263E+00  -2.041273E+03  -3.839676E+02   -9999.0000
    9   150.00    6593.0000    6595.2900       55   4.729592E+00  -2.020433E+03  -4.271897E+02   -9999.0000
   10   150.00    6612.0000    6614.3300       56   0.000000E+00  -1.891963E+03  -9.999000E+03   -9999.0000
   11   150.00    6643.0000    6645.2900       55   0.000000E+00  -1.654887E+03  -9.999000E+03   -9999.0000
===== get_costpred call =        3
ised   ztrap      btime        etime        nsed_pred   STn_pred        STn15_pred      STn15/STn      delta15N_pred
    1   150.00    6345.0000    6347.2500       54   4.306348E+00   2.219540E+02   5.154112E+01   -9999.0000
    2   150.00    6368.0000    6370.4200       58   5.129387E+00   2.861597E+02   5.578829E+01   -9999.0000
    3   150.00    6391.0000    6393.2900       55   5.279573E+00   2.826598E+02   5.353837E+01   -9999.0000
    4   150.00    6446.0000    6448.2500       54   6.970041E+00   6.938068E+02   9.954129E+01   -9999.0000
    5   150.00    6464.0000    6466.2500       54   8.581498E+00   5.480514E+02   6.386430E+01   -9999.0000
    6   150.00    6493.0000    6495.2900       55   6.686016E+00  -4.152817E+02  -6.211198E+01   -9999.0000
    7   150.00    6520.0000    6522.1700       52   5.995209E+00  -5.198697E+02  -8.671418E+01   -9999.0000
    8   150.00    6558.0000    6560.2500       54   5.348326E+00  -4.275100E+02  -7.993342E+01   -9999.0000
    9   150.00    6593.0000    6595.2900       55   4.758077E+00  -6.700762E+02  -1.408292E+02   -9999.0000
   10   150.00    6612.0000    6614.3300       56   0.000000E+00  -7.710444E+02  -9.999000E+03   -9999.0000
   11   150.00    6643.0000    6645.2900       55   0.000000E+00  -9.325806E+02  -9.999000E+03   -9999.0000
===== get_costpred call =        4
ised   ztrap      btime        etime        nsed_pred   STn_pred        STn15_pred      STn15/STn      delta15N_pred
    1   150.00    6345.0000    6347.2500       54   4.308284E+00  -1.765556E+03  -4.098050E+02   -9999.0000
    2   150.00    6368.0000    6370.4200       58   5.132558E+00  -2.020095E+03  -3.935844E+02   -9999.0000
    3   150.00    6391.0000    6393.2900       55   5.282969E+00  -2.194524E+03  -4.153960E+02   -9999.0000
    4   150.00    6446.0000    6448.2500       54   6.974334E+00  -2.246283E+03  -3.220784E+02   -9999.0000
    5   150.00    6464.0000    6466.2500       54   8.587627E+00  -2.405635E+03  -2.801281E+02   -9999.0000
    6   150.00    6493.0000    6495.2900       55   6.690164E+00  -2.391335E+03  -3.574404E+02   -9999.0000
    7   150.00    6520.0000    6522.1700       52   5.998869E+00  -2.141197E+03  -3.569334E+02   -9999.0000
    8   150.00    6558.0000    6560.2500       54   5.351639E+00  -2.166800E+03  -4.048853E+02   -9999.0000
    9   150.00    6593.0000    6595.2900       55   4.761020E+00  -2.146929E+03  -4.509389E+02   -9999.0000
   10   150.00    6612.0000    6614.3300       56   0.000000E+00  -2.011825E+03  -9.999000E+03   -9999.0000
   11   150.00    6643.0000    6645.2900       55   0.000000E+00  -1.758580E+03  -9.999000E+03   -9999.0000
===== get_costpred call =        5
ised   ztrap      btime        etime        nsed_pred   STn_pred        STn15_pred      STn15/STn      delta15N_pred
    1   150.00    6345.0000    6347.2500       54   4.308473E+00  -1.765735E+03  -4.098285E+02   -9999.0000
    2   150.00    6368.0000    6370.4200       58   5.132876E+00  -2.020462E+03  -3.936316E+02   -9999.0000
    3   150.00    6391.0000    6393.2900       55   5.283309E+00  -2.195062E+03  -4.154710E+02   -9999.0000
    4   150.00    6446.0000    6448.2500       54   6.974765E+00  -2.246899E+03  -3.221469E+02   -9999.0000
    5   150.00    6464.0000    6466.2500       54   8.588243E+00  -2.406492E+03  -2.802078E+02   -9999.0000
    6   150.00    6493.0000    6495.2900       55   6.690580E+00  -2.392483E+03  -3.575897E+02   -9999.0000
    7   150.00    6520.0000    6522.1700       52   5.999236E+00  -2.142091E+03  -3.570606E+02   -9999.0000
    8   150.00    6558.0000    6560.2500       54   5.351972E+00  -2.167676E+03  -4.050238E+02   -9999.0000
    9   150.00    6593.0000    6595.2900       55   4.761315E+00  -2.147752E+03  -4.510837E+02   -9999.0000
   10   150.00    6612.0000    6614.3300       56   0.000000E+00  -2.012595E+03  -9.999000E+03   -9999.0000
   11   150.00    6643.0000    6645.2900       55   0.000000E+00  -1.759222E+03  -9.999000E+03   -9999.0000
===== get_costpred call =        6
ised   ztrap      btime        etime        nsed_pred   STn_pred        STn15_pred      STn15/STn      delta15N_pred
    1   150.00    6345.0000    6347.2500       54   4.308492E+00  -1.765876E+03  -4.098594E+02   -9999.0000
    2   150.00    6368.0000    6370.4200       58   5.132907E+00  -2.020574E+03  -3.936509E+02   -9999.0000
    3   150.00    6391.0000    6393.2900       55   5.283343E+00  -2.195154E+03  -4.154858E+02   -9999.0000
    4   150.00    6446.0000    6448.2500       54   6.974808E+00  -2.246964E+03  -3.221542E+02   -9999.0000
    5   150.00    6464.0000    6466.2500       54   8.588304E+00  -2.406581E+03  -2.802161E+02   -9999.0000
    6   150.00    6493.0000    6495.2900       55   6.690622E+00  -2.392598E+03  -3.576047E+02   -9999.0000
    7   150.00    6520.0000    6522.1700       52   5.999273E+00  -2.142182E+03  -3.570736E+02   -9999.0000
    8   150.00    6558.0000    6560.2500       54   5.352005E+00  -2.167764E+03  -4.050378E+02   -9999.0000
    9   150.00    6593.0000    6595.2900       55   4.761344E+00  -2.147835E+03  -4.510983E+02   -9999.0000
   10   150.00    6612.0000    6614.3300       56   0.000000E+00  -2.012672E+03  -9.999000E+03   -9999.0000
   11   150.00    6643.0000    6645.2900       55   0.000000E+00  -1.759287E+03  -9.999000E+03   -9999.0000
===== get_costpred call =        7
ised   ztrap      btime        etime        nsed_pred   STn_pred        STn15_pred      STn15/STn      delta15N_pred
    1   150.00    6345.0000    6347.2500       54   4.308494E+00  -1.765891E+03  -4.098628E+02   -9999.0000
    2   150.00    6368.0000    6370.4200       58   5.132911E+00  -2.020586E+03  -3.936530E+02   -9999.0000
    3   150.00    6391.0000    6393.2900       55   5.283346E+00  -2.195164E+03  -4.154873E+02   -9999.0000
    4   150.00    6446.0000    6448.2500       54   6.974813E+00  -2.246970E+03  -3.221549E+02   -9999.0000
    5   150.00    6464.0000    6466.2500       54   8.588310E+00  -2.406590E+03  -2.802170E+02   -9999.0000
    6   150.00    6493.0000    6495.2900       55   6.690626E+00  -2.392609E+03  -3.576062E+02   -9999.0000
    7   150.00    6520.0000    6522.1700       52   5.999276E+00  -2.142191E+03  -3.570749E+02   -9999.0000
    8   150.00    6558.0000    6560.2500       54   5.352009E+00  -2.167773E+03  -4.050392E+02   -9999.0000
    9   150.00    6593.0000    6595.2900       55   4.761347E+00  -2.147843E+03  -4.510998E+02   -9999.0000
   10   150.00    6612.0000    6614.3300       56   0.000000E+00  -2.012680E+03  -9.999000E+03   -9999.0000
   11   150.00    6643.0000    6645.2900       55   0.000000E+00  -1.759293E+03  -9.999000E+03   -9999.0000
===== get_costpred call =        8
ised   ztrap      btime        etime        nsed_pred   STn_pred        STn15_pred      STn15/STn      delta15N_pred
    1   150.00    6345.0000    6347.2500       54   4.308494E+00  -1.765893E+03  -4.098631E+02   -9999.0000
    2   150.00    6368.0000    6370.4200       58   5.132911E+00  -2.020587E+03  -3.936532E+02   -9999.0000
    3   150.00    6391.0000    6393.2900       55   5.283347E+00  -2.195165E+03  -4.154875E+02   -9999.0000
    4   150.00    6446.0000    6448.2500       54   6.974813E+00  -2.246971E+03  -3.221550E+02   -9999.0000
    5   150.00    6464.0000    6466.2500       54   8.588311E+00  -2.406591E+03  -2.802170E+02   -9999.0000
    6   150.00    6493.0000    6495.2900       55   6.690626E+00  -2.392610E+03  -3.576063E+02   -9999.0000
    7   150.00    6520.0000    6522.1700       52   5.999277E+00  -2.142192E+03  -3.570751E+02   -9999.0000
    8   150.00    6558.0000    6560.2500       54   5.352009E+00  -2.167774E+03  -4.050393E+02   -9999.0000
    9   150.00    6593.0000    6595.2900       55   4.761348E+00  -2.147844E+03  -4.511000E+02   -9999.0000
   10   150.00    6612.0000    6614.3300       56   0.000000E+00  -2.012681E+03  -9.999000E+03   -9999.0000
   11   150.00    6643.0000    6645.2900       55   0.000000E+00  -1.759294E+03  -9.999000E+03   -9999.0000
===== get_costpred call =        9
ised   ztrap      btime        etime        nsed_pred   STn_pred        STn15_pred      STn15/STn      delta15N_pred
    1   150.00    6345.0000    6347.2500       54   4.308494E+00  -1.765893E+03  -4.098632E+02   -9999.0000
    2   150.00    6368.0000    6370.4200       58   5.132911E+00  -2.020587E+03  -3.936532E+02   -9999.0000
    3   150.00    6391.0000    6393.2900       55   5.283347E+00  -2.195165E+03  -4.154875E+02   -9999.0000
    4   150.00    6446.0000    6448.2500       54   6.974813E+00  -2.246971E+03  -3.221550E+02   -9999.0000
    5   150.00    6464.0000    6466.2500       54   8.588311E+00  -2.406591E+03  -2.802170E+02   -9999.0000
    6   150.00    6493.0000    6495.2900       55   6.690626E+00  -2.392610E+03  -3.576063E+02   -9999.0000
    7   150.00    6520.0000    6522.1700       52   5.999277E+00  -2.142192E+03  -3.570751E+02   -9999.0000
    8   150.00    6558.0000    6560.2500       54   5.352009E+00  -2.167774E+03  -4.050393E+02   -9999.0000
    9   150.00    6593.0000    6595.2900       55   4.761348E+00  -2.147844E+03  -4.511000E+02   -9999.0000
   10   150.00    6612.0000    6614.3300       56   0.000000E+00  -2.012681E+03  -9.999000E+03   -9999.0000
   11   150.00    6643.0000    6645.2900       55   0.000000E+00  -1.759294E+03  -9.999000E+03   -9999.0000
===== get_costpred call =       10
ised   ztrap      btime        etime        nsed_pred   STn_pred        STn15_pred      STn15/STn      delta15N_pred
    1   150.00    6345.0000    6347.2500       54   4.308494E+00  -1.765893E+03  -4.098632E+02   -9999.0000
    2   150.00    6368.0000    6370.4200       58   5.132911E+00  -2.020587E+03  -3.936532E+02   -9999.0000
    3   150.00    6391.0000    6393.2900       55   5.283347E+00  -2.195165E+03  -4.154875E+02   -9999.0000
    4   150.00    6446.0000    6448.2500       54   6.974813E+00  -2.246971E+03  -3.221550E+02   -9999.0000
    5   150.00    6464.0000    6466.2500       54   8.588311E+00  -2.406591E+03  -2.802171E+02   -9999.0000
    6   150.00    6493.0000    6495.2900       55   6.690626E+00  -2.392610E+03  -3.576063E+02   -9999.0000
    7   150.00    6520.0000    6522.1700       52   5.999277E+00  -2.142192E+03  -3.570751E+02   -9999.0000
    8   150.00    6558.0000    6560.2500       54   5.352009E+00  -2.167774E+03  -4.050393E+02   -9999.0000
    9   150.00    6593.0000    6595.2900       55   4.761348E+00  -2.147844E+03  -4.511000E+02   -9999.0000
   10   150.00    6612.0000    6614.3300       56   0.000000E+00  -2.012681E+03  -9.999000E+03   -9999.0000
   11   150.00    6643.0000    6645.2900       55   0.000000E+00  -1.759294E+03  -9.999000E+03   -9999.0000
===== get_costpred call =        1
ised   ztrap      btime        etime        nsed_pred   STn_pred        STn15_pred      STn15/STn      delta15N_pred
    1   150.00    6345.0000    6347.2500       54   4.308494E+00  -1.765893E+03  -4.098632E+02   -9999.0000
    2   150.00    6368.0000    6370.4200       58   5.132911E+00  -2.020587E+03  -3.936532E+02   -9999.0000
    3   150.00    6391.0000    6393.2900       55   5.283347E+00  -2.195165E+03  -4.154875E+02   -9999.0000
    4   150.00    6446.0000    6448.2500       54   6.974813E+00  -2.246971E+03  -3.221550E+02   -9999.0000
    5   150.00    6464.0000    6466.2500       54   8.588311E+00  -2.406591E+03  -2.802171E+02   -9999.0000
    6   150.00    6493.0000    6495.2900       55   6.690626E+00  -2.392610E+03  -3.576063E+02   -9999.0000
    7   150.00    6520.0000    6522.1700       52   5.999277E+00  -2.142192E+03  -3.570751E+02   -9999.0000
    8   150.00    6558.0000    6560.2500       54   5.352009E+00  -2.167774E+03  -4.050393E+02   -9999.0000
    9   150.00    6593.0000    6595.2900       55   4.761348E+00  -2.147844E+03  -4.511000E+02   -9999.0000
   10   150.00    6612.0000    6614.3300       56   0.000000E+00  -2.012681E+03  -9.999000E+03   -9999.0000
   11   150.00    6643.0000    6645.2900       55   0.000000E+00  -1.759294E+03  -9.999000E+03   -9999.0000
===== get_costpred call =        2
ised   ztrap      btime        etime        nsed_pred   STn_pred        STn15_pred      STn15/STn      delta15N_pred
    1   150.00    6345.0000    6347.2500       54   4.280323E+00  -1.542621E+03  -3.603983E+02   -9999.0000
    2   150.00    6368.0000    6370.4200       58   5.097511E+00  -1.859121E+03  -3.647116E+02   -9999.0000
    3   150.00    6391.0000    6393.2900       55   5.246118E+00  -2.067685E+03  -3.941361E+02   -9999.0000
    4   150.00    6446.0000    6448.2500       54   6.928535E+00  -2.171476E+03  -3.134106E+02   -9999.0000
    5   150.00    6464.0000    6466.2500       54   8.522184E+00  -2.272142E+03  -2.666150E+02   -9999.0000
    6   150.00    6493.0000    6495.2900       55   6.645996E+00  -2.192226E+03  -3.298566E+02   -9999.0000
    7   150.00    6520.0000    6522.1700       52   5.959856E+00  -1.997923E+03  -3.352301E+02   -9999.0000
    8   150.00    6558.0000    6560.2500       54   5.316263E+00  -2.041273E+03  -3.839676E+02   -9999.0000
    9   150.00    6593.0000    6595.2900       55   4.729592E+00  -2.020433E+03  -4.271897E+02   -9999.0000
   10   150.00    6612.0000    6614.3300       56   0.000000E+00  -1.891963E+03  -9.999000E+03   -9999.0000
   11   150.00    6643.0000    6645.2900       55   0.000000E+00  -1.654887E+03  -9.999000E+03   -9999.0000
===== get_costpred call =        3
ised   ztrap      btime        etime        nsed_pred   STn_pred        STn15_pred      STn15/STn      delta15N_pred
    1   150.00    6345.0000    6347.2500       54   4.306348E+00   2.219540E+02   5.154112E+01   -9999.0000
    2   150.00    6368.0000    6370.4200       58   5.129387E+00   2.861597E+02   5.578829E+01   -9999.0000
    3   150.00    6391.0000    6393.2900       55   5.279573E+00   2.826598E+02   5.353837E+01   -9999.0000
    4   150.00    6446.0000    6448.2500       54   6.970041E+00   6.938068E+02   9.954129E+01   -9999.0000
    5   150.00    6464.0000    6466.2500       54   8.581498E+00   5.480514E+02   6.386430E+01   -9999.0000
    6   150.00    6493.0000    6495.2900       55   6.686016E+00  -4.152817E+02  -6.211198E+01   -9999.0000
    7   150.00    6520.0000    6522.1700       52   5.995209E+00  -5.198697E+02  -8.671418E+01   -9999.0000
    8   150.00    6558.0000    6560.2500       54   5.348326E+00  -4.275100E+02  -7.993342E+01   -9999.0000
    9   150.00    6593.0000    6595.2900       55   4.758077E+00  -6.700762E+02  -1.408292E+02   -9999.0000
   10   150.00    6612.0000    6614.3300       56   0.000000E+00  -7.710444E+02  -9.999000E+03   -9999.0000
   11   150.00    6643.0000    6645.2900       55   0.000000E+00  -9.325806E+02  -9.999000E+03   -9999.0000
===== get_costpred call =        4
ised   ztrap      btime        etime        nsed_pred   STn_pred        STn15_pred      STn15/STn      delta15N_pred
    1   150.00    6345.0000    6347.2500       54   4.308284E+00  -1.765556E+03  -4.098050E+02   -9999.0000
    2   150.00    6368.0000    6370.4200       58   5.132558E+00  -2.020095E+03  -3.935844E+02   -9999.0000
    3   150.00    6391.0000    6393.2900       55   5.282969E+00  -2.194524E+03  -4.153960E+02   -9999.0000
    4   150.00    6446.0000    6448.2500       54   6.974334E+00  -2.246283E+03  -3.220784E+02   -9999.0000
    5   150.00    6464.0000    6466.2500       54   8.587627E+00  -2.405635E+03  -2.801281E+02   -9999.0000
    6   150.00    6493.0000    6495.2900       55   6.690164E+00  -2.391335E+03  -3.574404E+02   -9999.0000
    7   150.00    6520.0000    6522.1700       52   5.998869E+00  -2.141197E+03  -3.569334E+02   -9999.0000
    8   150.00    6558.0000    6560.2500       54   5.351639E+00  -2.166800E+03  -4.048853E+02   -9999.0000
    9   150.00    6593.0000    6595.2900       55   4.761020E+00  -2.146929E+03  -4.509389E+02   -9999.0000
   10   150.00    6612.0000    6614.3300       56   0.000000E+00  -2.011825E+03  -9.999000E+03   -9999.0000
   11   150.00    6643.0000    6645.2900       55   0.000000E+00  -1.758580E+03  -9.999000E+03   -9999.0000
===== get_costpred call =        5
ised   ztrap      btime        etime        nsed_pred   STn_pred        STn15_pred      STn15/STn      delta15N_pred
    1   150.00    6345.0000    6347.2500       54   4.308473E+00  -1.765735E+03  -4.098285E+02   -9999.0000
    2   150.00    6368.0000    6370.4200       58   5.132876E+00  -2.020462E+03  -3.936316E+02   -9999.0000
    3   150.00    6391.0000    6393.2900       55   5.283309E+00  -2.195062E+03  -4.154710E+02   -9999.0000
    4   150.00    6446.0000    6448.2500       54   6.974765E+00  -2.246899E+03  -3.221469E+02   -9999.0000
    5   150.00    6464.0000    6466.2500       54   8.588243E+00  -2.406492E+03  -2.802078E+02   -9999.0000
    6   150.00    6493.0000    6495.2900       55   6.690580E+00  -2.392483E+03  -3.575897E+02   -9999.0000
    7   150.00    6520.0000    6522.1700       52   5.999236E+00  -2.142091E+03  -3.570606E+02   -9999.0000
    8   150.00    6558.0000    6560.2500       54   5.351972E+00  -2.167676E+03  -4.050238E+02   -9999.0000
    9   150.00    6593.0000    6595.2900       55   4.761315E+00  -2.147752E+03  -4.510837E+02   -9999.0000
   10   150.00    6612.0000    6614.3300       56   0.000000E+00  -2.012595E+03  -9.999000E+03   -9999.0000
   11   150.00    6643.0000    6645.2900       55   0.000000E+00  -1.759222E+03  -9.999000E+03   -9999.0000
===== get_costpred call =        6
ised   ztrap      btime        etime        nsed_pred   STn_pred        STn15_pred      STn15/STn      delta15N_pred
    1   150.00    6345.0000    6347.2500       54   4.308492E+00  -1.765876E+03  -4.098594E+02   -9999.0000
    2   150.00    6368.0000    6370.4200       58   5.132907E+00  -2.020574E+03  -3.936509E+02   -9999.0000
    3   150.00    6391.0000    6393.2900       55   5.283343E+00  -2.195154E+03  -4.154858E+02   -9999.0000
    4   150.00    6446.0000    6448.2500       54   6.974808E+00  -2.246964E+03  -3.221542E+02   -9999.0000
    5   150.00    6464.0000    6466.2500       54   8.588304E+00  -2.406581E+03  -2.802161E+02   -9999.0000
    6   150.00    6493.0000    6495.2900       55   6.690622E+00  -2.392598E+03  -3.576047E+02   -9999.0000
    7   150.00    6520.0000    6522.1700       52   5.999273E+00  -2.142182E+03  -3.570736E+02   -9999.0000
    8   150.00    6558.0000    6560.2500       54   5.352005E+00  -2.167764E+03  -4.050378E+02   -9999.0000
    9   150.00    6593.0000    6595.2900       55   4.761344E+00  -2.147835E+03  -4.510983E+02   -9999.0000
   10   150.00    6612.0000    6614.3300       56   0.000000E+00  -2.012672E+03  -9.999000E+03   -9999.0000
   11   150.00    6643.0000    6645.2900       55   0.000000E+00  -1.759287E+03  -9.999000E+03   -9999.0000
===== get_costpred call =        7
ised   ztrap      btime        etime        nsed_pred   STn_pred        STn15_pred      STn15/STn      delta15N_pred
    1   150.00    6345.0000    6347.2500       54   4.308494E+00  -1.765891E+03  -4.098628E+02   -9999.0000
    2   150.00    6368.0000    6370.4200       58   5.132911E+00  -2.020586E+03  -3.936530E+02   -9999.0000
    3   150.00    6391.0000    6393.2900       55   5.283346E+00  -2.195164E+03  -4.154873E+02   -9999.0000
    4   150.00    6446.0000    6448.2500       54   6.974813E+00  -2.246970E+03  -3.221549E+02   -9999.0000
    5   150.00    6464.0000    6466.2500       54   8.588310E+00  -2.406590E+03  -2.802170E+02   -9999.0000
    6   150.00    6493.0000    6495.2900       55   6.690626E+00  -2.392609E+03  -3.576062E+02   -9999.0000
    7   150.00    6520.0000    6522.1700       52   5.999276E+00  -2.142191E+03  -3.570749E+02   -9999.0000
    8   150.00    6558.0000    6560.2500       54   5.352009E+00  -2.167773E+03  -4.050392E+02   -9999.0000
    9   150.00    6593.0000    6595.2900       55   4.761347E+00  -2.147843E+03  -4.510998E+02   -9999.0000
   10   150.00    6612.0000    6614.3300       56   0.000000E+00  -2.012680E+03  -9.999000E+03   -9999.0000
   11   150.00    6643.0000    6645.2900       55   0.000000E+00  -1.759293E+03  -9.999000E+03   -9999.0000
===== get_costpred call =        8
ised   ztrap      btime        etime        nsed_pred   STn_pred        STn15_pred      STn15/STn      delta15N_pred
    1   150.00    6345.0000    6347.2500       54   4.308494E+00  -1.765893E+03  -4.098631E+02   -9999.0000
    2   150.00    6368.0000    6370.4200       58   5.132911E+00  -2.020587E+03  -3.936532E+02   -9999.0000
    3   150.00    6391.0000    6393.2900       55   5.283347E+00  -2.195165E+03  -4.154875E+02   -9999.0000
    4   150.00    6446.0000    6448.2500       54   6.974813E+00  -2.246971E+03  -3.221550E+02   -9999.0000
    5   150.00    6464.0000    6466.2500       54   8.588311E+00  -2.406591E+03  -2.802170E+02   -9999.0000
    6   150.00    6493.0000    6495.2900       55   6.690626E+00  -2.392610E+03  -3.576063E+02   -9999.0000
    7   150.00    6520.0000    6522.1700       52   5.999277E+00  -2.142192E+03  -3.570751E+02   -9999.0000
    8   150.00    6558.0000    6560.2500       54   5.352009E+00  -2.167774E+03  -4.050393E+02   -9999.0000
    9   150.00    6593.0000    6595.2900       55   4.761348E+00  -2.147844E+03  -4.511000E+02   -9999.0000
   10   150.00    6612.0000    6614.3300       56   0.000000E+00  -2.012681E+03  -9.999000E+03   -9999.0000
   11   150.00    6643.0000    6645.2900       55   0.000000E+00  -1.759294E+03  -9.999000E+03   -9999.0000
===== get_costpred call =        9
ised   ztrap      btime        etime        nsed_pred   STn_pred        STn15_pred      STn15/STn      delta15N_pred
    1   150.00    6345.0000    6347.2500       54   4.308494E+00  -1.765893E+03  -4.098632E+02   -9999.0000
    2   150.00    6368.0000    6370.4200       58   5.132911E+00  -2.020587E+03  -3.936532E+02   -9999.0000
    3   150.00    6391.0000    6393.2900       55   5.283347E+00  -2.195165E+03  -4.154875E+02   -9999.0000
    4   150.00    6446.0000    6448.2500       54   6.974813E+00  -2.246971E+03  -3.221550E+02   -9999.0000
    5   150.00    6464.0000    6466.2500       54   8.588311E+00  -2.406591E+03  -2.802170E+02   -9999.0000
    6   150.00    6493.0000    6495.2900       55   6.690626E+00  -2.392610E+03  -3.576063E+02   -9999.0000
    7   150.00    6520.0000    6522.1700       52   5.999277E+00  -2.142192E+03  -3.570751E+02   -9999.0000
    8   150.00    6558.0000    6560.2500       54   5.352009E+00  -2.167774E+03  -4.050393E+02   -9999.0000
    9   150.00    6593.0000    6595.2900       55   4.761348E+00  -2.147844E+03  -4.511000E+02   -9999.0000
   10   150.00    6612.0000    6614.3300       56   0.000000E+00  -2.012681E+03  -9.999000E+03   -9999.0000
   11   150.00    6643.0000    6645.2900       55   0.000000E+00  -1.759294E+03  -9.999000E+03   -9999.0000
===== get_costpred call =       10
ised   ztrap      btime        etime        nsed_pred   STn_pred        STn15_pred      STn15/STn      delta15N_pred
    1   150.00    6345.0000    6347.2500       54   4.308494E+00  -1.765893E+03  -4.098632E+02   -9999.0000
    2   150.00    6368.0000    6370.4200       58   5.132911E+00  -2.020587E+03  -3.936532E+02   -9999.0000
    3   150.00    6391.0000    6393.2900       55   5.283347E+00  -2.195165E+03  -4.154875E+02   -9999.0000
    4   150.00    6446.0000    6448.2500       54   6.974813E+00  -2.246971E+03  -3.221550E+02   -9999.0000
    5   150.00    6464.0000    6466.2500       54   8.588311E+00  -2.406591E+03  -2.802171E+02   -9999.0000
    6   150.00    6493.0000    6495.2900       55   6.690626E+00  -2.392610E+03  -3.576063E+02   -9999.0000
    7   150.00    6520.0000    6522.1700       52   5.999277E+00  -2.142192E+03  -3.570751E+02   -9999.0000
    8   150.00    6558.0000    6560.2500       54   5.352009E+00  -2.167774E+03  -4.050393E+02   -9999.0000
    9   150.00    6593.0000    6595.2900       55   4.761348E+00  -2.147844E+03  -4.511000E+02   -9999.0000
   10   150.00    6612.0000    6614.3300       56   0.000000E+00  -2.012681E+03  -9.999000E+03   -9999.0000
   11   150.00    6643.0000    6645.2900       55   0.000000E+00  -1.759294E+03  -9.999000E+03   -9999.0000
===== get_costpred call =        1
ised   ztrap      btime        etime        nsed_pred   STn_pred        STn15_pred      STn15/STn      delta15N_pred
    1   150.00    6345.0000    6347.2500       54   5.061308E+00  -1.765893E+03  -3.489005E+02   -9999.0000
    2   150.00    6368.0000    6370.4200       58   5.260399E+00  -2.020587E+03  -3.841129E+02   -9999.0000
    3   150.00    6391.0000    6393.2900       55   5.689527E+00  -2.195165E+03  -3.858255E+02   -9999.0000
    4   150.00    6446.0000    6448.2500       54   7.091684E+00  -2.246971E+03  -3.168459E+02   -9999.0000
    5   150.00    6464.0000    6466.2500       54   7.622203E+00  -2.406591E+03  -3.157343E+02   -9999.0000
    6   150.00    6493.0000    6495.2900       55   7.695404E+00  -2.392610E+03  -3.109142E+02   -9999.0000
    7   150.00    6520.0000    6522.1700       52   7.337998E+00  -2.142192E+03  -2.919314E+02   -9999.0000
    8   150.00    6558.0000    6560.2500       54   7.723158E+00  -2.167774E+03  -2.806849E+02   -9999.0000
    9   150.00    6593.0000    6595.2900       55   6.412090E+00  -2.147844E+03  -3.349678E+02   -9999.0000
   10   150.00    6612.0000    6614.3300       56   5.872618E+00  -2.012681E+03  -3.427230E+02   -9999.0000
   11   150.00    6643.0000    6645.2900       55   4.927483E+00  -1.759294E+03  -3.570371E+02   -9999.0000
===== get_costpred call =        2
ised   ztrap      btime        etime        nsed_pred   STn_pred        STn15_pred      STn15/STn      delta15N_pred
    1   150.00    6345.0000    6347.2500       54   5.026410E+00  -1.542671E+03  -3.069131E+02   -9999.0000
    2   150.00    6368.0000    6370.4200       58   5.223462E+00  -1.859152E+03  -3.559234E+02   -9999.0000
    3   150.00    6391.0000    6393.2900       55   5.647655E+00  -2.067706E+03  -3.661176E+02   -9999.0000
    4   150.00    6446.0000    6448.2500       54   7.045479E+00  -2.171484E+03  -3.082095E+02   -9999.0000
    5   150.00    6464.0000    6466.2500       54   7.568261E+00  -2.272153E+03  -3.002213E+02   -9999.0000
    6   150.00    6493.0000    6495.2900       55   7.649724E+00  -2.192281E+03  -2.865830E+02   -9999.0000
    7   150.00    6520.0000    6522.1700       52   7.292354E+00  -1.997960E+03  -2.739801E+02   -9999.0000
    8   150.00    6558.0000    6560.2500       54   7.669706E+00  -2.041299E+03  -2.661508E+02   -9999.0000
    9   150.00    6593.0000    6595.2900       55   6.369887E+00  -2.020464E+03  -3.171899E+02   -9999.0000
   10   150.00    6612.0000    6614.3300       56   5.833957E+00  -1.891995E+03  -3.243072E+02   -9999.0000
   11   150.00    6643.0000    6645.2900       55   4.894329E+00  -1.654916E+03  -3.381294E+02   -9999.0000
===== get_costpred call =        1
ised   ztrap      btime        etime        nsed_pred   STn_pred        STn15_pred      STn15/STn      delta15N_pred
    1   150.00    6345.0000    6347.2500       54   5.061308E+00  -1.765893E+03  -3.489005E+02   -9999.0000
    2   150.00    6368.0000    6370.4200       58   5.260399E+00  -2.020587E+03  -3.841129E+02   -9999.0000
    3   150.00    6391.0000    6393.2900       55   5.689527E+00  -2.195165E+03  -3.858255E+02   -9999.0000
    4   150.00    6446.0000    6448.2500       54   7.091684E+00  -2.246971E+03  -3.168459E+02   -9999.0000
    5   150.00    6464.0000    6466.2500       54   7.622203E+00  -2.406591E+03  -3.157343E+02   -9999.0000
    6   150.00    6493.0000    6495.2900       55   7.695404E+00  -2.392610E+03  -3.109142E+02   -9999.0000
    7   150.00    6520.0000    6522.1700       52   7.337998E+00  -2.142192E+03  -2.919314E+02   -9999.0000
    8   150.00    6558.0000    6560.2500       54   7.723158E+00  -2.167774E+03  -2.806849E+02   -9999.0000
    9   150.00    6593.0000    6595.2900       55   6.412090E+00  -2.147844E+03  -3.349678E+02   -9999.0000
   10   150.00    6612.0000    6614.3300       56   5.872618E+00  -2.012681E+03  -3.427230E+02   -9999.0000
   11   150.00    6643.0000    6645.2900       55   4.927483E+00  -1.759294E+03  -3.570371E+02   -9999.0000
===== get_costpred call =        2
ised   ztrap      btime        etime        nsed_pred   STn_pred        STn15_pred      STn15/STn      delta15N_pred
    1   150.00    6345.0000    6347.2500       54   5.027679E+00  -1.535548E+03  -3.054188E+02   -9999.0000
    2   150.00    6368.0000    6370.4200       58   5.224766E+00  -1.855076E+03  -3.550544E+02   -9999.0000
    3   150.00    6391.0000    6393.2900       55   5.649085E+00  -2.065210E+03  -3.655831E+02   -9999.0000
    4   150.00    6446.0000    6448.2500       54   7.047412E+00  -2.171098E+03  -3.080702E+02   -9999.0000
    5   150.00    6464.0000    6466.2500       54   7.571401E+00  -2.269632E+03  -2.997638E+02   -9999.0000
    6   150.00    6493.0000    6495.2900       55   7.652179E+00  -2.184551E+03  -2.854809E+02   -9999.0000
    7   150.00    6520.0000    6522.1700       52   7.294374E+00  -1.993235E+03  -2.732565E+02   -9999.0000
    8   150.00    6558.0000    6560.2500       54   7.672117E+00  -2.038329E+03  -2.656801E+02   -9999.0000
    9   150.00    6593.0000    6595.2900       55   6.371914E+00  -2.016726E+03  -3.165024E+02   -9999.0000
   10   150.00    6612.0000    6614.3300       56   5.835771E+00  -1.888267E+03  -3.235677E+02   -9999.0000
   11   150.00    6643.0000    6645.2900       55   4.895673E+00  -1.651242E+03  -3.372860E+02   -9999.0000
===== get_costpred call =        3
ised   ztrap      btime        etime        nsed_pred   STn_pred        STn15_pred      STn15/STn      delta15N_pred
    1   150.00    6345.0000    6347.2500       54   5.058002E+00  -1.771147E+03  -3.501672E+02   -9999.0000
    2   150.00    6368.0000    6370.4200       58   5.256798E+00  -2.020903E+03  -3.844360E+02   -9999.0000
    3   150.00    6391.0000    6393.2900       55   5.685391E+00  -2.191421E+03  -3.854477E+02   -9999.0000
    4   150.00    6446.0000    6448.2500       54   7.087116E+00  -2.240424E+03  -3.161263E+02   -9999.0000
    5   150.00    6464.0000    6466.2500       54   7.616927E+00  -2.396627E+03  -3.146449E+02   -9999.0000
    6   150.00    6493.0000    6495.2900       55   7.690938E+00  -2.378825E+03  -3.093023E+02   -9999.0000
    7   150.00    6520.0000    6522.1700       52   7.333510E+00  -2.131834E+03  -2.906977E+02   -9999.0000
    8   150.00    6558.0000    6560.2500       54   7.717911E+00  -2.157804E+03  -2.795840E+02   -9999.0000
    9   150.00    6593.0000    6595.2900       55   6.407940E+00  -2.138376E+03  -3.337072E+02   -9999.0000
   10   150.00    6612.0000    6614.3300       56   5.868814E+00  -2.003846E+03  -3.414397E+02   -9999.0000
   11   150.00    6643.0000    6645.2900       55   4.924210E+00  -1.751961E+03  -3.557852E+02   -9999.0000
===== get_costpred call =        4
ised   ztrap      btime        etime        nsed_pred   STn_pred        STn15_pred      STn15/STn      delta15N_pred
    1   150.00    6345.0000    6347.2500       54   5.060977E+00  -1.765676E+03  -3.488804E+02   -9999.0000
    2   150.00    6368.0000    6370.4200       58   5.260039E+00  -2.020169E+03  -3.840598E+02   -9999.0000
    3   150.00    6391.0000    6393.2900       55   5.689112E+00  -2.194565E+03  -3.857482E+02   -9999.0000
    4   150.00    6446.0000    6448.2500       54   7.091226E+00  -2.246291E+03  -3.167704E+02   -9999.0000
    5   150.00    6464.0000    6466.2500       54   7.621674E+00  -2.405620E+03  -3.156288E+02   -9999.0000
    6   150.00    6493.0000    6495.2900       55   7.694954E+00  -2.391285E+03  -3.107602E+02   -9999.0000
    7   150.00    6520.0000    6522.1700       52   7.337548E+00  -2.141175E+03  -2.918107E+02   -9999.0000
    8   150.00    6558.0000    6560.2500       54   7.722630E+00  -2.166795E+03  -2.805773E+02   -9999.0000
    9   150.00    6593.0000    6595.2900       55   6.411674E+00  -2.146922E+03  -3.348458E+02   -9999.0000
   10   150.00    6612.0000    6614.3300       56   5.872236E+00  -2.011818E+03  -3.425983E+02   -9999.0000
   11   150.00    6643.0000    6645.2900       55   4.927155E+00  -1.758575E+03  -3.569149E+02   -9999.0000
===== get_costpred call =        5
ised   ztrap      btime        etime        nsed_pred   STn_pred        STn15_pred      STn15/STn      delta15N_pred
    1   150.00    6345.0000    6347.2500       54   5.061275E+00  -1.765731E+03  -3.488708E+02   -9999.0000
    2   150.00    6368.0000    6370.4200       58   5.260363E+00  -2.020460E+03  -3.840913E+02   -9999.0000
    3   150.00    6391.0000    6393.2900       55   5.689485E+00  -2.195061E+03  -3.858101E+02   -9999.0000
    4   150.00    6446.0000    6448.2500       54   7.091638E+00  -2.246900E+03  -3.168379E+02   -9999.0000
    5   150.00    6464.0000    6466.2500       54   7.622150E+00  -2.406490E+03  -3.157233E+02   -9999.0000
    6   150.00    6493.0000    6495.2900       55   7.695359E+00  -2.392478E+03  -3.108988E+02   -9999.0000
    7   150.00    6520.0000    6522.1700       52   7.337953E+00  -2.142089E+03  -2.919191E+02   -9999.0000
    8   150.00    6558.0000    6560.2500       54   7.723105E+00  -2.167675E+03  -2.806741E+02   -9999.0000
    9   150.00    6593.0000    6595.2900       55   6.412049E+00  -2.147751E+03  -3.349555E+02   -9999.0000
   10   150.00    6612.0000    6614.3300       56   5.872580E+00  -2.012594E+03  -3.427104E+02   -9999.0000
   11   150.00    6643.0000    6645.2900       55   4.927450E+00  -1.759221E+03  -3.570247E+02   -9999.0000
===== get_costpred call =        6
ised   ztrap      btime        etime        nsed_pred   STn_pred        STn15_pred      STn15/STn      delta15N_pred
    1   150.00    6345.0000    6347.2500       54   5.061304E+00  -1.765875E+03  -3.488973E+02   -9999.0000
    2   150.00    6368.0000    6370.4200       58   5.260396E+00  -2.020574E+03  -3.841106E+02   -9999.0000
    3   150.00    6391.0000    6393.2900       55   5.689523E+00  -2.195154E+03  -3.858239E+02   -9999.0000
    4   150.00    6446.0000    6448.2500       54   7.091679E+00  -2.246964E+03  -3.168451E+02   -9999.0000
    5   150.00    6464.0000    6466.2500       54   7.622198E+00  -2.406581E+03  -3.157332E+02   -9999.0000
    6   150.00    6493.0000    6495.2900       55   7.695399E+00  -2.392597E+03  -3.109127E+02   -9999.0000
    7   150.00    6520.0000    6522.1700       52   7.337994E+00  -2.142182E+03  -2.919302E+02   -9999.0000
    8   150.00    6558.0000    6560.2500       54   7.723153E+00  -2.167764E+03  -2.806839E+02   -9999.0000
    9   150.00    6593.0000    6595.2900       55   6.412086E+00  -2.147834E+03  -3.349666E+02   -9999.0000
   10   150.00    6612.0000    6614.3300       56   5.872614E+00  -2.012672E+03  -3.427217E+02   -9999.0000
   11   150.00    6643.0000    6645.2900       55   4.927480E+00  -1.759287E+03  -3.570358E+02   -9999.0000
===== get_costpred call =        7
ised   ztrap      btime        etime        nsed_pred   STn_pred        STn15_pred      STn15/STn      delta15N_pred
    1   150.00    6345.0000    6347.2500       54   5.061307E+00  -1.765891E+03  -3.489002E+02   -9999.0000
    2   150.00    6368.0000    6370.4200       58   5.260399E+00  -2.020586E+03  -3.841126E+02   -9999.0000
    3   150.00    6391.0000    6393.2900       55   5.689527E+00  -2.195164E+03  -3.858253E+02   -9999.0000
    4   150.00    6446.0000    6448.2500       54   7.091683E+00  -2.246970E+03  -3.168458E+02   -9999.0000
    5   150.00    6464.0000    6466.2500       54   7.622203E+00  -2.406590E+03  -3.157342E+02   -9999.0000
    6   150.00    6493.0000    6495.2900       55   7.695403E+00  -2.392609E+03  -3.109141E+02   -9999.0000
    7   150.00    6520.0000    6522.1700       52   7.337998E+00  -2.142191E+03  -2.919313E+02   -9999.0000
    8   150.00    6558.0000    6560.2500       54   7.723158E+00  -2.167773E+03  -2.806848E+02   -9999.0000
    9   150.00    6593.0000    6595.2900       55   6.412090E+00  -2.147843E+03  -3.349677E+02   -9999.0000
   10   150.00    6612.0000    6614.3300       56   5.872617E+00  -2.012680E+03  -3.427228E+02   -9999.0000
   11   150.00    6643.0000    6645.2900       55   4.927483E+00  -1.759293E+03  -3.570369E+02   -9999.0000
===== get_costpred call =        8
ised   ztrap      btime        etime        nsed_pred   STn_pred        STn15_pred      STn15/STn      delta15N_pred
    1   150.00    6345.0000    6347.2500       54   5.061308E+00  -1.765893E+03  -3.489005E+02   -9999.0000
    2   150.00    6368.0000    6370.4200       58   5.260399E+00  -2.020587E+03  -3.841128E+02   -9999.0000
    3   150.00    6391.0000    6393.2900       55   5.689527E+00  -2.195165E+03  -3.858255E+02   -9999.0000
    4   150.00    6446.0000    6448.2500       54   7.091684E+00  -2.246971E+03  -3.168459E+02   -9999.0000
    5   150.00    6464.0000    6466.2500       54   7.622203E+00  -2.406591E+03  -3.157343E+02   -9999.0000
    6   150.00    6493.0000    6495.2900       55   7.695404E+00  -2.392610E+03  -3.109142E+02   -9999.0000
    7   150.00    6520.0000    6522.1700       52   7.337998E+00  -2.142192E+03  -2.919314E+02   -9999.0000
    8   150.00    6558.0000    6560.2500       54   7.723158E+00  -2.167774E+03  -2.806849E+02   -9999.0000
    9   150.00    6593.0000    6595.2900       55   6.412090E+00  -2.147844E+03  -3.349678E+02   -9999.0000
   10   150.00    6612.0000    6614.3300       56   5.872618E+00  -2.012681E+03  -3.427230E+02   -9999.0000
   11   150.00    6643.0000    6645.2900       55   4.927483E+00  -1.759294E+03  -3.570371E+02   -9999.0000
===== get_costpred call =        9
ised   ztrap      btime        etime        nsed_pred   STn_pred        STn15_pred      STn15/STn      delta15N_pred
    1   150.00    6345.0000    6347.2500       54   5.061308E+00  -1.765893E+03  -3.489005E+02   -9999.0000
    2   150.00    6368.0000    6370.4200       58   5.260399E+00  -2.020587E+03  -3.841129E+02   -9999.0000
    3   150.00    6391.0000    6393.2900       55   5.689527E+00  -2.195165E+03  -3.858255E+02   -9999.0000
    4   150.00    6446.0000    6448.2500       54   7.091684E+00  -2.246971E+03  -3.168459E+02   -9999.0000
    5   150.00    6464.0000    6466.2500       54   7.622203E+00  -2.406591E+03  -3.157343E+02   -9999.0000
    6   150.00    6493.0000    6495.2900       55   7.695404E+00  -2.392610E+03  -3.109142E+02   -9999.0000
    7   150.00    6520.0000    6522.1700       52   7.337998E+00  -2.142192E+03  -2.919314E+02   -9999.0000
    8   150.00    6558.0000    6560.2500       54   7.723158E+00  -2.167774E+03  -2.806849E+02   -9999.0000
    9   150.00    6593.0000    6595.2900       55   6.412090E+00  -2.147844E+03  -3.349678E+02   -9999.0000
   10   150.00    6612.0000    6614.3300       56   5.872618E+00  -2.012681E+03  -3.427230E+02   -9999.0000
   11   150.00    6643.0000    6645.2900       55   4.927483E+00  -1.759294E+03  -3.570371E+02   -9999.0000
===== get_costpred call =       10
ised   ztrap      btime        etime        nsed_pred   STn_pred        STn15_pred      STn15/STn      delta15N_pred
    1   150.00    6345.0000    6347.2500       54   5.061308E+00  -1.765893E+03  -3.489005E+02   -9999.0000
    2   150.00    6368.0000    6370.4200       58   5.260399E+00  -2.020587E+03  -3.841129E+02   -9999.0000
    3   150.00    6391.0000    6393.2900       55   5.689527E+00  -2.195165E+03  -3.858255E+02   -9999.0000
    4   150.00    6446.0000    6448.2500       54   7.091684E+00  -2.246971E+03  -3.168459E+02   -9999.0000
    5   150.00    6464.0000    6466.2500       54   7.622203E+00  -2.406591E+03  -3.157343E+02   -9999.0000
    6   150.00    6493.0000    6495.2900       55   7.695404E+00  -2.392610E+03  -3.109142E+02   -9999.0000
    7   150.00    6520.0000    6522.1700       52   7.337998E+00  -2.142192E+03  -2.919314E+02   -9999.0000
    8   150.00    6558.0000    6560.2500       54   7.723158E+00  -2.167774E+03  -2.806849E+02   -9999.0000
    9   150.00    6593.0000    6595.2900       55   6.412090E+00  -2.147844E+03  -3.349678E+02   -9999.0000
   10   150.00    6612.0000    6614.3300       56   5.872618E+00  -2.012681E+03  -3.427230E+02   -9999.0000
   11   150.00    6643.0000    6645.2900       55   4.927483E+00  -1.759294E+03  -3.570371E+02   -9999.0000
===== get_costpred call =        1
ised   ztrap      btime        etime        nsed_pred   STn_pred        STn15_pred      STn15/STn      delta15N_pred
    1   150.00    6345.0000    6347.2500       54   5.061308E+00  -1.765893E+03  -3.489005E+02   -9999.0000
    2   150.00    6368.0000    6370.4200       58   5.260399E+00  -2.020587E+03  -3.841129E+02   -9999.0000
    3   150.00    6391.0000    6393.2900       55   5.689527E+00  -2.195165E+03  -3.858255E+02   -9999.0000
    4   150.00    6446.0000    6448.2500       54   7.091684E+00  -2.246971E+03  -3.168459E+02   -9999.0000
    5   150.00    6464.0000    6466.2500       54   7.622203E+00  -2.406591E+03  -3.157343E+02   -9999.0000
    6   150.00    6493.0000    6495.2900       55   7.695404E+00  -2.392610E+03  -3.109142E+02   -9999.0000
    7   150.00    6520.0000    6522.1700       52   7.337998E+00  -2.142192E+03  -2.919314E+02   -9999.0000
    8   150.00    6558.0000    6560.2500       54   7.723158E+00  -2.167774E+03  -2.806849E+02   -9999.0000
    9   150.00    6593.0000    6595.2900       55   6.412090E+00  -2.147844E+03  -3.349678E+02   -9999.0000
   10   150.00    6612.0000    6614.3300       56   5.872618E+00  -2.012681E+03  -3.427230E+02   -9999.0000
   11   150.00    6643.0000    6645.2900       55   4.927483E+00  -1.759294E+03  -3.570371E+02   -9999.0000
===== get_costpred call =        2
ised   ztrap      btime        etime        nsed_pred   STn_pred        STn15_pred      STn15/STn      delta15N_pred
    1   150.00    6345.0000    6347.2500       54   5.027679E+00  -1.535548E+03  -3.054188E+02   -9999.0000
    2   150.00    6368.0000    6370.4200       58   5.224766E+00  -1.855076E+03  -3.550544E+02   -9999.0000
    3   150.00    6391.0000    6393.2900       55   5.649085E+00  -2.065210E+03  -3.655831E+02   -9999.0000
    4   150.00    6446.0000    6448.2500       54   7.047412E+00  -2.171098E+03  -3.080702E+02   -9999.0000
    5   150.00    6464.0000    6466.2500       54   7.571401E+00  -2.269632E+03  -2.997638E+02   -9999.0000
    6   150.00    6493.0000    6495.2900       55   7.652179E+00  -2.184551E+03  -2.854809E+02   -9999.0000
    7   150.00    6520.0000    6522.1700       52   7.294374E+00  -1.993235E+03  -2.732565E+02   -9999.0000
    8   150.00    6558.0000    6560.2500       54   7.672117E+00  -2.038329E+03  -2.656801E+02   -9999.0000
    9   150.00    6593.0000    6595.2900       55   6.371914E+00  -2.016726E+03  -3.165024E+02   -9999.0000
   10   150.00    6612.0000    6614.3300       56   5.835771E+00  -1.888267E+03  -3.235677E+02   -9999.0000
   11   150.00    6643.0000    6645.2900       55   4.895673E+00  -1.651242E+03  -3.372860E+02   -9999.0000
===== get_costpred call =        3
ised   ztrap      btime        etime        nsed_pred   STn_pred        STn15_pred      STn15/STn      delta15N_pred
    1   150.00    6345.0000    6347.2500       54   5.058002E+00  -1.771147E+03  -3.501672E+02   -9999.0000
    2   150.00    6368.0000    6370.4200       58   5.256798E+00  -2.020903E+03  -3.844360E+02   -9999.0000
    3   150.00    6391.0000    6393.2900       55   5.685391E+00  -2.191421E+03  -3.854477E+02   -9999.0000
    4   150.00    6446.0000    6448.2500       54   7.087116E+00  -2.240424E+03  -3.161263E+02   -9999.0000
    5   150.00    6464.0000    6466.2500       54   7.616927E+00  -2.396627E+03  -3.146449E+02   -9999.0000
    6   150.00    6493.0000    6495.2900       55   7.690938E+00  -2.378825E+03  -3.093023E+02   -9999.0000
    7   150.00    6520.0000    6522.1700       52   7.333510E+00  -2.131834E+03  -2.906977E+02   -9999.0000
    8   150.00    6558.0000    6560.2500       54   7.717911E+00  -2.157804E+03  -2.795840E+02   -9999.0000
    9   150.00    6593.0000    6595.2900       55   6.407940E+00  -2.138376E+03  -3.337072E+02   -9999.0000
   10   150.00    6612.0000    6614.3300       56   5.868814E+00  -2.003846E+03  -3.414397E+02   -9999.0000
   11   150.00    6643.0000    6645.2900       55   4.924210E+00  -1.751961E+03  -3.557852E+02   -9999.0000
===== get_costpred call =        4
ised   ztrap      btime        etime        nsed_pred   STn_pred        STn15_pred      STn15/STn      delta15N_pred
    1   150.00    6345.0000    6347.2500       54   5.060977E+00  -1.765676E+03  -3.488804E+02   -9999.0000
    2   150.00    6368.0000    6370.4200       58   5.260039E+00  -2.020169E+03  -3.840598E+02   -9999.0000
    3   150.00    6391.0000    6393.2900       55   5.689112E+00  -2.194565E+03  -3.857482E+02   -9999.0000
    4   150.00    6446.0000    6448.2500       54   7.091226E+00  -2.246291E+03  -3.167704E+02   -9999.0000
    5   150.00    6464.0000    6466.2500       54   7.621674E+00  -2.405620E+03  -3.156288E+02   -9999.0000
    6   150.00    6493.0000    6495.2900       55   7.694954E+00  -2.391285E+03  -3.107602E+02   -9999.0000
    7   150.00    6520.0000    6522.1700       52   7.337548E+00  -2.141175E+03  -2.918107E+02   -9999.0000
    8   150.00    6558.0000    6560.2500       54   7.722630E+00  -2.166795E+03  -2.805773E+02   -9999.0000
    9   150.00    6593.0000    6595.2900       55   6.411674E+00  -2.146922E+03  -3.348458E+02   -9999.0000
   10   150.00    6612.0000    6614.3300       56   5.872236E+00  -2.011818E+03  -3.425983E+02   -9999.0000
   11   150.00    6643.0000    6645.2900       55   4.927155E+00  -1.758575E+03  -3.569149E+02   -9999.0000
===== get_costpred call =        5
ised   ztrap      btime        etime        nsed_pred   STn_pred        STn15_pred      STn15/STn      delta15N_pred
    1   150.00    6345.0000    6347.2500       54   5.061275E+00  -1.765731E+03  -3.488708E+02   -9999.0000
    2   150.00    6368.0000    6370.4200       58   5.260363E+00  -2.020460E+03  -3.840913E+02   -9999.0000
    3   150.00    6391.0000    6393.2900       55   5.689485E+00  -2.195061E+03  -3.858101E+02   -9999.0000
    4   150.00    6446.0000    6448.2500       54   7.091638E+00  -2.246900E+03  -3.168379E+02   -9999.0000
    5   150.00    6464.0000    6466.2500       54   7.622150E+00  -2.406490E+03  -3.157233E+02   -9999.0000
    6   150.00    6493.0000    6495.2900       55   7.695359E+00  -2.392478E+03  -3.108988E+02   -9999.0000
    7   150.00    6520.0000    6522.1700       52   7.337953E+00  -2.142089E+03  -2.919191E+02   -9999.0000
    8   150.00    6558.0000    6560.2500       54   7.723105E+00  -2.167675E+03  -2.806741E+02   -9999.0000
    9   150.00    6593.0000    6595.2900       55   6.412049E+00  -2.147751E+03  -3.349555E+02   -9999.0000
   10   150.00    6612.0000    6614.3300       56   5.872580E+00  -2.012594E+03  -3.427104E+02   -9999.0000
   11   150.00    6643.0000    6645.2900       55   4.927450E+00  -1.759221E+03  -3.570247E+02   -9999.0000
===== get_costpred call =        6
ised   ztrap      btime        etime        nsed_pred   STn_pred        STn15_pred      STn15/STn      delta15N_pred
    1   150.00    6345.0000    6347.2500       54   5.061304E+00  -1.765875E+03  -3.488973E+02   -9999.0000
    2   150.00    6368.0000    6370.4200       58   5.260396E+00  -2.020574E+03  -3.841106E+02   -9999.0000
    3   150.00    6391.0000    6393.2900       55   5.689523E+00  -2.195154E+03  -3.858239E+02   -9999.0000
    4   150.00    6446.0000    6448.2500       54   7.091679E+00  -2.246964E+03  -3.168451E+02   -9999.0000
    5   150.00    6464.0000    6466.2500       54   7.622198E+00  -2.406581E+03  -3.157332E+02   -9999.0000
    6   150.00    6493.0000    6495.2900       55   7.695399E+00  -2.392597E+03  -3.109127E+02   -9999.0000
    7   150.00    6520.0000    6522.1700       52   7.337994E+00  -2.142182E+03  -2.919302E+02   -9999.0000
    8   150.00    6558.0000    6560.2500       54   7.723153E+00  -2.167764E+03  -2.806839E+02   -9999.0000
    9   150.00    6593.0000    6595.2900       55   6.412086E+00  -2.147834E+03  -3.349666E+02   -9999.0000
   10   150.00    6612.0000    6614.3300       56   5.872614E+00  -2.012672E+03  -3.427217E+02   -9999.0000
   11   150.00    6643.0000    6645.2900       55   4.927480E+00  -1.759287E+03  -3.570358E+02   -9999.0000
===== get_costpred call =        7
ised   ztrap      btime        etime        nsed_pred   STn_pred        STn15_pred      STn15/STn      delta15N_pred
    1   150.00    6345.0000    6347.2500       54   5.061307E+00  -1.765891E+03  -3.489002E+02   -9999.0000
    2   150.00    6368.0000    6370.4200       58   5.260399E+00  -2.020586E+03  -3.841126E+02   -9999.0000
    3   150.00    6391.0000    6393.2900       55   5.689527E+00  -2.195164E+03  -3.858253E+02   -9999.0000
    4   150.00    6446.0000    6448.2500       54   7.091683E+00  -2.246970E+03  -3.168458E+02   -9999.0000
    5   150.00    6464.0000    6466.2500       54   7.622203E+00  -2.406590E+03  -3.157342E+02   -9999.0000
    6   150.00    6493.0000    6495.2900       55   7.695403E+00  -2.392609E+03  -3.109141E+02   -9999.0000
    7   150.00    6520.0000    6522.1700       52   7.337998E+00  -2.142191E+03  -2.919313E+02   -9999.0000
    8   150.00    6558.0000    6560.2500       54   7.723158E+00  -2.167773E+03  -2.806848E+02   -9999.0000
    9   150.00    6593.0000    6595.2900       55   6.412090E+00  -2.147843E+03  -3.349677E+02   -9999.0000
   10   150.00    6612.0000    6614.3300       56   5.872617E+00  -2.012680E+03  -3.427228E+02   -9999.0000
   11   150.00    6643.0000    6645.2900       55   4.927483E+00  -1.759293E+03  -3.570369E+02   -9999.0000
===== get_costpred call =        8
ised   ztrap      btime        etime        nsed_pred   STn_pred        STn15_pred      STn15/STn      delta15N_pred
    1   150.00    6345.0000    6347.2500       54   5.061308E+00  -1.765893E+03  -3.489005E+02   -9999.0000
    2   150.00    6368.0000    6370.4200       58   5.260399E+00  -2.020587E+03  -3.841128E+02   -9999.0000
    3   150.00    6391.0000    6393.2900       55   5.689527E+00  -2.195165E+03  -3.858255E+02   -9999.0000
    4   150.00    6446.0000    6448.2500       54   7.091684E+00  -2.246971E+03  -3.168459E+02   -9999.0000
    5   150.00    6464.0000    6466.2500       54   7.622203E+00  -2.406591E+03  -3.157343E+02   -9999.0000
    6   150.00    6493.0000    6495.2900       55   7.695404E+00  -2.392610E+03  -3.109142E+02   -9999.0000
    7   150.00    6520.0000    6522.1700       52   7.337998E+00  -2.142192E+03  -2.919314E+02   -9999.0000
    8   150.00    6558.0000    6560.2500       54   7.723158E+00  -2.167774E+03  -2.806849E+02   -9999.0000
    9   150.00    6593.0000    6595.2900       55   6.412090E+00  -2.147844E+03  -3.349678E+02   -9999.0000
   10   150.00    6612.0000    6614.3300       56   5.872618E+00  -2.012681E+03  -3.427230E+02   -9999.0000
   11   150.00    6643.0000    6645.2900       55   4.927483E+00  -1.759294E+03  -3.570371E+02   -9999.0000
===== get_costpred call =        9
ised   ztrap      btime        etime        nsed_pred   STn_pred        STn15_pred      STn15/STn      delta15N_pred
    1   150.00    6345.0000    6347.2500       54   5.061308E+00  -1.765893E+03  -3.489005E+02   -9999.0000
    2   150.00    6368.0000    6370.4200       58   5.260399E+00  -2.020587E+03  -3.841129E+02   -9999.0000
    3   150.00    6391.0000    6393.2900       55   5.689527E+00  -2.195165E+03  -3.858255E+02   -9999.0000
    4   150.00    6446.0000    6448.2500       54   7.091684E+00  -2.246971E+03  -3.168459E+02   -9999.0000
    5   150.00    6464.0000    6466.2500       54   7.622203E+00  -2.406591E+03  -3.157343E+02   -9999.0000
    6   150.00    6493.0000    6495.2900       55   7.695404E+00  -2.392610E+03  -3.109142E+02   -9999.0000
    7   150.00    6520.0000    6522.1700       52   7.337998E+00  -2.142192E+03  -2.919314E+02   -9999.0000
    8   150.00    6558.0000    6560.2500       54   7.723158E+00  -2.167774E+03  -2.806849E+02   -9999.0000
    9   150.00    6593.0000    6595.2900       55   6.412090E+00  -2.147844E+03  -3.349678E+02   -9999.0000
   10   150.00    6612.0000    6614.3300       56   5.872618E+00  -2.012681E+03  -3.427230E+02   -9999.0000
   11   150.00    6643.0000    6645.2900       55   4.927483E+00  -1.759294E+03  -3.570371E+02   -9999.0000
===== get_costpred call =       10
ised   ztrap      btime        etime        nsed_pred   STn_pred        STn15_pred      STn15/STn      delta15N_pred
    1   150.00    6345.0000    6347.2500       54   5.061308E+00  -1.765893E+03  -3.489005E+02   -9999.0000
    2   150.00    6368.0000    6370.4200       58   5.260399E+00  -2.020587E+03  -3.841129E+02   -9999.0000
    3   150.00    6391.0000    6393.2900       55   5.689527E+00  -2.195165E+03  -3.858255E+02   -9999.0000
    4   150.00    6446.0000    6448.2500       54   7.091684E+00  -2.246971E+03  -3.168459E+02   -9999.0000
    5   150.00    6464.0000    6466.2500       54   7.622203E+00  -2.406591E+03  -3.157343E+02   -9999.0000
    6   150.00    6493.0000    6495.2900       55   7.695404E+00  -2.392610E+03  -3.109142E+02   -9999.0000
    7   150.00    6520.0000    6522.1700       52   7.337998E+00  -2.142192E+03  -2.919314E+02   -9999.0000
    8   150.00    6558.0000    6560.2500       54   7.723158E+00  -2.167774E+03  -2.806849E+02   -9999.0000
    9   150.00    6593.0000    6595.2900       55   6.412090E+00  -2.147844E+03  -3.349678E+02   -9999.0000
   10   150.00    6612.0000    6614.3300       56   5.872618E+00  -2.012681E+03  -3.427230E+02   -9999.0000
   11   150.00    6643.0000    6645.2900       55   4.927483E+00  -1.759294E+03  -3.570371E+02   -9999.0000
